permutation	permutation_seed	rejected_draws	permuted_labels_sha256	classifier_selection_sha256	raw_fc_logistic_roc_auc	oa_internal_fc_ssl_logistic_roc_auc	abide_external_fc_ssl_logistic_roc_auc	raw_fc_logistic_brier_score	oa_internal_fc_ssl_logistic_brier_score	abide_external_fc_ssl_logistic_brier_score	fixed_vs_raw_auc_delta	fixed_vs_internal_auc_delta	fixed_vs_raw_brier_improvement	fixed_vs_internal_brier_improvement
1	20260812	0	3cff4162a87b54a4c6f077cc06e93d45cd7c0583b5ca5a70a1cb477aab644e85	ed5f56e16c02108afe721310e33e1d966a829b251cf79cea4e8840bf3dcf294e	0.5147306397306397	0.48821548821548816	0.377946127946128	0.3203652075104859	0.26604468392033237	0.3396320345514641	-0.13678451178451173	-0.11026936026936018	-0.019266827040978207	-0.07358735063113175
2	20260813	0	ad0b7000ecc09f8daf2c77fe0026dc9a941db6669463aa3ebe2eee2e09a29fb6	afa43d33d79353cf34763c105be07739cf2291a352db382a87a371a2e64c22c3	0.5698653198653199	0.5517676767676768	0.5244107744107743	0.3161502393546241	0.2471134759668107	0.3024569225224815	-0.045454545454545525	-0.02735690235690247	0.013693316832142588	-0.05534344655567083
3	20260814	0	0a1f961bdf3b39f27a3eb28f67ce90dfc7ec1304bf38ad99544ca1b4e8405dd8	cdf035f3959433141f8639d1990565274e1d9dcd3e5b6a60e847250a04edaee1	0.5277777777777778	0.5223063973063974	0.5976430976430976	0.3077048902983914	0.2563890932359642	0.24649490477538846	0.06986531986531985	0.07533670033670026	0.06120998552300291	0.009894188460575742
4	20260815	0	c453254bb7950e63696a9a8bdafddc14bf23924bf2c830754e46bfd942745297	54149627d33ae691c6743e5505ac79deec7d3e7f592729604e922200c16e554d	0.5808080808080808	0.6026936026936027	0.6443602693602694	0.2890919666006444	0.2403860675291695	0.25389203524594106	0.06355218855218858	0.04166666666666663	0.03519993135470334	-0.013505967716771566
5	20260816	0	f46fa838a0e5fd7cad930dcf26be32f02f5a811bf4a23ba9ea00199e121644ea	b16064983ce765d4e57afa3defd5f18b7a8dee35155c7863612e8e62e8e812ba	0.433922558922559	0.4941077441077441	0.4263468013468013	0.3775288452240102	0.251720617961946	0.30627342629308846	-0.00757575757575768	-0.0677609427609428	0.07125541893092174	-0.054552808331142455
6	20260817	0	32ee6c93ded178d55de18007e6210cd4cd9926c662b0ec0df4f608d13498ccee	77441526c90f60ff3c529111769cb7eccc0c4d3fb4ddc66470d4249d189701e4	0.6266835016835017	0.6001683501683502	0.5854377104377105	0.2657974950465514	0.24592482988068473	0.26618679735812095	-0.0412457912457912	-0.014730639730639705	-0.0003893023115695282	-0.02026196747743622
7	20260818	0	68c339f15f7c0de489f76775c4e3ed4c0973341cb1082d027c426ca28a746330	1b6da7fc0876b97e9f61c511565cd8e3167297fc791297e7e56ef5262b93a318	0.5084175084175085	0.4036195286195286	0.46422558922558926	0.33026027993255996	0.2667162152217328	0.32922536650245976	-0.04419191919191928	0.06060606060606066	0.0010349134301002039	-0.06250915128072698
8	20260819	0	56c52f3c2a77d077abaf7f00804b705f1ff206121a9ff3c8272b9e225bca06a7	c083bc98afbfb327ce6a79fe97d2fc9c4fd465f251fa1b31ad362e819c39cabf	0.5387205387205386	0.4595959595959596	0.4583333333333334	0.3121615293320878	0.27680072341362477	0.32936909312091367	-0.08038720538720517	-0.0012626262626261875	-0.017207563788825875	-0.0525683697072889
9	20260820	0	42d85e21ada22214b6394e2472d27b13898f4ed9e5788c92aa21e58a723e5261	b2b67170b2b20f654d585cc9c2a9e2cf0252e7b57178f8a2488f789a6e2cd992	0.5231481481481483	0.4633838383838384	0.380050505050505	0.35887527128822744	0.27531622991845045	0.35577815075845715	-0.14309764309764322	-0.08333333333333337	0.003097120529770292	-0.0804619208400067
10	20260821	0	96ff6bf0b5fd1b10a14da1008023ddf26baa3fa89929f1b639d0a2af14ac7b65	44fa3fb0995abfec7fd0a7639d832f2634a7c2311d126261db360d75350c8095	0.4941077441077441	0.39015151515151514	0.46127946127946123	0.32455016931509867	0.27491772752649973	0.31232018107597437	-0.03282828282828287	0.0711279461279461	0.012229988239124301	-0.037402453549474635
11	20260822	0	21dfe61c5ce14fbb3d82ee00a49b0bd93141a8d0187561aa7256ff7fadc55c14	09c2bf335463f8c1e9463605db4433e0030d77918fd1adc0c89d5e7c21d2ea94	0.369949494949495	0.393939393939394	0.3888888888888889	0.3823993936282522	0.26101427709139896	0.3245299659277548	0.018939393939393923	-0.005050505050505083	0.05786942770049741	-0.06351568883635583
12	20260823	0	9df359d73c333cb08bc941af0867334aa77ecc7535d1a878343b4f0482f6c9c5	c6d371a464f515d32450b99ad0ed76ae0bf47eb88ae1d5308e618d9c10e3bfa1	0.4372895622895623	0.5618686868686869	0.41624579124579125	0.3493164910250255	0.25128045864867016	0.30892090390651505	-0.02104377104377103	-0.1456228956228956	0.040395587118510434	-0.0576404452578449
13	20260824	0	b28cd5031a3e58b6c972db02585a53e957faca7ba637397f0cd6cd8346c03b32	8f32f1687cc71956984fc7db8e3c9f23bc046e9ad5d0aedd4b697fe023b12c20	0.43013468013468015	0.372053872053872	0.5938552188552189	0.3540587129878294	0.2845853752474223	0.2769043663827937	0.1637205387205387	0.22180134680134683	0.07715434660503573	0.00768100886462858
14	20260825	0	12dc63bf5582af5c33729d10b3c9ff6c55dc92f5f63f1844f91b7e9490706e79	b7c3c9df127d6f5bde2d71847d3dd358a6470a1729c781be6a1ac258c37b7573	0.4044612794612794	0.47474747474747475	0.382996632996633	0.34987499228034746	0.25688835145166383	0.33090056674447615	-0.02146464646464641	-0.09175084175084175	0.01897442553587131	-0.07401221529281232
15	20260826	0	019413576b5196f956f6cf57ddb51113e7f97432d565e2415ac30172a6fd58e2	ce705eb24e993bb0db2c9d2b383d3ce70c1926cd38f8b9bd3f1d75d08d283602	0.5601851851851852	0.638888888888889	0.5740740740740741	0.3117480615541119	0.22883438005695775	0.25989646176155196	0.01388888888888884	-0.06481481481481488	0.05185159979255993	-0.031062081704594208
16	20260827	0	b53b45e714e9653c0b378bd87014502609546167f6a2758819de09fb71439b0b	ff176c9bd5120ecf786ec64809a1090e7127ff8a9aa728e625ab869a3988cb9d	0.4141414141414141	0.47222222222222227	0.5559764309764309	0.3841747327877174	0.2680381815107145	0.28978597524358757	0.14183501683501681	0.08375420875420864	0.09438875754412984	-0.021747793732873055
17	20260828	0	cf9355b7cc382d6442c3dca52cfee29176b0e5c2be0b87683e84b89100c4f485	7ef5176b85da9311d9649881026abf39d541802ee602ec6636b1193844901322	0.49705387205387197	0.3173400673400673	0.3215488215488216	0.3515257255882512	0.28623379078205463	0.3379220098359463	-0.1755050505050504	0.004208754208754273	0.013603715752304901	-0.05168821905389165
18	20260829	0	c06659b22d0d5572905ca1e07ffe1e9548b00caf6a52954cd1ef6a2fce701bf2	750ddc3c304c5b5dac896fdbb8e52ef1c0a9ef05578b75e24dad453e26f839cd	0.3851010101010101	0.33796296296296297	0.29545454545454547	0.3822223355187164	0.28817350788875123	0.3755833628702832	-0.08964646464646464	-0.042508417508417495	0.006638972648433217	-0.08740985498153198
19	20260830	0	665d93c7df98f6cca243eb5c858676f9a5bc798baef233e202b83863dd8f52ec	2cddfd38f34cdd0810e692c9dbad9baeb6c1e37bdcd76eeab65803b90cbd6373	0.3657407407407407	0.3156565656565657	0.38678451178451184	0.3979845796289038	0.29335854120051535	0.34484189945400034	0.021043771043771142	0.07112794612794615	0.05314268017490348	-0.05148335825348499
20	20260831	0	11440d0409fb52aaab4ad6e91a27a46db8a428920577771e28db3d8fe752c926	6f2a9f7f7b74988784b5c4c4fb007c741327085c01b142c8a3cde5a371ada31a	0.425925925925926	0.41119528619528617	0.438973063973064	0.37486493455755204	0.2685172979091845	0.31460843057911825	0.01304713804713803	0.027777777777777846	0.060256503978433795	-0.046091132669933754
21	20260832	0	d1db6f51994d14457cfb6b2041c7b612b9683033390756328a9e22f25feedf77	b98a7d7a19e756e39964118b7df5ce95ae6b5a203d72684a7a30bd1c92bf44c0	0.5867003367003366	0.39393939393939403	0.43476430976430974	0.3128923029422129	0.2855843983988171	0.3166411656087789	-0.15193602693602687	0.04082491582491571	-0.003748862666566044	-0.03105676720996181
22	20260833	0	60331caaae27435d2945950645b8dd5b7047dce98263f53e09f70ef9edfb68d3	b7f374d54fb9c7ce050104cb7c670fd7b14bc517dd64fb3b53cb46b92745aa36	0.48695286195286197	0.5008417508417509	0.4478114478114478	0.34941787086029547	0.270378161479572	0.31405439983544636	-0.039141414141414144	-0.05303030303030304	0.0353634710248491	-0.043676238355874364
23	20260834	0	5b5eb77dfc5d6ce0f4ed4d359a70157a5655b8e034bf145ea8e3fa395d49ffb1	9852b74c539d6a99d2bff347e5707428752c07c8689f2768ea914c466cded7bd	0.4515993265993266	0.2996632996632997	0.3602693602693603	0.39069486016078625	0.2903793451665779	0.36038250633242613	-0.09132996632996632	0.06060606060606061	0.030312353828360117	-0.07000316116584826
24	20260835	0	54c6e817743ff8d8de695c1a9e8ba945cca195006c33931d4d1a4a0189d06df4	b1eeedcf093b3577fcea2fcf72fed36a6b8048d271846c11e960cc4446dc8ae8	0.4478114478114478	0.4604377104377105	0.4941077441077441	0.35905635738853076	0.26942697571087115	0.2917804162078131	0.04629629629629628	0.03367003367003363	0.06727594118071767	-0.022353440496941934
25	20260836	0	0d807f3f977518caf740c6f8a4332b2cb5096dde27e640f1876117e599811caf	a07f4a15ecbf39026b4d7392baa3076525ce179d9d5f49a9f6c264c15b865bc9	0.4604377104377104	0.4886363636363636	0.43939393939393945	0.36323896910718384	0.25759768725799204	0.3241061663436802	-0.021043771043770976	-0.04924242424242414	0.039132802763503616	-0.06650847908568819
26	20260837	0	f18ceee3d448f8edf32d9240471845e2ded545ce21b38803520f1f79b8362387	0d0b4f8ed991f778dcaf0e5b76a41cd5adbe2aa415d495050909474ea9798d26	0.5016835016835016	0.425084175084175	0.3888888888888889	0.32468976487271844	0.2813004078467423	0.3483011212210015	-0.11279461279461273	-0.036195286195286114	-0.02361135634828304	-0.06700071337425917
27	20260838	0	46ca03185274896693bfefd0da6e2e595c2622e707327d48078ec4074f390f30	dbf3695e15d026c99e3d5f46aee9478a662e38198e19d2073674a2e588c4c30c	0.6515151515151515	0.38383838383838387	0.5197811447811448	0.24367291667923044	0.28907298372757606	0.27810923071832316	-0.1317340067340067	0.13594276094276092	-0.034436314039092725	0.010963753009252897
28	20260839	0	3f9aa90da006a67f76e3a5a809520fb397523bb7fcebb7fc07cbdacc0c6076e1	34bcfa1832a3217f6301f517821ccb9c3f1e88550de231cc04df14b8b4d19454	0.5092592592592592	0.4330808080808081	0.5656565656565656	0.3471162072376413	0.2763256492688234	0.2756100327327284	0.056397306397306446	0.1325757575757575	0.07150617450491292	0.0007156165360950317
29	20260840	0	ad779e44236e2dfece1c669ff5a20bbbaa147dc2a5758ae78ce6ac2bb75a2b95	e7fbfd5c24c9afa8ceb7273b6db52a46a3c36df48b54f930d44f18a4777329b6	0.34006734006734013	0.4490740740740741	0.4103535353535353	0.41464816878631877	0.2767836990892482	0.3402235080132498	0.07028619528619517	-0.03872053872053882	0.07442466077306897	-0.06343980892400158
30	20260841	0	5d0b3446d1b2808f7aebad1893e1fd81990c9dc1d994b992eef5c2f9ede3318e	5f3a34cb295e4533cb1b56096e27418b4e16de196934a4353266294562c990bf	0.5180976430976432	0.45286195286195285	0.5521885521885522	0.32374864797535574	0.2726517632805079	0.2969802930236533	0.03409090909090906	0.09932659932659937	0.026768354951702433	-0.02432852974314542
31	20260842	0	49ee561137513dbd2733db99cca12ae9072b446f57eb201366e82f5fb37d3acc	5135858e22918f72fbc809d5cd4d5f555857cf93794fae72be5f1bff0e0a0a45	0.37584175084175087	0.3489057239057239	0.3455387205387206	0.3851234049652323	0.2794005447902284	0.3676128375445171	-0.030303030303030276	-0.003367003367003296	0.017510567420715162	-0.08821229275428871
32	20260843	0	f3642db11e253a71ebd34a0882da34f6c95a31c95fc4b9aa3eb392c78e07c7f4	7602698e08721ce6b2f21b3f3e58c918ce54135b521b94edcfdacc27384d9912	0.5256734006734006	0.401936026936027	0.3876262626262626	0.3112840151824985	0.27306400056637553	0.3662135786467342	-0.13804713804713803	-0.014309764309764383	-0.05492956346423572	-0.09314957808035867
33	20260844	0	74af2c027677a06e4d3f4f9ed1024eef83a59ff1cee7dee47d0435f304bb83b2	1b9101437369e81c889f5bc10429863ef95a3a614bc84f21ba07b6b61f92932a	0.393097643097643	0.47853535353535354	0.2647306397306397	0.39130701844316595	0.268625897422569	0.3753262448561388	-0.1283670033670033	-0.21380471380471383	0.015980773587027153	-0.10670034743356982
34	20260845	0	3f18b49f14909c4be59135f684eb321aa5b0880fd389567d7bca488dede050a9	39edf96e86c88f88d0f828e3dd8b8edbd4197677f7b66a43ce9b33f714834bcf	0.5446127946127947	0.46212121212121215	0.6561447811447811	0.32554269109112804	0.2698655794959526	0.23808721974953798	0.11153198653198648	0.194023569023569	0.08745547134159007	0.0317783597464146
35	20260846	0	5ba0703ed87fa0ef0ef579a55a7bd7e1897a8aa8a2fc8f78316b4eba452fa8fe	9d790514394f564e462c9740925b31ec6aa6fe3db5a6bc6206a495039492949f	0.2803030303030303	0.3000841750841751	0.5075757575757577	0.4202455841868498	0.2895486604889337	0.2971444903956298	0.2272727272727274	0.20749158249158256	0.12310109379122003	-0.0075958299066961055
36	20260847	0	c84183b50b2b711956de2a4ee9300b542969fdea6f2642be90514809c57bd493	eb2f3de98992f3847e5514bb2351267c97f1ae9941e1e4949a933118d4cf63a9	0.4941077441077441	0.3421717171717172	0.5008417508417509	0.3426766892745668	0.2786981104158396	0.31885115280739895	0.006734006734006759	0.15867003367003368	0.02382553646716784	-0.04015304239155937
37	20260848	0	fe32f51e756f757f7a7e2762e1afe9a78b770cb95963b9e12ebe644b5ad473b4	6f5d59e7f73443a1b1e2edaf2bef02f070f711f345f27761671e8eb281a869ea	0.6742424242424243	0.5951178451178452	0.47138047138047146	0.26622307920267696	0.2511855373135315	0.32657887470891295	-0.20286195286195285	-0.1237373737373737	-0.06035579550623599	-0.07539333739538145
38	20260849	0	b52697f6c6a32ca801a6366ceac8e8d5aecac42b73195f2dcec10c4cef6f66f6	23c4525465ed9a7349edb7d7d4bd7c4f0d7269267684b768e64af7335c18a12b	0.5808080808080808	0.5004208754208754	0.4292929292929293	0.3181555446434749	0.26968739507472367	0.32975074430837126	-0.1515151515151515	-0.07112794612794615	-0.01159519966489636	-0.06006334923364759
39	20260850	0	715be7d5b841756f9dcaf8eaad059cd82b2dce0325b0421da0526113a3b58b08	b82986d907c2e22f480cd8403d3cbed9e09c4c931895d10ebbed17c2a7be0d23	0.4612794612794613	0.3526936026936027	0.3897306397306397	0.34369899465678677	0.29684154812804836	0.33629735840936287	-0.07154882154882158	0.03703703703703698	0.007401636247423904	-0.03945581028131451
40	20260851	0	8cc92db91faa70aa191c15d80efa8d1ca79b12a8a876585cea70a16167f86267	5981c22d65b9f55a45c5f687da9610d0ffedbb2e06d165d6d52f645d597fccaa	0.523148148148148	0.5702861952861952	0.5530303030303031	0.3027238264903204	0.23458446026393212	0.3019779082260919	0.029882154882155065	-0.01725589225589208	0.00074591826422854	-0.06739344796215976
41	20260852	0	6b29684dafdb1c2a34e549e9ef15e0faae5bb588a38d8f0902120592a268a8f2	8dd406634da665803fd3e3391ab0bbfa180d8f5f2844b907805b51b0a6e8f11c	0.3876262626262626	0.49284511784511786	0.35311447811447816	0.371212967092122	0.2614812734125356	0.333064274762298	-0.03451178451178444	-0.1397306397306397	0.038148692329823986	-0.07158300134976242
42	20260853	0	51cb8b1a19c174f9cb4b91a922217ca1f1f6d57dfe7a5a898233fe122a02b2c1	20293324d61923784722568dddcfafeb9833451632f8ae018ddc527d57f2cf52	0.5273569023569024	0.40319865319865317	0.4305555555555555	0.32423016563261453	0.26548262244244	0.35496461351683156	-0.09680134680134683	0.027356902356902357	-0.03073444788421703	-0.08948199107439159
43	20260854	0	a43eb8fffe44f9013b27cf5adbb46e7de5926f68dbcbe7740807a632d78d0c75	4639be5cc2c4e5b195cf1e299e60f3f01db857ca9cf86e1557fe9eb935fb080e	0.5627104377104377	0.5328282828282829	0.4212962962962963	0.28475202462583393	0.2573820941952916	0.3396665097826137	-0.14141414141414144	-0.1115319865319866	-0.05491448515677977	-0.08228441558732208
44	20260855	0	01d60dc49c42479d2343d119762c64735bb1987ce938493374edf50002a5fb6b	ac6ddfeaae8b42a1a26e82d0d196c0fb73106cd107ef63bfd689b99600c747dc	0.4852693602693603	0.5732323232323233	0.6186868686868686	0.3136901548643873	0.25335777721222646	0.2594240465319391	0.13341750841750832	0.0454545454545453	0.05426610833244816	-0.006066269319712658
45	20260856	0	f23affac94accd27f80334f8d8ed69e34991da55d332c3dc6b36a9b8c28c4ecd	abf876b0373396f328cd079c7d7d6ed84739ad25aedd14a81cd0b7f6a4c6eda7	0.4953703703703704	0.38804713804713803	0.4524410774410774	0.33704059826392413	0.27960823822821884	0.30644791739618416	-0.042929292929292984	0.06439393939393939	0.030592680867739974	-0.026839679167965313
46	20260857	0	d353e0991fc4126ff0f40fd3b0cdac8a0b5c3bcceeb04d1bede28117a79909cc	51dce3694f6c4f520de0ead175e9b9145ffa78fb04bbdd4e5f4dedae09421aad	0.5319865319865319	0.6199494949494949	0.5252525252525252	0.3099351715977486	0.2319638428742561	0.30516894943639294	-0.006734006734006703	-0.09469696969696972	0.004766222161355638	-0.07320510656213686
47	20260858	0	eebce415f28b2928f873161f5b4c0c3addfbb14c486d0b9641a0be8383d801f6	0d9b10adf7338956dfbeb8a73673b1d9e9d3465f8f19cfa26d6fb95a57d248be	0.3501683501683502	0.41372053872053877	0.2613636363636363	0.40392654925131605	0.27351917886642935	0.3737802801320989	-0.08880471380471389	-0.15235690235690247	0.03014626911921714	-0.10026110126566956
48	20260859	0	92fde4a940ceb24c1fd68c77bdbf0d47e2af9e89ddd0e063685a10ca3d2497d7	b58630d08bbea6f2763c5bb1cc61f38e9ff3f76c0a4d67819d1e4acf653022a0	0.7285353535353535	0.6734006734006734	0.7297979797979798	0.23330521788965097	0.21711068676452924	0.21464042095715027	0.0012626262626262985	0.056397306397306335	0.0186647969325007	0.0024702658073789685
49	20260860	0	d0a730d5b5768f189a20e0da26926eb59eb3bc8c00f1fce4f3d9555fb8a204f8	5651858236735f1df135ac5f4e9bec2006bd2d218ff7a9165e71617fa7322740	0.5429292929292929	0.6069023569023569	0.5488215488215489	0.3064357843964693	0.25459911045422434	0.2960639375273622	0.005892255892255949	-0.058080808080808066	0.010371846869107082	-0.04146482707313787
50	20260861	0	e00d4a1a862b8ab17980883f30f7e39f0455c69565f2a185f80762c4b7db941e	7a5d0ca7ef3f45d8eda5af6875e1ca17d5a73368a84d1895d8d7d06beb07a600	0.44149831649831645	0.43686868686868685	0.4739057239057239	0.39365147827670516	0.2586911362630913	0.31694985872430387	0.03240740740740744	0.037037037037037035	0.07670161955240129	-0.05825872246121255
51	20260862	0	88c8adf86122d01552b3fe4c70d8bae8359e8eaa468ef3f3017a5e30c487f2db	d873455d0ad0fd225c0ff546d8bda0fd58b15d7b7f796c0e8723b0baaaad2167	0.6414141414141414	0.5084175084175084	0.49579124579124584	0.2705755493362873	0.26211811231902615	0.2909885399564533	-0.1456228956228956	-0.012626262626262597	-0.020412990620165994	-0.028870427637427143
52	20260863	0	aacdd3dcba14ca12d4e9e1f42e1b62b5c5c9e8dc860e476707746f6824767781	28b32b71642686452f6d8e19c9b9a6d339a7c9c53300983fb14ef376b4e48130	0.515993265993266	0.4764309764309765	0.513047138047138	0.3331607415799163	0.2576503508343497	0.2783973419137746	-0.00294612794612803	0.03661616161616149	0.05476339966614174	-0.020746991079424904
53	20260864	0	12f5bf21b35c0a424d6d765b44f054098a0cc51f59db30650a5505d45f5f9afb	3dea0901d69c2a316d3aa4ec4967c62c0706e90aa7b5c4c4634fd27cf590ee81	0.36153198653198654	0.5526094276094277	0.47853535353535354	0.39347145155428115	0.2578296131979967	0.28457845643300267	0.117003367003367	-0.07407407407407413	0.10889299512127848	-0.02674884323500598
54	20260865	0	166884e7426106aa0de7249b572888a86c96773c33a4e836551974cf517da8f3	117f3668818b14f4beaa56414c165dc086fb5869bedd5e39f508735919c9838b	0.4356060606060606	0.47979797979797983	0.4457070707070707	0.33585244827530597	0.2653098664111107	0.29626976648903486	0.01010101010101011	-0.034090909090909116	0.03958268178627111	-0.030959900077924152
55	20260866	0	eb057d7e0fff2ad729897f3fc6ab11dbb8498ef3a387bbf2f3e5c3a02b6a3d55	4d1d1f2ac46f5c8f8152b1f573a4bee69430e9695b9eeae6ad3c18d9359428a6	0.4078282828282828	0.49957912457912457	0.46548821548821556	0.4038307485567323	0.26021779824312846	0.29626075953978503	0.057659932659932744	-0.034090909090909005	0.10756998901694725	-0.03604296129665657
56	20260867	0	ecbe8fd11843dfb123339e4fb83ca9cd25e73954be651bf432beec9459cbb7f4	b6e42043dfaa00b1a82beb1378803c9d3dca856fee98c8f6dd7712dca4004f94	0.3421717171717171	0.38973063973063976	0.30050505050505055	0.39961743525398113	0.28638313073279026	0.36643688913546507	-0.041666666666666574	-0.08922558922558921	0.03318054611851606	-0.08005375840267481
57	20260868	0	85f735056ffdd00d98a725fe8fadc9d540e57a1559384756351847ef5b533190	613996fdc19976128026d433232102c34caf079fbf30e4b675e45f660eb6906b	0.4663299663299663	0.4675925925925926	0.4793771043771044	0.36425755711213176	0.2676091924059703	0.28953403677469425	0.013047138047138085	0.011784511784511786	0.07472352033743751	-0.02192484436872394
58	20260869	0	54fc37e3df7dd08ca98208f9d40786dea27bfac55fdcdbfb5afaa2e6712b0794	c66791d9f85657324e259234fdc17e0834878f3fc6c99a67e4cc07719a3c85ab	0.48737373737373746	0.5172558922558922	0.4856902356902357	0.34092797093414157	0.2648512614295007	0.3105714817474398	-0.0016835016835017313	-0.031565656565656464	0.03035648918670175	-0.0457202203179391
59	20260870	0	d82df56c4e767d11ee116446c9ef9dce81cbcefec7de24b4fb2cc928142aae41	349bcea99efb1b126a4c1fd6c40cea1d9b7846afb258683816d933ac9dda48c3	0.42045454545454547	0.46212121212121215	0.3728956228956229	0.37406239755492227	0.2635295485958135	0.3435280688659259	-0.04755892255892258	-0.08922558922558926	0.03053432868899636	-0.0799985202701124
60	20260871	0	564663b1684ee58461f033c96e4b5e903192bc1c81dff2ed20dec63eab880fcc	acc1fdad072a769b61cf69eccaf212bd77034907404cc7f17ed5aa19a153272e	0.4957912457912457	0.5698653198653199	0.45328282828282823	0.3624692994479814	0.25973924995426484	0.3129696012223679	-0.042508417508417495	-0.11658249158249162	0.04949969822561351	-0.05323035126810305
61	20260872	0	beffb7957f8b2202177751b8a26874009bd034d9b47c9555d567b03b8d973d87	6e343083fa9f17371b5c42b70fd15e546a3db58dec9a56774270ec5734cad3d0	0.39646464646464646	0.42550505050505044	0.49957912457912457	0.3850703214464202	0.2622189816507926	0.3061914363775911	0.1031144781144781	0.07407407407407413	0.07887888506882912	-0.043972454726798504
62	20260873	0	f23b89ad4f059913f98ab02ad97d9de2d7ff49a536ba7c3044a4b847beccc27c	7abecd200539c93a8d2d82bc0661ea430c7e6e36fa7423a3b4543519b777a104	0.4212962962962963	0.3623737373737374	0.40993265993265987	0.3712724435198151	0.2808145412983813	0.3408889675884397	-0.011363636363636409	0.04755892255892247	0.030383475931375414	-0.06007442629005838
63	20260874	0	64c2bef917dee5cd3243cd69e1387bc42384679521a598c753de8657df619306	0f20c0d39459e35ee82feb148b58c30a2e44cbe03216299bed8653f32c20e625	0.5016835016835017	0.4271885521885522	0.6801346801346803	0.31316307904940827	0.27729271700469654	0.24722506142193526	0.17845117845117853	0.2529461279461281	0.065938017627473	0.030067655582761282
64	20260875	0	94a0fc5fd036ead76f425c9421ba4a014e969bdaab406ba797d8d58cd1c0a68e	06fd3a305bbed7cfc60d790bee4ca1acca1f520c1b0aba946134af7e0d50ed4e	0.5900673400673401	0.5151515151515151	0.34006734006734013	0.2886651002024181	0.25886866151202553	0.3757845942762075	-0.24999999999999994	-0.175084175084175	-0.08711949407378938	-0.11691593276418194
65	20260876	0	454981077536cc455419b8312038eb2d9c1c0b5df45956be5cac27789e0c7251	d345b50dcdf19c9321e901714b1fe30b08d47f206abc78dcda7a1f350880d5ea	0.46212121212121215	0.39478114478114473	0.37415824915824913	0.35073247419867853	0.2688746643187577	0.35987705778403445	-0.08796296296296302	-0.0206228956228956	-0.009144583585355914	-0.09100239346527678
66	20260877	0	4cd296c6a59b9c860e9372102fd189a75aebd47e777aa955dba5e4d0527eb71d	c1e7071f848b422919968d8c11cfd0eb74ab5d258ca69899b60324f9f1c8fef3	0.6292087542087542	0.5597643097643098	0.6864478114478114	0.2899729536196289	0.24600022158175913	0.2299220875031235	0.0572390572390572	0.12668350168350162	0.06005086611650537	0.01607813407863562
67	20260878	0	04c543286cd65bc045411bde94eff8856ab9518cc274b9bcadb6331762812355	0ae49bef61c66551739fc42f3ea1be25d2e16591311eeaa10f172641f74cfdd1	0.5	0.4212962962962963	0.5315656565656566	0.3214012514482471	0.27109280403334984	0.28915891968265417	0.031565656565656575	0.1102693602693603	0.032242331765592935	-0.018066115649304326
68	20260879	0	0ddacc4b611211dd2fdde9d74051769bef03808c241fb05db306520b715118fc	251cca18170a9a698711c54b29d670a48d15049ed43931da89a19f68e077bd26	0.757154882154882	0.5484006734006733	0.5134680134680134	0.237104132306953	0.24671245643927397	0.31627371455726117	-0.24368686868686862	-0.034932659932659926	-0.07916958225030815	-0.06956125811798719
69	20260880	0	6dd313c59194433728c76cdbff63142e700f331445e1de75262d86bdaae31061	b672e22d019c8953e836000b62c0761ea12d635c12b55526cb26d344dbaf4d4b	0.31397306397306396	0.44402356902356904	0.37752525252525254	0.43663942251095933	0.25508448644829057	0.3376939337817951	0.06355218855218858	-0.0664983164983165	0.09894548872916425	-0.0826094473335045
70	20260881	0	3e6143a821bb9ea083528610c88c8d8c2c13aa081b061ad8244e88729f068fae	888b7e7d216530fc7cd9d9dbcfcd2f727538e78646bcc44a7ba6aedd893203e5	0.3968855218855219	0.48148148148148145	0.3446969696969697	0.39877894791595664	0.26744926777412226	0.35072398028031165	-0.05218855218855217	-0.13678451178451173	0.048054967635644985	-0.0832747125061894
71	20260882	0	a27fe92070566c1c5563d88784cb232c3e559c08ab848811aaeec9082b50f537	111d222f7f57c0c57facdbafbe5f4ac9d476d7d50d6629c3277281e8a10b1eff	0.45538720538720545	0.36826599326599324	0.486952861952862	0.3590247650861009	0.27963311544054437	0.29773615014011007	0.031565656565656575	0.11868686868686878	0.06128861494599086	-0.0181030346995657
72	20260883	0	d3cfcf6919cb9416b0bc3c63f20dad7902408965300f9f4ee5c73e7dbc347cee	088c071305b50e72e77368c737921defabd3d8558eaafab70cdc831309813b3f	0.37247474747474746	0.5387205387205386	0.42929292929292934	0.37871240133825507	0.26115757943569423	0.32158239974406744	0.05681818181818188	-0.10942760942760926	0.05713000159418763	-0.060424820308373206
73	20260884	0	ace7c687651a6944fc8fa9e8b9f750eef5a551b5d3576d0009214649e6fa0633	681224224a53999282b2b09f863ddd50cb81d522a39146038c87746963e74ef1	0.438973063973064	0.49242424242424243	0.5210437710437711	0.3762439659187435	0.2666080731845076	0.30803395515677406	0.08207070707070707	0.028619528619528656	0.06821001076196942	-0.04142588197226649
74	20260885	0	e74379dc3a3571bdcdeea75cde4874d6ea637abdd2450ecad9564dfddeea2934	0095aefe81869c7911b4fcc6202caddf36da608e203380b69eb24b749f217333	0.48274410774410775	0.4086700336700337	0.37920875420875416	0.3560583693483002	0.2673313812913577	0.3483649663323259	-0.10353535353535359	-0.02946127946127952	0.0076934030159743205	-0.08103358504096819
75	20260886	0	9ee5f396fabe8a4fd18e7c55d1de40f906400fe14f7d560284f9cf715c0facaa	bababc35299b1ee81cd2374dcd441ddcd37ca89d1622a1624add27bd7e23e301	0.5972222222222222	0.5197811447811448	0.4696969696969697	0.3088550242027224	0.2604429754764262	0.2992504854096154	-0.12752525252525249	-0.050084175084175064	0.009604538793106965	-0.03880750993318921
76	20260887	0	abc966622bc939955b8b0f744ed38fd4499ce9329ce0c7fd5a5ede6eabfdc6eb	4db3dfe4e1f916a2105b374210f946eb999abe71d4141bfb8f76ceff08ee125c	0.5256734006734006	0.468013468013468	0.42213804713804715	0.31879865626696047	0.2630134106610286	0.32478740665232647	-0.10353535353535348	-0.04587542087542085	-0.005988750385366004	-0.06177399599129785
77	20260888	0	662f2da6fe84231193e7651735f76992575072b55fef0a0a0d09aff0f78ff6a3	228b64a60a70f2ea9711da27c385a96695c212487eca1fde9c721c21f016018a	0.481060606060606	0.5130471380471381	0.4751683501683502	0.331926918456718	0.25657505179960965	0.3138732724597848	-0.005892255892255838	-0.0378787878787879	0.01805364599693321	-0.05729822066017515
78	20260889	0	f629948a132cc2a907a6785ff8ef7091d66574731343f5852900db56f5eee987	5ababd801166bacf219cea12d05d4d21195a37e689d2c55b04c2e2a7f486b5bb	0.49747474747474746	0.42887205387205385	0.38804713804713803	0.334999147240642	0.261029603415809	0.3506952971977031	-0.10942760942760943	-0.04082491582491582	-0.01569614995706109	-0.0896656937818941
79	20260890	0	006095af19d77463910754276b1dec1b3a72b64dd948f2a6335be4f0137f81d2	8d7469b156720aa4a0bede03733f07b5f425f7c885d6fe920ae96be10d86f043	0.67003367003367	0.515993265993266	0.4158249158249158	0.24654027340901427	0.2560724452388721	0.29795071200121614	-0.25420875420875416	-0.10016835016835018	-0.051410438592201874	-0.04187826676234402
80	20260891	0	41d01b00306b2d675f3878775dffe51ef19bd3f4aceaab3cf697c47a78fbaad4	551e1f7ce3b90da306140fca868b23ba48e669335338279ffdd22188b573720d	0.5340909090909091	0.4953703703703704	0.6085858585858586	0.33498866028045565	0.26079189499737376	0.2630974893225013	0.0744949494949495	0.11321548821548816	0.07189117095795433	-0.002305594325127558
81	20260892	0	97332e67d15762c0a0077ba085ff90c853091589a7ce5be4c0852060874d6a2e	07a56552e4e7c1d581b87faa6c3e6f1289336bb1d279e968b8ed3c00f06ca8cf	0.3813131313131313	0.38552188552188554	0.38257575757575757	0.4014962973611497	0.29152594809511573	0.3494990464647582	0.001262626262626243	-0.0029461279461279744	0.05199725089639151	-0.057973098369642484
82	20260893	0	41ae4024608f5ae3aed94be55dce034cab86875f51d61a8671c2b85f129c4007	35b1d8d82ac07074836a2d2ac56a69cb5f082ed339e5ec4a99a1b3e733032033	0.6342592592592592	0.41203703703703703	0.49831649831649827	0.2749133766200933	0.27150200689287624	0.3118831363064061	-0.13594276094276092	0.08627946127946123	-0.036969759686312775	-0.04038112941352984
83	20260894	0	d04ba2b9edb4105618e9d7b9a8bed9c0d36a15d6d1781dedeb0f4ffa5398ae18	530b1b2ccbcb115483990313e3cbae8c1b041cfeb40734100bcff24d37b62daf	0.48947811447811446	0.4436026936026936	0.385942760942761	0.33104967393590384	0.2691670372071559	0.3446136152695858	-0.10353535353535348	-0.05765993265993263	-0.01356394133368194	-0.07544657806242988
84	20260895	0	16136ca1b7c3394f91d166b83746445627b22cb0f915b95cfb3a8a0eadbfd5d0	0624e3ad3c8d758227f92be8e5c4bb39c124599c522b7a58e80c6f2e318a5d37	0.6742424242424243	0.6081649831649832	0.5509259259259259	0.25351705406038777	0.24155113899888594	0.295208734336911	-0.12331649831649838	-0.05723905723905731	-0.04169168027652326	-0.05365759533802508
85	20260896	0	16d43166bdf031c115b078aea99a00fe9c242aa7aca264676396de7cf1902e6d	58b1246250a7346cfd19cdf8abdc25d70d045c29d998b5a1b89d5f0fd1d3f54d	0.4406565656565657	0.4423400673400673	0.34595959595959597	0.3503757277161013	0.26427142515092106	0.3492815596614272	-0.09469696969696972	-0.09638047138047134	0.001094168054674105	-0.08501013451050615
86	20260897	0	82c4f067da1669277cb004f10bd9562944204d9f4403f404d2ef370a70ac83a2	86841147b4d8b2ca369016250d9c86b90d6bf5b10f4c93c4d4742597c4e54f73	0.35185185185185186	0.35858585858585856	0.4372895622895623	0.42165039613292654	0.2661049543632503	0.3092081083108425	0.08543771043771042	0.07870370370370372	0.11244228782208404	-0.04310315394759218
87	20260898	0	ed830ee7d8fc96464e4f543b14b1617d19493f3304b0c6614ef676535feff5a8	a25cda57df5986be5d5fcfbb6463ce7799d77a8b4c1df170ac73e0b656445b38	0.3838383838383838	0.39941077441077444	0.3194444444444445	0.3856384944047737	0.2746294954064023	0.33632522211227284	-0.06439393939393934	-0.07996632996632996	0.049313272292500876	-0.061695726705870535
88	20260899	0	f9d7a549a250338847dd4a90b54fae03aed2544aa5c3a58f3d6637000360d4be	4ad4e323c830a8500508282afb18c45d1f7633fb92fff08934e310a4f6530dc9	0.4932659932659933	0.4983164983164983	0.3985690235690236	0.35631050387434754	0.26323073331483876	0.3268554516188303	-0.09469696969696972	-0.09974747474747475	0.029455052255517256	-0.06362471830399152
89	20260900	0	06fa2fed848e7f0e90f3078fddda040cf8b8f14c2b0f029e93d879a2303f9528	5a79a825f64bf09bc7f9f5c93152aa886808e04bb26a0eec3c73d855e837a9ec	0.5551346801346801	0.5437710437710438	0.5736531986531986	0.3089151487279283	0.26304412272719485	0.27644164798724535	0.01851851851851849	0.029882154882154843	0.03247350074068295	-0.013397525260050502
90	20260901	0	721520b6946dc742f4f2d54c39b3d88f7d7ba4eda76e161ea02fe69071587746	cf2b225e4ebc897cf44aa02d68681929935b657f7ba53e7cb21afa661f4c0171	0.4158249158249158	0.48695286195286186	0.5109427609427609	0.3800564185181501	0.2646038593917685	0.2895520804845381	0.0951178451178451	0.02398989898989906	0.09050433803361196	-0.024948221092769618
91	20260902	0	1a0749ae88fd7c5a20f001a4f1cdea7df08d4ec5a1d2c8feaae6d62337066e32	6a0e3fce74f52d40f7d7c2528b63fa44895f6e4e2e04d30e00e98f02c9b288d0	0.30050505050505055	0.35942760942760943	0.5117845117845118	0.4654395529071067	0.28139158516820456	0.30535452860049817	0.21127946127946123	0.15235690235690236	0.16008502430660854	-0.023962943432293604
92	20260903	0	cc2b7ce19bd9a5879139a6561475c713c5e167a10411cea847594de64923a144	cbf503c9d0b5e851b496b1c9fb34e45ae37e5aa973acda38758d841c598a7b03	0.7626262626262627	0.656986531986532	0.6464646464646465	0.21091195534072937	0.22911912232018317	0.24079373008550167	-0.11616161616161613	-0.010521885521885488	-0.0298817747447723	-0.011674607765318507
93	20260904	0	c35bb75ac2c9f609a50009cfcf8b6d6ba26cad83a330b89ccb2639150b96c71b	8e7fed343cb282556f187291344df0e1ac136a154c0707a6b19359a298f80551	0.41203703703703703	0.37205387205387197	0.40277777777777785	0.37380386676150695	0.27627615053421	0.3566193122032428	-0.00925925925925919	0.030723905723905875	0.017184554558264176	-0.08034316166903277
94	20260905	0	24261ae86b2a9a5fe5be22827f984d001ae34dda343191d5912beb22aa5a94a9	1cf9160c2de013113f14011668f1c849ecd6e0038127d285640581bd3feb320c	0.43013468013468015	0.41329966329966333	0.5294612794612795	0.34478843216582766	0.2661366309854735	0.3385337727189868	0.09932659932659937	0.11616161616161619	0.006254659446840838	-0.0723971417335133
95	20260906	0	24aeca06007a6c9ca85a68bebb6fa3e1d3c64a684a39cdf18fa87fba3dd175ec	2e12f2e6b834677a3e4d5fe1c7b11f7064cedf050984ef9c9d3d90cff956d5df	0.5353535353535354	0.43813131313131315	0.43686868686868685	0.32362531427305885	0.2632317579140018	0.3116726547729541	-0.09848484848484851	-0.0012626262626262985	0.011952659500104768	-0.04844089685895231
96	20260907	0	842d19211a625f28be367811044ac7f5f20903861daae7642afe65c9cb259363	2991a74dc7aac486a03cb564c0d28e3aaebfd1e53d4865ad2fedd9aa5ea7c34b	0.6750841750841751	0.4705387205387206	0.5968013468013468	0.2765843131091391	0.26883339290278147	0.26238939014367635	-0.07828282828282829	0.1262626262626262	0.014194922965462764	0.006444002759105116
97	20260908	0	792c529ca2d64eb48055f27a1f9e74a9c6b8eac4168b07149a5e36bc87ec87d0	0d6965de21728a58f15eb8548d3d33b91635e0cff2fdb545fa8af85c392ca149	0.5757575757575757	0.45622895622895626	0.41077441077441074	0.29833472966247904	0.2690253421700421	0.34494763140885154	-0.16498316498316495	-0.045454545454545525	-0.046612901746372504	-0.07592228923880945
98	20260909	0	25eec4fc75dac005edac8d160e526b27b8bdfe90db63b693843ff6559967a978	05ceb3301cbfc49ac82af78e3a3ae62b96af4b15815ce7ced2993cece989ed46	0.35353535353535354	0.4419191919191919	0.4532828282828283	0.39431434421509	0.25854860475481006	0.3342582331141893	0.09974747474747475	0.011363636363636409	0.0600561111009007	-0.07570962835937922
99	20260910	0	60df449a7c9a6efeaae634aaa5b26a6ad4de576ef6e609b319f6448722f09117	15488573f9d5da8a195d84fceac36235a2ca71987b168d527feab83a57ce1476	0.4305555555555555	0.4570707070707071	0.5092592592592592	0.35647211611552404	0.2587340054805752	0.3136735279567255	0.07870370370370366	0.05218855218855206	0.042798588158798556	-0.054939522476150304
100	20260911	0	2bd40d0df1d3bf04dfe2c21a0d9b13c0fe3139e08b8a1b5ebd1a8299004a67b9	3131f0b1722118cc597b8fda3dda1951010e9566d3f3e161350e6329be1510d9	0.5782828282828283	0.5075757575757577	0.5509259259259259	0.2835251691593592	0.25330169566428545	0.2877595201547534	-0.027356902356902357	0.04335016835016825	-0.004234350995394209	-0.03445782449046797
101	20260912	0	97b22f110037197d4d8c7947286cb2b625bdb08b7e808172ed098adc093b14ec	fd75f0b5173698516895da41729ae5845d39f43334b4b3235fc5167bdbdeca6d	0.37289562289562284	0.3808922558922559	0.33880471380471383	0.4137834398046696	0.2832617799116991	0.37956711594225245	-0.034090909090909005	-0.04208754208754206	0.03421632386241713	-0.09630533603055336
102	20260913	0	d45db1ff2814fdd6110f41d974993fdcd213a22a46701799e1e1848b4a91b2cc	5dbd1755be9cb08cc15deb2c9e0412d9d64a685c3ee579d8b2add0e5dea044c7	0.51010101010101	0.630892255892256	0.6679292929292929	0.33169662845452513	0.23479174408772896	0.252331588099505	0.15782828282828287	0.03703703703703698	0.07936504035502012	-0.01753984401177605
103	20260914	0	17be0e5b1873cf33f4278ad4358c4af3dc62a3de9bde136ab8372a13e4f78cda	e75253b314b2ea16608038fae918eca8ec0a772d2978d0fbba3fce15cff30b6d	0.515993265993266	0.5568181818181818	0.4633838383838384	0.3559927695075585	0.2547338425192729	0.2838773242113813	-0.052609427609427606	-0.09343434343434337	0.0721154452961772	-0.029143481692108397
104	20260915	0	740290625ccd621f2956426378198104315cd10dd5336a37917c25845c64ffcb	2ec403646e6fdf408b02e31398fa59f81ed550a2b48ec5c00000eb7b0af8c005	0.5513468013468014	0.4326599326599327	0.5404040404040403	0.31414896551276655	0.27486009570168496	0.2836005158085401	-0.010942760942761032	0.10774410774410764	0.030548449704226432	-0.008740420106855162
105	20260916	0	62997de64fbf973d8ecffde218a75c6f0d7f8c1f54758b373b7dd41935fb34fd	443433cd41351682a23d46018ad146df2359258ec2704d32f2d6bac7a9bce2ef	0.6502525252525252	0.5719696969696969	0.5799663299663299	0.25500970788196337	0.2481256455397994	0.27143646713913605	-0.07028619528619529	0.007996632996633002	-0.016426759257172685	-0.023310821599336645
106	20260917	0	44fa533d2c61508e5aeb745a65fb586634b2bec85abdd607e22efb8acce8015b	43eae1157fa4b1106f1c0322fdbef2b8ebdd0dffaa88ed8526d2d230d08b2a62	0.5328282828282828	0.46548821548821545	0.5530303030303031	0.33410419428867816	0.2600778444973888	0.27952553946554043	0.020202020202020332	0.08754208754208764	0.05457865482313773	-0.01944769496815163
107	20260918	0	af413e4bbbe156d5d9210948c7ba15e3f6e5389e9d31fd2c69dbb99df35db218	fd2128425e6778297a823fe23a3feb2e8137663068968375e923af614c8ec424	0.5707070707070708	0.5942760942760942	0.4671717171717171	0.28222293753954125	0.23729637696943282	0.29698832400289926	-0.1035353535353537	-0.12710437710437705	-0.01476538646335801	-0.05969194703346645
108	20260919	0	98f45c1f6951cf565a0278580842d93343289b47a6870dcacca8a74ba8a296d1	b31f7a9f554de2f12d7aefc9a7d3afe4101b6fa48574b27ba37571f3092b70f6	0.5214646464646465	0.4751683501683502	0.5989057239057239	0.3271378591191784	0.25802831672832055	0.268365947279601	0.07744107744107742	0.12373737373737376	0.05877191183957742	-0.010337630551280452
109	20260920	0	5f43fb52368c4dee9a5778a0fc970ceb5d12d6b2d7fc363697407d23679f7286	b75abe58cdd4603318621002c0cb485f856145b32dcc49b0ba8ad3539af1b635	0.6553030303030304	0.5614478114478114	0.6224747474747474	0.2960190573268091	0.2559653177820674	0.26828410462210567	-0.032828282828282984	0.061026936026935985	0.02773495270470344	-0.012318786840038287
110	20260921	0	e2e1a61ddd82cc740efc5cf0d05ac4634d1a2a2443ef19f5c4242d285fcced53	f2c4084b89a3f95d0d85be5f53f203cf387edac56d38b7e92926302e0716b364	0.5042087542087542	0.40951178451178444	0.438973063973064	0.3375637810311816	0.28197263926054283	0.3324237217939367	-0.0652356902356902	0.029461279461279577	0.0051400592372449205	-0.050451082533393865
111	20260922	0	e5cda971955a7814774558e8fc7a7a0d0bcdea35b230d99942334f201636c93b	88152161df0bc395ac918e6f2e95780fb5d424450e8ab1c75f8e4c9c0cd19dce	0.6872895622895623	0.5063131313131314	0.6292087542087542	0.24094708022451547	0.25953770284991967	0.25856195763325285	-0.058080808080808066	0.12289562289562284	-0.01761487740873738	0.0009757452166668235
112	20260923	0	57d1525fb7c4f9d02a782f2ed08a9427c89aa79d9b3bf96c2ccddb403b8aa964	6f0db20797dac5a07c4d6c91eba94352c3519ed15dc42f8569f7868fc75f1a5c	0.5256734006734006	0.5627104377104377	0.6574074074074073	0.3237967472538899	0.2532718897453023	0.2540414786842456	0.1317340067340067	0.09469696969696961	0.06975526856964431	-0.0007695889389432997
113	20260924	0	1bf22a6aafba76e37006c3639c3dcefbd71a01e17062cd6b5e2f635b610c4d58	cc9b3e59cec98919ef24779d4d21e1df94a5597b6c66dde1108397ef7ad04d05	0.494949494949495	0.46296296296296297	0.49074074074074076	0.31137482424688684	0.26986899836290373	0.3002053368582702	-0.004208754208754217	0.02777777777777779	0.011169487388616617	-0.03033633849536649
114	20260925	0	c195f82b83bfd1681aed87cc48f22a13eb7503513ca676dc91d388be93e45a07	27e8b3cbb236c5a4ca62a77e4bddc8889eef52f0fb415932b9ad3f53ab3a7346	0.30639730639730645	0.43350168350168344	0.513047138047138	0.4120616233570676	0.2701421867526989	0.29362768948102586	0.20664983164983153	0.07954545454545453	0.11843393387604173	-0.023485502728326946
115	20260926	0	7cc7c8db7bcf75d49d838c58e77064061751a077e6f900d912ecf0622ded0e6b	3bf35e10296c70f81c9c0d4f244201cb313a07f9733df21db7e99feef32cbe00	0.5147306397306398	0.5643939393939394	0.5707070707070708	0.3225373364579649	0.2511099521982881	0.28686027516680873	0.05597643097643101	0.0063131313131313815	0.035677061291156165	-0.035750322968520654
116	20260927	0	de3aac415f847df5d6bbcdf8a2316dbd0aaa9101fe232befdfd5edc3676db222	e3593212bf809479cf0b14737d80198a6857322bee7c4db356ff26c23feabcd5	0.35648148148148145	0.37920875420875416	0.36952861952861954	0.4040452220731694	0.26851501641492165	0.38709993534154785	0.013047138047138085	-0.009680134680134622	0.016945286731621545	-0.1185849189266262
117	20260928	0	d5d4691210d77294606e28ab84725a56384c9ff275f9214983eb22bf235309ac	8c3159c3a0933f80e6757396c3f2da132cf8289cec4ce4d7221a02ba8c4ec542	0.5033670033670034	0.4907407407407407	0.47474747474747475	0.3716412126074524	0.26939295871888114	0.2945049665439036	-0.0286195286195286	-0.015993265993265948	0.0771362460635488	-0.025112007825022487
118	20260929	0	f07b8fc9a0eb032b56168bd5eb306b122c7fcc429b31b8b3260280c0e9a6b3ab	3f9a3f6c6530e93d5582b06e7fb6436322ef236b8d249c16b998816d6086e191	0.5151515151515151	0.4053030303030303	0.632154882154882	0.3219027859002039	0.27746645569345896	0.27235490772223614	0.11700336700336689	0.22685185185185175	0.04954787817796774	0.0051115479712228185
119	20260930	0	5f7aa00fc45c597f833ec5b5417bf5c2de83e9a97654553c467395e9f6821f3e	c9ee2ef9b826d18e980836c36850bfebb663d37a8ce2203e82d4e8d69318360e	0.3505892255892256	0.4436026936026936	0.4158249158249158	0.4401471865296971	0.2731074104365377	0.3282047242775448	0.0652356902356902	-0.02777777777777779	0.11194246225215226	-0.055097313841007134
120	20260931	0	19e785cacced37cefe933e3f08773fbd1a32a7d95e827d106782ea972e2dedc5	d9f91e2f297efd35da98f88aae6db5a4820a3de7c64960d382d6e29468a23bca	0.531986531986532	0.3518518518518519	0.41119528619528617	0.3157585968059336	0.27056833970545635	0.320682707137963	-0.12079124579124584	0.059343434343434254	-0.0049241103320293855	-0.050114367432506635
121	20260932	0	23f9386f7d629b9d3c1616131c158e67fe6bf1b7488c416a516f5b433068c362	d8200b2d9f7647c31003fecab40ccc06bea692afbee744f857e7692c3b00f7a6	0.441919191919192	0.593013468013468	0.6186868686868687	0.3365909272754377	0.24484948942030405	0.25227475089845647	0.17676767676767674	0.025673400673400737	0.08431617637698124	-0.007425261478152423
122	20260933	0	b84bafd71207950819db9f8eb964b7a03068843243a8e97466779b710dca96d7	1c67bc60d527ee2b6478b626a601d1709f16eb8d08eaf05ac54ed8fe787d838f	0.5715488215488216	0.5744949494949495	0.5206228956228957	0.27076706663050376	0.24216284735635432	0.2929489497624301	-0.05092592592592593	-0.05387205387205385	-0.022181883131926317	-0.050786102406075756
123	20260934	0	0791a5b58347210096747191347a4d14558fc66d57ad3783d884312933911aa7	d3e15a3576000b8e2db774f4fc75e9d17c9c7f16d377271d9eb2e5481ca45613	0.473063973063973	0.470959595959596	0.3051346801346801	0.3685595325335274	0.2587888794501575	0.33781944008782494	-0.16792929292929293	-0.16582491582491593	0.03074009244570247	-0.07903056063766745
124	20260935	0	e4bc62721455ded5a8426c302e5878d936a5eb41e36b758396b8bdcb91916256	3bb448086a89f78c96a7c660d60583c3d68f975b759f5cad827786bc914c692f	0.45875420875420875	0.51010101010101	0.4781144781144781	0.37097018094774303	0.24798904061751137	0.32070720161587224	0.019360269360269355	-0.03198653198653195	0.050262979331870794	-0.07271816099836087
125	20260936	0	6cee5df4fd8149af15ed0dc15df248fce9e699bae9a1827449b38b8e76878e62	7500c6d732d9e251d1c1fd1409fc625cca383625e8a29825f4ad9f2f06f9406a	0.5900673400673401	0.6106902356902356	0.5101010101010102	0.28820546174971007	0.24361520091538905	0.2946178856718216	-0.07996632996632991	-0.10058922558922545	-0.006412423922111554	-0.051002684756432576
126	20260937	0	fa066930461a25c18c932fa3eea2b56b19911c1e4c552b39c3824c3e6d220ab4	7943db7e304b5541c524e13f1364659d02acf169c9c1b61ac8b5facd75d04f4d	0.414983164983165	0.4166666666666667	0.5071548821548822	0.3597128981412796	0.2728315498878156	0.3138462893334077	0.09217171717171724	0.09048821548821556	0.04586660880787191	-0.041014739445592086
127	20260938	0	5fec983696f33cbe85d3c17285898f28f787146b5ee42eaae7871d4707a71f74	d2b17a185774b99b5ffd70967d7cece4086155ccb2f37db897ceaab1b21fee5b	0.4633838383838384	0.5029461279461279	0.507996632996633	0.35191008995069445	0.26310109825810324	0.30189218515089355	0.044612794612794604	0.005050505050505083	0.050017904799800894	-0.038791086892790316
128	20260939	0	59ad524c7e3b366c0970f909a97497f9b5aa8cb8f16412a621c73072d1f3173e	f66a931a9747046ef427ee81a0bcb90011fd989ab3810f603d7bc609078d1e3a	0.48021885521885516	0.497053872053872	0.5559764309764309	0.3585083132194869	0.25318237267401406	0.27607580719438113	0.07575757575757575	0.058922558922558876	0.08243250602510577	-0.022893434520367073
129	20260940	0	eba660011c9999ce7494a476ffbc68abe8712c8a968a2fb95a3e923362898401	f0e7ed14eb48201d737dddea1398372c87a5422c7cf61e43c6735fe20e29c681	0.5109427609427609	0.5614478114478114	0.4318181818181819	0.3459981603231916	0.26061690262860426	0.31285654666428586	-0.07912457912457904	-0.12962962962962954	0.03314161365890572	-0.0522396440356816
130	20260941	0	84cce5300ed87fe4fc63f84f4b756bc8ffca7dcb67a28a409be2bd0b3a2f6a4b	f6cff7a788e2d4ddd93314c36e4c12e270fbe1157a0fcb5b75898e5231d87921	0.3956228956228956	0.37289562289562284	0.37163299663299654	0.3859482612587281	0.2698599575015243	0.3206913684662512	-0.02398989898989906	-0.0012626262626262985	0.06525689279247693	-0.050831410964726875
131	20260942	0	16cb376b9a78b2ff44c0a1c43ebfef6e3fcbf635013a15a33f44827f0f4d7b2b	4683a47e4afb10c5b501bba013e2be14a215d3b440cbe39229b8137603baff3c	0.5096801346801346	0.5260942760942761	0.45875420875420875	0.3259187334565761	0.2589101296832817	0.29782785311320453	-0.050925925925925875	-0.06734006734006731	0.028090880343371594	-0.038917723429922835
132	20260943	0	e9444c535341960aba62ae3b651c2122ecf0a21b74ff8c5ad425aa8dc85305cd	83e49535ac33ceb8f0c8fa025b7e7f6386b689d51b0247aa766fc014eb17d4da	0.4364478114478115	0.6056397306397306	0.4419191919191919	0.3527286550725564	0.2395179229459393	0.3052701963761575	0.005471380471380405	-0.16372053872053877	0.04745845869639892	-0.0657522734302182
133	20260944	0	7b5d7932c9395ce59a60dc57e84229bf4c040b24a85b2ae557424425f3841af7	de87a6e8ad0d66d171f1b55f38a519fb58c1df51e09897632dbba0584137e25f	0.5286195286195287	0.4238215488215489	0.390993265993266	0.34566980042743123	0.27143325723943074	0.35814501991344616	-0.13762626262626265	-0.03282828282828287	-0.012475219486014932	-0.08671176267401542
134	20260945	0	069aa4ab3461390a9660e1fb72efca44129eae6775fdecc897b2f997ed32bd20	5c2b1ac836f7ebea979ed337bcb5e60be7c7cfe80786984276b1b38784c741d4	0.4936868686868687	0.5256734006734006	0.45412457912457915	0.359521548229061	0.24449481706648743	0.32405096548002993	-0.03956228956228952	-0.07154882154882147	0.03547058274903109	-0.0795561484135425
135	20260946	0	b95a77cca6e78c94ba0e206d0265b62331631c3033da8b5634a5cef5096952cd	ba67d0a7f70306ba4a3dee48850c32856f35e2c90800013ecbc8110fdbfb24f4	0.38552188552188554	0.5281986531986532	0.38299663299663295	0.4136835584050555	0.27207731883277364	0.3240666147423223	-0.002525252525252597	-0.14520202020202028	0.0896169436627332	-0.05198929590954865
136	20260947	0	d4ee9db4ebf7210adcac04c0cb77ff7e8d7538d5e129da7f1b3d1b8981ee6710	d1876766c330cebe04647e45c31714095f750d030449ae28ab27904acfeb0c22	0.4566498316498317	0.4284511784511784	0.5063131313131314	0.3691452398183864	0.282200438955925	0.30224377993701323	0.04966329966329969	0.07786195286195297	0.06690145988137314	-0.02004334098108823
137	20260948	0	c375cf7eb5ad88db120a3f44ed3eb29a1c0dc6c04a396b3011eafca1089bb755	d203ae72501a7d0b4d84b9302c65db13cae3458c108de558c105f486ac9fcd3e	0.5959595959595959	0.4473905723905724	0.40277777777777773	0.29122818312711357	0.2793867737019455	0.31217094789390404	-0.19318181818181818	-0.04461279461279466	-0.020942764766790467	-0.03278417419195856
138	20260949	0	f530f8080c894315808a3310825547d9bc34fb5b82d98a8eacd86b351807df83	2950f39c3e2de4c257662599c35488baab7c17d1d73087f423ab33289c19b53f	0.61489898989899	0.5404040404040406	0.5227272727272727	0.2806682494317444	0.24719453214297227	0.2802430638352312	-0.09217171717171724	-0.017676767676767846	0.0004251855965132223	-0.03304853169225891
139	20260950	0	cf22ee952e73c1a6417826d5efb2b879c5e0109b4699072e7c30480269b56a24	07454d43cb680b88a00a3a2a847f3b686f7fab44456f7addbdf61a4486754228	0.5938552188552189	0.5265151515151515	0.5841750841750842	0.29702025505240953	0.2612999200051836	0.26405928818496477	-0.009680134680134622	0.057659932659932744	0.03296096686744476	-0.002759368179781174
140	20260951	0	ee90ddf66fdd10ead5baf5a9956220c4b687ca40a6961c31206c6d71dc8c1168	e6a50c44a43a6d5d8a4d2e759a0aaa4abeaba6ac033a9e08623d10176ccbfbc0	0.4915824915824916	0.5016835016835016	0.4898989898989899	0.32303501283818187	0.25625350298402755	0.28978726743834965	-0.0016835016835017313	-0.011784511784511731	0.03324774539983222	-0.0335337644543221
141	20260952	0	e3b10172933d085d7511fe4766af2c01bc61943252353666a3f846b6913e978f	d5fcf5e0546307dee00d8adbf621ba08a1223798ec92cf66e5785af64520fa0a	0.5614478114478115	0.5126262626262627	0.537037037037037	0.3355837783639834	0.2724521677140224	0.2658216499053683	-0.02441077441077455	0.024410774410774327	0.06976212845861512	0.006630517808654146
142	20260953	0	c6da1cc75397156656370ced2b87dfe53743e3cd7abc3914fc0726606753e5f3	6b2a0bb79ea8683ff82f78351990dfbbe0db45effc1f372141c3919da5ed192e	0.5096801346801346	0.5585016835016835	0.49452861952861954	0.34230020169859876	0.25670706162925283	0.28932100084164186	-0.015151515151515083	-0.06397306397306396	0.0529792008569569	-0.03261393921238903
143	20260954	0	26bfc68c47a3be472df5cd4486915256c992124d59aec8e126e3efe51b7eeeb0	ccff80dfbd601f5843021c9e8ee2141cfae66a2fd136dfdc91e3a52eb8e9dce8	0.5391414141414141	0.49957912457912457	0.5467171717171717	0.32104845865361104	0.26078173276186806	0.2981801452732213	0.007575757575757569	0.047138047138047146	0.02286831338038975	-0.03739841251135323
144	20260955	0	666082a20eba536e7df4ca4fee0dd982d091e40a66e47633306ee0bd7057547a	a67c53c5ca8cfa78d1779c507537914449ee2dcace1dc536a0a67b5be0ef8df2	0.5538720538720538	0.5382996632996634	0.5370370370370371	0.285347179061005	0.2576096520505306	0.2682731446311357	-0.01683501683501676	-0.0012626262626262985	0.017074034429869267	-0.010663492580605116
145	20260956	0	2f79fbf08e3119b974569759c97bd42e5dd5c27d4f94c2e52358c2a7b9cd61e3	ed7ab37129240abff000928826a3242b61c1cc4d7065462dea992f08ae82ced5	0.37415824915824913	0.40951178451178455	0.39141414141414144	0.39553051243189796	0.268031250907898	0.3266464612944561	0.017255892255892302	-0.018097643097643112	0.06888405113744184	-0.05861521038655815
146	20260957	0	bfad028556d7a97f274e58db602e63bcc825de28ced500e0571b977b4f81d631	f3efb3528ffe9a5ced03e2d94fb8d1f6679c54bc0cacaef09640fd286b21edd5	0.4406565656565657	0.5042087542087542	0.603114478114478	0.3552453011710856	0.257089310866428	0.263885176597196	0.16245791245791236	0.09890572390572383	0.09136012457388959	-0.006795865730768014
147	20260958	0	b498f88128d1cabcb42701f99bd19c62716e81d633aa04cee37399c9132617c0	3b20a7d5b05bf802562eb5daec163a86018ac89e3a970ce6e88c1851d84e5be4	0.45412457912457915	0.5180976430976431	0.39057239057239057	0.3698542411509083	0.258755832281111	0.3454850888191569	-0.06355218855218858	-0.12752525252525249	0.02436915233175141	-0.08672925653804592
148	20260959	0	93a2876748fc2ec415be56f649dc26ac6d5cfa56cb565a069e463423f2f19b84	41f31d57bb208b1248928e2d8bc69132ec2ab7f4c5f4686ed20e571394e4ab5e	0.4103535353535353	0.5096801346801346	0.3876262626262627	0.3714099872220962	0.2571832609493035	0.32037839099824844	-0.022727272727272596	-0.12205387205387191	0.051031596223847786	-0.06319513004894495
149	20260960	0	edca0f0da92402c862282874a2cd5e46f2cc19461dc64870a6090c0186d8d6ea	a167c6be0d6d65b68d8658b00d18db1e41eb9d00ab4024dd7fc4840c8bb30308	0.587121212121212	0.5	0.4351851851851852	0.29982992582858353	0.25370281175763276	0.3438865643579259	-0.15193602693602687	-0.06481481481481483	-0.044056638529342385	-0.09018375260029315
150	20260961	0	625e24f4bba0379a0c3fdbe4ca03d2b3679ff5334542dd2bce2705fde3f520d0	402df7f5bccc4627da53da8edc7a1bb675918e9a562facf60c0d2890757f0d1f	0.40614478114478114	0.38804713804713803	0.27104377104377103	0.3636122671894301	0.2814182244815114	0.4163385971567046	-0.1351010101010101	-0.117003367003367	-0.0527263299672745	-0.13492037267519325
151	20260962	0	a37b02bee9d4333e58b0e45798d8c2675308b1188323293157a88e35f0162ae8	4dd7d48544f5d60c2daf7bf65de2d14564d7e99c550d685d32be6d40c09c3c61	0.5471380471380471	0.5349326599326599	0.5580808080808081	0.3230036556849078	0.25396469850270753	0.27392341180536134	0.01094276094276092	0.02314814814814814	0.04908024387954646	-0.019958713302653808
152	20260963	0	f1773c053fe51cc366fb67179ba20b36bc7ff2f012a945bb1b898b343c00825c	51bff8589c82c6fabe49b3da2e8d6d942a4ac745b7e97dbd6c8cf17023fd8ad1	0.486952861952862	0.5328282828282828	0.3661616161616162	0.34583439134979077	0.25084511532241416	0.32713323257608984	-0.12079124579124584	-0.16666666666666657	0.018701158773700932	-0.07628811725367568
153	20260964	0	513eacf1a26671a0d6d7fcb3173ce13796e46e23eadda4bcff63f473e9fc2d36	fd061777d53d76e35795a6555f8e2b121e2522f1be8cdc0fbb1df4fc0ebb42c7	0.5256734006734007	0.41414141414141414	0.678872053872054	0.31044396939334323	0.27670269451334417	0.24382250168838857	0.15319865319865322	0.2647306397306398	0.06662146770495467	0.032880192824955606
154	20260965	0	f1aa668f413722d7705a4be519f2d45de2db8b19675b86d1230daed8a465c2e7	3f497bb9bec1ecee4cc42a09848f7447f58187362a10460ebabd99b4c495d723	0.5774410774410774	0.5845959595959596	0.6515151515151516	0.30621326327095644	0.2512470336418648	0.26549258575440465	0.07407407407407418	0.06691919191919204	0.040720677516551784	-0.014245552112539861
155	20260966	0	2f98b585fbc6da57f4ad30f78d79917bb5dc8bc4836da03f7d7327227d9819c9	97b8e955dfdb565cf7c35169392b9f2419a54965c88eb21b6fb1790a32c1bc3c	0.46548821548821545	0.46085858585858586	0.49621212121212127	0.33889542396102534	0.2680126838440995	0.2868614506312924	0.03072390572390582	0.035353535353535415	0.05203397332973292	-0.01884876678719294
156	20260967	0	bd167777787d73441ef90f9460265af6b126a0e2d6d1129b0ad26287ed154e17	b8fad4e34e10865724f7733f98feb06158dccdb43d05f5d06cc3403a01638690	0.5753367003367004	0.4932659932659933	0.377946127946128	0.3008026293460124	0.2492545137809429	0.3453654025036241	-0.1973905723905724	-0.11531986531986532	-0.0445627731576117	-0.09611088872268117
157	20260968	0	db4c947370cd1eea4dbb21cba28e6d72312d03656edac4f51790949098b65426	de601b321746beefe68270de8f28d95cd584d50653a336993bbe5eec0917c015	0.44149831649831656	0.4436026936026936	0.49200336700336694	0.3816940301815646	0.2726220091966645	0.28499150742635676	0.050505050505050386	0.04840067340067333	0.09670252275520785	-0.012369498229692244
158	20260969	0	24f3faad22e2cdb658f9ff2b30db2ad3d3afc40316a5f26bcaa3bfb4052622a0	1d8cd78c9b792160e67ce5e57ce8a16923acb7185c9854af707f049f7bc1e59a	0.40951178451178444	0.28114478114478114	0.35395622895622897	0.3811884614193229	0.31148470833392644	0.35763637116786207	-0.05555555555555547	0.07281144781144783	0.023552090251460822	-0.046151662833935625
159	20260970	0	c76797a2dbc42c072ed56c3b311731c300af4d29b1498338033f9e345ef8e20d	32d137812955835ddbb5a95532cff6d465a76996c188bac6fb7d644b69d4961b	0.494949494949495	0.4604377104377105	0.3817340067340067	0.37387728809366955	0.2624012359684657	0.3476712218974766	-0.11321548821548827	-0.07870370370370378	0.026206066196192923	-0.08526998592901092
160	20260971	0	f9bd75b72b71070ffa9012f9460926c9d07c80571cd39512028b05e41294f5ce	f65e9b3d6dee8677839732fb232cba8a8c97e31b72dafd2308ea3b6eb20663e4	0.3813131313131313	0.40614478114478114	0.364057239057239	0.3835182796277808	0.26566344034784095	0.36702877702112335	-0.017255892255892302	-0.04208754208754212	0.016489502606657436	-0.1013653366732824
161	20260972	0	1640d9c28d55f2b5adf29079603b67b035f40f351575b3c66b503d49d5387561	f835a2d740738a302cae35d79c9979938383386e048d4fbb36d0ef60a7a570df	0.5471380471380471	0.5551346801346803	0.5829124579124579	0.31248335488735957	0.2560049724330483	0.25758760853686186	0.03577441077441079	0.02777777777777768	0.05489574635049771	-0.0015826361038135395
162	20260973	0	182a1a776c6da5d9a750321b080e65113e47f4ac5b6b9d89aa26a9285f141480	0937836bc5a6f24a334c83f0697f1af800e7cb010481afa5cdcd6d8f9b7a39ba	0.5867003367003366	0.6266835016835017	0.5235690235690236	0.3031007107980173	0.2390653856511126	0.311569751561723	-0.06313131313131304	-0.10311447811447816	-0.008469040763705693	-0.07250436591061041
163	20260974	0	7d349cdcd4040df9adb39ea19418ab8f75098c6678b4158a3edc7b7193e8a1b2	de6da5e6828047d2379c629a5d2bde472a5414d29ac7ca9caa07ff474911857f	0.4696969696969697	0.523148148148148	0.4511784511784512	0.33546542461334045	0.2520989769441767	0.30546323744163456	-0.018518518518518545	-0.07196969696969685	0.030002187171705885	-0.05336426049745785
164	20260975	0	67c627f809e6d68be20aa8e437ddaff11b4d4a664e1f821459df4c1304bb38b8	272ca9a88efe46581d826966694a4590917e2fbd5faae7f6705b421dc3854810	0.6321548821548821	0.5888047138047139	0.6212121212121212	0.2769263579772198	0.2488237087069085	0.2625868172457293	-0.01094276094276092	0.03240740740740733	0.014339540731490519	-0.01376310853882079
165	20260976	0	7b7b0d4cad9839dae00ad08349b848884221360f075e4e7cc09c7f46c47b292e	30c779b1824817b45a5a40f0fa1fffa98b3b1a3816c240a91f6e42069529d0a9	0.5395622895622897	0.6523569023569024	0.49873737373737376	0.320315102634285	0.23163362955979414	0.28766914533688254	-0.04082491582491593	-0.1536195286195286	0.03264595729740244	-0.0560355157770884
166	20260977	0	c2baaa028031d7c3c4b7f39f0dd46ffc953de1f842242fdc12a7099fed79920e	29d59fff7fdfe96f8908e648f9d6d92d07c183d2b71b04f7b49ccb60d546abcf	0.5892255892255892	0.6506734006734006	0.5946969696969697	0.28852883687983866	0.23300136201734922	0.26340049448672914	0.005471380471380516	-0.0559764309764309	0.025128342393109515	-0.03039913246937992
167	20260978	0	531074874b5c77b08dccd5cd7b36d9e674c31d8bd40402dd3d30b59d8f45879a	9d7f0a27b0bfcb54547170953f42ff48c41cfe73568eec23bb0c9b22b9ab13c0	0.35185185185185186	0.42803030303030304	0.39351851851851843	0.4150756319704076	0.2642830604688269	0.32702535190063003	0.041666666666666574	-0.034511784511784604	0.08805028006977755	-0.06274229143180315
168	20260979	0	78617550a02315419316df517927eabfd28d486ccb49aeb4398ef2c6ec71b8ac	4d44948e6c9a189af8d581f06924f55eee09ca7c313982d53562607e654eb95e	0.4137205387205387	0.44149831649831645	0.48821548821548816	0.3725989319957676	0.2660960389924032	0.33377243809433194	0.07449494949494945	0.04671717171717171	0.038826493901435666	-0.06767639910192874
169	20260980	0	4e7c791c2d148a09670f50bc9420af9b8a99d6342ff621ced52016b674fb827f	3cb44aaf2c3fa994ef97ebf8cdcb3480ac80e80d1d578bc3cd0bc96be82ebf42	0.5652356902356902	0.5980639730639732	0.5732323232323232	0.30313430622730025	0.23972705102990602	0.25379632390360735	0.007996632996633002	-0.024831649831649982	0.04933798232369291	-0.014069272873701327
170	20260981	0	f5b4dd77729064901182a5d87490e87cc3db4ae6a89356702008bef14c3caa34	1b9016bbff8a4c0344b839e521a24efe28895f4253c9da467abc52464d3bb98e	0.5227272727272728	0.577020202020202	0.6005892255892257	0.3314407231530397	0.24763218380997984	0.26942706173273173	0.07786195286195285	0.023569023569023684	0.06201366142030795	-0.021794877922751893
171	20260982	0	49051218863f3a26f81e42cc38fe699c1a37e2f602cf9e14538d982d37bcac7d	aa20cd27954c39dae1e07f85a27da5653582505a7f4ce444923c8c47025512b2	0.6738215488215489	0.5690235690235691	0.4553872053872054	0.24108252749452183	0.2572486095950683	0.30635180011319235	-0.21843434343434348	-0.1136363636363637	-0.06526927261867052	-0.04910319051812406
172	20260983	0	812df2d657b76baa547a698c91eed7146e238cbfddab0edf74012563f2c0bee8	044d0f473b8392dd081b736ce7df3b7b0d0d42987d696c9e572672825a65ed18	0.48021885521885527	0.5366161616161617	0.5176767676767677	0.3476165415369996	0.25305051564055936	0.29220437182154924	0.03745791245791247	-0.018939393939393923	0.05541216971545038	-0.03915385618098988
173	20260984	0	bb7ee55aae9f9a8db3aba6db38a802529a57b493ca673e6f84be9c0e0208914f	15e4960c3566bd676ddb5a56e3a59740aa527930be3a72104338998b1ade9f88	0.5719696969696969	0.492003367003367	0.49410774410774416	0.306368240828902	0.26547834465519576	0.3242290802263698	-0.07786195286195274	0.002104377104377164	-0.017860839397467798	-0.05875073557117405
174	20260985	0	c53c26b9380b8443f69d80e7388599bc48dfae7b39cc8931fb838ad2e0d903a4	98c300c0d22cd1080dbd9212e3e6f62f1e987737fce7f967965adecbaf1d5082	0.3463804713804714	0.43476430976430974	0.3653198653198653	0.38633857900210505	0.2720376220838123	0.3565349984149934	0.018939393939393923	-0.06944444444444442	0.029803580587111633	-0.0844973763311811
175	20260986	0	f951feb570eaab0665f6c853556c60428fbad0b02cf0db450223c34ad709115c	ad880b5622e27ad13078acc2c921af38ea9cac65ec9334a45d10749283a403cf	0.4823232323232323	0.49621212121212127	0.3716329966329966	0.3923331000182138	0.27060306866197154	0.34836045242259317	-0.11069023569023573	-0.12457912457912468	0.04397264759562064	-0.07775738376062163
176	20260987	0	6c66afcb7c19a531497c85db1817e38d8250d81f36305a7ca444b779e8b3ebc1	d0b27a66bd4148ea67a6e26fba52c6420f88286307301616331897501ee7eb65	0.5303030303030303	0.5900673400673401	0.6292087542087542	0.3373908145066708	0.24880109043007437	0.2542259960323318	0.09890572390572394	0.039141414141414144	0.08316481847433899	-0.005424905602257446
177	20260988	0	b6be62c55ca29fe048acb47743e0fc663f6f8d0923a1d23ee56976d576cf342d	25f0764c368dc66379b00836a24e5ee78010e3a8a464f2eab12e8a02f383c7e9	0.4591750841750842	0.4663299663299663	0.45075757575757575	0.33130506893494194	0.26374509925535944	0.3343153541114153	-0.008417508417508435	-0.015572390572390571	-0.0030102851764733374	-0.07057025485605584
178	20260989	0	c3f0f1a9e486af0bb4afb8991d02d1ad62da770d3ad69562f6e77f65dd08b1a9	f08135bcbb5f5216837b6cbcbfc1bef8e9fc7b8e5503c23f6249c40f2d0a4d6d	0.47222222222222227	0.37878787878787873	0.4646464646464647	0.36156341637173134	0.28686014883295496	0.30625364048299714	-0.007575757575757569	0.08585858585858597	0.0553097758887342	-0.01939349165004217
179	20260990	0	ad0cfeef30bd01c2ef915efd4a86a8bec5bd0a3d1d6aab2d777099cc24b7348d	5e02c783ad7821440e70d6a03cdf346da016ea711f3219d29f409c9e75ba0357	0.5328282828282829	0.380050505050505	0.45202020202020204	0.34072092334291654	0.28836101600134056	0.31664948649851365	-0.08080808080808083	0.07196969696969702	0.024071436844402883	-0.02828847049717309
180	20260991	0	dc0ff227b570b5c45b88c4823e4849ac0f7dfa6fbdc2daa8478092ea063121d5	a6c6561f8cf91fd1e0f62ab044631dcb4592d15ba1db5ac638fca8153e7176ab	0.6178451178451179	0.5643939393939394	0.5732323232323232	0.2666044177536219	0.2477636079323594	0.2809949109037129	-0.04461279461279466	0.008838383838383757	-0.014390493150091	-0.033231302971353516
181	20260992	0	dc02e328f9b57a7e9f38d0cc0ba99d7719b113f4d8f99f06bbc0c2faaaf614d7	83c4ef4a34f421a0bd79442aa72e888567b4f5d86f49b9583ea8db925c1fdaa7	0.46506734006734	0.48232323232323226	0.4419191919191919	0.3442671918241815	0.2688236907582813	0.34041788709923543	-0.02314814814814814	-0.04040404040404039	0.0038493047249460455	-0.07159419634095415
182	20260993	0	73bce63cab2dd57dd7d8f47c784379f7c3bd814e570373d0543caf1725726474	de472a60e304106cd0d774063a33dd7421d01c63c7d6ed22041bff52f347bee6	0.5290404040404041	0.5202020202020202	0.5033670033670034	0.3245450579953093	0.2539578926472809	0.28667233304894163	-0.025673400673400737	-0.01683501683501687	0.037872724946367675	-0.032714440401660716
183	20260994	0	0dc0d59b3207d65284803a25da2241a6f14a7aa220be7311aff539e560f2264c	0389080154bf978ca96958ee579c4376e78a1cf206083a845cc264bc9313895c	0.5366161616161617	0.39814814814814814	0.4398148148148148	0.329133626484894	0.2636270140620199	0.3366718896021567	-0.09680134680134683	0.041666666666666685	-0.007538263117262689	-0.07304487554013683
184	20260995	0	b9d9085cc1255b59ecd2772df72068c944fd6858fad9ad85ef0da1916441e591	84338c165abd536d2ac126d7d030b2ac79e24c6f9b895ea9886653cf8eb65922	0.39267676767676774	0.481902356902357	0.38215488215488214	0.3999275314955007	0.26254177614642843	0.3448075008796947	-0.010521885521885599	-0.09974747474747486	0.055120030615806004	-0.08226572473326627
185	20260996	0	c1f445108ba92232984b9a964a42dd546af3aea3919f4099258f49a0a79c8838	80aea4ecf4d04be62a9e18f8170abcbb0c7070252f3c866213d784b3f4461862	0.32786195286195285	0.31186868686868685	0.5105218855218855	0.4091210001800962	0.29235243018707197	0.31189136764762454	0.18265993265993263	0.19865319865319864	0.09722963253247163	-0.019538937460552575
186	20260997	0	9666d087ad8e6cc38fcfc127a7603037407844a860e497c920ceeecaa3233bb9	98ed8aedb42070bbc32ff25728bd21fb09684fbad600e8c5d9bc17d820ee9278	0.46380471380471383	0.5109427609427609	0.42003367003367	0.3255001058702361	0.246009157808632	0.3377127931337484	-0.04377104377104385	-0.09090909090909094	-0.012212687263512323	-0.09170363532511641
187	20260998	0	3a8bf05efa6ce96272014c1f6707d73172d052b1313ad9e09e4721cc9376506f	f1ae51a5695db7dd3ef0f49fab60da66d58f71882baf4807dee7add2a16bb435	0.4743265993265993	0.3569023569023569	0.367003367003367	0.3566454818971887	0.27764624088742534	0.3363706551769132	-0.10732323232323232	0.01010101010101011	0.020274826720275474	-0.05872441428948788
188	20260999	0	52e7cc481ee73ab5a60dd9bc4bb7860c81170a7c671f5ee805f24024a4e1fa62	73956e26048c877ecc53d9ea9d7c3617b0bf2b9cb7377802416fbfe4e5e484a4	0.5281986531986532	0.5231481481481481	0.4856902356902357	0.33967611689238186	0.25016190688095	0.2926751006121712	-0.042508417508417495	-0.03745791245791241	0.04700101628021064	-0.0425131937312212
189	20261000	0	8d915528ed0de8d139725f34aaaf0c8742f411e07fb54f1ebb59beefb2e1b7c2	3d070f5e80ab3e99151de8b52ce54b27f35a995da4de77908b45315365229b4b	0.4991582491582492	0.457070707070707	0.44149831649831645	0.3348334895684186	0.2537794378033729	0.3303422735947761	-0.057659932659932744	-0.015572390572390571	0.004491215973642493	-0.07656283579140316
190	20261001	0	d19409afc99f2eedbdcde343c3673fa8e5cb08694d3508424fc57d0dcf084cff	7e8de224849167f10f245615ab7b039c85182f4fbae91593703fdb9a39e41429	0.6220538720538721	0.6553030303030303	0.6321548821548822	0.2540996523799158	0.20781893565334278	0.2640779682932967	0.010101010101010166	-0.02314814814814803	-0.009978315913380942	-0.05625903263995394
191	20261002	0	43ac13c53bfa0ff9089b909828b7b8357238ae4cb80de248469410d9910a098f	f7c8c7148cdb1b4c94da7a12669db27c97df5b7485d19e0548ecfbdd354b4b50	0.43350168350168344	0.3573232323232323	0.49747474747474746	0.3975233505242686	0.2879862246316585	0.31201707721382593	0.06397306397306401	0.14015151515151514	0.0855062733104427	-0.024030852582167417
192	20261003	0	af5affd3143b6a39fc277215b8def0a6d72484b3c9b55de5d2fee8421e907323	c7991855c4465f9618e6fd15d5dedef1b5c58adade7aef6a2ae17750518c712e	0.48358585858585856	0.5281986531986531	0.3434343434343434	0.3339160500718663	0.26626691610698433	0.3636197745298908	-0.14015151515151514	-0.1847643097643097	-0.029703724458024494	-0.09735285842290647
193	20261004	0	625f32c0dda961755fae16c056dc94c2c29ecf7c1cca06e8dd38c4d82ac15434	bd7e3d64bc6bf33d404b655ff0ea96a8af88630ae6f024712df6dc3ed2730942	0.3682659932659933	0.3623737373737374	0.4086700336700337	0.4065197652648817	0.2824795167634147	0.34172269811006095	0.04040404040404039	0.04629629629629628	0.06479706715482075	-0.059243181346646245
194	20261005	0	150518981c9af98b352e0ddd4a89c1b3d2e23fe90c36caad3753920477ca5315	c7bc21d97805e83504ab74bcb817f7677848734bf95ecb7358d6b1316f4cc77c	0.5984848484848485	0.40446127946127947	0.4444444444444444	0.2853507920015712	0.28042912501933187	0.31899723866288804	-0.1540404040404041	0.039983164983164954	-0.03364644666131683	-0.03856811364355617
195	20261006	0	90ee940c0d82519e17876bb4ef2a497d06ee8b691a7bb6c6a8fc80bf64aa1b89	bbab2843ec3ddff90fd1b35a3a2c293a8b11685551e76568955d61554e1362c6	0.4490740740740741	0.49368686868686873	0.39393939393939387	0.36645587951880465	0.2592570831717757	0.3350943489437915	-0.05513468013468026	-0.09974747474747486	0.031361530575013175	-0.07583726577201577
196	20261007	0	7dad3fe503d1f87827ead3cd2a68ea0a7968f880feb5c4d5ff38e57e93bca3c2	9dc10d1597fcd9522fa41e55e993b0de46d1835ff534199221245e87acb5153b	0.4604377104377104	0.3872053872053873	0.4751683501683502	0.3810977815346806	0.2782421841414066	0.30351833322240673	0.01473063973063976	0.08796296296296291	0.07757944831227387	-0.02527614908100012
197	20261008	0	226ad6000c887a48bd5bf6ad6d6586546891b86cd914a4482827d0bac9db14a0	5ce03a28bf3b11f9592bacf8794d96291a69ebf9ea089e6cb6ef1293fe84d86d	0.35143097643097637	0.36574074074074076	0.3968855218855219	0.4380110949508606	0.28159716629534165	0.3391418248290266	0.045454545454545525	0.031144781144781142	0.098869270121834	-0.057544658533684956
198	20261009	0	576e2ebafb6f4195d3e9a7d0933f94565d2b1640c2d5754262434c50c9c7f8dd	c51adfa379a696d2a4b1d6eb443f8c36f65895f3d697166c91fa6def24ffd254	0.5336700336700337	0.45286195286195285	0.5867003367003367	0.3158581584470279	0.26628966170733803	0.2685887180017878	0.05303030303030298	0.13383838383838387	0.04726944044524012	-0.002299056294449764
199	20261010	0	a90bea25abd01d7fddf698b7435a5f1db1ee37ba00735b68d16ed24b3a3af22d	b82ed861a6b0208ebc7480cc040a6aabdbab08f998d8bfe4322e0e38db75733d	0.51010101010101	0.5147306397306397	0.34722222222222215	0.33867608827511214	0.2580814613342088	0.36980533480634964	-0.1628787878787879	-0.16750841750841755	-0.031129246531237498	-0.11172387347214086
200	20261011	0	89c935d2fff029ba01225c4471bf0db94e8334bd70d51f24c4f8d313e0b9dd21	1c0cbfea8219106269b78455e2bb300825ff4ac323dd28ba7483e31fb303503d	0.41750841750841755	0.46296296296296297	0.2807239057239057	0.37352880506618985	0.2766197292946722	0.39094436474360483	-0.13678451178451184	-0.18223905723905726	-0.017415559677414982	-0.11432463544893262
201	20261012	0	c1646e58e62eb34f5f0ff8e96b3c4a8e58573acd746383221ae18c1b28618184	ad6f9bf4984bb26e55f39c5d4f4e3843f6d07f43c863dc26c4e6992879e7cee9	0.35353535353535354	0.5021043771043772	0.3362794612794613	0.4115481796047528	0.2575553106629322	0.35404334298850815	-0.017255892255892247	-0.16582491582491588	0.05750483661624467	-0.09648803232557596
202	20261013	0	adde13cd42ac80c6aaaa9c5f1555616a79d52d74cc905c52926944fe4bdd81c4	fec020242cc9e54d4e54a6a1d925874b8df4fa79ab945f9b1dfe32f9225aa93e	0.5458754208754208	0.43813131313131315	0.3808922558922559	0.3329446031300174	0.2638897019237901	0.3487018808057074	-0.16498316498316495	-0.057239057239057256	-0.015757277675690018	-0.08481217888191733
203	20261014	0	81dc6e4593eda6c2c608f15b30fc04760f4415fd991436ad63d8ca11a9fd1dd8	46459bba938c6192813d96bb900f0add72dabd5e2ab4f1b5fb0c371d959c8e0b	0.3526936026936027	0.3985690235690236	0.4137205387205387	0.38238084106076714	0.27127935149538157	0.35663715583140326	0.061026936026935985	0.015151515151515138	0.025743685229363877	-0.08535780433602169
204	20261015	0	8f0885f938e2215454a2e923724ed418c33c82057cdf0977cc58a614c525e17b	9f8780eb4261b8128bce5e325429a04c28671e1d285ad25bf295132527e37153	0.42550505050505055	0.452020202020202	0.41919191919191917	0.38980267717695444	0.257698876255072	0.3269430288033643	-0.0063131313131313815	-0.03282828282828282	0.06285964837359015	-0.0692441525482923
205	20261016	0	89bc876d0475f4fbe07b513a67f658d4493aa661ff7b748c65c395c0d100e04d	65c6412f43397f4dde41893f1f539985bd32eb1f0dc540253d0cae72528e61f1	0.49074074074074076	0.4772727272727273	0.42213804713804715	0.3430044280079003	0.26733341249106596	0.34368426286637394	-0.06860269360269361	-0.05513468013468015	-0.0006798348584736158	-0.07635085037530798
206	20261017	0	008a48b9a0264981dc1c2fb558aa7fbf51f4ffc85e961c81caaab344cfcb926d	6808b44278ef155cc118ca55c79aff2ed459ed7b747ba8142bef8f47b292d97d	0.5126262626262627	0.6397306397306398	0.5151515151515151	0.33751389540962506	0.22672983963879012	0.28356688322773693	0.002525252525252486	-0.12457912457912468	0.05394701218188813	-0.05683704358894681
207	20261018	0	f14226814a777803efdac335c504bdc3cba12796ffeaa24026bfed8c47258ee4	d9771d094bb6660337339be7ffc78d1161b1c22c06c4abf012cce49e5e6ad42c	0.6186868686868688	0.5235690235690237	0.5416666666666666	0.28864459188859654	0.25409850238386894	0.29784295952701884	-0.07702020202020221	0.018097643097642946	-0.0091983676384223	-0.043744457143149895
208	20261019	0	49d8e8e7da235ae4dc4419fc8152fee19c58598cc67dc79d2393699c344dd2a4	fa755acdd066a7cd64418d7dd82dc73f92a5da5e0f9fe76020c4b9f5a5fca0e9	0.5913299663299664	0.5349326599326599	0.5143097643097643	0.27465945031044453	0.2513991496619605	0.30480038882859156	-0.0770202020202021	-0.020622895622895654	-0.03014093851814703	-0.05340123916663109
209	20261020	0	c373e92cd2c5766f600cfab7feca836416b53a5b0f3c03b9c5cd0e97110da19f	f69e357a6cbd0fa7f5a81042f4c90cd4c03ae3cf6ad050182b8e284043d78d41	0.43686868686868685	0.4558080808080807	0.37457912457912457	0.38662864904321026	0.2720719332952277	0.34631064875407436	-0.062289562289562284	-0.08122895622895615	0.0403180002891359	-0.07423871545884664
210	20261021	0	c75d6c0967100037a7cb2c9f36e16049857bd0dcc9d939ff20c7a0922779c0dc	cc35f37ce5bc084134990e9408d5f246195c2bc09ac384354f2ec46b016ebb35	0.39183501683501687	0.539983164983165	0.5029461279461279	0.38811515854943246	0.2735702668955223	0.2964493680864826	0.11111111111111105	-0.03703703703703709	0.09166579046294987	-0.022879101190960316
211	20261022	0	77325b70358c9e7282f201bf06c2795fe42e296d35d594902271b28b858f27ca	bf2a19dbfb2003cd30f19f94e9243ae8c63eaea2a9f008a004e9c751e09c544b	0.4457070707070707	0.4511784511784512	0.37415824915824913	0.3763236125881541	0.27612177082545225	0.33658649434633237	-0.07154882154882158	-0.07702020202020204	0.039737118241821745	-0.060464723520880115
212	20261023	0	150cd26da962dd07f0ead4a291637c56184161962ea0d8d945f0df578423bb5f	c41f5712515c50a22f20a54a7590f9280c2e88da7aaf346ba7f8d56b16b871b5	0.531986531986532	0.36447811447811446	0.48442760942760943	0.33014416181508294	0.2819965521645404	0.29567758219923723	-0.04755892255892258	0.11994949494949497	0.034466579615845705	-0.01368103003469684
213	20261024	0	e7a971e4b2f17e5c656e7f7ec69bbc7035bdfffb405427806a1b9edb3aa5bc3e	9ea5111b9600727f7344ebb64d46e5cc5c987f3833c4669b27df6c6c00f7c227	0.5063131313131313	0.44528619528619534	0.41203703703703703	0.3397680063937521	0.2743457082815783	0.3456167615211421	-0.09427609427609424	-0.033249158249158306	-0.005848755127390026	-0.07127105323956384
214	20261025	0	1c05f872cef17e6cc1253576a4ae13716922c78555ac2f5b9f94184a1550fae1	5b53a196401833d560589f3b798c235abaf65de5930f593f536807e13f0f1643	0.47348484848484856	0.48232323232323226	0.4292929292929293	0.3256529606833214	0.2643270354962943	0.32811004044379194	-0.04419191919191928	-0.05303030303030298	-0.0024570797604705485	-0.06378300494749761
215	20261026	0	223d16a957fba5498097da3e29b79b21c3fb78c669e6fea1bd027713af9848d7	99ddacb14e5b86d4dda7b28e0da7d36e2f36fac32c65eaa303a5a8bcdecfa68b	0.43223905723905726	0.3926767676767677	0.40488215488215484	0.3660057280805323	0.27541501651643574	0.34550959690897765	-0.027356902356902413	0.012205387205387164	0.020496131171554632	-0.0700945803925419
216	20261027	0	ecc6db8c701e535ff9d125c495a8e111f5b8e268c3eb08cddb75374f89fdfaaa	30b33d4479b771fbf339b3eb1b7e56f2a848dabc1407bd2fa7e81a3de5f03fc1	0.6687710437710438	0.6536195286195285	0.5862794612794613	0.251026264665785	0.23113513320623721	0.255800817588744	-0.0824915824915825	-0.06734006734006726	-0.00477455292295903	-0.024665684382506797
217	20261028	0	d610879e64f7bb4b25a6c7fb3e48858083f55590dbf96979969e63b8fc7b06e3	2e63e9a13beae41f935359b270b8813a2fb0fcfc5a593641ff03778595c6f2cf	0.5568181818181818	0.5151515151515151	0.4566498316498316	0.3390484958327607	0.2523568767814505	0.3273449102692927	-0.10016835016835018	-0.058501683501683555	0.01170358556346801	-0.07498803348784217
218	20261029	0	3a7dc9af9f97889882756e2b744e104a6d32224dbf41152d73b9b952163149e5	38da9c7d540ecb20d24892a322aa022855acfef33e281f7c3cfc0765bf76ac39	0.468013468013468	0.5736531986531986	0.547979797979798	0.37413023356954755	0.2551728440871151	0.26319585900594084	0.07996632996633002	-0.025673400673400626	0.11093437456360672	-0.008023014918825733
219	20261030	0	07af9b5fd1061fb200f297b144520b046df016a24541739e23a9edbdb7c91493	2cb1becbfdfe38a9e44e363dec23d153c2b5e4faf49036b9d2cafac1054b5959	0.3522727272727273	0.44276094276094274	0.41540404040404044	0.36902596224760426	0.26866576244690904	0.3156206584780458	0.06313131313131315	-0.027356902356902302	0.05340530376955843	-0.046954896031136784
220	20261031	0	527345b285fc4b7eab3ebab1ac42817456b67a8faa738bd0a80afc14f696a7de	33ef232ac841ab89f70c89fe9f187965bfee890a3e0261c2ebbb9970c5410cb6	0.5555555555555555	0.39814814814814814	0.5408249158249158	0.3145189406112588	0.2768711978032082	0.2805153197112768	-0.014730639730639705	0.14267676767676762	0.03400362089998199	-0.0036441219080686205
221	20261032	0	110b3799dcf05d9734e72e33e41837626de32c241d9af5a5eef9845746cc60d5	8de7b81d9ee050729d4147d88fbcf7d406db408ce370503b476974b2fe784993	0.5277777777777778	0.4225589225589226	0.4511784511784511	0.31903022901586553	0.27157788453258824	0.3394240233881283	-0.07659932659932667	0.028619528619528545	-0.020393794372262797	-0.06784613885554008
222	20261033	0	4546f8a890158950bd0a69769801ea4cb0c354d0476766d8912e491cb3b23411	51d80856edd5ccfa213b713d95788742f74444a461e7a28916cf939dd3ae2a40	0.5681818181818182	0.5686026936026934	0.5492424242424242	0.30596144617919246	0.23810676263892594	0.2699577529658182	-0.018939393939394034	-0.019360269360269244	0.036003693213374266	-0.03185099032689226
223	20261034	0	4c6e03518f6a30682303288d32e01a9a7409fc56537a7a0ce203de1b9b573266	47001026ca67d9518def30930c7337d82c497cfcccca598be437a58faea977c7	0.3152356902356902	0.34722222222222215	0.35942760942760943	0.4333805456744872	0.2855762661569854	0.36118062513642507	0.04419191919191923	0.012205387205387275	0.07219992053806212	-0.07560435897943968
224	20261035	0	05ba2ef1e7416ecea607e872017722cfa8382791f0188e1ad5ee290e04444bec	0b7a17cc71d90b75be80b59e4f86aa29f5d7cc59b018be959c393db7e37ece2d	0.4692760942760943	0.4212962962962963	0.4372895622895623	0.36944185459245965	0.27632989280056514	0.31017355365755134	-0.03198653198653201	0.015993265993266004	0.05926830093490831	-0.0338436608569862
225	20261036	0	4541e75cb704e78753dd6efc26cfacdfeadda0a01076f2e710c3d774e0ef50ec	1710ed4c7a06e23f15d761de7df6ba933cc6300d2d0b2a40f5ca8d3f6c909720	0.4313973063973064	0.5357744107744108	0.571127946127946	0.3465326399269271	0.26442127064579435	0.2762716481312453	0.13973063973063965	0.03535353535353525	0.07026099179568185	-0.011850377485450925
226	20261037	0	1f4fa4ae5673ce17a2330e032ab232f7d08de64967c724b8ce7ad2382df0c02a	04984ea53f7de196915c16f0c035012f58036485e6ed608cebafb1176a3ca3d0	0.4065656565656566	0.4431818181818182	0.6026936026936026	0.3623566246312538	0.2778013821133574	0.2515082688137425	0.19612794612794604	0.15951178451178444	0.11084835581751129	0.026293113299614923
227	20261038	0	d7b482ca85e8771252cbb337361a4388fd4a6d187283cfe21ed23589780ef30c	cbbcb35a825382a879e255a04222bd376c829a75a95e2ac2a09797eedb51e373	0.4701178451178451	0.5252525252525252	0.5084175084175083	0.3390128653564315	0.2504693197082776	0.29978041049356613	0.03829966329966322	-0.01683501683501687	0.03923245486286536	-0.0493110907852885
228	20261039	0	4b2ee5bf91d9496d8173da7d5acec42ba43e7ee9cf959bc69fd2345eea22b0e0	f7d910f9456d54d9a140f79a209be9fc638b8795f99a5ca62a69403547b2ed69	0.5416666666666666	0.5568181818181818	0.625	0.32325804707210876	0.25303663964045514	0.2640866278735159	0.08333333333333337	0.06818181818181823	0.05917141919859287	-0.011049988233060748
229	20261040	0	826cb88f5a5cf499974c54b38b35a2648f438665c2b87b0153e9958bc5c45e0a	25bb05f9b1aa9c168901f075cc2b9b5d6fa678c8b8b3a7b955d3935dcbc1cf47	0.4545454545454546	0.3716329966329967	0.375	0.366137833918942	0.2802486856200506	0.34443727773451543	-0.07954545454545459	0.003367003367003296	0.021700556184426567	-0.06418859211446482
230	20261041	0	19c3e3a21a79e0b141577e4543c520a621d250d90251963b5557134da8245ec3	dd5d543b9f5fff3d9930d5745d2abfbd5d530ed7bae35fb0e9147dcc9eeece3d	0.4781144781144781	0.5117845117845118	0.4764309764309764	0.32756050028133105	0.2543328500453412	0.305941734022565	-0.0016835016835016758	-0.03535353535353536	0.02161876625876602	-0.05160888397722385
231	20261042	0	acd8528f03c29bb4af1279dc1f6b1796588910e78b47fbdde6bfa2300bbdeead	38bf508354eadb624e4f3191a56fec44eaa9617c7348bb916be7d112f913509e	0.6102693602693602	0.6043771043771042	0.5345117845117845	0.2825650654910595	0.2427254116704837	0.29456822819770984	-0.07575757575757569	-0.06986531986531974	-0.012003162706650361	-0.05184281652722614
232	20261043	0	8226234ba4f7e0b2dc62088083d83112099574ff1160fe87fcc665fcb70881df	424116194a771ca32c6a1ed1894c42491736e6c734d1653842c9d135d76b854c	0.5016835016835017	0.49410774410774416	0.49200336700336705	0.3094689400083541	0.26177072437085636	0.2992466260442734	-0.009680134680134678	-0.0021043771043771087	0.010222313964080743	-0.03747590167341702
233	20261044	0	70797ee082409fa2a18b5adb79e8030ede5e04c4d461fbb467d07e7c386a292b	728c3879e9e8bd30a52b275a514af1f364a8531b325287dedbaf26d404da043b	0.5989057239057238	0.6531986531986532	0.5820707070707071	0.2721311295474458	0.22125624098234473	0.25937693074882673	-0.01683501683501676	-0.07112794612794615	0.012754198798619054	-0.038120689766482
234	20261045	0	398b25ae1980e343b1e8e5883e4c2ba4683209a6ee39ad3fa8ae42a2367a37af	ae1f1dfa8b351cbf54b1a592af528668693233bc4706e197ce76c4afcaebe9f5	0.5799663299663299	0.5168350168350169	0.5871212121212123	0.2814980251563925	0.264360901685325	0.25753264983115026	0.007154882154882358	0.0702861952861954	0.023965375325242233	0.006828251854174738
235	20261046	0	ad6f15597740f9ec75e6165c1e94e47b1f2f87cceef855b69c18c57b83ba5026	6641e3bb515933e1ccd54c48e7dd39d9f55aba14ff68a7cd7fccb5a77855da8e	0.2824074074074074	0.41624579124579125	0.5214646464646465	0.4475047877054623	0.2743758781305333	0.29803505880490516	0.23905723905723913	0.10521885521885527	0.14946972890055715	-0.023659180674371838
236	20261047	0	37101d5dff32bd8ca6f8579cb6c64c02cc84b1a22c83f17bf3b3e9a9df9b4e3e	92f4501b53ddce770244f0fbd646185fa507fb0857c73950a16fc304e50b430a	0.5475589225589225	0.5888047138047138	0.5900673400673401	0.3054933883872543	0.24656688468526267	0.26798029445442223	0.042508417508417606	0.0012626262626262985	0.03751309393283209	-0.021413409769159564
237	20261048	0	31dd96c8a37cf4ef71898d89eb7cce409eb73e21c78e9408efb935dcd532bd19	618e4137bc37c0a1bfc857d49906de157631d699956d8e207b7cc88cfbd07587	0.5382996632996633	0.3863636363636364	0.452020202020202	0.32384288805448985	0.2720625491920212	0.3215183033168382	-0.08627946127946129	0.06565656565656558	0.002324584737651625	-0.04945575412481701
238	20261049	0	c3208929f1dc056a62e608b02ac05fc9219595a930b94899d6a7557f74513f57	950ed6ee9cc38b981e604d981f8893bb79d7527014f281003512fba3adda10e5	0.5867003367003368	0.4406565656565657	0.6287878787878788	0.28653677540053785	0.2588138826553396	0.2571082362719806	0.04208754208754195	0.1881313131313131	0.029428539128557252	0.0017056463833590163
239	20261050	0	43731e5c12bffc6479895ded76a417579cf51494678b6709375e155b64bf2da8	6c0bb6a073a6d5e0bb62a5561e5acf28a014db153678406bc97ec0371b0218c5	0.5408249158249158	0.48779461279461284	0.4823232323232323	0.32943519594725723	0.26208493259703514	0.3172659858151082	-0.058501683501683444	-0.005471380471380516	0.012169210132149055	-0.05518105321807304
240	20261051	0	9747782f07432f666bf8d6cca4bb43cdfd7b81986c5a908defec07d2d07db3f7	8e79982c583bd9f385d8a3fa082614bf47dce468318469b5da99dc7fa4f8c4da	0.4385521885521886	0.38552188552188554	0.468013468013468	0.35013107490034684	0.27268743275708396	0.31810433888973727	0.02946127946127941	0.08249158249158245	0.03202673601060957	-0.04541690613265331
241	20261052	0	b72310cd7c16d54ed35b3ba6f7f7ed03beba01af47a4126e2d992d788ae85394	e027a37f028a22260d2752bc1b3a3fa99cca451db6ceb82b02f0e287b910f7bd	0.406986531986532	0.48779461279461284	0.43813131313131315	0.38866519749013845	0.26616863336362995	0.3119012954080491	0.031144781144781142	-0.04966329966329969	0.07676390208208933	-0.04573266204441917
242	20261053	0	812d376f201ca7b3f0c8037f5a10ff23566209b0eb9e426b3a817577c2a59074	32b50676d2177eb92195dd7b734110d44ec0cd470cc48229a7e79fbff99e6997	0.42087542087542085	0.49747474747474746	0.4507575757575757	0.3637132984633585	0.26696825767596116	0.32434427831657486	0.029882154882154843	-0.04671717171717177	0.03936902014678362	-0.0573760206406137
243	20261054	0	de5942d9cb53e3c05fb5b171dad8ace26fb81e3a4bd3ceeddb3d003794965c07	af7ec6cf590ed74f01923e9b1459e6c87cdc716fac58da45979c02fdd6c07975	0.577020202020202	0.5315656565656566	0.4461279461279461	0.2833390795572879	0.2572776193452563	0.3204126857532117	-0.1308922558922559	-0.08543771043771048	-0.037073606195923814	-0.06313506640795541
244	20261055	0	1dbb0bc5010b7c721529adffe89f1404eeaf6a82a20b0905b47b9e29a1c61cba	fade5bdb3f389e8b0f1cb8b725b439c2889ae045f47f421bacf24226cd9d556b	0.5677609427609428	0.436026936026936	0.45496632996632996	0.2776336381666004	0.27507104383349024	0.30270425583801974	-0.11279461279461284	0.018939393939393978	-0.025070617671419326	-0.027633212004529506
245	20261056	0	af547b9cf8e58264d20b8455199e5a52072b80c91efc8ea25749ab8274421ec8	25db0b73ac42da96a8f56c0c676445df33f165a030e39d7b63d9d15b6ecd49de	0.5408249158249158	0.56986531986532	0.44696969696969696	0.3159359204273831	0.250967857280247	0.32017632547871405	-0.0938552188552188	-0.122895622895623	-0.004240405051330942	-0.06920846819846704
246	20261057	0	88e03569e0aeedfed991b45bb4751cd492b5f3f77c1abbf3200b700a5c32bb43	483f6ce9b629f1d6517a23094c6069e47d3f23edd9504c7ae4807a82cc78bcd5	0.6687710437710438	0.5589225589225588	0.5033670033670034	0.25689366407793696	0.25268163257791976	0.281024963756403	-0.16540404040404044	-0.05555555555555547	-0.024131299678466056	-0.028343331178483255
247	20261058	0	78c8846e56cac0396974f62969b563fdfd8d4dc3209b0930c71f815461ecc84c	305bb8b9fcc39956ac4bade365d59d789895771ba9ec56c00c048da89225becc	0.42213804713804715	0.4385521885521886	0.5332491582491582	0.3699704408200004	0.26811995866809113	0.30201026389757385	0.11111111111111105	0.09469696969696961	0.06796017692242656	-0.03389030522948272
248	20261059	0	d679c80559d1eb9a8c29fc12d11c5ec3156702989e39bf02632bd4c569da6f54	9913c2ac35fb56022dc316a28a1efba0fb7dba973ebaf52022ddf0dd6fbfdec6	0.382996632996633	0.5753367003367004	0.44528619528619523	0.4109563444177442	0.24589624963322118	0.30056876134552374	0.06228956228956223	-0.13005050505050514	0.11038758307222046	-0.05467251171230256
249	20261060	0	6c6d15b86dc8a76010c91572ce4d3796035dced7712aea93ab661b550a96f7d2	58c9ae89d49dcc0f50333156a8fb6420b60c77f4f41b65051f1ae8963d63810d	0.5458754208754208	0.46675084175084186	0.5732323232323232	0.30376075310558803	0.26809709741702314	0.28680021061194577	0.027356902356902357	0.10648148148148134	0.01696054249364226	-0.018703113194922627
250	20261061	0	f78a420ff3f122559d7b6e0cd77f80cdd5cb547caf5c5c466a4b6782a25f88e7	3a61e0c24cf718806f015ead561a92f50e5fa7c23ce7e8f845a26f96b79bdaaa	0.4305555555555556	0.3851010101010101	0.4436026936026936	0.34010346208866377	0.2795447792190836	0.300096150557178	0.01304713804713803	0.0585016835016835	0.04000731153148579	-0.02055137133809437
251	20261062	0	66e2e750d3bee83bef50c70edfb3805b3b80f7d62e2f2035d1e47a3096490d54	38f4d291c15cf01dc3f3434f4cb11162f0656dc55f159b9f7c6122d0a22f10fc	0.5496632996632996	0.537878787878788	0.4768518518518519	0.29765631930098346	0.2614075415894504	0.30555235161808064	-0.07281144781144772	-0.06102693602693604	-0.007896032317097179	-0.044144810028630244
252	20261063	0	922d1733c9d46f01df35513e6cb0025635aa4e7c1895bb6d1d86bc91c6f9e396	12a9d845f5dce9427960187b41abd9c1a24b4033665b7a0536e87d8dec36f8b0	0.4183501683501684	0.4537037037037037	0.5185185185185185	0.3987398903845652	0.2696473012841317	0.29625464214776925	0.10016835016835007	0.06481481481481477	0.10248524823679594	-0.02660734086363753
253	20261064	0	d7a01db6496efdf9bbb7904f143b0b473449f6f0465a4aeee6e6aecb9129933b	d65b64ccfa841062b20aa3ff9a3e9ea4580180602f9dcd0badeb5e1ad69fab4c	0.40867003367003374	0.55513468013468	0.4225589225589226	0.37562903419901145	0.24749710055391425	0.30862204579596186	0.01388888888888884	-0.13257575757575746	0.06700698840304958	-0.06112494524204762
254	20261065	0	a8d83f96bf455e67eae2497910b7833d767e7ee89952a18e272b9745eebf73f3	a2cb52a639d5d096ee0fe90f71ed28bba2a316392214808556e9d457d3ead7fb	0.6081649831649831	0.6266835016835016	0.609006734006734	0.2849160523467313	0.23347259956756558	0.269168387237665	0.0008417508417508657	-0.017676767676767624	0.015747665109066278	-0.03569578767009943
255	20261066	0	5d5f49bd23c06131c58e6e0738f0bb4a1737c8fc516813569c600d283f664320	19b11745e3f48cd5ce95da0be80cddc5348695676125f66ff9bb6271c42c18aa	0.4326599326599327	0.4499158249158249	0.460016835016835	0.36870495055301494	0.26683154478641535	0.31310375090702997	0.027356902356902302	0.01010101010101011	0.05560119964598498	-0.04627220612061461
256	20261067	0	6eee371a14e1c43b73246777503fb42461999587bf87ca764d349ea4a61bea1c	7cdf97980327b9463825a13ea85071a259f6a405ffd178625fb5b4704926faeb	0.5446127946127947	0.3783670033670034	0.37794612794612786	0.3261482914919563	0.2725688089704528	0.33240381261509383	-0.1666666666666668	-0.00042087542087554386	-0.006255521123137542	-0.059835003644641005
257	20261068	0	99d1acba2e58e304329ea2e0f478b0ac0d2cb24bfb6e12a8cb8c882a6b8827a9	8f6d52b02af0f9fc1315a7504817e8e277bd9119ca15d997ab44cc6bf6c591f5	0.6148989898989898	0.43939393939393945	0.4103535353535353	0.2811274790454168	0.26614536012061585	0.3794331358754038	-0.20454545454545453	-0.029040404040404144	-0.09830565682998699	-0.11328777575478793
258	20261069	0	dff8918b9cf231d1350ebfc35aa37c808ea01ad75acf1672ea5132e35bb40931	a64cea7afcd27e19a7c914431f87131bdf69ec997a70c02ec08fe66e3437624c	0.4343434343434344	0.5425084175084175	0.5635521885521885	0.33449060936888864	0.25179965181641667	0.2692101259679784	0.12920875420875405	0.021043771043770976	0.06528048340091025	-0.017410474151561717
259	20261070	0	be80dba08d3ace16809b08879d87cae31c2a0c0911ca4cf485089c4ffdf41c8f	bdfd14ef3123013bf00dae403d9e0ecca50d1b0ca87f0cd0f84097b762176e9f	0.5938552188552189	0.35606060606060613	0.49242424242424243	0.2702090635884061	0.28117610645120555	0.31502895108486206	-0.10143097643097643	0.1363636363636363	-0.04481988749645599	-0.03385284463365651
260	20261071	0	ef66881d2c5dfca9cc5ecea4b5c6f8330b4ecb4af204c4817f295f915a950da8	ba7d8a739754440615c34ec599b74fa3ce44fe4eccf58f9b6487f8dffbc5f4fa	0.48484848484848486	0.5281986531986531	0.6456228956228957	0.3428711168637235	0.2617992797139989	0.24385153554214223	0.1607744107744108	0.11742424242424254	0.09901958132158128	0.017947744171856683
261	20261072	0	05e557845d88646e558268a0920a14c5d00ec39d72e45908777d16f77bf82733	616f3c890aadae241bb041af4f16c26d24ffd24d32dccdcfc82f8ce5ff6e1b56	0.38047138047138046	0.4313973063973064	0.5042087542087542	0.39607505240897073	0.27662307946254217	0.3353958999718663	0.12373737373737376	0.07281144781144783	0.06067915243710442	-0.05877282050932414
262	20261073	0	457cd4b2784737f1cfae48c71755733ba385d190af3bc63a26df06cabc5c9239	fe532a7a6d0fdc7eb634835adeca04290a5a96b42d5c5c97043eede84688012c	0.5892255892255892	0.6022727272727272	0.6355218855218855	0.32649174189308816	0.2379572738217167	0.2411222737970328	0.04629629629629628	0.033249158249158306	0.08536946809605536	-0.0031649999753161073
263	20261074	0	2768766a5c33e8907f7759a0e6466dd29513388c1759be161c7b84615be623e3	dab02b5ae109204c6673cf4aa87236ba7aa199e562fb75980d14bd73c8de46e8	0.5963804713804713	0.41329966329966333	0.3577441077441077	0.28140386422380387	0.2793289379513155	0.3367832793749656	-0.23863636363636365	-0.055555555555555636	-0.05537941515116174	-0.05745434142365008
264	20261075	0	9a2ded19dfbb9a9092763f757cfa58853608f230044fd6ba915d881ba19af8fd	993cc826c7b255e6c2e6be0ef206ac0f7337384a8f19f7cd0bc477e304d9c2dd	0.4705387205387204	0.4351851851851852	0.40614478114478114	0.35416264487082866	0.26673195741738503	0.29308347926652023	-0.06439393939393928	-0.029040404040404033	0.06107916560430843	-0.026351521849135195
265	20261076	0	e0b1edf06744704e673f6b1aedd778795a65772eeec576aae3134115420005c0	6f9d8ddab7dcd060f418708870f0f33654e75bc130c6878a186764ab25bfa1b1	0.46506734006734013	0.44949494949494956	0.42003367003367004	0.35857282227329684	0.26400545401374215	0.31902646626512127	-0.04503367003367009	-0.02946127946127952	0.039546356008175576	-0.05502101225137912
266	20261077	0	a355938e5515e7521089e8d1552d7fef009524c2c86175c8bcd57f59cc8207e7	3d92ccbc41b89c7d7300038fef1e05b4dc1df8c2fae607c86a22500066c91285	0.4886363636363636	0.5340909090909091	0.41077441077441074	0.35751625488964384	0.2630008738588	0.3167172328235585	-0.07786195286195285	-0.12331649831649832	0.04079902206608532	-0.053716358964758515
267	20261078	0	4b628755c84c2e06e54c749eb27cbca1a970ac4a5a0ea99df0806d32a19f37e2	10a1b4307242993172771afdc3c600124f2edf1bb2caef0e18be8763c03e6a29	0.33501683501683505	0.4465488215488216	0.43139730639730645	0.4108626091851703	0.27549352240990005	0.298345555195455	0.0963804713804714	-0.015151515151515138	0.11251705398971529	-0.022852032785554977
268	20261079	0	2bcfa63982571e8a2042c3fcbc0e677ee87161a962e1cc2f5f43507bfa66bd0d	af1b7b98903b8ce4b10d25ccdf9e4e8d040a9a8e4ce8a206c849ae663c4a22db	0.5357744107744108	0.5593434343434343	0.49074074074074076	0.32895503444475166	0.2573059886114126	0.29909823648767264	-0.04503367003367004	-0.0686026936026935	0.029856797957079018	-0.04179224787626007
269	20261080	0	3d23c67a0e592b7acb03694ec259936c10daeaa39df0d8962dffd19b822a046d	e8b95227f4a10159dbe0f1d393b6fee6e172d45a431f8067c3fe022bb7fa48e5	0.4259259259259259	0.3627946127946127	0.3627946127946127	0.3615705070196659	0.2839413726166619	0.3124519425045678	-0.06313131313131315	0.0	0.049118564515098107	-0.0285105698879059
270	20261081	0	5ea6d9ed25d63de3c955ddd431b3a17cb0a44d7a37401815451cf8e32847d23d	a711f0cd852942fa1296573a6714a63a5f6898b831a529751029898ddcf8dc1f	0.5883838383838383	0.609006734006734	0.5113636363636364	0.2828627255106225	0.23980410436397862	0.2974828048032334	-0.07702020202020199	-0.09764309764309764	-0.014620079292610888	-0.0576787004392548
271	20261082	0	5f1c676f939a1e602e42171ed999ca68b4ede52135a71ec3583422a11863a3eb	e14912d90995e40eb720730659a0271107df02b1674b822d9705e304d1145860	0.547979797979798	0.6140572390572391	0.5281986531986532	0.28356409894669327	0.24223718568587238	0.27006419764757644	-0.019781144781144788	-0.08585858585858586	0.013499901299116823	-0.027827011961704062
272	20261083	0	2da05cce66fb7b9a9ffeaaa944eec30673416f01f0c97f3d0a1716f72c262da2	7c55b9e9d9d30997fb423489477e59cc486a8fb7880bc8d299882000ab3d4999	0.35479797979797983	0.3973063973063973	0.33080808080808083	0.38735033586916073	0.27725687991558334	0.3382195960972312	-0.023989898989899006	-0.06649831649831645	0.049130739771929555	-0.060962716181647836
273	20261084	0	055aee82c76075af3f075d3eacc6cf3baee4fdfa7c9e1c6f6020d80a804460cd	c31d1795f3b775ba70114e281ef0fb4a9bbfd5e48068b1de559a5a1d7a53ca51	0.5239898989898989	0.4078282828282828	0.4183501683501684	0.3304238446191255	0.26361920602012284	0.3048969075408843	-0.10563973063973048	0.010521885521885599	0.02552693707824122	-0.041277701520761434
274	20261085	0	0013a14307a477cc705374151135a0e661e1aae1bfb9008ecbf3b6f21dd00ba7	63b8cd3fa72d065a42c7032ab5a9dc56262c26f1e55e3ca3362b182695264c7a	0.5273569023569024	0.5547138047138048	0.3223905723905724	0.3213066272439707	0.2475550434161228	0.36026004525897054	-0.20496632996632996	-0.23232323232323243	-0.03895341801499985	-0.11270500184284774
275	20261086	0	5f3b16c1dbab74a8abbac99f9557eca3b7a3606aaa223b8b218ddab22719673d	0dc58283ca85dbb7aeda71589aefb13d52daf1b77c709ec0d81e7c1165af65d5	0.5707070707070707	0.5109427609427609	0.571127946127946	0.3068783075628234	0.26745904988398644	0.2822335672060252	0.0004208754208753218	0.06018518518518512	0.0246447403567982	-0.014774517322038772
276	20261087	0	b95c1d304ed3b39ea1127bb1c0067437916e0d5e4141dc09a0638664433bf6b0	df78caabed953d2ce6f0587cbfe0ddacf4b71fcadfd8a5ff5efb8648b00930db	0.489057239057239	0.4356060606060606	0.2542087542087542	0.35318425019494337	0.2718794750208122	0.4064769684414387	-0.2348484848484848	-0.1813973063973064	-0.05329271824649534	-0.1345974934206265
277	20261088	0	5e5328ceeefeb78e3fcd51afcb05bf2d5b63fe763307c2982f72ee550b226678	cbd67d3cdf6b42e13b545029a3c2e671616cb734ae968ea85e0ea8daaac0879b	0.45496632996632996	0.449915824915825	0.47474747474747475	0.3481826294934353	0.2707598942511495	0.30106063468916405	0.019781144781144788	0.02483164983164976	0.04712199480427126	-0.030300740438014562
278	20261089	0	26e12658857e66407fd313858271652bd4331a1806b2cd70ad65efa8f2a4fa83	74732727a035fa6912a04cee46a9786a208eee008cd4a7f6aa34dc627f3ed3b9	0.5883838383838383	0.39941077441077444	0.5109427609427609	0.2891707903995618	0.29533045152626214	0.30571000404870036	-0.07744107744107742	0.11153198653198648	-0.016539213649138573	-0.010379552522438218
279	20261090	0	20b69b22c3af971331bc34225ad4902ae201d4cf4400e48d39196d7746486445	60fb225e3b66c507125497e071dfd31acf77970a48eeb6695ba158a1327a7aa9	0.40151515151515155	0.4713804713804714	0.438973063973064	0.42798874653743074	0.26354397040963856	0.34979693958869157	0.03745791245791247	-0.032407407407407385	0.07819180694873917	-0.08625296917905301
280	20261091	0	052b055fbd2f78bcd78ee583d2939d6d19c94b3656028e5c75837b6c53dac08a	6cdeff3937252a8f478706df8a6db41ef536cb3f3069624fef44b3bd6cf45b25	0.48947811447811446	0.48695286195286197	0.4448653198653199	0.30451390312136084	0.268180286124222	0.30819473927318924	-0.04461279461279455	-0.04208754208754206	-0.003680836151828404	-0.04001445314896723
281	20261092	0	faf45ea234d1ada752dba5ec8fb5c06f04c18e7d0773278132d28a285bd8f226	ece671154e6290c1e7ce6bb3ab8e99b3c4557c375988a54b06e4be2ead6caf19	0.32196969696969696	0.35521885521885527	0.5113636363636364	0.46854216297803336	0.29823439517254596	0.3090555465769786	0.1893939393939394	0.1561447811447811	0.15948661640105477	-0.010821151404432627
282	20261093	0	49fe4632ee1e6072de6b6428415550238984c5ab9573ceba69a85f1adf7dc575	e082f9dcb085906e550ef05088211eb251718ca4dbb654bc92fa063ab890e297	0.5084175084175083	0.47348484848484845	0.6186868686868686	0.3334502420641028	0.2758271602012954	0.26193149767761287	0.1102693602693603	0.14520202020202017	0.07151874438648992	0.013895662523682517
283	20261094	0	459e6434ef2ab1dec42f897698d2acd19ff1b6e8668a4dbb12dec15e005f4fba	17aed9e9f35cd336717d0865e53a2cb73b7973593a4349ede4396e7b84e4fb81	0.4570707070707071	0.390993265993266	0.3531144781144781	0.33492100947418146	0.276983313090084	0.33602736856407783	-0.10395622895622902	-0.0378787878787879	-0.0011063590898963693	-0.05904405547399383
284	20261095	0	c205b98e23e3b21c96776a5f22f3ab27d1706b00ba49932fae9e3b60241472f6	179cdd50c3dd7de70ca9a3c44b8daf1386e6d98e12183ba5f8a7c2afc08ff4e1	0.4835858585858586	0.46085858585858586	0.45622895622895615	0.3510846973230348	0.26423087711009347	0.3177775537123744	-0.02735690235690247	-0.004629629629629706	0.033307143610660395	-0.05354667660228096
285	20261096	0	b15ddcb01aff7f10f21512cabaee4b7f3640a59ce859bdb7d5b08510807d50fd	a9b53b50c0d81af8ff2692b9ab038a0dc502700c8ad1d0defab3497087202846	0.3994107744107744	0.4448653198653199	0.4701178451178451	0.42067578334302036	0.2777962114644339	0.3204862804603079	0.07070707070707072	0.025252525252525193	0.10018950288271244	-0.04269006899587402
286	20261097	0	663fffccca1315ca676fe5cba66bc0ab0734f2cf1c9bb0659b66d3cdf9e1bfac	099e1f1b2d678847378626ee179b41f08cda653cec10667dca496811533fe6b7	0.35395622895622897	0.35479797979797983	0.46127946127946123	0.3714105273722553	0.27972642415014476	0.309426506804957	0.10732323232323226	0.1064814814814814	0.06198402056729829	-0.02970008265481222
287	20261098	0	9b6b5913ae28a315a0129c5939813ffb4d246b18c1aba932d48616e49fba6654	dedf6446daa604b144cab6904a6f9aa718f0e66a4e1c41c3acc04ac31f9eb748	0.47685185185185186	0.5677609427609428	0.5075757575757576	0.34826619066437253	0.2514443261486404	0.30815926039342517	0.03072390572390571	-0.06018518518518523	0.04010693027094736	-0.0567149342447848
288	20261099	0	a62146f67ec68c044f4ed3d443158eeb16b0fc1b8010c877a8c67d5e187d0ab8	e557434de535fba6a65c5dd82add6ff6f831390cb40fdaf624bde268020b465d	0.555976430976431	0.5180976430976432	0.49579124579124584	0.2890559950901992	0.24656651390180342	0.3124272592484956	-0.060185185185185175	-0.02230639730639733	-0.023371264158296434	-0.0658607453466922
289	20261100	0	ac1b766201d3ecab06e32812c1d41a9cbc7080a67329f0c0946a794d1d6bbf34	ea10ca1c85f2efd373b6efde61268c5bb65a1cd0c0197434dc18284d1a1f65a5	0.4823232323232323	0.5568181818181818	0.5214646464646465	0.34962490419974473	0.2531984520871362	0.2823692268123211	0.0391414141414142	-0.03535353535353525	0.06725567738742366	-0.029170774725184867
290	20261101	0	26c6c697659d4d7e6fc013ef37407eb82bdf4d3b74d8073b38ce7beb0e68a40e	23e2326b059107643258e73854ba98121c85cce7d947f80eed9d71a1ed47350b	0.4436026936026936	0.5589225589225589	0.5787037037037038	0.33795380729135266	0.2355571472667096	0.2843475553999191	0.13510101010101022	0.0197811447811449	0.05360625189143353	-0.048790408133209534
291	20261102	0	6cda0a6faa7467f8d79c3d5591fa20e8e88b90e3ca32f760771ecae2a2b4a081	d11ff7cd9ae5b3676cb2c73b32fccf80bac96b4afc784f7c9f754ac3cb09b85b	0.5159932659932659	0.5227272727272727	0.41624579124579125	0.3510514769053969	0.2496135017358394	0.31243393776059647	-0.09974747474747464	-0.10648148148148145	0.03861753914480043	-0.06282043602475706
292	20261103	0	63397bf148e2353764687f8daeef60bd4f67401b4e66980e64f2137dd7a4963b	ceb9af1464f336a828e03b055516d5a3152b8da68ca286197538e7a1467be89b	0.547979797979798	0.531144781144781	0.561026936026936	0.30630016039638036	0.258370712940943	0.2682474212021263	0.013047138047137974	0.029882154882154954	0.03805273919425406	-0.009876708261183309
293	20261104	0	37507d347cf3a6cd011bfe47d919a725e314e445bcd2b86f46c86b494ed371d6	5dd8a8f8bd42c79d7f19c0d0addf6d9b541c8043fc581fbd4f9739e049f943b2	0.5824915824915825	0.49242424242424243	0.632996632996633	0.31939148180882443	0.261781035180014	0.24699466857304117	0.0505050505050505	0.14057239057239057	0.07239681323578326	0.014786366606972828
294	20261105	0	77b69705356a0ff74315645d338a0026e148eda388a2008f3f4f7cef50ce687b	85f5a1dda6dba4159c8ea08b29e557a7c6143ca5b4a446f3cbab52e0447dbe7e	0.4696969696969697	0.5707070707070706	0.5336700336700337	0.3376857822639379	0.2500003484421601	0.2848541584892885	0.06397306397306401	-0.03703703703703687	0.052831623774649394	-0.0348538100471284
295	20261106	0	5c83c1af2f200a24f8cc90e36381151aaf840ccbc82a1117d01691c81c86e6f2	85a4dcbb25ec65a36bf5d147303b5b961699cb985cf6785ac9a92de472e97e79	0.47011784511784516	0.4170875420875421	0.4873737373737374	0.35625676933899647	0.274408377825332	0.32689023204641515	0.017255892255892247	0.07028619528619529	0.02936653729258132	-0.052481854221083146
296	20261107	0	2de3038d7e3d780dbbb57d2bfb1628bbf8653b1f0943b20592a1b5dfd6b74ca4	22a32c4461c601bc5b7872fa7f644cde98d1ee3825eb3350898f31938af00dae	0.579124579124579	0.5568181818181818	0.5273569023569024	0.3011410692299222	0.2541555183534496	0.27420632649056514	-0.051767676767676685	-0.02946127946127941	0.02693474273935703	-0.020050808137115517
297	20261108	0	3b6805e6265f4bb74c4adc2d7773040f5d4518a93c9655f78f2af47ca0a9e889	8e034c83985c8ed7a8bce62512fc5088e85ca3f3d570028cb020e34fef064098	0.5281986531986532	0.5782828282828284	0.5345117845117845	0.32022446600938087	0.24190379122054226	0.28841806709983714	0.0063131313131312705	-0.043771043771043905	0.03180639890954373	-0.04651427587929488
298	20261109	0	3aea8890c0fc47e93a8d289d87eb8e13320cbd80a96e3eb38b9de9123ab1d027	07363c984356eb0942d4d47f3d2837d4e8c3c9c896fc99de012a86a979eaf62a	0.5677609427609428	0.5353535353535355	0.47011784511784516	0.2919990582842043	0.2612443107067887	0.2930658849920701	-0.09764309764309764	-0.06523569023569031	-0.0010668267078657867	-0.03182157428528137
299	20261110	0	335ef6929de12f896aed2f9fa49e7f36c8f5b0094dcccc3360b8fbe402ab9219	68923ef2ddd4c407c444fed2ffe723737fa31c166e5dc84d01f9200e9c0634c9	0.5012626262626263	0.5252525252525252	0.5143097643097643	0.34512978236234204	0.25136078965291314	0.2884841253771438	0.013047138047137974	-0.01094276094276092	0.056645656985198245	-0.037123335724230655
300	20261111	0	54c5173f3a6370beaf1051dd7b8f94b8232d660239afe046462e0c9e8c307ae4	3dbef41946d2a7cc4c5d9ef308e93914deb92e7ff8340ba1b8c523c9f0a65b81	0.5046296296296297	0.4183501683501684	0.4696969696969697	0.31085988178900037	0.26629839850303133	0.31924022460410834	-0.034932659932659926	0.05134680134680131	-0.008380342815107966	-0.052941826101077005
301	20261112	0	9a7351d69a6f6bdf9927a836f237d7aa24c62c9019c205b4eb0b5c017e8df9b4	9de7521b622a53d4f5cf2de4194cc8581bc5e150015ef1c69f2415393f270715	0.38846801346801346	0.3156565656565657	0.4886363636363636	0.38681299334317054	0.28060379826667514	0.303431280858257	0.10016835016835013	0.1729797979797979	0.08338171248491355	-0.02282748259158185
302	20261113	0	7de0fea62e25a31175764ae9e5b190f47a29741ec3b2d830a550cacbba0542c8	da1c36d2dc5299c2a90afcb86949cab0163049192ff85c810d71dc330b6339ab	0.531986531986532	0.4444444444444444	0.5092592592592592	0.30098155235076735	0.27839064027032673	0.3130990520271632	-0.022727272727272818	0.06481481481481477	-0.01211749967639586	-0.03470841175683648
303	20261114	0	ab2f425c6f8b82ec5ced9e1b93164aed2a12e560b2ba69134928ac232b31fe84	42b4f864aea650a148f0413467ed330e103acb7cb69a8ca06cee033223e4f4cb	0.5046296296296297	0.5231481481481483	0.4511784511784512	0.31780886940386116	0.2667008454168353	0.3087388468991799	-0.05345117845117847	-0.07196969696969707	0.009070022504681252	-0.0420380014823446
304	20261115	0	01b76d88c3adc7031e39775a8b5ea1f38dbf7c6d3d4a6a1830e7a693410a38a1	51c1ddcd7500fdad5750f265c7fc10627b82675e9ae81a6ef6575293bedb5e19	0.5559764309764309	0.46422558922558926	0.5404040404040403	0.2996628712584504	0.2502718976553581	0.28112358070861165	-0.015572390572390571	0.07617845117845107	0.01853929054983877	-0.03085168305325353
305	20261116	0	7055634a89a912c19f0605c46ab03d4124dd3e75c6a129974671ab0926ecda70	8d6a11e90e1add6aa6312ad7c6e731fd77beacfb7e56c1fa84e3f5f628df19a8	0.45496632996632996	0.452020202020202	0.39267676767676774	0.36310824985171947	0.2607188281541364	0.35432963537475554	-0.06228956228956223	-0.059343434343434254	0.00877861447696393	-0.09361080722061915
306	20261117	0	3ae2fc60653ed86e4d67eff9a0849b432ac61248335d6c0f1b9be693503d49e3	92ac4ebfba5f947de46df71e98082f01651ab6cc2b022d8b899a11fec6cb7c25	0.41119528619528617	0.41077441077441074	0.4537037037037037	0.3825364276681082	0.2673997366654078	0.33116738441826193	0.04250841750841755	0.042929292929292984	0.05136904324984626	-0.06376764775285415
307	20261118	0	6c8d94753c14ac4921308b9ef5ec7cc2976831c8e9c197063042bf1145710130	7d0a28b067c42ddc1a8cf685bed3077620edcd10ed158a80c12a386613556b33	0.4457070707070708	0.3863636363636364	0.5122053872053872	0.3661603058806588	0.287706220275334	0.2952613656948345	0.06649831649831645	0.1258417508417508	0.07089894018582427	-0.007555145419500531
308	20261119	0	8f18d7ce6470811fac905c8ff237d5711cb8351b2a626d7040469cfb05141958	6e6826ab94c607999f29e60919d08e254376c611cc980693e09d7516f0542526	0.6329966329966331	0.4385521885521886	0.601010101010101	0.27698491676369036	0.2815816153466029	0.27983048080459794	-0.03198653198653212	0.1624579124579124	-0.0028455640409075778	0.001751134542004984
309	20261120	0	87470de07ab5868fb2c525e132eba3c1b6c3dfb5319811cab61ea4b73cb36818	7789da417c434e4983b1e2d392e9f7d68d9ae2ed9cdf32afc92f80f75fbc93be	0.54503367003367	0.5509259259259259	0.4246632996632997	0.34770772583853765	0.24843583307418485	0.341623625354954	-0.1203703703703703	-0.12626262626262624	0.006084100483583654	-0.09318779228076915
310	20261121	0	802f3602ba6b6aa65dcd14932870821ab03a95238d4711ce2184155b7da479d0	51bc7da8b18fd797c614d4f3fb6f0b01fca6838a712b4280e6d68ef6dbde191b	0.5740740740740741	0.5812289562289562	0.5248316498316498	0.287850578136738	0.24999845970107124	0.2671406369538644	-0.04924242424242431	-0.056397306397306446	0.02070994118287356	-0.017142177252793184
311	20261122	0	6843fd872a6158d05d3d3f5f349adce4a563b32f268b2fc66cc3d6ccc86115fe	7ec0319736f15c8e00f16882c5dec30093e3883afe503ad35f8e8e2d0c726918	0.6216329966329966	0.476010101010101	0.5206228956228957	0.26692406817106323	0.25989056855000614	0.29392001921057487	-0.101010101010101	0.04461279461279466	-0.026995951039511634	-0.03402945066056873
312	20261123	0	f7e7685a35fd738993d18d2e8a63764a2acb6ead7678d1948cdbf98441156294	806b210fe4161e909c05ba85f93ca83dd73fdde3a136e715eb77a706d424174f	0.39183501683501687	0.41077441077441085	0.4941077441077441	0.39818481031723874	0.2589910877199011	0.3065292557298746	0.10227272727272724	0.08333333333333326	0.09165555458736413	-0.047538168009973514
313	20261124	0	3b35439342959e3e47fbd1ab389876058dfcdf9b98772c3419ad5efb3b6d4014	f7449505292f8f649ad2a30870dd18fc454ca6bdf03b4bc801aa2b732eb071db	0.39478114478114473	0.36153198653198654	0.42003367003367004	0.40630978916118665	0.27459171028609203	0.31874611195745534	0.025252525252525304	0.0585016835016835	0.08756367720373132	-0.04415440167136331
314	20261125	0	70fb9d3df1a5879b3e15f246fc3bc368601e49cfd18983a9c39c37472c757655	1447b8126904d898bc18b0f737ca8db1d1e5a6d77846ef950eddbf2ca81a9c66	0.6001683501683501	0.611111111111111	0.5639730639730639	0.2959818848294003	0.24363669944309407	0.2711414158484471	-0.036195286195286225	-0.047138047138047146	0.024840468980953212	-0.027504716405353014
315	20261126	0	479b13d187f2f42996562c3d7e8c119f5bc754c0cdd56bf0d8676da1df97adef	0bc5f152a3ba52a7ac7fd14a78e44f263e746f2dff0eb84ab4651245b4281d1a	0.46296296296296297	0.5656565656565656	0.5437710437710438	0.3723152944732786	0.2517034926160055	0.2747236786318263	0.08080808080808083	-0.02188552188552184	0.09759161584145232	-0.023020186015820787
316	20261127	0	af41926d4009001a46a52843d36facf3b22f22c0aeb46c9dcabf82c160a06970	b9801de776b98bd1f96285b4c6e1d7709339bf0b5e6d5d852e164d96ad636fe0	0.4793771043771044	0.3808922558922559	0.4490740740740741	0.3239226763182758	0.2683274406743436	0.3185833193528104	-0.030303030303030276	0.06818181818181823	0.005339356965465392	-0.050255878678466814
317	20261128	0	ff8e85cfd59f55daad9bd5afdbf37b6fca11d1b21d57cbcefff06dada4a193c5	a3d6f4e7e94dbe4b2615f73399e4fe47c8ecd37cec0f9d04d1a8000721b22378	0.4608585858585859	0.4898989898989899	0.4372895622895623	0.3463670687974583	0.2706174724024247	0.3319647693801933	-0.02356902356902363	-0.052609427609427606	0.014402299417265008	-0.06134729697776864
318	20261129	0	63b529fa1b4d6bac2353ec682f277f4755949536536e8150989b3a8f9c1ef610	7752bed9b2643d1151c85f5eef78ee978966199d888cbfe99a78d85d7a845b60	0.35732323232323226	0.3661616161616162	0.4339225589225589	0.40107031907103535	0.2862722355950574	0.32322193561074525	0.07659932659932661	0.06776094276094269	0.0778483834602901	-0.03694970001568787
319	20261130	0	76fe9445ccddaa7cbab5188f2dffdb3a5bb4dcbcd1f5c42fcc498489a74b4b9a	6888c573f8f672ee9b2834705244ac42a3cedfdf782629905b3c32b6f35334b1	0.38720538720538716	0.48021885521885527	0.47895622895622897	0.36648253497217537	0.28033462547139526	0.28290789281405876	0.0917508417508418	-0.0012626262626262985	0.08357464215811661	-0.002573267342663499
320	20261131	0	4591f234e371a452382e14759a91be1ac12a7dffb929794d4b4d2de9d12a2d4a	9d52b99ae3b56d1fefe37d2d3970f8f4463fa53155095a1fed099c0994a63ee3	0.5820707070707071	0.5867003367003366	0.5155723905723906	0.2926329608054107	0.24885920045826357	0.28542039451623014	-0.0664983164983165	-0.07112794612794604	0.007212566289180544	-0.03656119405796657
321	20261132	0	b92d178f92abd2b77ff0af13d657f61e7adbb8787be94f8fe2ed01aa97834f70	906ebd965b75419815fe49df389937e864d52fb59f5b9a79a0d943ec3eaee3af	0.5664983164983165	0.4511784511784513	0.48695286195286197	0.2846918766112369	0.27834840504794206	0.3046429702109373	-0.07954545454545453	0.03577441077441068	-0.019951093599700376	-0.02629456516299522
322	20261133	0	1234330b848ab54287abc96232df590f6a47a9a8349e78f615091c1401e73274	27ba848c7513ce0e602df44e6c24c0593db67aea333e692f2224fefebb284206	0.49621212121212127	0.47011784511784516	0.5454545454545455	0.337894906493528	0.269097540139874	0.30626821910246704	0.049242424242424254	0.07533670033670037	0.03162668739106095	-0.03717067896259302
323	20261134	0	98ec875c64a5a127ad925409772c22490c14554a193779c768d8001e7da1370d	6a18493423fc8530a39462784b6200ec53ef585483d092a8babdde71b695e380	0.3653198653198653	0.33459595959595956	0.4145622895622896	0.4050399824752415	0.28284091319871524	0.3277001256100725	0.049242424242424254	0.07996632996633002	0.07733985686516898	-0.04485921241135726
324	20261135	0	3130d399db1ebcaf0d3e9755714887225f8fd00504b9b92393c0978086cd8d68	6ac92c2132db3a5d9156d2af39cc841df1c4f2b7e9235767243d278abe80ac14	0.44402356902356904	0.3303872053872054	0.5269360269360269	0.39587832426261366	0.2882388939533627	0.2935257028017721	0.08291245791245788	0.19654882154882153	0.10235262146084156	-0.0052868088484093745
325	20261136	0	1db8665cc9df0d4ffcd79a58b18ac172702715db0f2c11c6f6dacae8b06f6d3e	de8929f02f121c73a65258acf4ff37c2bca40a10cc638a6166ba358a059a8364	0.47727272727272724	0.46590909090909083	0.41077441077441085	0.34542747630810844	0.2689879993557008	0.3096433960482666	-0.06649831649831639	-0.05513468013467998	0.035784080259841866	-0.04065539669256579
326	20261137	0	509b3812e61094d34b1fd8c0078e96a23033602bdc1b3f42a633e208ec76e152	61600626c583475264b85010959991f6014a6458a0e82d0e88ab2cf461cf2589	0.5084175084175083	0.5168350168350169	0.6489898989898989	0.35842030213792886	0.2660156286234588	0.2582637053913906	0.14057239057239057	0.13215488215488203	0.10015659674653826	0.007751923232068192
327	20261138	0	0ec7d13eb5627b7b812657a9dfe06a4ed606b0f615031a458a992d42f7d39e9b	e0edccc90b82e80c863b8f1ebc85c400f89308616dfc370a88e14803b45be8bd	0.5412457912457913	0.37205387205387214	0.4911616161616162	0.328118339480618	0.27332417297155387	0.3184156914171597	-0.05008417508417512	0.11910774410774405	0.00970264806345833	-0.04509151844560583
328	20261139	0	b7f5277e31f45bb4a45cf13f05cc982463decf7068b92e324fa81b39a1e05951	ed9a01d100be10850f1568226117b60fee1dea4a428cf5ef7e86109701502eab	0.4856902356902357	0.5324074074074074	0.5252525252525252	0.3644992919280021	0.2530328582139205	0.29190920546053184	0.039562289562289465	-0.007154882154882247	0.07259008646747028	-0.03887634724661132
329	20261140	0	c7a5fe33f806a487d85f98c56860e6bb41403c19ba62f284d93c411b0b2072f1	05c2c30f1962d65ddf93c68e3180d34708a86b4ea631c2dfdca7213c3cc77cbd	0.39772727272727276	0.4793771043771044	0.5096801346801346	0.39513658873989393	0.263354196118539	0.2813150551989529	0.11195286195286186	0.03030303030303022	0.11382153354094104	-0.017960859080413893
330	20261141	0	0d497f5646f7c34667c90aff42ac62cf43f33f0f21ed663ff478590405ff7085	35156bc31d0e1cd05677eecb4bea36768ea161f0b6cbf3683eef776e8f04fe2a	0.5446127946127947	0.3893097643097643	0.41750841750841755	0.30613209976660766	0.29057589194566874	0.324023160339362	-0.1271043771043771	0.02819865319865328	-0.017891060572754358	-0.033447268393693275
331	20261142	0	97f60b84ddd021d2e689a3173d7966254088ca5a160395b77c2c9b0bf27a84db	56b41560ed61718cd6fec68b1bd236322939dc78d0912a2e50799743d286e47d	0.476010101010101	0.4633838383838384	0.35185185185185186	0.32884595521609805	0.2723231206595591	0.3404356473367296	-0.12415824915824913	-0.11153198653198654	-0.011589692120631545	-0.06811252667717049
332	20261143	0	0fb98906b7953f3832968cc6d9f670a3de1e1f91f665865a9606d36a7b921078	020c51cfe910b0ed4c39ffb13c6c87dd765fdc9a6b11e216654a9f7e01eace70	0.5164141414141414	0.49284511784511786	0.4806397306397307	0.3594153889385667	0.26264284768404966	0.2837337603610281	-0.035774410774410736	-0.012205387205387164	0.07568162857753863	-0.021090912676978435
333	20261144	0	f0fce4c50a9812ced1cf6b4a6e3dc16eaf431790951f857de868b2e16735157e	575c759c3ddc6ad1c7f13b87862ea0134ce08ecf9fdcb6cbb511d367c074921a	0.3421717171717171	0.4364478114478115	0.40993265993265987	0.4426526780449224	0.265406182036757	0.3382597198273802	0.06776094276094274	-0.026515151515151603	0.10439295821754224	-0.0728535377906232
334	20261145	0	f60a76bbf0b9a85ccf6a1ae0970c579d7469a09ecdc151f49324b3402d62b012	007707e9a4d5adc2a21503ad1f4340aa6bee3beef2f6731f9737682bf4978a58	0.4713804713804714	0.492003367003367	0.46085858585858586	0.32419947562977547	0.25536075497550687	0.2841159982425522	-0.010521885521885543	-0.031144781144781142	0.04008347738722329	-0.028755243267045316
335	20261146	0	778a2a49e8643d730f81ecf340486df3b48865fc74eb274a84564f4da6e07c60	15257a0df86a80f819ced6579f865818032540818aab181f05e6420f5d9862ac	0.5664983164983165	0.5366161616161617	0.5441919191919192	0.3013597251786535	0.26885071797046994	0.2802784904531625	-0.022306397306397274	0.007575757575757569	0.021081234725491005	-0.011427772482692555
336	20261147	0	b4e513e752ece16f78f087d6c33eff68faf889bbaa25cddeb5c63cfb70a334cd	026715aaebef378a8eeb6b3eb0a324e5ccf1e82db87fe29d233535e8d1926c8c	0.5437710437710438	0.5875420875420875	0.6380471380471381	0.3178611949917645	0.2543656766051413	0.2570085369256731	0.09427609427609429	0.05050505050505061	0.060852658066091414	-0.0026428603205317924
337	20261148	0	3d7568c575a4a608834e5a1015cebc9b246353a1b54dc709bccb7d61d49fb79f	125dce5e2c69754d6617ec7dd175a7f597199bc56b4daafde501ba902e6be248	0.44654882154882153	0.2946127946127946	0.30050505050505055	0.3536535588678132	0.2950442960832917	0.35129071326661404	-0.14604377104377098	0.005892255892255949	0.0023628456011991483	-0.05624641718332235
338	20261149	0	76ce78f21125bd315a2c2f15ba08739ccdad6a29613e610df88299b3002d6171	6605a12d8083464cdf9cb3abcc590bae8d104ca39f60cfc17cc32f9049a192f0	0.4696969696969697	0.5033670033670034	0.42003367003367	0.3424132040939092	0.2612667161516431	0.30132467257707946	-0.04966329966329974	-0.08333333333333337	0.04108853151682973	-0.04005795642543636
339	20261150	0	f99b44a6e14482dce10da7125507c0fbfb5a6f8a1c6cf0033681d08208b8cbc4	6cbb42d036012e5d55fc921c2d533d7ccc5b35d2763e166a08098b05d2ed7e75	0.3901515151515152	0.5214646464646465	0.3345959595959596	0.38013464238565625	0.2503888121605231	0.3507785416221339	-0.05555555555555558	-0.1868686868686869	0.029356100763522353	-0.10038972946161079
340	20261151	0	32ffae2850961c28fe11de578cb689c791433c00e52cda486ad8ed33e6a75965	d2101fe9b7f61580a1b98ac339383593f15fad99b26fe6246d7a6424b2f517b9	0.4566498316498317	0.4966329966329966	0.6111111111111112	0.3388321642269753	0.26310180222692986	0.2652556933309373	0.15446127946127947	0.11447811447811457	0.07357647089603803	-0.0021538911040074327
341	20261152	0	7057a3e582be78d5a80f67eb87ab59fe91d0034e497aab609586888f7574f370	6d2310f338188267099f58900924d912ae95b599fdb72a1b46f2c9989720f605	0.5951178451178452	0.5593434343434344	0.4183501683501684	0.3000261079348007	0.24739657484202113	0.3387452995983966	-0.17676767676767674	-0.14099326599326595	-0.03871919166359589	-0.09134872475637548
342	20261153	0	ba104143307fc317f21e24e7636d5951caf3cc640ec590e30f040571aef7e324	3f5749d919a486c72bbd336bc66f9a78f1f9816b360b93b8220c629b5516a609	0.5997474747474748	0.6300505050505051	0.577020202020202	0.26786959864869403	0.23815787375700334	0.27253213758960965	-0.022727272727272818	-0.053030303030303094	-0.004662538940915617	-0.034374263832606305
343	20261154	0	0a3c49260740527bc4045555838ed764618a41eeb11aad6d370505e28e38146b	6d855b9d65d126ed8029221bfe09365932c57070c888a6b1a7bd1fa22a69bd3a	0.3985690235690235	0.49452861952861954	0.36447811447811446	0.3987510121055564	0.26861808986763425	0.3580491875803471	-0.03409090909090906	-0.13005050505050508	0.04070182452520932	-0.08943109771271285
344	20261155	0	73077df0a510fc48a633d9a8ef4205ae28eea623088d3cf27ad2aeb6a18a695a	8c6cb06a109120ce343bc8ecef3f8b05662bd3c0d29008a33c77c10ef9b73bb8	0.32912457912457915	0.3320707070707071	0.343013468013468	0.4942001359026464	0.29986290261255727	0.3673008992587972	0.01388888888888884	0.010942760942760865	0.12689923664384917	-0.06743799664623995
345	20261156	0	34712e6db2d86cca3eaa7c166f1f68b6d0bec2864b3f0f48d7ccbca8d1c09c8b	e1a1e2a6b8f60d0762119ed033eaa67e37aa7d19aa2b71a4180a313f81a46b05	0.5803872053872055	0.486952861952862	0.43139730639730645	0.28405898763477205	0.26740515527990216	0.3260408351245779	-0.148989898989899	-0.05555555555555558	-0.041981847489805824	-0.058635679844675714
346	20261157	0	42533ae38b22b141de4ac48bb2dee39d48ce0fa5f1ed710db761d50550bbe52a	82e454ed78d227b57f1823b8756a45f22fa6a39828598f2632e39a7f7928e8b3	0.6035353535353535	0.5858585858585859	0.5913299663299664	0.30686397882449673	0.24222567480373472	0.2567774793293056	-0.012205387205387108	0.005471380471380516	0.05008649949519112	-0.014551804525570894
347	20261158	0	b1c7bd05fd2685e7ccd2f589f9ecbe5111099d499ae409c6c90e66dbd4782a23	2fc5332b9a4ec45281c7e9d81b8aaa8839440b915d7a4975fcc9a3d1dbe28fbd	0.5989057239057239	0.4978956228956229	0.5033670033670034	0.2971027686709136	0.2578684835696698	0.2862207158066056	-0.09553872053872059	0.00547138047138046	0.010882052864308045	-0.02835223223693578
348	20261159	0	3977fab862cab2a5d0bc94c51ce6780b4822f00ef04f13ab66a43b5cff68a28f	58103197b4e2e6736383a4ff21dccc8f930966848ddd64df8ceccc0546935472	0.5433501683501684	0.4537037037037037	0.5332491582491582	0.30533760901090073	0.27543130939674065	0.28772416404403084	-0.010101010101010166	0.07954545454545447	0.017613444966869896	-0.012292854647290186
349	20261160	0	8f3f83fd2e7794c4700df9dffae1a10c15d4dc25bdb7b68b1d24ad9f42934dba	ce6d81e435ee5927e78ae7db34eab38dc5cc8e2f999b8f38e0fca767e9b752b0	0.44949494949494956	0.5004208754208754	0.4692760942760943	0.34888828976862624	0.2563707142804443	0.30143898643011374	0.019781144781144733	-0.031144781144781142	0.047449303338512494	-0.045068272149669464
350	20261161	0	ce513dd5a316dd562530da1ed74048318daa3f6e17e1156bf86d7c8e6282a895	7e69984f56bb72e3c1405c4f68611e3b0bcd43583ee60f4088e03a839c0fe60f	0.4292929292929293	0.4377104377104377	0.5084175084175084	0.3871455508300811	0.2685703035486555	0.32619710800383644	0.07912457912457915	0.07070707070707072	0.060948442826244675	-0.057626804455180924
351	20261162	0	78431230c85f7536fd7762f4d4690136e2b6d761aa9064dc10a7c71ad9ccdfda	9d693dfe93f7097e780d1d1559b69be3b52f91be8c9ebdf0159318844e0507ed	0.46380471380471383	0.5462962962962963	0.4739057239057239	0.36352986269206083	0.24174185533119788	0.31170251805088145	0.010101010101010055	-0.0723905723905724	0.051827344641179385	-0.06996066271968357
352	20261163	0	8a1f7179dc0c2f1c402665c4bb251ce36ee6051418107abc768d4451cd1a1d9e	c5543ff3384169e2ab0797263048f882ec923e72a8ba8f8e3963506692b95fff	0.46380471380471383	0.44528619528619523	0.49789562289562284	0.37527818795420004	0.2740267709168727	0.28727290008857564	0.034090909090909005	0.052609427609427606	0.0880052878656244	-0.013246129171702925
353	20261164	0	a8392614d11ef4a1751a593166c7879c3544c8852e31057868cf8f82e20258c0	45de56d75994af855982f2e267b499c6c495f09cfbb07db6368280907ef690d7	0.5993265993265994	0.7003367003367004	0.6047979797979798	0.28892054087603425	0.2251732065211418	0.26164519609361386	0.005471380471380405	-0.09553872053872059	0.027275344782420385	-0.03647198957247205
354	20261165	0	dcabd506a4db18c5e8b6eedd9c90bf5148afeae4e3d4ba8600c0b62d32370241	8ba10f650a2971ee5e3d4f499190a34e055ad419dbf1751b5f77c5847735934c	0.5277777777777778	0.40824915824915825	0.4351851851851853	0.331268864500831	0.29054871452434977	0.3339734858724414	-0.0925925925925925	0.026936026936027035	-0.0027046213716104273	-0.04342477134809164
355	20261166	0	ea4a5423316674454ecdb3596c406d639da6479364b144f5f4283da88acfda09	da8d31c3fd896f0370574e7b308091a104211a3436722b06c48e0d3c29cb8ca1	0.6805555555555557	0.6460437710437711	0.7171717171717171	0.23532306698808228	0.23381319883585902	0.22159889421387505	0.036616161616161436	0.07112794612794604	0.013724172774207233	0.012214304621983973
356	20261167	0	c39888c11dc2b2f314b626bd7b6c5d9f91ad7823140b146c5a1b572797c7f320	f8a4fe1658899cb7ddd3610d1cceaeae62d0a3435ac969dbfe388abf7107565b	0.31313131313131315	0.35058922558922556	0.26936026936026936	0.4735868312471789	0.28107457803578545	0.3761632877146697	-0.043771043771043794	-0.0812289562289562	0.09742354353250915	-0.09508870967888428
357	20261168	0	b3a056d7ecd8e0d1e3a4dd6f854fa33e174b081cf58e5045cccc36715d3e155c	bc9da6f2dc4dcd7ad19614f7945071e67c09244022d17c51503f5d87edadf8a7	0.3968855218855219	0.3164983164983165	0.38215488215488214	0.4149617717112464	0.28663100816528275	0.35569151827387085	-0.01473063973063976	0.06565656565656564	0.05927025343737552	-0.0690605101085881
358	20261169	0	61044683fd050221d1c8b969ef95132763863084e2bbfa3e67f1208b1135ab8d	04df2d5715fa1a85206f77e35d22d7b14b99bd5a12861e144ef62feea089e5c7	0.3888888888888889	0.3354377104377104	0.29250841750841755	0.3848237750615109	0.2830256571506539	0.387951813720274	-0.09638047138047134	-0.04292929292929287	-0.0031280386587630993	-0.10492615656962007
359	20261170	0	99a6cdb8adcb341f942c1c5e806cdcf78bd5e12780876f9ff584eb20296b4dd7	bb4b7ba6e4af248c5a3f65b48a26064d1590139d98c41498edf4b58c0d84d709	0.47895622895622897	0.4764309764309765	0.40993265993265987	0.3439614285726014	0.26307254640196714	0.32952163478650637	-0.0690235690235691	-0.06649831649831661	0.014439793786095056	-0.06644908838453922
360	20261171	0	e2b5a3a3fa3c73067ee6ccbaea06fabfa098eb202b668345b82e2c77fd9a4a20	cc6546b7dc730f446b9ce829489838fbdc6bdb7b5f2c0d1890cb1de800cc5c08	0.6944444444444443	0.6372053872053872	0.5690235690235689	0.25051889423188284	0.23971394433859636	0.26266534305162403	-0.12542087542087543	-0.06818181818181834	-0.012146448819741196	-0.022951398713027676
361	20261172	0	e30ef6b7eef75f25385cd7c89950b5473d5d56b283f6708ea2475e4eb70e80f0	3dfa498c47d2faed7cd2b9804b10d60330f40f7e5be7b8f4675cd23f7adfe769	0.46885521885521886	0.44276094276094274	0.46380471380471383	0.36174779219808467	0.25424628758980833	0.3256588113944733	-0.0050505050505050275	0.021043771043771087	0.03608898080361139	-0.07141252380466495
362	20261173	0	8aa2d85c5cb68d81c57d35c494407f71d0ab8cf64472d1ea71af3072313662a3	de5b6d0d8b5a4ada8467accb14feb875db011d69d53a4fb0de7a0dafa14cfd9d	0.5349326599326599	0.5324074074074074	0.48947811447811457	0.31913096854824907	0.2509250145453937	0.3173890042002266	-0.04545454545454536	-0.04292929292929287	0.0017419643480224845	-0.06646398965483291
363	20261174	0	e89a02efcca7f65f531b174e2b5adc2066b7cb1b72836b5eab97320db600404f	952396ac37fb2f2013c373f1ca16de9483e076d502fe46fe666dca346784f83c	0.6245791245791246	0.6005892255892256	0.4877946127946127	0.2815044092590137	0.24393682835976835	0.3114702446911413	-0.13678451178451184	-0.11279461279461284	-0.029965835432127608	-0.06753341633137297
364	20261175	0	05c4398f70dde7cf3ace268014864a78e9b777856900bd06ead18dea87d9d533	29139ee5e5fc62c8cac3cc2d5992522db5809ae5f6b7ec82108676e35af9038d	0.37415824915824913	0.34048821548821545	0.40993265993265987	0.3948133062963861	0.3004703359219437	0.32794260694108024	0.035774410774410736	0.06944444444444442	0.06687069935530587	-0.027472271019136518
365	20261176	0	3fb4824bdb58531566c080df69b4cf26ca05ac7ba7a73840e54c4fa500adde99	2519fd552eb03df085797910f45135108f78fe506044be178b96f89af30d6f39	0.45075757575757575	0.5176767676767677	0.4436026936026936	0.35259727895779197	0.25173215082439854	0.31460653082841933	-0.007154882154882136	-0.07407407407407413	0.03799074812937264	-0.06287438000402079
366	20261177	0	db679146c6a4dc05e8a112e56fea71657d879b75012b3aeb5e91af52ed5bfc90	05cfed3f07c3fc62047a36c8aaf4006ce0e43d011d748035327a8eedf12368f0	0.5193602693602694	0.5774410774410774	0.5324074074074074	0.3288279384934936	0.27108287216450383	0.28766672995894643	0.013047138047138085	-0.04503367003366998	0.04116120853454719	-0.016583857794442602
367	20261178	0	a4f6846861f14e72cc8d2aff7f0fca6cbda99e0df623ca1d2deea1b4ac072f3a	cf008c8eafc54fb274f38d48056d1e8d7604a9247cc7015311f7984570dd1c1c	0.48232323232323226	0.4911616161616162	0.46212121212121215	0.34073867274818714	0.26895861101337976	0.3392047816322335	-0.02020202020202011	-0.029040404040404033	0.001533891115953645	-0.07024617061885374
368	20261179	0	b3d32463082d90acc72424cc7a8b1f9b284ffa0efac7253f0a89201c7536f913	7de268ea59ac333224e0b42e6577eb46f336d4ddb8a4e5588bb319d4f9cac5e7	0.5071548821548821	0.5042087542087542	0.3653198653198653	0.3246068567258565	0.26745156063550973	0.33276039623907994	-0.14183501683501681	-0.1388888888888889	-0.008153539513223451	-0.0653088356035702
369	20261180	0	5603dc9eb2879215b5863f5f119a1bad1824b4a0ed976c8450ec3087123a5b3f	4d941c68cffc71158006d62d4caed62d27572e894328b9a2b09620a35e960ab9	0.5925925925925927	0.4271885521885522	0.5361952861952862	0.3048543756885701	0.27683451352677846	0.30506393704955476	-0.056397306397306446	0.10900673400673405	-0.00020956136098465583	-0.028229423522776298
370	20261181	0	644cff6ce97bbfa804052a462c236e54ef516aea63313fbc6fbee8ab4160c34e	00d8080a5a27938fc2711fba3dd5f77cd59937fd7dfeb4d81bac58b48c71fba9	0.5900673400673401	0.4726430976430976	0.49789562289562284	0.2756317000761341	0.2664874314186766	0.31935956044642605	-0.09217171717171724	0.02525252525252525	-0.04372786037029197	-0.05287212902774946
371	20261182	0	a1862bd6c83c1fcb531b1f8fa637ad2926c780694d19e1623737cb95eb8d7095	a9c0b2ef7beaf087935e2f699a852791fc78cfa2ef5a89b82628ff8a339c10a5	0.5336700336700336	0.5601851851851852	0.5509259259259259	0.29866081871682176	0.25007444023382086	0.26941970579169294	0.017255892255892302	-0.0092592592592593	0.02924111292512882	-0.019345265557872082
372	20261183	0	b0789a3d2c10b2faa56b829124388ca73f3a1258fece5b22189c3188a5b7b10d	94c546a07bc2fb7b0ce62996c07e20377cdc655148c3c03aa18b6eed965e1c0e	0.6132154882154882	0.4663299663299663	0.6851851851851851	0.2895920454623837	0.26009997460505613	0.23679671500368674	0.0719696969696969	0.2188552188552188	0.05279533045869697	0.02330325960136939
373	20261184	0	61fbbccf16e0352a2c3de3a9dc8ccdab8be07f7775f3e29ced49d1667c2a2d40	5b490d4d547b86a595d3e84a0641d8169a7799012c546bd358cdb3d9b27c5694	0.585016835016835	0.5269360269360269	0.654040404040404	0.30312513204001507	0.25386368207926546	0.25827295864732247	0.06902356902356899	0.12710437710437705	0.044852173392692596	-0.004409276568057008
374	20261185	0	8bc667e848adb6f8278fb59443a78298cf926de2ab69fadfa25c35538809e219	f222887e327b74d0538a710e6d9e28e0d3f89305f077869143c8fc03975139a3	0.6106902356902356	0.5025252525252525	0.4053030303030303	0.2703226757024798	0.25647626950347496	0.34764522614921395	-0.20538720538720534	-0.09722222222222221	-0.07732255044673414	-0.09116895664573899
375	20261186	0	9dbae9587bb93b2cfd741d341d129268563299262f234296a93426e3ed42677a	a50b1599d04db0795172ba17fa0c1fc886f22e71a9154c6f4c3c01657332b877	0.5707070707070707	0.45412457912457915	0.5458754208754208	0.2952564219240541	0.26086810437231295	0.27718123338114026	-0.02483164983164987	0.0917508417508417	0.018075188542913845	-0.01631312900882731
376	20261187	0	bda8d38b9aed89c0b38877b2aa3c48f45c65ba86cd4821dd479cbdaa923bd2bf	058c40460be522ea1cf2ef579db27df1a9147fc4337237f5b9a8eb27d420586f	0.43602693602693604	0.39015151515151514	0.34848484848484845	0.39364676387424796	0.28467670700754094	0.33860495613227554	-0.08754208754208759	-0.041666666666666685	0.055041807741972426	-0.053928249124734595
377	20261188	0	8538c42590b1a0cad914a08bfa6b1f0a1006c84ea589a1140f5718db92a0c893	776d532c3a2647924a64197bebe381aee9aa9f8b9a04ea1a0fe2f4be6c6b34fa	0.5307239057239057	0.47853535353535354	0.5239898989898991	0.3124703317528842	0.25901636690606383	0.30967369234925934	-0.006734006734006592	0.04545454545454558	0.0027966394036248454	-0.05065732544319551
378	20261189	0	81f580d60d41528fe7e058d372eae507cbd622b0fef95f6c8a328561650b9369	b3b1867422211659613b0eab6204779aae267cad668fcba0a2363db8b5d78e3f	0.507996632996633	0.35648148148148157	0.3274410774410774	0.34604770269767043	0.2786944916643329	0.31585842623588595	-0.18055555555555558	-0.029040404040404144	0.030189276461784487	-0.03716393457155304
379	20261190	0	0550c3a4896f27c9d5b481febac8a2e20df623d130a6de653a3e3c31dc6e809b	930fe47f25c5f37de17fe98200b1fc10d6b5ad282bc8b9198b975c2bfcf9461e	0.36111111111111116	0.40404040404040403	0.27525252525252525	0.4221833859033528	0.2680894569045503	0.3644111243626122	-0.08585858585858591	-0.12878787878787878	0.05777226154074061	-0.09632166745806187
380	20261191	0	c7a0717e21ed0723525e9a09b4527e5c967cb0a6a636e3b246b204b7822ef6c1	fcf1539ecdf20623f8c965e4b4d64afb035ab1d3cb50aa1d79f89df9ebd30cb1	0.5046296296296297	0.4023569023569024	0.4406565656565656	0.3086375813151145	0.269104353861828	0.3258595631051253	-0.06397306397306407	0.03829966329966317	-0.017221981790010832	-0.0567552092432973
381	20261192	0	ad791ee98cd3ec60ae9faf79307b8e656c72b86fb2d4ccc1fad3df17cdadd4fa	1819a30235923a3b9ad563f8ecc36fc3823bd8ba35a191fed838d1d10d801bab	0.505892255892256	0.4823232323232323	0.3501683501683502	0.35765988769144436	0.27051561118319484	0.3467663863613346	-0.15572390572390576	-0.13215488215488214	0.010893501330109745	-0.07625077517813977
382	20261193	0	17c041ad60f0c9f143a70c43c1b8b895274a36aa151c643fe17e84307e95aaa6	90030ec24f4c919c8190d2517f4da8d02c2c4486e173b99a89a45d713ef6f227	0.4739057239057239	0.5732323232323232	0.5824915824915825	0.3584807028069387	0.2578400549391576	0.2605167291480151	0.10858585858585862	0.0092592592592593	0.09796397365892362	-0.002676674208857477
383	20261194	0	9106a2535690adceba4823f2c29ef9646145f50ba6183f93b17da98f54b700e1	faba2d42c534960c9372480d878ae0c81c6cfb2c3f0219c4ffb00e212e4f3329	0.6818181818181818	0.6266835016835017	0.5934343434343434	0.24135530276076114	0.23160377004063662	0.2647996691540388	-0.08838383838383834	-0.033249158249158306	-0.023444366393277655	-0.03319589911340218
384	20261195	0	7a6a82842dcb580e3081f6ab2c7c7d164b684f048e7a1a461b58824ad37ab5cd	72fc496c750bd9a486e711e0a93660cd438432b035e78c92c35b27ae4220ed70	0.5841750841750842	0.6544612794612795	0.5925925925925927	0.2823423635533886	0.23176175809712415	0.2624005517949755	0.008417508417508435	-0.06186868686868685	0.019941811758413086	-0.030638793697851358
385	20261196	0	ec3a5fa3a0069723780fa726ae922a0d52a7c3cc241b63d40dcd602de73d45ed	16119449258d5d86e0f6fdd1c40ed17fdb64f8c365079d5fd6990f23f8f4624d	0.6948653198653197	0.693181818181818	0.6380471380471381	0.22588467775335272	0.21624990535129363	0.24391738506603625	-0.05681818181818166	-0.055134680134679925	-0.018032707312683527	-0.02766747971474262
386	20261197	0	28e2cec59bc74d232f8f96fcde84a121497fefd69681d8690d4508643382b1c6	960f52adf77f18b99ffb0c70b051b4a5690279849b11e36de04d92c9ab43886b	0.49663299663299654	0.42971380471380477	0.4692760942760943	0.3451907657148709	0.2726452156695385	0.3356755599613006	-0.027356902356902246	0.03956228956228952	0.009515205753570288	-0.06303034429176213
387	20261198	0	900a099a45693525f9fe708ed781c56530264803c52b451982582b5178101fe8	2385edda77256cf798efe7ae87fff5654e9d59dc5cc7bd905db6ed0e18bba950	0.38552188552188554	0.3367003367003367	0.4431818181818182	0.39156040709533846	0.2784430688275458	0.3294147219253731	0.05765993265993263	0.10648148148148145	0.06214568516996538	-0.05097165309782725
388	20261199	0	a1c4319942a8a5d3e974469ffec11fc68286065f39edacb38c4bd68edcea82ab	7e68ec29fca35f70335517b8bf408ba9c729c38910546b0b42ee14eafc332b46	0.38552188552188554	0.47222222222222227	0.29503367003367004	0.39497924754946495	0.269503321211017	0.32728535379779616	-0.0904882154882155	-0.17718855218855223	0.06769389375166879	-0.057782032586779164
389	20261200	0	3d22e25100ccf494d0f956230885dbe75734d546f66e83251cf79dcef8a99a81	d1cbeb57790931f8d5fefe0daa6144fb731f08dea551d81628fd15c91ce05fa1	0.3581649831649832	0.4478114478114478	0.2975589225589226	0.4079844247956001	0.26956731279462326	0.37232497022878275	-0.06060606060606061	-0.15025252525252525	0.03565945456681735	-0.10275765743415949
390	20261201	0	aec56efec846b1ac48c82a999c5d065b9a245cafd0d846e144609cdb68e48623	4e9bc89ab6860e77f01c5159a7e477526ac3c6083e75d62fad7aa76b3b96c245	0.5084175084175084	0.4793771043771044	0.39393939393939387	0.29867917477189293	0.2637291038756145	0.3250584591784251	-0.11447811447811457	-0.08543771043771053	-0.026379284406532144	-0.061329355302810584
391	20261202	0	09328794c642983cf9c92296cc475dc9242ea0a71744f534b7cc94483a7c4d22	ac6f95c0f9d50b44009709f769370260e07ee17765012b385d17fcbcfb70b1d7	0.4646464646464647	0.4065656565656566	0.4128787878787879	0.36132317639598766	0.2755448835235659	0.3084314480207078	-0.051767676767676796	0.006313131313131326	0.052891728375279834	-0.032886564497141946
392	20261203	0	b1eb4235486b14d60e249726ff604ff58750c8e9c5e8c3de58963c47a863ea56	dfce940d6e8ef136647acbae33cc24ff511afe16832239a290b3165a0378c912	0.42340067340067344	0.39267676767676774	0.42424242424242425	0.4263426526226581	0.26501854746736814	0.3562465387792256	0.0008417508417508102	0.03156565656565652	0.0700961138434325	-0.09122799131185744
393	20261204	0	ccc304763d6257fbf5cbb5b434f146e0a2bf5beca1409629ee07302da71986d2	0fc0bbf98d5e18c63a202b004659f50c2b589e6e05aae66ea8d0f1bb16e4f5dc	0.7382154882154882	0.5715488215488216	0.7323232323232324	0.2042253507140331	0.23875352202772424	0.2181838503614444	-0.005892255892255838	0.1607744107744108	-0.013958499647411277	0.02056967166627985
394	20261205	0	2029e419aa1bbd02e572877a6888712c66763d707d014a0443c85c249e63e6e2	852f46d545b63f044ba1915c56479a04aa49b88f3e6f1e51977df1bcc380e2e1	0.4372895622895623	0.37121212121212127	0.29924242424242425	0.37986672956816153	0.2826680899158904	0.3779619521994573	-0.13804713804713803	-0.07196969696969702	0.001904777368704258	-0.0952938622835669
395	20261206	0	8c34f5e6bb47984a75f734479ccbcf3ca9b339a826f34f3dba6705bcd6b92c33	0a01d0c7cf7b70ee0f8413d0e1b941a6baeb6129cb4e2da5f9aa2aa769605c6d	0.4431818181818182	0.46885521885521886	0.5227272727272728	0.38295179391020245	0.25688011243491177	0.27296649998094774	0.07954545454545464	0.05387205387205396	0.10998529392925471	-0.016086387546035974
396	20261207	0	5c193aa0d7315fb4141179238f37bb718443e9b0442bcea665fde69771733645	aea3ee8487e1b2ec4df7b7f82676ee82adb70462b442e81128b811190a8f5f32	0.5311447811447811	0.5180976430976431	0.473063973063973	0.3067334860073567	0.27258524753933405	0.30849880448716155	-0.05808080808080812	-0.04503367003367004	-0.0017653184798048227	-0.035913556947827496
397	20261208	0	1c4e9d3651e512fe6a24c239ae2f29be2d09789cdd378a063d62c56cbfe53dff	f77d37ca6beb33ac15ca83690c8e1382ef0cd111aa229d5b59b2392057fb41bf	0.5496632996632996	0.5484006734006734	0.6540404040404041	0.31538174552886983	0.2578283661278955	0.2358472485379406	0.10437710437710446	0.10563973063973064	0.07953449699092924	0.021981117589954913
398	20261209	0	00d65e6841b06d4f30f6f27f69ec691b4ad2f6f23ea69c64167fbdcbbf1ffc99	56696ec27648ac51915e0e4a25493c505ae66ace4aa4345e8759e459da99c035	0.4755892255892256	0.5332491582491582	0.593013468013468	0.3718274145208511	0.25237273287636514	0.286235477040731	0.11742424242424238	0.0597643097643098	0.08559193748012012	-0.033862744164365854
399	20261210	0	f7f67739b8c2b2af7cb133ccbf2837fd7e54630c8a84cf7f7507d125db32b9c3	4d9e31733e1aa3db35199de995fa08f556c9af53c54ddd19e59f321c7c7edc44	0.4478114478114478	0.5231481481481481	0.39183501683501687	0.3692802657416365	0.2606026266427899	0.32722504904141997	-0.05597643097643096	-0.13131313131313127	0.04205521670021656	-0.06662242239863009
400	20261211	0	c2749d38db3ad8df37983c33d69be5419109e7d412bd325629aac283cc83ec91	541782d96b6506df2c1be8a93e3ce7d5af4b659c906ca7bd4eeaca67be9f9462	0.2946127946127946	0.3396464646464647	0.364057239057239	0.47226562598054955	0.26674931466694374	0.333635008209575	0.06944444444444442	0.024410774410774327	0.13863061777097457	-0.06688569354263124
401	20261212	0	e6e60cf0e0535d071799669582d0eb2851cbde7150c5aae679cb9d1946de7369	f1cbf2beba2da223caac32232cce89148d56d2f7c0b8d4fa82ede9cafbafaf49	0.42213804713804715	0.5096801346801346	0.5042087542087542	0.37659616997553985	0.25484440401528224	0.2930398799892326	0.08207070707070707	-0.005471380471380405	0.08355628998630726	-0.038195475973950344
402	20261213	0	bd969f5ddc315a61045eab9ab3ccf2e541384c4e82d6c813d8cccd555cb86c4b	b5c6a6b1685b463b5ccfc5f28cafef6807509061eeba22fa07c565c348611b43	0.47011784511784516	0.5728114478114478	0.43897306397306396	0.3400605586474333	0.2458094331091191	0.31156911016325056	-0.031144781144781197	-0.1338383838383838	0.028491448484182724	-0.06575967705413147
403	20261214	0	a44678aa09270dc8c0970edb05cf0e5d66f3a25515d5a01faa7db6059a7fcb5a	309339c2c575b61f1c2ee329d735999f31eb00732298dbe07f331fb1bb964de9	0.6473063973063973	0.5159932659932659	0.42887205387205385	0.2717638792181641	0.253784597682499	0.32788040384133815	-0.21843434343434343	-0.08712121212121204	-0.05611652462317407	-0.07409580615883915
404	20261215	0	cc20a5fc6579a2f56332e2ab4365df3a2299e566827f8ea00888a0ad5923488c	e1996808f0bf6912faa70a6bc34cb9ac94fda3fa34b7e7c806f2ea1adb4d6df8	0.4814814814814814	0.5143097643097643	0.494949494949495	0.3503523288874364	0.2695423097897935	0.3001627245416053	0.013468013468013573	-0.0193602693602693	0.050189604345831085	-0.03062041475181182
405	20261216	0	c8988b1c1d506cfbb944216e3fcbbb0b1c44d87cd76d457f693e0f5a1b7a9dee	84324c3c5ea296796c92f4004908e824cfee5c2dae4f473b8ab08fa70cde9b8e	0.5248316498316498	0.39730639730639733	0.38383838383838387	0.3183010287160613	0.2688794230938148	0.33286832186222376	-0.1409932659932659	-0.013468013468013462	-0.014567293146162452	-0.06398889876840896
406	20261217	0	4b32ac6f5fe6fca9269e092c72a2bf739f3a1c37502d75b8a5979717adbddb72	75d6d718c2c115199c32012365db92e6df5641e326822a7b699990a5b02eb958	0.452020202020202	0.5698653198653199	0.4124579124579124	0.3502373901017141	0.24997799720024397	0.33179983088978116	-0.039562289562289576	-0.15740740740740744	0.018437559211932963	-0.08182183368953719
407	20261218	0	1c7751c23362f800f0421769dff48ec5e9ae44616f22e5481299ce0f8bfb0402	535eb7931bfc71ddf7578131818ed9154d6f75d3cefd105c17f27ffd068e3f4f	0.5063131313131314	0.48442760942760943	0.5387205387205387	0.3241503726511266	0.26549367146907477	0.2926538099881516	0.03240740740740733	0.05429292929292928	0.031496562662975014	-0.027160138519076837
408	20261219	0	fec36070c9617d38a0be1af1c0774a6f859abd3642328a8cd2ce8826db7a2e43	0cb7dac3a7944441178e8745f1e13b405a916beb19f235592b3b937f63238022	0.5214646464646465	0.41961279461279455	0.5311447811447811	0.3323951210238841	0.2764593498605768	0.2870437858118213	0.009680134680134622	0.1115319865319866	0.045351335212062804	-0.010584435951244475
409	20261220	0	68bb4bf0556b446aed84f2ce4497fe01f3d7cff350cca29c2b1793939a3b965a	896502720d79f0e96d363b19e63161d41434dda22420c09d58e7293146260e86	0.398989898989899	0.5042087542087542	0.4545454545454546	0.40162206467632994	0.25922816874253696	0.2953176782898004	0.05555555555555558	-0.04966329966329963	0.10630438638652956	-0.03608950954726342
410	20261221	0	05ff7bff43bcd1856b505d168e367851a1d0b62c5caf1d37528270781deed9f1	868dea70bf05012fb50c727b3cc24846b7bf0ebd5ec8dcefaf79e28a05558915	0.531144781144781	0.61489898989899	0.5223063973063974	0.3167132156971539	0.24100666634340473	0.2797863038089275	-0.008838383838383645	-0.09259259259259256	0.03692691188822639	-0.038779637465522765
411	20261222	0	a0179bbc725b2eec9e79ebce3d9a0ca18742999b3d2282d707b429558d71adcf	a7120b173a9470016eb08b6d96ab1e279c29c758a12bdad7f7e7e1b706f97e37	0.5433501683501684	0.4646464646464647	0.4170875420875421	0.3417679254356667	0.2685507008978509	0.341436578337373	-0.12626262626262624	-0.04755892255892258	0.00033134709829368836	-0.07288587743952213
412	20261223	0	b006eb519bd8c6901161644b5079770d7e1ac4190e349655f7dae1012fa824dd	8ffeb8f21118be45a55c14a08fedf0a6c5c5720de39efc3ccb265c7f48bac89b	0.46254208754208753	0.5513468013468014	0.5517676767676768	0.34003640046868727	0.24474262849897502	0.27313717908184376	0.08922558922558926	0.00042087542087543284	0.06689922138684351	-0.028394550582868744
413	20261224	0	4d0b1b7555acaaec91ae91d3b70625e910cd52d92f0c029ac7ea382cb919bdb3	4f155e143a8d543805b48d388fdb84b6a418fa81d01380c4c1665d3ab1efa5c0	0.5707070707070707	0.5404040404040403	0.5858585858585859	0.30652498823218305	0.2595602217553464	0.26388374257185604	0.015151515151515138	0.045454545454545525	0.04264124566032701	-0.004323520816509663
414	20261225	0	710ab04b813c61c4a50f3bd47c5e36681ceb361ac3230f53ef828174991aac96	4e69f1404defb2470913a108ccd9e4a10846c18d1438b4d707d8a6f9fff0a7fd	0.5033670033670034	0.45875420875420875	0.507996632996633	0.3215015017715806	0.25866315665149425	0.2943606561725407	0.00462962962962965	0.049242424242424254	0.027140845599039898	-0.03569749952104645
415	20261226	0	74f5e021b16c0a7ac7b97822702bffda0111d96b2794f3df2eec7e13d5e860f8	2a258a45f534d0a9f55fe34a9e780b7a7ace2af26225dededa1f01af442ad885	0.521885521885522	0.3956228956228956	0.3783670033670034	0.3181764770727895	0.2620226365924445	0.3183999300938342	-0.14351851851851855	-0.01725589225589219	-0.0002234530210447061	-0.0563772935013897
416	20261227	0	1e55c1027b0e702d6ee0e6ae9979eb69990f03001db939f2b4877ef4a0493d20	ddb5d85ac7f7f3dc25ec3f2024dda113954e126b99fd731a9e62fac8e6f05a51	0.5702861952861953	0.42550505050505044	0.46548821548821545	0.30568847055787535	0.2786032460802916	0.30438878626400784	-0.10479797979797983	0.03998316498316501	0.001299684293867509	-0.02578554018371626
417	20261228	0	ec3daedbc444b033ef29685459f60fdcae823d93a161abefa4ac6c71e48dee81	374ede0a27ef37493365a2f0321d8920d7b848a686149bc2f277134db0d5a599	0.4545454545454546	0.5143097643097643	0.5732323232323232	0.37676446682664905	0.26756326180893825	0.271183517330145	0.11868686868686862	0.05892255892255893	0.10558094949650404	-0.003620255521206761
418	20261229	0	7050ce06a91b2d86ca84f7cbe747d5930d54d1401da8894a10623561322f1d54	7bd54343d935f355bfa57cceda1215a7e5bb2a669e528765a430ce49b15dde02	0.5837542087542088	0.5509259259259259	0.5008417508417509	0.29476247665047955	0.25605694383903593	0.299927164679798	-0.08291245791245794	-0.050084175084175064	-0.005164688029318465	-0.043870220840762086
419	20261230	0	bac1afcf4be17923ad0b822ddbb8fc5ff48d10b034e80aeedd23f3a6e0f0689d	2c448fa7245c65294de60b4b67d88ec04d124f74ac8078f24e63a9163b4f98a5	0.4621212121212121	0.33080808080808083	0.5345117845117845	0.37031840190979864	0.27850309109434507	0.2981112629892344	0.0723905723905724	0.20370370370370366	0.07220713892056424	-0.019608171894889337
420	20261231	0	55fc76aa8b66603ea7a959788f6fa239a5d54427824edf9c70c16698df9b8209	d529fb8592f182fbcb8580c5a6dcf5d7d495da39cf76c552456ba3bfbc524108	0.30134680134680136	0.3556397306397306	0.6132154882154882	0.43229607012265064	0.27600579282837984	0.26403823568483786	0.31186868686868685	0.2575757575757576	0.16825783443781278	0.011967557143541974
421	20261232	0	978a99589ad72d6d4d679bcaed1fa19945f6c7f568cc4a7b48ecb0206cdea194	e194d6b0f855fd51a443aea71ea7d9946eb795e8f4f76a892d9b2c749ef94649	0.4259259259259259	0.41287878787878785	0.4772727272727273	0.359149501066414	0.2640611807260795	0.3098014878100157	0.05134680134680142	0.06439393939393945	0.049348013256398315	-0.04574030708393623
422	20261233	0	957fa78f4f12aee17fe1a8b01e8fd564bf7bb773347b313350dfe6c3af9ba8df	fbd8df3f6479fd29087bedd8a0b041fb0761fe4c15e794d8374bc2c7273f0258	0.4696969696969697	0.3543771043771044	0.430976430976431	0.3548690074044399	0.2937755687983703	0.3481338612029881	-0.03872053872053871	0.07659932659932661	0.006735146201451769	-0.054358292404617814
423	20261234	0	1eeaca44f88d97c77a1c8ed98b7d1e1329b4a2b757a5aebe0c843ee5ff7fd921	6a23ec339d5a4ab3dd3ec2d210ed4c906b03773b808ef0c6e87cb05bc69bd5eb	0.6085858585858585	0.5867003367003366	0.3489057239057239	0.26027936440700056	0.2507538195330041	0.3269279877225401	-0.25968013468013457	-0.23779461279461273	-0.06664862331553956	-0.07617416818953604
424	20261235	0	73614a92184b970b8c633936c5be45080f9d5e69d68eb14129d2265a0e1589a0	657d8dc7968a94a279a4de7491079d4640405ca41a82aab282b9e12f96363097	0.6123737373737373	0.5105218855218855	0.609006734006734	0.26531363914619455	0.2595209639491056	0.2634153854845022	-0.0033670033670033517	0.09848484848484851	0.0018982536616923285	-0.003894421535396597
425	20261236	0	89bd9bff6c2b56c754aeda0eee347af3a5cb622e420d6d022cc26783c81b88fb	ecc5624b9de8fb2094cd425e6452c84b236c2c95f6fc7e40580b16785de74fdc	0.40151515151515155	0.5286195286195285	0.49915824915824913	0.4232860450466455	0.2550184000582529	0.3169886858321762	0.09764309764309759	-0.02946127946127941	0.10629735921446931	-0.06197028577392333
426	20261237	0	2b3f8b3b949aa926d9327fde1246a2e1f40a2271903742ad8a70aa9a8287aa0c	3e1d40a52af6ae0223beb6a4ed3bdd32f8e2eb253c13ea8e30df27a0f44c332e	0.648989898989899	0.5315656565656566	0.5547138047138046	0.2595166714175723	0.25347006519857146	0.2837035695119177	-0.0942760942760944	0.02314814814814803	-0.024186898094345433	-0.03023350431334626
427	20261238	0	eadf7ea6a382ad2cca653869e1968e697a5c78abf0d89a74d12bf7a6f433d6b8	8049b145b2d49872696696573cc7e217534d44d142bdc5dacfeebce38cb565fe	0.6384680134680134	0.6376262626262627	0.5980639730639731	0.2506869497005489	0.24556845027774168	0.286204276961651	-0.04040404040404033	-0.039562289562289576	-0.03551732726110213	-0.04063582668390933
428	20261239	0	2bac08bc6ec236f3a1dbc0fa533ccf01d8e2ca0a82c8ed4b61a8ad9574d86506	37c5f8ee857626f59cf5c19f0f8bc78c433bb402ce197e52211ae490835e5256	0.5021043771043772	0.5273569023569024	0.6304713804713804	0.33296656974574307	0.2525909307075714	0.2505288072254081	0.12836700336700324	0.10311447811447805	0.08243776252033497	0.0020621234821632806
429	20261240	0	2a940386a73ccb537762810bc681491c2b9e2c00029424a4f7d272c137f7cd45	2b4cced1156de7ffb13267806f2e3a7aa100761422d029e0fab57dfd1f882aad	0.35227272727272724	0.4612794612794613	0.49284511784511786	0.41142583321693266	0.2858059674147431	0.31162638918600555	0.14057239057239063	0.031565656565656575	0.09979944403092711	-0.025820421771262425
430	20261241	0	74be4ff6e244f9ab1f199914c8ad6cb29fe04bf5e2a5a1686c7b1fe895039b90	a443f1fdd2bf7627435b1f3838b27f814aaa5b0c4464e579bd9e7653bd85d49e	0.5854377104377104	0.505892255892256	0.6039562289562289	0.28452089399391484	0.26110415327604897	0.25756985102674973	0.01851851851851849	0.09806397306397296	0.026951042967165106	0.003534302249299237
431	20261242	0	a0b601cb1ae96a6f97c47ecdc4a6d0eace2ecd7fe99fdcb152a9d5eb991ad5fe	b2d437bfa062e3064c9293126cf516e54cd675691b387c7a7240cb2a72b2ecb5	0.5138888888888888	0.5568181818181818	0.40404040404040403	0.3280435520639033	0.2606530874686897	0.31723012563553904	-0.1098484848484848	-0.15277777777777773	0.010813426428364248	-0.056577038166849336
432	20261243	0	b1c7f8f241703dc74d8ef0fb606e753b41f6bc7259b645f2c6749d7c3c26e493	804bce92656c91ebdc914db94c9c9baf7573f7f5ddc1bba0f12e03cd8d4b0d01	0.48779461279461284	0.49579124579124584	0.36574074074074076	0.35328049710393117	0.26745938474324066	0.33793859207799337	-0.12205387205387208	-0.13005050505050508	0.015341905025937796	-0.07047920733475271
433	20261244	0	b00c1b907054f31ba8f85b919c312e9e9f79e09c254d0236bd1bcbc859f30644	a02dcf58affffe55e18f0e0b27c8a6de8a2600113fd0ea3e9baaf88d09720488	0.550925925925926	0.502946127946128	0.4263468013468013	0.3188166224315481	0.26536583462671115	0.3468648220631662	-0.12457912457912473	-0.07659932659932672	-0.028048199631618087	-0.08149898743645506
434	20261245	0	5da6fcaa8dbdd427407a5d33d2810692af6d2c93cdf302b0c28f1975479a2601	4406acb0284f51da588cb436c2ad87db59ec6f2818590c8b7fa738ca81f7f579	0.5307239057239057	0.44823232323232326	0.4465488215488216	0.31419215993446237	0.27123754589031474	0.3053485256037628	-0.08417508417508412	-0.0016835016835016758	0.008843634330699568	-0.034110979713448064
435	20261246	0	904667e51f3862e89e426609af4188c0d8bdb91126fdc759ce470c6ca45cbd9f	051e87f8d9d10f48b937d08c9cc53b20f4b04215599e8ca2764af1e840dfe09a	0.49031986531986527	0.4238215488215489	0.4132996632996633	0.33106250899644274	0.26757733629520136	0.3390897411300016	-0.07702020202020199	-0.010521885521885599	-0.008027232133558881	-0.07151240483480026
436	20261247	0	decbf559cd1cd83eb77374d842024eef8e19c1dd99da4b9b10d717d3e4fffbc7	381006cb4b7b242611cad24b7efb0ea66c82f8eec62b62e5b82eace9e15e5b21	0.41750841750841755	0.49789562289562284	0.49074074074074076	0.3778327882314751	0.26266761240019104	0.3028172324472304	0.0732323232323232	-0.007154882154882081	0.07501555578424468	-0.04014962004703937
437	20261248	0	1bcc821904057d6e0b6075eb29354fc25158d6125d89f10b1813f7e570d3871b	f012f52a5d511bf374b92e250cb6dafebcafa25b1eecd9930950c631d27f2cf5	0.5353535353535354	0.49789562289562284	0.3623737373737374	0.3064393226563812	0.26446575766744984	0.32269401200882464	-0.17297979797979796	-0.13552188552188543	-0.016254689352443452	-0.0582282543413748
438	20261249	0	75eb4fdb97817fa859fd0e3d87fab84394516a2c00486839463e1002e6a1f31b	dffb1f326085459daab3ac56cf2ec4ddcad4de4dd6a73adc8afcb8374cda77c5	0.4692760942760943	0.37415824915824913	0.48611111111111116	0.32316594931114445	0.2855297749700078	0.2995529083289987	0.01683501683501687	0.11195286195286203	0.023613040982145728	-0.014023133358990914
439	20261250	0	53e1b4888f0ad9e79220c1415dfaed2a6cb7499ff3f11b8c8ce5886fd45aee87	b20363977747eac7da880b5199450b4badf099b916e3bbea4e87e17c2f748391	0.3897306397306397	0.5559764309764309	0.6161616161616162	0.37308761597426915	0.25237287289343086	0.2552280854344093	0.22643097643097654	0.06018518518518534	0.11785953053985987	-0.0028552125409784246
440	20261251	0	61840ea32afe8724cb8e4535c334d36d13db991af48ec273af239c7467676c9f	ab237ff7db018a844333a47a62c2aff49c992797f08699804fdb3107a0fd4a21	0.3186026936026936	0.42803030303030304	0.3409090909090909	0.4599091730187668	0.27071555140856796	0.3501660773700606	0.022306397306397274	-0.08712121212121215	0.10974309564870621	-0.07945052596149266
441	20261252	0	0749490169c0523902e3756ad2475d271a09a225171144074623158fb8f28abc	673632201b995d65ff0015d7332ba8f37e343a667198ad727f988d1f5f4caa22	0.48779461279461284	0.5256734006734006	0.4196127946127946	0.3347798772864121	0.25535537389540364	0.31591699905678494	-0.06818181818181823	-0.10606060606060602	0.018862878229627178	-0.060561625161381305
442	20261253	0	2f9f0fbf46cda8fc9033781fd1e890d75eefab7d3af5904b63306b8a6d884142	c40c69ea4e4a8112f8f1f6bbd205989adc2fa6d115f5adf2e5b8fe6e42f1fd5f	0.5492424242424242	0.5572390572390572	0.5601851851851852	0.31320489750198316	0.2500871017862496	0.2937465025376686	0.010942760942761032	0.00294612794612803	0.019458394964314563	-0.043659400751419
443	20261254	0	7316384cfe1d26e147ebe40caab80c5f828256b87505ed2077b95bb42c5f4eba	3b9ce8218c9b8df8023259371df13a00827f745e1f348559ed85fde64a343243	0.5134680134680135	0.36616161616161613	0.4170875420875421	0.37462521812276234	0.2633194420416361	0.28727693802781645	-0.0963804713804714	0.050925925925925986	0.08734828009494588	-0.023957495986180355
444	20261255	0	9b4ee31b3480e4286f5dd98abaebef7e0d160674bc580bfa5a8b141bedad4a45	f3594432641d9a79493879bd1abf8f11969d2f5302851c83b7f502a0aa5a108f	0.433922558922559	0.5122053872053872	0.5875420875420877	0.3658410168393986	0.2483174598533827	0.28505181447139355	0.1536195286195287	0.07533670033670048	0.08078920236800508	-0.03673435461801086
445	20261256	0	646bb6dab0be891e0cf48dfc52af4ce35ff0d144ce025ab45c72eb79bae3299e	81fd7fcf6be715832e7b93eecab79403229437359aff7ffb7e26f2dfcc96e3c7	0.6582491582491583	0.6085858585858586	0.6043771043771043	0.29101021864385485	0.24213693808474335	0.2518259863670335	-0.05387205387205396	-0.004208754208754217	0.03918423227682133	-0.009689048282290169
446	20261257	0	50235d0a70e0e6d02ad130946f6a1c9be5b3f06e31a13418812409a492d6961d	55882ba4d379f646736b1e8c3822102cb7105dcd9d040e97c78be9097a803930	0.5151515151515151	0.4330808080808081	0.5420875420875421	0.33395002404091473	0.26368499250284555	0.2973561106951607	0.026936026936026924	0.10900673400673394	0.036593913345754014	-0.033671118192315164
447	20261258	0	c2b030ab8c4ad3e69f86d23236373f7dbb601df399d8967bcc2fa9fa6973a632	6eb34fb0294f3aeeacb66d9b5f396d26cec511ffd9a2895a612f26d2f5bd6822	0.6111111111111112	0.5690235690235691	0.4284511784511784	0.3026868893392771	0.2651588330078627	0.31228609925703005	-0.18265993265993274	-0.14057239057239068	-0.009599209917752927	-0.047127266249167354
448	20261259	0	af7f0136b6ae0f1d227bac21bf708dab056f531fd6005fc5cc1a16d842709af2	d632752c6bbb5f6d265ee3094139faa423f1b1113d8f8e3b170bb830c0e440d0	0.4208754208754209	0.5008417508417509	0.5496632996632997	0.3860206347490444	0.25016878727588177	0.2791737146049474	0.12878787878787884	0.04882154882154888	0.10684692014409702	-0.029004927329065622
449	20261260	0	69829de9676f6e1160375490a11c39c82ca414e8c2402790ce2d3afc4f232dd2	84cd5d244f1becfeab68d0791415298a24d013824ab0d4edf65b737b95c6aeea	0.48400673400673405	0.49326599326599324	0.5025252525252525	0.3562338369590765	0.26012325847630297	0.28902856133547705	0.018518518518518434	0.009259259259259245	0.06720527562359946	-0.028905302859174087
450	20261261	0	27a566788f11126c8765f88d2ffe84f5ff771535a18a3109b2181662041df72d	adb51fcf74515145a4d561e12d1919b4590f746dc2bba8461de73a2ed74cdaa1	0.3775252525252526	0.4246632996632997	0.4128787878787879	0.39618579928424325	0.2645477068532471	0.3704782809244664	0.035353535353535304	-0.011784511784511786	0.02570751835977686	-0.10593057407121931
451	20261262	0	28f88caa244e0eed51860c094e725f37c1f9f09dfffef8a9b01808603cc02bd7	6220c4ef8a7b34868f97bc2ef485f2fa56997b3b5a07ec9c37c828c4d82c4f15	0.5774410774410774	0.5719696969696969	0.5029461279461279	0.30243957046661507	0.2617305852726727	0.2784327078696276	-0.0744949494949495	-0.06902356902356899	0.024006862596987477	-0.016702122596954916
452	20261263	0	32a12cedd5cdea92b652bc68aff2e2668ee3b0e27a59abbe3430b3c2bac79b0d	7b3487b413cc14bff44837de62f40a2cf6f309916293ecc81e8229824d189180	0.489057239057239	0.367003367003367	0.5303030303030304	0.3175482767203917	0.2780804260910866	0.30895618950730935	0.04124579124579136	0.1632996632996634	0.008592087213082356	-0.03087576341622278
453	20261264	0	937de9a4ba5ae174ac52a3eba9f29d2da2047eaa20215754a04b656d9313b4bf	29969e4f45bf4bd1b5a799c0607954739c639c2b92bd001067fcbaaf71518e4c	0.24663299663299665	0.22558922558922564	0.3396464646464647	0.47283791679240156	0.29249933475360085	0.3628736615379948	0.09301346801346805	0.11405723905723905	0.10996425525440678	-0.07037432678439393
454	20261265	0	6789f2734c8e65d657beb761e9e902bd5cf86ff33c3e7fd437d8d2eb2bc58198	34753a8bedf9c950ee43e840288e21b0401371f34d3ab6dce99c786aa9737813	0.494949494949495	0.35732323232323243	0.5614478114478115	0.32138862138702023	0.2897097798301653	0.2707577411798513	0.06649831649831656	0.2041245791245791	0.05063088020716894	0.01895203865031403
455	20261266	0	46fe94fa6cc843a1af7450f07bc20b616a3ed2827c15c9743d3f8850d33ca8ec	4cdc9b17706009247f45f8463a2d79beabd45e14bc7820d8632129c502641ea7	0.46296296296296297	0.4713804713804713	0.380050505050505	0.3636035161852656	0.2632082241208049	0.32279488086087677	-0.08291245791245794	-0.09132996632996626	0.04080863532438883	-0.05958665674007185
456	20261267	0	f742218a1a92c96de46290c552225cb2e1a91a2c33239a9e85632eb796929bd7	84bc309ec379c79c4fa355ce1762630d330744144f9f642ba75fd942acb6d85a	0.3783670033670034	0.39309764309764317	0.441919191919192	0.3807441694740128	0.26428970077262687	0.37491944980056874	0.06355218855218858	0.04882154882154882	0.0058247196734440565	-0.11062974902794187
457	20261268	0	c23d82be1b39403edf612b39930965a18a61bfd10fca5084b663d9fd151ed8d5	f9b525e1ba00b883c17f207bec069695c9091fe1e8d4af05131d983435f4daf2	0.46422558922558926	0.4612794612794613	0.3383838383838384	0.35574364637471656	0.2731430172330401	0.37732648701541666	-0.12584175084175087	-0.12289562289562289	-0.021582840640700096	-0.10418346978237658
458	20261269	0	890b14e5965be5b63d69f954ec7eebb517277871add4b9c4d371b22285808c74	b4bbe4941b418c5e78cca745796168722d255e0ba4dd15931ccec49f24c3185a	0.4444444444444445	0.3973063973063973	0.43097643097643096	0.3537544085234024	0.2656793650804618	0.30795165096576477	-0.013468013468013518	0.03367003367003368	0.04580275755763763	-0.04227228588530296
459	20261270	0	c77da7e09af8bd898cc68b1221d67135b3225a767bb49f6c044c09e371d7532e	5e6e8c259d50fa621c332c147298eeebd34f685b1ac69f9a70347b2c1c2118bb	0.6519360269360269	0.5025252525252526	0.5517676767676768	0.2628390949936659	0.2527749071928435	0.2837684868945084	-0.10016835016835013	0.0492424242424242	-0.020929391900842476	-0.030993579701664886
460	20261271	0	83c446b1337def4693894a9c3b4ec74661a2bc761dc27e5ac61ac1716e9d144b	77f2d516f1f8f839cc4e966305f849842e7b77992818c6d050cfc1f4b3de58c7	0.44023569023569015	0.5660774410774412	0.6973905723905723	0.3412196992543784	0.24305884130888278	0.2404795404394211	0.2571548821548822	0.13131313131313116	0.10074015881495729	0.002579300869461676
461	20261272	0	c6b5886ddfcb42d60e94e90ffda7d0c7cf2e119d9f26063ae8f5d71f931d448f	031751d328ba95dce1effd2e113988a033667066de1d608316fb377114553227	0.40614478114478114	0.4911616161616162	0.5795454545454546	0.3891833888716607	0.2665747833730867	0.3064630742337398	0.17340067340067344	0.0883838383838384	0.0827203146379209	-0.0398882908606531
462	20261273	0	ccbb5913f4405217473f78948ebe3ecc993048b26b4c86a9f787eb375835fee0	7dbefc97b0b63d9e98d5d6e788355de4e278df90247d97c086220e144ab1a9c6	0.47348484848484845	0.4684343434343434	0.3691077441077441	0.3352779454877019	0.26157342588529037	0.3095222737128626	-0.10437710437710435	-0.09932659932659932	0.025755671774839284	-0.04794884782757225
463	20261274	0	6df6a95cacac7645466569840ffe853140ac0c964a5d1af2e33f7d0905f309e3	e54b437624b67ee1a3dc3a24a20de6209705a0573e6220c9ae4cf608cf460abf	0.31649831649831645	0.4465488215488216	0.5008417508417509	0.40689785010527424	0.26553953961822213	0.28083174357771273	0.18434343434343442	0.05429292929292928	0.1260661065275615	-0.015292203959490602
464	20261275	0	8788ac9a80e8c64004a91a9716ef3350d1341f936c936b5d2f50d8bdef62adf2	90aed437a9a94264a1ba075b84963197b60050412fb7ab22895b9499caceacdb	0.41877104377104385	0.4078282828282828	0.37794612794612786	0.39534727232949135	0.28205719917436134	0.338138651073902	-0.040824915824915986	-0.029882154882154954	0.05720862125558934	-0.05608145189954067
465	20261276	0	75297b7492d66e6bb0b19e145880b3e25fc56ea049797ccbfa1a80c46f85043b	e89bf144a98ece113427ae7ff90d19eb6a1211fe67403f47665ef8476f06b649	0.4351851851851853	0.49747474747474757	0.5404040404040403	0.36410375755681845	0.26387746057777023	0.2891425394215555	0.10521885521885505	0.04292929292929276	0.07496121813526296	-0.02526507884378526
466	20261277	0	a345d7606049cecf4e2455475a37029102eb0db0d1e7b46143028629090ca2c6	0da64c9c93a9442c6346cc0b5034e3ace0b30d17dc4fc6e61358496932aea2dd	0.4078282828282829	0.31607744107744107	0.2702020202020202	0.3745380048181646	0.2821676778441041	0.34753232154089825	-0.13762626262626265	-0.04587542087542085	0.02700568327726638	-0.06536464369679412
467	20261278	0	cfc9093104d4b4cd325aed91d6b03b1cee654a943dd39b6fef717c7880321aa2	40b4bc028032e261570ba7a784744e44e6e30fa9234fba15628553c551dda3b6	0.5854377104377104	0.6014309764309763	0.5374579124579125	0.28827201561368504	0.25393877433885564	0.27647060098420345	-0.0479797979797979	-0.06397306397306379	0.011801414629481588	-0.022531826645347808
468	20261279	0	acba21e09250ad8e254c574d2a7ebbc1f51dd2dcfd5b02e696e3c2ce9f54fa2d	3c8562938284bad4ecdb702c322dcea65e2150e25a2cf99d2d882ea891ab6759	0.45412457912457915	0.40909090909090917	0.422979797979798	0.3365511189260737	0.2742765106956461	0.30628563377303397	-0.031144781144781142	0.01388888888888884	0.03026548515303973	-0.03200912307738785
469	20261280	0	ce7cff2f492024c52fd23b9e4d4c4b637cb9f7a791b6733d99e78f6f2179a586	9fadd7f2958e9426a1d7a671a2e24997127063d08e4b9e15e016cda317a0407b	0.3985690235690236	0.449915824915825	0.4057239057239057	0.3558218282750975	0.2684213748729445	0.35317440666681915	0.007154882154882136	-0.04419191919191928	0.0026474216082783553	-0.08475303179387467
470	20261281	0	78fab5ec926b62f4e2485ad167916ac582ba52f995b3fd184fdd76829be4bc88	ed70e8171f9b7f20473f1be9b996a89d6832d7fa872f410007c779cd537f3ed8	0.5269360269360269	0.47685185185185186	0.3956228956228956	0.31314566600075894	0.2704124627750956	0.3273057002534257	-0.13131313131313133	-0.08122895622895626	-0.014160034252666764	-0.05689323747833008
471	20261282	0	9bd06c18b4e5501ecd5f154af9d5b06ac3f018d431f9f6544472ef902c1ebaa3	bd165d0a621efe5728e6ebe6dd499a1cc3720303b125ff3f7ab8e31a90a3d31c	0.39141414141414144	0.37415824915824913	0.3648989898989899	0.38098398981805043	0.28140884538435484	0.3584303435953533	-0.026515151515151547	-0.009259259259259245	0.02255364622269712	-0.07702149821099846
472	20261283	0	3cc94f5a4a4dd9c79d190b1756ada3ccd8c6185fa6a3f4032f487ce93b338503	64f88fd292a7b05415c82aaddc2c621362d86b44a457f10503cf02bc29be8369	0.42340067340067344	0.46422558922558926	0.5627104377104377	0.3904638044184239	0.25381728486089783	0.2798106046471511	0.13930976430976427	0.09848484848484845	0.1106531997712728	-0.025993319786253244
473	20261284	0	a7dad7e7172abd81021d5a2b5e25dbf10e9d2907b0535fe5f5ddedb4f77cc983	ec873f5833fb71b3e607a12555ea0bcd1e3ca3a604c8ad5f21040a5a254b341e	0.5673400673400674	0.4696969696969697	0.5395622895622895	0.3207756903115832	0.2658716621745037	0.30187185012880713	-0.0277777777777779	0.06986531986531974	0.018903840182776077	-0.03600018795430343
474	20261285	0	0a692d6b17b8cf451006d55d050ea75526345345badd65475cf08579bb6b7fb9	0a5c3ddacdaae4c2c5cffa26cce75729c7558428a2cbf3dc8af08d4ea2c91544	0.41624579124579125	0.507996632996633	0.4617003367003367	0.3663173354633023	0.2649258551229445	0.329328577516183	0.04545454545454547	-0.04629629629629628	0.03698875794711931	-0.06440272239323852
475	20261286	0	213958457c04bb4e98d4092f1dbceafad17444719dc3ca5c263a3aca6edb94c7	0672ba3bb9238a886d5f98d1798edc00d06a19669ccd04f94350b09821d89060	0.5723905723905726	0.4461279461279461	0.4431818181818182	0.28096070022321995	0.2607745979750386	0.3182889796133049	-0.12920875420875438	-0.002946127946127919	-0.03732827939008493	-0.057514381638266276
476	20261287	0	0941ff69b2e75c15bf12bcd5a6ca95a22d9d383193ab95619aff0d83bb6fcb67	24d350f30b16c9c04a44576384a0ab41f3667b4bc6f6c6cf5b543be56867736f	0.38341750841750843	0.33122895622895626	0.40446127946127947	0.3806400289424156	0.28447102186423484	0.33798336251980604	0.02104377104377103	0.0732323232323232	0.04265666642260957	-0.0535123406555712
477	20261288	0	e05528b306c6bf7cdef0334457dc2b1d1299262a14006b1e62efc3b293d199cc	4820c301349ab4f787fd1a6b849bfee908650cedd90895af9e2f751beadcc086	0.46296296296296297	0.5824915824915825	0.3602693602693603	0.3224131996139037	0.235747979628234	0.3240203920594818	-0.10269360269360267	-0.2222222222222222	-0.0016071924455781095	-0.08827241243124781
478	20261289	0	322bdf12d45b8a324ec1ab0fe59ddfa90bedc39f9205f77c92daecc8408ebe1b	422462379767fb4498749fea820fbfb5ce634738509382ecf04802db258f54d1	0.4966329966329966	0.5496632996632996	0.51010101010101	0.33671727562270853	0.24342327794540708	0.30205763787568496	0.013468013468013462	-0.039562289562289576	0.034659637747023575	-0.05863435993027788
479	20261290	0	4383f7400028d54636908bf3aef9e3a0d92861f72764286fc164007cbbbe93aa	d1e6fde659b15625688c1b2745e1eb8e2179cbfb846d20461a0d5894472e4673	0.45875420875420875	0.5353535353535354	0.5673400673400674	0.34431083940109497	0.2668324673906341	0.2645067739271471	0.10858585858585862	0.03198653198653201	0.07980406547394786	0.0023256934634869886
480	20261291	0	1456a84861c17d9cbb55c8ccedeb812343a87a6ac08cdc4f065fe1a6c108ae6c	199caeb376e155624bc45ced52dc421c1c3a1f9644300bf3a8c127e0b26a9fa6	0.3556397306397307	0.401936026936027	0.5012626262626263	0.4173247261487938	0.2745927945023346	0.3118621972935494	0.1456228956228956	0.09932659932659932	0.10546252885524438	-0.03726940279121482
481	20261292	0	d65df7a66403bc3f73bea3ed7707db8261c0a94812c52884471269fe72fce3e5	b2dc3505d65017198987c6387415d9305368a0143565457261d0df710a2d28ea	0.5235690235690236	0.48148148148148145	0.4591750841750841	0.3099757143123994	0.26326456306542	0.3092767907890765	-0.06439393939393945	-0.02230639730639733	0.000698923523322903	-0.046012227723656485
482	20261293	0	e62490795e77b9f303dc262ca8bff96f4677d3d89c0bb906795fb43040bf8ef1	a5226afccc8cf756c246b10ee1bd186aef61c771f8798167e96bdc5886282e45	0.4351851851851852	0.4579124579124579	0.33880471380471383	0.3606732511476259	0.2660769341358546	0.3428679859507644	-0.09638047138047134	-0.11910774410774405	0.017805265196861486	-0.0767910518149098
483	20261294	0	21f195eac174f727e28cfed35e3148d86de30504ad776860d6d792c249557b56	e7a2f57458fa86af59675054964fd71e0fb41577cc86c2b3b76c247b7da8c703	0.5050505050505051	0.45580808080808083	0.5117845117845118	0.3395730359590326	0.2655847762817951	0.2884724327687861	0.006734006734006703	0.05597643097643096	0.05110060319024651	-0.02288765648699098
484	20261295	0	21a40655a6593d849b3a6ac9e03a59cda28a7cabaeb96392fde8dbf373881821	67c3a30be673842a1a238a1add5092193c7453837331db1ab53e5835d65f1072	0.5496632996632996	0.4781144781144781	0.48232323232323226	0.30828269748702536	0.2598253782697644	0.3347807802622988	-0.06734006734006737	0.004208754208754162	-0.026498082775273435	-0.07495540199253442
485	20261296	0	d236253d541a007dc87965cdddf67be0c29f5df6a44097a759ac16cdef03b47e	3a33cc8ca2f6fdb598c4477aec305528bf6d06423ed4a2079bb6246a6f7e5164	0.4478114478114478	0.39730639730639733	0.47601010101010105	0.3845834817378233	0.28104084302723675	0.3177077545760679	0.028198653198653223	0.07870370370370372	0.06687572716175538	-0.03666691154883117
486	20261297	0	ffe2232e54b3bb27f14605f22d619d6282f5dbaecb0e580ee27f2755d69d4b97	e35ab860c1edfe498ba8aace9c0f34bffa681866b52a4f95ee24488868866068	0.44149831649831645	0.48947811447811446	0.4385521885521886	0.3395718968031775	0.261809908001925	0.32908255119062796	-0.0029461279461278633	-0.050925925925925875	0.01048934561254955	-0.06727264318870296
487	20261298	0	d29e801fb9d7756d713603de3743eb77eb5c9955bdf41ccbc553ec5ce7559e63	76afaf15e0f66d11d33592386034ec69f133d5c97b8950ce65551a37500268fb	0.5214646464646465	0.5576599326599327	0.5151515151515151	0.31088793577765866	0.24063835386721752	0.32199537160210373	-0.0063131313131313815	-0.042508417508417606	-0.011107435824445067	-0.08135701773488621
488	20261299	0	386a48eb31eac6524a10d07ade8ea2d9f58f7a0fa50b6223f4a2d9e954a05e41	66acde92f795be9b388801d72311cb9f1582eada0dae004318b499b43454d169	0.4743265993265993	0.5147306397306397	0.4781144781144781	0.33701129724929313	0.2615341170505185	0.31364848196729284	0.0037878787878787845	-0.0366161616161616	0.023362815282000293	-0.05211436491677435
489	20261300	0	6c1a7145ab2a37fe599dbede5605af750d07bc2529b1a697fbab45be48547563	9b87c92c8d86283ddf63ab6a8d9a871b7f336f08ea1554c57a89610e495e282b	0.49915824915824913	0.4663299663299663	0.372053872053872	0.316104404946914	0.26906702559033707	0.31474709681266316	-0.1271043771043771	-0.09427609427609429	0.0013573081342508342	-0.04568007122232609
490	20261301	0	121cfb6e74df3f4394961a722c6270212ce1d081540404365511c55a42de8ea8	6d03c348e894f186aba30bad16997f8eb6a63d9abac2f8477e693461f25aab4d	0.385942760942761	0.5227272727272728	0.38678451178451184	0.37305561834107653	0.2627311177068763	0.3165134438418347	0.0008417508417508657	-0.13594276094276098	0.056542174499241815	-0.053782326134958425
491	20261302	0	01fa9e6ebd2124f01e8e57e57f8c4bd9a4c987306a6dcfb1ad17f56c1bea3d42	b5266718375c7b697518a99607c4c1c33a2db2d18d58871cd002da7661eafe6a	0.44612794612794615	0.5551346801346801	0.4436026936026936	0.3597893572928557	0.2485023835878346	0.3359397037072844	-0.0025252525252525415	-0.11153198653198654	0.02384965358557134	-0.08743732011944977
492	20261303	0	3ac0a64f7e31b5c26686c506541894f3fcad31eaa379925719c910e0089d7229	30572b21857a3abac0c4b232d5d96d4238d3d3f91f53d9b9aa8dc55cd39722ba	0.4692760942760943	0.4718013468013467	0.555976430976431	0.36258989798083	0.2680544417912952	0.2915175755894726	0.08670033670033672	0.08417508417508429	0.07107232239135741	-0.023463133798177438
493	20261304	0	85353b406a835659305eb503361243a2e457f1da0e1aa33ffc266ec55aeaef87	6587797e15104636ece43d65a99090c1697222821014fe48c640cd5b44bacf2b	0.3808922558922559	0.2984006734006734	0.5004208754208755	0.37817934796966274	0.3036577686909176	0.2839113025253422	0.11952861952861965	0.20202020202020216	0.09426804544432055	0.019746466165575405
494	20261305	0	2641acf4e8647512413c53138c210694d886f092d95c418cfab0416eac01cb5d	a25f3f619d98aec37acd9e3bb597225e693fb28d040ba4c03f0b3d805dd053e5	0.4234006734006734	0.49579124579124584	0.6262626262626263	0.3875491451762392	0.25144953597922287	0.25741456161625553	0.2028619528619529	0.13047138047138046	0.13013458355998364	-0.0059650256370326615
495	20261306	0	b4d945ce0328b6f4170e33b802b976f5c687422a97e38ab30bda0c46c3ed3c3f	39f8dd240b8033ce87ffb69421fae92fbc58855d2bd27077d2651f2f342af373	0.41877104377104385	0.49452861952861954	0.34006734006734013	0.4152795124604194	0.25052275379566674	0.3584600580246556	-0.07870370370370372	-0.1544612794612794	0.056819454435763805	-0.10793730422898884
496	20261307	0	63b6250866e9c7e5095924b10a80ef8401216e54a227cd90a9052907e828c39b	d3f361b03b1e5e4601d38104a182e6bb7bfd630f814771baefd23de63844cc35	0.5664983164983165	0.6005892255892255	0.5753367003367004	0.29790119525389197	0.2374350534870209	0.26759937613418505	0.008838383838383868	-0.025252525252525082	0.03030181911970692	-0.03016432264716415
497	20261308	0	a31a2754eb1dd493aa4be2abaa3a6b2b8533f8432fe2d15383febb14c669f900	ae34c3901983ee18a081e39278a0f3622e51fac3e6ac13bb38faeaa732113fe9	0.5816498316498316	0.4511784511784512	0.4924242424242424	0.3203696035560624	0.26211352456540266	0.30796665970766013	-0.08922558922558926	0.0412457912457912	0.012402943848402292	-0.04585313514225747
498	20261309	0	10b940d94aa4a7a8248f05d0b229b64d99e32c06003e0de235d35b49f034935d	82ba29f24bc341fad4ba95ee1b46022d969ab065bae897bbbb404807f5e0e843	0.5648148148148149	0.593013468013468	0.5244107744107743	0.29366145106597136	0.23743164548891918	0.2942458497227476	-0.04040404040404055	-0.06860269360269367	-0.0005843986567762305	-0.05681420423382841
499	20261310	0	5767235f04c65df77cf946bd0358dc802fc25d68c39f6dd5d2bc069e4beb3514	350923cedb5fa9015d905e91bf372e7a3293a3a7aa78fc0b7d92dd76a72b3777	0.5976430976430976	0.4444444444444445	0.4583333333333333	0.2921757401301468	0.2638241833441224	0.33225878403282727	-0.13930976430976433	0.01388888888888884	-0.04008304390268047	-0.06843460068870488
500	20261311	0	9c081b0c9396ec717291c1a8f45dac729870a4b547ec82f0a41b2fdf4690c252	074af4f96de7d0cea06a4dac45c87e4a6c4943530bb3691a53d349ab1cbde766	0.4116161616161616	0.5753367003367003	0.47053872053872053	0.38907703197350996	0.24584417212211673	0.33817958637099244	0.05892255892255893	-0.10479797979797972	0.05089744560251752	-0.0923354142488757
501	20261312	0	2544ac7eaa291feec0c459370dd638433f9f07d3cb352dd7725c18566842d553	5a3cb23db1b05dfcfc26f46a3e445e27c4cecf82d1f27412556c98b07dab6901	0.3686868686868687	0.3922558922558923	0.45412457912457915	0.38276574714102796	0.278177178941945	0.30304229337053834	0.08543771043771048	0.06186868686868685	0.07972345377048962	-0.02486511442859335
502	20261313	0	c16dd43e80f5968d2594a2f1df26bae6e77d6699d2281f2c72208fdb472fa857	f8693aac0889d369a7dc06d6ab702c94bff83afe0b0a7ba68bd84a9730d95dfe	0.5231481481481481	0.5029461279461279	0.5496632996632996	0.32256466294991254	0.25123531928790627	0.29013525427145154	0.02651515151515149	0.04671717171717171	0.032429408678461	-0.03889993498354527
503	20261314	0	1bd22fe07f7e73cb27face96346802c940c0ee60f01d245b803a07b110f26b83	35502580a67e92e7375acf013287b67a62620891bc5cb5b00efaff1b21039ff2	0.6611952861952861	0.5126262626262627	0.5357744107744108	0.2596358877470545	0.26436323281052226	0.3135317104050974	-0.12542087542087532	0.02314814814814814	-0.053895822658042936	-0.049168477594575155
504	20261315	0	accb280852220f97966a33ba0eadc794dd572ccbd59a6922e7d0a888948f8d70	df18cb9aff958f44b3153bca71e40aac3eefd22cbe86812a85a2b9a087399125	0.5496632996632997	0.5959595959595959	0.5197811447811448	0.3020475204603683	0.24758350936069848	0.29612054936648585	-0.029882154882154954	-0.07617845117845112	0.0059269710938824605	-0.048537040005787374
505	20261316	0	fd560add4216b4c7f030af0e1e00a4d4e30e0c17663bbf3942a719f03352da5b	0d6ce5c068d0bf34e1913d062dfce96d58a6627c59ded1862ed28c5f025c88c5	0.5	0.5180976430976431	0.5791245791245792	0.31109264013484306	0.25748518470028126	0.26516197283664406	0.07912457912457915	0.061026936026936096	0.045930667298199	-0.0076767881363628
506	20261317	0	233bfea2a2ebe242d19e6b238dcc7567c5256678630ca03b6da29995f51988e8	6cb17f65a5cef498c50accd02cf75114c64029a09f763692d7d98d411e7c9acc	0.6376262626262627	0.45286195286195285	0.47895622895622897	0.2642562649824302	0.26561788160564515	0.29609039194734016	-0.15867003367003368	0.026094276094276114	-0.03183412696490995	-0.030472510341695014
507	20261318	0	6bff61b5b22f0fca7c225aae6b07dedb6507e73758c310c9088ac4a0cc5b2d72	382053d78b4f086e06b64ed8efb4458ebb99ddbdfe979f81cc78d68d1069ac74	0.4452861952861953	0.5277777777777778	0.5425084175084175	0.3271959039672398	0.26441723321021887	0.30255968887426954	0.09722222222222221	0.014730639730639705	0.02463621509297026	-0.03814245566405067
508	20261319	0	378dbe9562644131824cf904746687493e82e30e54ed7ac5d3b0105cbfa0b80a	0df59d7b4b0930277a37db524230f80483e215bbbbba71fd057f05cf3cbc3786	0.5744949494949495	0.5904882154882155	0.6393097643097644	0.28230973571769974	0.24453830557803014	0.2466535160781902	0.06481481481481488	0.04882154882154888	0.035656219639509545	-0.0021152105001600585
509	20261320	0	03f23177fe472c549b1bf4e216238e62e8f992acce9ff7f3e45369940cdb4591	36a83f4eb1fb92abfc9c01846ea4938ec958197caeb6ed612913714c35f1e7a5	0.5	0.3766835016835017	0.5475589225589226	0.38221133754715453	0.27904719703242653	0.2895867364083313	0.04755892255892258	0.1708754208754209	0.0926246011388232	-0.010539539375904794
510	20261321	0	a0a7dbacf00b4d7c71b7d80ca183b30e1037f62dabc9b6a028561633bbff17a9	bcd53e709a9f07c799417df50693f393a1776d8f7f43a1b3e09b099a5a7dfec4	0.5332491582491583	0.46506734006734	0.5235690235690236	0.34729165245645827	0.27511213218175806	0.28190008474387	-0.009680134680134733	0.058501683501683555	0.06539156771258825	-0.006787952562111954
511	20261322	0	5bfa15ec858f464137ef748311d4ce7edf5870113cdc1ca0de7841ea799b70d1	93a390fc68e268e4d0f910d388cce569ce8378ddf8fbc85b4d74570c98267e24	0.5105218855218855	0.5467171717171718	0.42340067340067344	0.3385141932289193	0.260629909904076	0.320468955216425	-0.08712121212121204	-0.12331649831649838	0.018045238012494302	-0.059839045312349015
512	20261323	0	af177044ceed66b4e1cb6661c6c55f5c075def32563339c5ab60343c86efca99	5099905e93323492c842cacff01ae14ebd8640193dc0b0c834ca524d7620e0a8	0.390993265993266	0.3354377104377104	0.4196127946127946	0.3804244970350383	0.26619924305975967	0.3558074322165878	0.0286195286195286	0.08417508417508418	0.024617064818450496	-0.08960818915682811
513	20261324	0	5081368fc68706b29dbeef019aa83239803be6af1262c24918613bcabd125621	e482aa44c8a2b48c2530df4c061eccb2ba25a943b4e896f348f2336aaa78d840	0.49452861952861954	0.5328282828282829	0.539983164983165	0.3051941902119652	0.265970392932324	0.29496013458301396	0.04545454545454547	0.007154882154882136	0.010234055628951244	-0.02898974165068996
514	20261325	0	f7d410ae0ef717f408baff88b64dda51241f534bc428b9cca6f1b0065a50d1a6	fbd0a0e87dca2a543d58a15475d927034a27ea147491fe2689b13670a4faeb6d	0.5168350168350169	0.5340909090909092	0.4545454545454546	0.3294111353363802	0.25458820836163715	0.306756928441801	-0.062289562289562284	-0.07954545454545459	0.0226542068945792	-0.05216872008016388
515	20261326	0	a877b829cbdeb6d9b8a326add89c28c4d72236f262b34ca7227d7a1d6218d81f	275068cb77a2a279c52d885693bcfa48719f649c34ccb77aef97356fdfd48bc5	0.4583333333333333	0.41414141414141414	0.5871212121212122	0.361376809147218	0.26237668724133406	0.2639082368047389	0.12878787878787884	0.172979797979798	0.09746857234247908	-0.0015315495634048437
516	20261327	0	1d3441c036ad8d18c8902b6391e5468b7dc7382122d7d9a745cc433927d7e929	cf7c03be4ce202589f611c460ec244c6b4bfe6fa492f3c5822720d8d98433a80	0.5669191919191919	0.36784511784511786	0.4166666666666667	0.2765350541549154	0.2635492639490339	0.30289266100164175	-0.15025252525252525	0.04882154882154882	-0.026357606846726334	-0.039343397052607865
517	20261328	0	36e810f88230cad8c817b4d547174760c45b73b976100342f6aba9294b7d4eb8	45a66eba57bb18258789a4c6949e2105022c11615eafe9d187923d3cd1400b86	0.5382996632996633	0.5744949494949495	0.5012626262626263	0.3185920489181848	0.254577267104199	0.28277359885945164	-0.03703703703703698	-0.0732323232323232	0.03581845005873319	-0.028196331755252657
518	20261329	0	764cd91611e30920c4536d57e60f5cc43e16b0e93492b6f7fe6377c7adb649c1	a7fa92433e37438b453e1565438c943a3a1af9b7efd64f702cc5991c5f5ebcea	0.47769360269360267	0.5425084175084175	0.38383838383838387	0.33037044889252204	0.2507518555967146	0.32950379078703346	-0.0938552188552188	-0.15867003367003363	0.0008666581054885825	-0.07875193519031887
519	20261330	0	3b6e7b5828eb8d7e908a76fa33447d228fbc9ab4c5ca9a790dc3cf142b4f569d	53488ef86206ae4ff0a288eef83e4b805ce6c620cf8f96518c1b1db5664bef60	0.5955387205387205	0.6186868686868687	0.48611111111111116	0.27933310951639906	0.2440171331620455	0.3154825678727395	-0.10942760942760932	-0.13257575757575757	-0.036149458356340425	-0.07146543471069397
520	20261331	0	88ca04d969670d30f161d1e5c6fd710c414778df1b3ce475325e512eade9f192	a82c4b4ccc5b4002e29e03a2a5c3f9d841f25e73b917ba486a37feb5bdfda7cc	0.5	0.5921717171717172	0.48148148148148145	0.33589777899328693	0.25315352632686444	0.3039162559327011	-0.018518518518518545	-0.11069023569023578	0.031981523060585826	-0.050762729605836665
521	20261332	0	c284db707d7e194bc6f53c9d6e86b78b8caed850e85cfa2690b83a53f533a40f	ed034ad74d58465003c21547380db4d5c2159e6d11d3605146de6ba63355e779	0.4861111111111111	0.353956228956229	0.4566498316498317	0.3718762682788069	0.2748113399183516	0.29734315297516845	-0.02946127946127941	0.10269360269360267	0.07453311530363843	-0.02253181305681684
522	20261333	0	e4659f825637f76ed7c7590a0d8963094bfd899338224ac1aaf1a0fb46aa5f81	b6d34179eb0cbb8ec93cde33d75384d3187545d97c04f3bfe06a4b0c435273fb	0.36952861952861954	0.40530303030303033	0.5050505050505051	0.41236334413405684	0.29552763959883815	0.30809571133997354	0.13552188552188554	0.09974747474747475	0.1042676327940833	-0.01256807174113539
523	20261334	0	8e78f0767cfd7ff2ab912116320ffa6ec3152d826e0e78a279726d162b1a18d1	76b698e9a64472fd9130a5d2b3999e1df93dc72eae981a76844f0b70a353e744	0.5530303030303031	0.4553872053872054	0.5324074074074073	0.29279545641208204	0.2643275407958394	0.3296201257572955	-0.020622895622895765	0.07702020202020193	-0.036824669345213445	-0.06529258496145607
524	20261335	0	623e7c2f478f0af3adbd58bcd4b729c40f1207e15254faeee149d01ebecda831	86316073cdc99d9dfa523037ffd702e39c7630bbdeb661442a6f85c1de36a47f	0.5673400673400674	0.3846801346801347	0.422979797979798	0.29067693909596076	0.2849794421333116	0.31937444360225237	-0.14436026936026936	0.038299663299663333	-0.028697504506291605	-0.034395001468940756
525	20261336	0	da8736897852811790302c49c216cbbf162f93bdf3dbf8580db7efb7747002a8	db0264c76db58688f8d2ee064c40b79e9021143b9f29362ee2ae47f9dc69e424	0.46212121212121215	0.38425925925925924	0.4297138047138047	0.35853763259872345	0.2808231658893638	0.3444058031942478	-0.03240740740740744	0.04545454545454547	0.01413182940447566	-0.063582637304884
526	20261337	0	9f543b7c54ef021df9ff4fbe2733f3080cbed4cc89c054455d86fa967cc4093b	1cdf5740d3a06a72fb6836029a7d55fd294616eebea56b705b8a5cfdd1643519	0.5008417508417509	0.5580808080808081	0.5740740740740741	0.3538581906349462	0.2550895561032564	0.2678215055264804	0.0732323232323232	0.015993265993266004	0.08603668510846585	-0.012731949423223976
527	20261338	0	4cdcdaef098503ca72aa59662b764d62996fcc30d01fa507ddd31ca249950510	e2619045455d3cb2d9da468a4d1cf6d3f211f5837d1291cce1387cc568ef2150	0.5441919191919192	0.4183501683501684	0.5984848484848485	0.32730284209394805	0.26678339717534455	0.270202858243701	0.05429292929292928	0.1801346801346801	0.05709998385024706	-0.003419461068356444
528	20261339	0	252374c911b51a1c26ba6621973596ee0536e22d0f26e571a0a701e9a790f6bf	f464a328a17f7c47139f7fd3f225e2f2bde57a8b905ded33ab0a7a7abc6f93b7	0.4692760942760943	0.43813131313131315	0.46422558922558926	0.32259094002135685	0.2643142768713492	0.3201872822287086	-0.0050505050505050275	0.026094276094276114	0.0024036577926482283	-0.05587300535735945
529	20261340	0	ae91b83bb1fe70f0edf2aba74539773a48eacfaaf203119369a85784cb498690	af3b891a5897cded178cd4b74ab4a6791e2846575e267cb079d6f5c05d02b9de	0.563973063973064	0.39520202020202017	0.46759259259259256	0.2997963574690619	0.2683175166554624	0.2944050850184134	-0.09638047138047146	0.0723905723905724	0.005391272450648521	-0.026087568362951008
530	20261341	0	e86486e67d33e472ede97c7be303334a31b6f3520b1bd5ead30e8568f4da0025	dd9cf1ca1d404452eed1464e9546735f8f07ef17a29d28935b0870198b415ace	0.436026936026936	0.4259259259259259	0.44402356902356904	0.34378666630399984	0.28471516847985645	0.3005280857393254	0.007996632996633057	0.018097643097643168	0.043258580564674465	-0.015812917259468928
531	20261342	0	c5969239c4025263bb06baa62919a6f0588509bdb0851b3df1a585e5f8807dfb	a81a30cc62e4ec2cb18ce42334f781d0fa72dfe06110a932ceaed7f3ca640a6b	0.5172558922558923	0.4356060606060606	0.4898989898989899	0.3462926471786452	0.2828400278777479	0.32796958796807957	-0.027356902356902413	0.05429292929292928	0.01832305921056565	-0.045129560090331644
532	20261343	0	a158316edde189cca998c518585f8e30fb392d1650db36d4509d97ee3985b6db	6998d79421566e5c9849747c5968f0264bbca7bb8ffd4898424e3d42f45d8db1	0.39814814814814814	0.4116161616161616	0.2748316498316498	0.3763781320591187	0.27081331245332674	0.3696985919457259	-0.12331649831649832	-0.1367845117845118	0.006679540113392779	-0.09888527949239917
533	20261344	0	2bc8ad2305541e0f4ee14dfbe5c8fa3f52821c8c93f96c882fa026ad25fba09a	a430f931af7fcccaf321b64a209a718493aae73d03d3ad596398f29aee80df7c	0.4966329966329967	0.5004208754208754	0.49915824915824913	0.330264292971355	0.24815399393768298	0.30061587045359867	0.0025252525252524305	-0.0012626262626262985	0.029648422517756345	-0.05246187651591569
534	20261345	0	e4a44bd7cad27d37aee9703499f8e5b3d3383e86a705b5ff0aa474efedc72677	7580db6791ea28cc97dcb318e2ea0c058cb44e4d409f641d2cfeb34250b6217f	0.4271885521885522	0.393939393939394	0.4225589225589226	0.38383375078253595	0.28665033907513465	0.31137139478775316	-0.004629629629629595	0.0286195286195286	0.07246235599478279	-0.02472105571261851
535	20261346	0	cca5dc32672897713f1e959321cdbee5e2cb77a203e70f3efb96e8751fa25850	cc3c993280aaec9e43dcb123636988e1acb5ee075d49c77c60b4b8d332ed9081	0.49621212121212127	0.4225589225589226	0.5837542087542088	0.3240295217503668	0.2828851679156739	0.2683202271037782	0.08754208754208753	0.16119528619528622	0.055709294646588636	0.014564940811895744
536	20261347	0	d4c7c6dd2e2d6bcac87b7a797baea1bd939b8da1bb0477952bc64c61c16ff5e1	013186d94526defa23cb40175ed2686928a54e5eca3e7d1ccd6bc1f804ac7ffe	0.6241582491582491	0.4966329966329967	0.5984848484848485	0.2760895326649875	0.26069002312029804	0.2829207749539138	-0.025673400673400626	0.1018518518518518	-0.0068312422889263424	-0.02223075183361578
537	20261348	0	bdbd52da152c0ca8768285694a000137aedee986df66e5fb66882b3c6dc578a5	5141f912ee6f0bba74297c5550216ef84f65e3043754df4c0dfc96adfdcda883	0.32154882154882153	0.5218855218855218	0.561868686868687	0.427753683887623	0.2591675555356001	0.2695948824913102	0.24031986531986543	0.03998316498316512	0.15815880139631283	-0.010427326955710081
538	20261349	0	657732e6adf2c29b3ca869634743cfd444c97f2a2b365dc51e5db3bc49d4d191	e972ba24a1a6f72263c8f2223465d4149e77e3a43ab9515223453baed7a5fe40	0.3716329966329967	0.45412457912457915	0.4671717171717172	0.3857975104745604	0.2692629495393882	0.3336084153201136	0.09553872053872048	0.01304713804713803	0.05218909515444681	-0.06434546578072542
539	20261350	0	289418d11e51f4a269527672c52c1020a75050d32489fe246598fd3eaac09c06	ee3dae32d7f3e01da22c9396d2a5bf3867520eac38d94099e01907ace2b66495	0.4318181818181819	0.5117845117845118	0.4537037037037037	0.34840875509697344	0.25686798238786207	0.29409245960224967	0.02188552188552184	-0.058080808080808066	0.054316295494723776	-0.0372244772143876
540	20261351	0	598146b2c33712e807f52399747023d348b3563a984b80f67b5f4107ed609463	b853f10abb97f7769902d459f24d9d4c7b1a308a1e384644f70a4ff3e678feef	0.5530303030303031	0.5631313131313131	0.5770202020202021	0.3226467407883819	0.2620412000521741	0.278033031605226	0.023989898989899006	0.01388888888888895	0.04461370918315588	-0.01599183155305195
541	20261352	0	8ba7ee2ec6e39afd89e35c8d8918e6ad6a071fbe3d4a54bf6e78296f875224d7	6bfd96d55229f1cab52281c7c7d87d93b384bfc7cb37bba8dfdfa4f59751714c	0.4103535353535353	0.5168350168350169	0.5012626262626263	0.38952864217505173	0.2536023719907838	0.3267395486047833	0.090909090909091	-0.015572390572390571	0.0627890935702684	-0.07313717661399954
542	20261353	0	91fbab516f6de03c3db020a314c57d7a20df06d952c12934c9011bb0c8209758	64ae9ddcf64f19c621012bd0eaabb855469f19d6abb447e4e166ce6e89cd42fa	0.3838383838383838	0.5328282828282829	0.42003367003367004	0.3775062217674197	0.25177114182275845	0.32697385641485704	0.036195286195286225	-0.11279461279461284	0.05053236535256267	-0.0752027145920986
543	20261354	0	0865dc570a09da67e5784fb97689b52469011524d23151b59995f0649ca24779	f3ccdb05aa9e905b8f4f71c86da43c1724dc96b72afb8093732285263c5d6189	0.3716329966329967	0.4044612794612794	0.5197811447811448	0.40994563370192266	0.27447531635791567	0.3042076780499305	0.14814814814814808	0.11531986531986538	0.10573795565199218	-0.02973236169201482
544	20261355	0	8e3ee3e03b3799c64914e82d1ba7acb74a3e9a8223ab8023d0e8f286697b057b	8a980657f7a45d7a478bc68da72426f846012282e604c9f33386de15fa50d291	0.6325757575757576	0.7386363636363636	0.75	0.2731405675517767	0.21076941936009794	0.20945173132889164	0.11742424242424243	0.011363636363636354	0.06368883622288504	0.0013176880312062988
545	20261356	0	9711d8ec7bc471dc07b06fb5ff8e7116c64e90e479bcccfeda2b2d5095566791	eceee1ba4d8f085e10404dee4868e1680ee8acb897cd85c7432a2a5b5306afe1	0.5239898989898989	0.5547138047138046	0.5753367003367004	0.32707770985050627	0.25618726434566724	0.26934568004272025	0.051346801346801474	0.020622895622895765	0.05773202980778602	-0.013158415697053005
546	20261357	0	7c72b3eada74c559af184b48403e5074c45a36445d1c4b9f4ac0ef13470ddd05	3ee6054371e828375b673693be9f159c36676c80ed4e9201ee77e528a9e3af18	0.6296296296296297	0.4158249158249158	0.4793771043771044	0.29714866565861026	0.2716187380976371	0.31822398423540044	-0.15025252525252525	0.06355218855218858	-0.02107531857679018	-0.046605246137763345
547	20261358	0	d2b4fdc578c48d21e147586e0d2a583b4ed10bef155abd8adcd9e1f789744ca6	c0972c958dbe470efe78fc5b83aadb237ba008ebe6e0519700c51d6d73db312c	0.5547138047138048	0.5669191919191919	0.7546296296296297	0.3208373301834242	0.2538538378057298	0.21358515715160778	0.19991582491582482	0.18771043771043772	0.10725217303181642	0.04026868065412201
548	20261359	0	b17f4a718f74f19dca4c666588a4d2e7ae1dccca6b3918ea7dc16538fa21a1f5	4f05b4722be08cd7f9f0a60939b7a70e18437233ebbf2edc62e29bafd8387340	0.6805555555555555	0.6439393939393939	0.45875420875420875	0.24292915127623815	0.23573434567689625	0.31763677216529235	-0.22180134680134672	-0.18518518518518517	-0.0747076208890542	-0.0819024264883961
549	20261360	0	9364e199aa5bb3dc34a889142b5c65f87f40fd8d5645426ea9ca7f84a903b83b	b4e8a75c66317fb9196367b3aa7eab5396a6e552b68fe5d1d06c0d174696487f	0.4398148148148149	0.43686868686868685	0.48021885521885527	0.38711299868856336	0.2718346116064333	0.31558656725973955	0.04040404040404039	0.043350168350168417	0.07152643142882381	-0.04375195565330625
550	20261361	0	abade51af57e636581d2783a481a00327125f47f68a139e82f5c90f573437b83	842548c374ea4e6ff18eff50b077b9162b6f721a3bfaab96033fbed40c5da624	0.6835016835016835	0.5993265993265994	0.6940235690235691	0.2527684580015181	0.247110569782112	0.2309432621531248	0.010521885521885599	0.09469696969696972	0.021825195848393292	0.016167307628987188
551	20261362	0	eb6c135adecd15bb7076811a750e91867eed971045063326b9e13377aa3ada2d	9cdfc2c5fd3135715b814247401bbf94627bd89099164721bce0ef8f947c432a	0.5223063973063973	0.5050505050505051	0.63510101010101	0.3182288590005002	0.25611202977489084	0.26974385540518947	0.11279461279461278	0.13005050505050497	0.048485003595310716	-0.013631825630298633
552	20261363	0	df2ad6bbc96c2bb8a89564f7486e0c6b0470b3618b1016c1463da63d34225aeb	40547c6de643124917aad799df9f037d387642184c49337e663c88226c552d29	0.36658249158249157	0.44612794612794615	0.4486531986531987	0.3897382590263152	0.258713267507143	0.334388890819367	0.08207070707070713	0.0025252525252525415	0.05534936820694819	-0.075675623312224
553	20261364	0	932079100fc3bdd2be9b018411474184c29c3debe280c5b99e6ca2f7d6659fb7	6002bdbfdfede2a56f612722122c86ce212fae09494f52c9fda3fe0860673b74	0.48400673400673394	0.5875420875420875	0.47685185185185186	0.3292939572847106	0.2540035283017865	0.29639569618534517	-0.007154882154882081	-0.11069023569023562	0.032898261099365445	-0.04239216788355865
554	20261365	0	bb5dfe03d7150edd8a92afdb73fbabe732f9ab1529bf93a682bced70fd49b2b2	9519d300ded9add65f9da20980b851d007ce38ba757b7c339a07e1aedc5a3b55	0.5164141414141414	0.47222222222222215	0.4566498316498317	0.3304855434113165	0.2657147398903996	0.33534437133808487	-0.05976430976430974	-0.01557239057239046	-0.004858827926768394	-0.06962963144768525
555	20261366	0	c368ffe2b7f8a73caf18e2fea19eab0b7275096e6b0c86965e39ca1f77868bf0	631ca9e1dd1db45212e632e6386dcd597d5d124c4c38dc634ab6f598d294ab72	0.611111111111111	0.6005892255892256	0.5753367003367003	0.26320683112701954	0.24693141364972115	0.2948458729894059	-0.03577441077441079	-0.025252525252525304	-0.03163904186238636	-0.047914459339684745
556	20261367	0	91c8b0ee367cc75e5b1d3b54b581ca6ce7fb890cd43e7e3c40026ca3982f8d4b	48723b00e176e42f27b770b731e86177bfaedd858539eea4ebc06dffb73f4411	0.48695286195286197	0.5332491582491582	0.36321548821548827	0.3232850220352727	0.2660921043547096	0.32813062880169425	-0.1237373737373737	-0.17003367003366993	-0.00484560676642154	-0.062038524446984655
557	20261368	0	de53bb3d8cf6554a52f849c6c9e7659436439b716031d4a4a100d0b0f8525ed4	d83b36454dc04cb6d32a7803ed5ea38a920cfd40ac13006f22d53780061810af	0.34006734006734	0.36952861952861954	0.40277777777777773	0.4028717732651506	0.2776503165201279	0.32869347553297806	0.06271043771043772	0.033249158249158195	0.07417829773217255	-0.05104315901285017
558	20261369	0	81bdb89658773b63fa5672cb59a50b0291a771f22b9dde0d670b89537b1f8b82	3c7712a312c53e712247e725b28e92998e58dda6283b2036c947ec43236eb639	0.42845117845117847	0.5109427609427609	0.5063131313131314	0.40089528354199677	0.2519694440955185	0.2881220131010994	0.07786195286195291	-0.004629629629629539	0.11277327044089736	-0.03615256900558089
559	20261370	0	a844b9b41351e39000ecf0d16d62577357e3fe89d257cad8ccf08f9df9371be4	dbe98bf86d768d55cadca5b85e80a375749ae847dd46d2642dc91ed8fad2369b	0.5008417508417508	0.5071548821548822	0.4406565656565656	0.32328927837228305	0.24708510173812112	0.30073347870369216	-0.060185185185185175	-0.06649831649831667	0.022555799668590892	-0.05364837696557104
560	20261371	0	1a20b63a7f2b14510b0a6db3cf57ba342e73a9fc6106187263cb751ca7096bdf	3c25ce6a3f7a7dff896a359c63e9c74927bbaf875967bde6325354fdc8829cb7	0.43813131313131315	0.563973063973064	0.35984848484848486	0.38817184910435776	0.23912763734351805	0.34763567316302524	-0.07828282828282829	-0.20412457912457915	0.04053617594133252	-0.10850803581950719
561	20261372	0	d03ebfc8ce51fbf5a7b4d1c7aa193fb7fddb707446cede6685f914a31974d9f5	8197fac13add603ece6bbb1126a040d69b51cdac0e474b8a62180fddaa8d39d8	0.4023569023569024	0.3173400673400673	0.4806397306397306	0.3776481114137351	0.2766405010133535	0.31908929032201483	0.07828282828282818	0.16329966329966328	0.05855882109172028	-0.042448789308661306
562	20261373	0	ae99b82d2d5ef6b0b54d5453697a7d1ff9540a81969847a3984cc89c6d9cab6f	959e2c2b6871de75317c35400653815381fb244df6b4c62d81db2870fc300832	0.5307239057239057	0.38973063973063976	0.45286195286195285	0.31296285054719303	0.2804640700811421	0.3195899534627262	-0.07786195286195285	0.0631313131313131	-0.006627102915533145	-0.03912588338158407
563	20261374	0	cd5cfa1e21d77a5b3a20996825b9a02ed956660ffdd676fd0187f9b034223cd1	4d4ef1f980cb420d95d1a18e7741c19f595ec26d77f7b50f0856182c71f1eb79	0.5538720538720538	0.4903198653198653	0.42297979797979796	0.30146273071024116	0.2675741921938402	0.30099610972744295	-0.1308922558922559	-0.06734006734006737	0.00046662098279820485	-0.03342191753360274
564	20261375	0	830edf21f8877618aa14ee7116129a31c960983a1930730db4c642f7292fc38d	62b221be90d2b35443de784ce1a8d61d4c239051d657cd70ffbbccaf4e0c0009	0.622895622895623	0.5913299663299663	0.5404040404040403	0.28597237263778535	0.24611882412595776	0.294000177491408	-0.08249158249158262	-0.05092592592592593	-0.008027804853622644	-0.04788135336545024
565	20261376	0	4a56c3eb8dfbf732572235dc7fbdcb8c63eb87a54d2d5c011e57abcf3e8f78ab	a9c33454134901ad8b1f0472cd5642548f8e55ed29ebe5575a221687d6922104	0.27525252525252525	0.4726430976430976	0.2908249158249158	0.4187561735149103	0.25225668244572347	0.3755089525646975	0.015572390572390571	-0.18181818181818177	0.04324722095021277	-0.12325227011897405
566	20261377	0	d51554076ec687f7b156ea52132bc41c2cec7c8740f20111ec3bb1d697c7ea5d	44adc59018883613e45fdbd5b7a597c50e8eb60b2065d1f5f2427a41037e6bcb	0.561868686868687	0.4806397306397307	0.4966329966329967	0.32266244617704365	0.26171398816195657	0.2829287601277548	-0.06523569023569026	0.015993265993266004	0.03973368604928884	-0.02121477196579824
567	20261378	0	c599b15e06ea8be78b53e8589f6aaeb933ad7a5adb027a1a9790fae19d3953a5	9d1273092ca9af2fbe2d44166f0f10741fe4d537c3d2ac200d499f6a4b7837c4	0.5888047138047138	0.4793771043771044	0.46296296296296297	0.2799186744971302	0.27447871202952906	0.33000282323972635	-0.1258417508417508	-0.016414141414141437	-0.050084148742596146	-0.05552411121019729
568	20261379	0	350574518c75bdd6e6f78eef95dbf61bd7fdb035cdadba800824b2b5382ee5ce	1df88a710ed7b08dc3d0d6dd66bbf165fb4ad0b541faaa8eb4b1b1c44a4c4e72	0.39057239057239057	0.39604377104377103	0.49663299663299654	0.3418730662855179	0.28318731110356393	0.3094805916180053	0.10606060606060597	0.1005892255892255	0.032392474667512605	-0.026293280514441353
569	20261380	0	5bed18b7a08a95ffd246721da4200f65fe0051dfec06559a97527bca11966ce8	e10c22e2ce1c35e7eab61dd0c4a6e34159e30dbfd2e9f6f13a3793e5c0891089	0.6203703703703705	0.5227272727272727	0.46001683501683505	0.29912101238633954	0.2486695615732797	0.3159358561519859	-0.16035353535353541	-0.06271043771043766	-0.016814843765646348	-0.06726629457870617
570	20261381	0	c4cfbbab5c71c318e0fe1c96d43715c24c5aa1b59368968ba6451dae7b581b40	78fd226df09c10bfecd5b6051279b894180a251b703bd8ae81ca7878f608b0fa	0.6338383838383838	0.6102693602693603	0.5681818181818182	0.2803170770195455	0.24008159347135982	0.2722490907093375	-0.06565656565656552	-0.04208754208754206	0.008067986310207997	-0.03216749723797768
571	20261382	0	f116e1ae8e78ad2e876b0dfc7e3cef24bf2cd60f81dee2539ec03cd5aba1cdc8	15754f1c734f842b724556a71145ddd0fb89873c20a2559f35f385e20f434481	0.5235690235690235	0.43097643097643096	0.5509259259259259	0.30761269746013387	0.2714230777556489	0.28729924187978323	0.02735690235690247	0.11994949494949497	0.020313455580350637	-0.01587616412413434
572	20261383	0	a8688377cbff5ae5bddd0fc322de79c708f0de2850a676392a245d859f818a09	3ede92f753c059ecfd6d7b3fd68a20fb851147363249ffb23ca3f981666615b9	0.5260942760942761	0.5462962962962963	0.343013468013468	0.3280960753905082	0.24396353765203208	0.3687633099445898	-0.18308080808080807	-0.2032828282828283	-0.040667234554081555	-0.1247997722925577
573	20261384	0	74642e011f32600211ef091b62a2215afb61f7a1deab8bb97178c35c82ab68fd	dc2244191e67cbc4384a60cdf1e3fc798fef2832afb0c9ff16c386883f47c7aa	0.7390572390572391	0.7310606060606061	0.7121212121212123	0.2228408177495377	0.21878096109817177	0.22591952399599177	-0.026936026936026813	-0.01893939393939381	-0.003078706246454066	-0.00713856289782
574	20261385	0	7b3cbe8c61ffe24abffc736c14862426f359e02fcd1c26edbacf68ecada5e487	618fb85644a35933a26a19f22ac92b0759567c00699840b14fdad53f345a065a	0.5471380471380471	0.4086700336700337	0.3930976430976431	0.32875999050026244	0.2821760544193049	0.34639585414590135	-0.15404040404040403	-0.015572390572390571	-0.017635863645638905	-0.06421979972659647
575	20261386	0	2fcbe8d312685d70b6ea0e38d61bc1148ce731185bb57ec4e6d1f8c8d371b180	0e16d6976a428e9cd7389e2a0ecc75e2d061b4973c65144ff32a7faab2002c40	0.35606060606060613	0.39351851851851843	0.4877946127946127	0.4074360418697139	0.27819588309375376	0.31622876804560685	0.1317340067340066	0.09427609427609429	0.09120727382410704	-0.038032884951853085
576	20261387	0	6521193dd48ba700c90dfa00d334a9567eadf2fa2ee09524149aa527c470adb7	4c125b19db526381fd710981fa176f4d397526323b3bec7ac0fdcd87bbd19372	0.3973063973063973	0.32575757575757575	0.4461279461279461	0.41587935041545093	0.2772329296213705	0.3225908258209856	0.04882154882154882	0.12037037037037035	0.09328852459446535	-0.045357896199615055
577	20261388	0	4ae3850769fc1588e86f3ae7421c675788c3b4da8d7ad2b3c8baa6ab259f04b2	e43342eee1c02483fb5efc79e85fea48224f9fab6b5703023f9164c3ac6d96ef	0.38299663299663295	0.37457912457912457	0.3181818181818182	0.39819108876570347	0.2786770098174601	0.35171734353341405	-0.06481481481481477	-0.05639730639730639	0.04647374523228942	-0.07304033371595398
578	20261389	0	245ea6987bf09b8da772eccee790209dae1342a9b93d09849d16fd974aa9b2d3	8d14cac5836fd6e51bc98ba0b84fd931688553b839b2d650da1eb3026e413a34	0.6742424242424242	0.5753367003367003	0.4553872053872054	0.2546321954001683	0.25200671714011486	0.32174556274657	-0.2188552188552188	-0.11994949494949486	-0.06711336734640172	-0.06973884560645516
579	20261390	0	75573af1d98a4915660e0369f9076ef5f425c736abc09e2b2f4c329c19d31e2b	17b40efb5142439db3d4b6acd28543c78084238f22c2d5a1b15b94db8ed3c0a4	0.4461279461279461	0.43602693602693604	0.5585016835016835	0.3559526534301068	0.2624463022058377	0.26691097193491425	0.1123737373737374	0.12247474747474746	0.08904168149519254	-0.004464669729076554
580	20261391	0	83dadc0993c23fda849232232cae4c5476c1d1b6551832d9b871ef43928de64c	1386fb6d8b1b281da201782935713d025cb47a90ddca392c09bfb7a60ea67207	0.37878787878787873	0.3489057239057239	0.4385521885521886	0.40421179830676696	0.27914856374134717	0.3341065792054105	0.05976430976430985	0.0896464646464647	0.07010521910135648	-0.054958015464063315
581	20261392	0	0c692f953e77359cd35534d96247b2b3b09ed1e6aec3d351ed77e8b077d8d65a	46f64ac1f2cea5ce2742cc2a7c7616ec6b478b59f5e20fd2ee6dcab58fa6b5ff	0.5353535353535355	0.5042087542087542	0.36868686868686873	0.3146082860257832	0.26060463508538056	0.3160955046830825	-0.16666666666666674	-0.1355218855218855	-0.001487218657299283	-0.05549086959770194
582	20261393	0	5f566c103790e370ab32264567c4f5fcc5c8d4b9482ff8d4ff0a7187d26e71dd	77347241cfaed987944377a8c5d96538ef6a2bd03bc6b3f9276c8a8f73ac0622	0.452020202020202	0.42845117845117847	0.47895622895622897	0.35467306822675043	0.255135201635213	0.3204494412189433	0.02693602693602698	0.0505050505050505	0.03422362700780712	-0.06531423958373028
583	20261394	0	ef07a344cb539ba272549a97cb8217849c07657d10bf7539f4570dce4cd230dd	5117d7fabd8383c325afdcff0703435959cc979c46bd78adc7f7c469e161bcfa	0.4861111111111111	0.44149831649831645	0.35942760942760943	0.33582805358984674	0.26668608293367957	0.32514522694561004	-0.12668350168350168	-0.08207070707070702	0.010682826644236698	-0.058459144011930475
584	20261395	0	a7b6bc9a48aa9b302f2c67cec67933e44e873f8043c2128b05b6d951462c3203	2f5eea1694cfeaa735695abe999dea3c9f032337b46045379497cc9789c51288	0.6338383838383839	0.5740740740740741	0.5416666666666666	0.2671993729861043	0.24293527093408293	0.2766769133495221	-0.09217171717171724	-0.03240740740740744	-0.009477540363417802	-0.03374164241543917
585	20261396	0	76f13eefc06c6e187e072e1f99b77e5e83c4b1435a0333573706deb7874729e5	301baa8ee734653c549a6fc20cccb0bfa3f68f078a1c8638845ff4fb1371acee	0.4877946127946127	0.5	0.4667508417508417	0.3247417376089923	0.26816804332870237	0.2955013329467138	-0.02104377104377103	-0.033249158249158306	0.029240404662278452	-0.027333289618011458
586	20261397	0	1d7014b539d99a81ac036bdd4c06ab6c744bed0e4ef093c176e61ffcb16a7348	92eecc2d68e47d828f486af60f51e0d781f73e05aef6a399c5bcb8e7bdc356ff	0.4393939393939394	0.4036195286195286	0.3274410774410775	0.3602269787530806	0.27312911382164945	0.3816248668964708	-0.11195286195286192	-0.07617845117845112	-0.02139788814339022	-0.10849575307482134
587	20261398	0	a3b0ef33c683fde0ac25a3c379832d0760f9a5afcb6ee574e67656c8d473ad21	15f25d6cb088e17e819c5a76de967b900642a024f9a99669d5519689d6d6b8b2	0.46506734006734	0.38678451178451184	0.4903198653198653	0.34801212725823144	0.2751386584978243	0.29641422480331375	0.025252525252525304	0.10353535353535348	0.05159790245491769	-0.021275566305489435
588	20261399	0	db869b7a7ed76c43356306ef9c581d5f891fb4ac086237069113c2312756de76	5c40b137ce5c157fd39c54404687965bd19056f5590e930c93f6f3fd2a019675	0.4132996632996633	0.42845117845117847	0.42213804713804715	0.36502284078021646	0.2750120492617062	0.36434978165079585	0.008838383838383868	-0.006313131313131326	0.0006730591294206167	-0.08933773238908965
589	20261400	0	b6219cf0fedcfb6e1362e166f5784052eaddfcf95e66ce3e52286b286d700af5	d7ad40664502a2194b217c4c7b754c31076e7d3e614336e9eede98a53a1e1695	0.5500841750841751	0.5635521885521886	0.473063973063973	0.3213303660758279	0.2413399382484833	0.3119536865764695	-0.07702020202020204	-0.09048821548821556	0.009376679499358387	-0.0706137483279862
590	20261401	0	3561dee39a6a544e0588467c2abbf62886b69b289e3ab03af03fd624a6313da9	4bea0736f78ed3b3c046f1757953e4775ab9098ec4b93186e5c4fcde2d6550e1	0.5134680134680135	0.5029461279461279	0.3985690235690236	0.3233241079190768	0.2543252195898827	0.32929287368426285	-0.11489898989898994	-0.10437710437710435	-0.005968765765186068	-0.07496765409438017
591	20261402	0	81cdce06668e9aa124cd9e765784035eb0f937bb75005834e3ed979b3ea8bc7b	284fb21a1d9a9e2704d22e47e94433d2c07465227107faf23e966fceb4d306e8	0.6005892255892257	0.6595117845117845	0.49957912457912457	0.2856718876644698	0.22727248031943645	0.30573952977030866	-0.1010101010101011	-0.15993265993265993	-0.020067642105838834	-0.07846704945087221
592	20261403	0	97822144574c320e6d35c87d1a56d8d8fe3039bbe418141d7c1a12e7288d8061	453e462ec65776c52765ab3055671ebfa7802bd5855ab8068e1dc232eeeff988	0.5075757575757576	0.46632996632996626	0.4305555555555556	0.3439616892594219	0.2620606848347404	0.313621256237055	-0.07702020202020199	-0.03577441077441068	0.030340433022366886	-0.051560571402314626
593	20261404	0	6ff70fae64f9cb749fd73338dacb9426807b32cbc9fb4013554add3bc5173149	e38b9212a489e1a6488790432f8070fc57ab6db78e7007b160e828e1537763ed	0.6069023569023569	0.46085858585858586	0.42213804713804715	0.30415169536834846	0.27172650761377554	0.3250852477177495	-0.1847643097643098	-0.03872053872053871	-0.02093355234940103	-0.053358740103973956
594	20261405	0	bbcc8b5c091c8c4c2702c0444f157da7a7d87b3c077a6906f4b2577b120a2afa	f3c3a1f7788925283919dd04a4666ece49229ba6697444399e5b0c813e86b8f9	0.6241582491582491	0.5530303030303031	0.5126262626262627	0.2754413890254139	0.26085241158412525	0.31874906742208436	-0.11153198653198648	-0.04040404040404044	-0.04330767839667049	-0.05789665583795911
595	20261406	0	38d3fab682de217acde0197f6514292abe0d2443718edb0e6b912d3f9ca563ba	f9e75d5ae46ada65a60ee6cc58f7c5fef4384d16f7a6d9daf8eaed41f534f79a	0.38888888888888884	0.4225589225589225	0.4238215488215487	0.383378261481161	0.27507966748678303	0.34951425217266446	0.03493265993265987	0.0012626262626261875	0.033864009308496534	-0.07443458468588143
596	20261407	0	cee4bf039829526edecf0e4105d67af0f3c14eb5fa5eb48050c93755749d5a5d	92053c885b3fea3c4b0edf96c5ce4805d902d598978ed5eb807479cddff34d99	0.6342592592592594	0.3762626262626263	0.3792087542087543	0.25179157079664743	0.2832076186442567	0.31847979899779516	-0.25505050505050514	0.0029461279461279744	-0.06668822820114773	-0.03527218035353846
597	20261408	0	32bbc5f03fa1b220c7a97a61600e9e37f2c3ab2cb1d337f99c21a7cfb7dd2b17	7522dccc38b8df4e0bb7650d76be5778354cda120a1b0b88bf5017e80b0726f7	0.49915824915824913	0.44823232323232326	0.48190235690235683	0.32265512214669445	0.2676284840120578	0.2890786586915826	-0.017255892255892302	0.03367003367003357	0.03357646345511184	-0.021450174679524814
598	20261409	0	de876cd0975e7220f3baf3e4210624ed548f216ae00e9167aabf28bf141120ab	0621cdcae03248119253bdc399027315a806e2928e9e35dabea8c353663eb99f	0.6064814814814815	0.5837542087542088	0.4877946127946129	0.27818175482256646	0.2455141501966359	0.28201768144834777	-0.11868686868686862	-0.09595959595959591	-0.003835926625781305	-0.03650353125171188
599	20261410	0	f5c44ac51c2830eee07e5a4c46b3ed75c200df001c5080c88f7b18181f757325	69380921f292a3edf668d154bf5e4fa015d848473f65bdefe0f827a29b6a3bfd	0.6026936026936026	0.4764309764309765	0.5050505050505051	0.29274049240786143	0.263657972612976	0.309080946813809	-0.09764309764309753	0.0286195286195286	-0.016340454405947558	-0.045422974200832966
600	20261411	0	c0e83fc2bb008f82d8f9260ccfd4b68ae376eeccb773eba509a004ee855623bb	3f55996054ebd52842ba613e9d25c5f654e7eb7a0c0892dff65b41bb9af0bd0d	0.4179292929292929	0.4137205387205387	0.30513468013468015	0.38936904508580855	0.2858128270731772	0.3871418203382821	-0.11279461279461273	-0.10858585858585856	0.0022272247475264573	-0.10132899326510492
601	20261412	0	785c42a852b09f814a861cedfb3b6ebcc5d7eb993c4b3bc4eca259a5425510f2	f0429894eda53c80a5fd2e90722a11f57a106e34c6dbc9e550782bf71dfac403	0.4170875420875421	0.5433501683501684	0.5113636363636364	0.38821192890235406	0.263497049330045	0.3068028482863135	0.09427609427609424	-0.03198653198653201	0.08140908061604057	-0.043305798956268515
602	20261413	0	aaca30275db261acc47ddd3160c0a83cc00105d5474f7b344542f94070b5de3d	b5f6c14715d7f8f60f17fbc5c42bf00af745867352a207df622eb4db0374fb22	0.5084175084175084	0.5092592592592594	0.4983164983164983	0.3474368288682486	0.2438360727978547	0.28420543803151704	-0.01010101010101011	-0.010942760942761087	0.06323139083673157	-0.04036936523366233
603	20261414	0	295cf2ad2766567214fd8f18bc28b9b0c50b70d15609557874e634902ddfe37b	4905fa28921682a16645048fc09044193120a1dfefe3456c6ad29073d4fbffa2	0.5079966329966329	0.4065656565656566	0.521885521885522	0.32140005038767955	0.26352566908915215	0.2956274849407872	0.013888888888889062	0.11531986531986538	0.025772565446892326	-0.032101815851635074
604	20261415	0	1cce25cc3adb18d8dcc205d20d3fec85a0eea3b8165d22451dd893e1b2d17752	da0c3a6b24e16caae511b0f6034925ffc26f137763a13c9e14bf62f299d5eee7	0.5391414141414141	0.3985690235690236	0.4406565656565657	0.29624084745449286	0.2855982626385569	0.30152525974018723	-0.09848484848484845	0.04208754208754212	-0.005284412285694373	-0.015926997101630314
605	20261416	0	f003f52023ed63139053387e96483dfd7ee86a29c44488d6d704cfa5adc5551d	2d42bb9849c908f4ac2553f710bac2ea5d3d4a1200b667899c6a7c03d3a61718	0.49705387205387214	0.5164141414141414	0.48526936026936024	0.3376407073882466	0.2604986263610486	0.31251418600567143	-0.011784511784511897	-0.031144781144781197	0.02512652138257515	-0.052015559644622844
606	20261417	0	d4bd334d377134708fb03642e3a8a5f94ff9fce0c90d5ffd4fda764110523c28	7160c260f01759f60ed4056a47b04e994a00cc510098d0a54410d2293084d61a	0.40193602693602687	0.4772727272727273	0.5319865319865319	0.3765343080629409	0.26961933681389416	0.2796851394716489	0.13005050505050503	0.054713804713804604	0.096849168591292	-0.010065802657754752
607	20261418	0	a2f6d6444365400c315c108dd8057494ef2e086f5b3f3e7fa78f885a7b941c63	762ee238a420262cb420733436a5f478d726ad15fb8031827250cd3abf5a916c	0.51010101010101	0.45286195286195285	0.4183501683501684	0.33155290483201644	0.26207072452773633	0.34399183342440914	-0.09175084175084164	-0.03451178451178444	-0.012438928592392706	-0.08192110889667281
608	20261419	0	4eef5a708198ac26c6946e93e1b79c0decc6b07d24e45074591557bbe2daaef1	2a28c1f2c76342f8591546e8f1e9752aa0907ffba1a0bd864608edf46164d571	0.38678451178451184	0.3316498316498317	0.49368686868686873	0.38188925006375735	0.2952251944375868	0.3120829388945766	0.10690235690235689	0.16203703703703703	0.06980631116918073	-0.016857744456989787
609	20261420	0	b1c76d104dab62dab39cdaa15e30d62302a0057837ebbc9db5ae571c478d71c5	cffc98ac90237e61acc7d3c42e62443868edc4b0215a923167369f0a9c9ef54b	0.5496632996632996	0.5576599326599326	0.5900673400673401	0.3099386743351676	0.24799370741090324	0.26795177491552896	0.04040404040404044	0.03240740740740744	0.041986899419638624	-0.019958067504625726
610	20261421	0	4cbc4c7899f76635fc9791a62a9b4615b93f0ec16eac1fce3bd900ba64eedef8	17f7d3285f07d33505b138d12bde08b40daa2be56eb9117468d7070de89ab1b9	0.4983164983164983	0.42676767676767674	0.4044612794612794	0.34371858621346324	0.2635135927276651	0.3107462008623194	-0.09385521885521891	-0.02230639730639733	0.03297238535114383	-0.0472326081346543
611	20261422	0	e40bd688099557974d8b5cdbb1ad1f3d0ede816c90ec90a386fbbf6d55a41756	30d7289eba633c1b592a897e1ca4f095d8b3fc35b9a4c3dff08ac41eb392fb3c	0.47138047138047146	0.5707070707070707	0.5627104377104377	0.33846014524529283	0.24352399311292208	0.29731501585333314	0.09132996632996626	-0.007996632996633002	0.04114512939195969	-0.05379102274041106
612	20261423	0	17cf69c7c60a632b3b529eb0a209e99689764881e8d7fca6c11294d84e3248f3	9adf249b11905a400b6babdfade8cce4ccb639d9893101a85312ae3030219b7a	0.39141414141414144	0.48695286195286197	0.5492424242424242	0.43507883296160715	0.2532250069253232	0.29068773921025276	0.15782828282828276	0.06228956228956223	0.1443910937513544	-0.03746273228492958
613	20261424	0	12ca4fa54e589121a38664f6b385f6bee603b867c0526e3de8f6def101951e16	702986ba320ea10cdb69f1612f4c19d08e5bd3eb555bf93427752c3b68ca6ee2	0.5223063973063973	0.409090909090909	0.4739057239057239	0.3330706127757825	0.2726138698326475	0.31636376853345727	-0.04840067340067339	0.06481481481481488	0.016706844242325214	-0.04374989870080975
614	20261425	0	850af4222664ecdb8e3defcb83384380e668e8636592e59317ef38bb0698a06b	e54f97f0ca4d4a3973a652cf69bbdf4e2a92273c0e2a5d9144c0a4c095ed990f	0.4646464646464647	0.40614478114478114	0.3009259259259259	0.36821313800364336	0.27962231373173424	0.3221622383198026	-0.16372053872053882	-0.10521885521885527	0.04605089968384074	-0.04253992458806838
615	20261426	0	829c78cca17949359e0f020d1aab13028eb0b515e50b1dc700d455016d400c16	a91dc018b095cb216170000330f1deab6878631ef1f89dc1d9b3439fcb45dd73	0.47558922558922556	0.6233164983164984	0.47811447811447816	0.3623549495400673	0.24015687042237852	0.28267760439788336	0.002525252525252597	-0.14520202020202022	0.07967734514218394	-0.04252073397550485
616	20261427	0	e1924f009807577bb82fd5aad52b00c0e4a2b11d0fd9ac9d8f828346ce367f3a	914b6ba0173dd6e0816bc6b1043d453aa36ddd7e8b633494dd937382aa57049b	0.4886363636363636	0.47474747474747475	0.5458754208754208	0.3100313387870752	0.2594213531609891	0.27770106166499803	0.057239057239057256	0.0711279461279461	0.032330277122077145	-0.01827970850400895
617	20261428	0	d44d5dfd4955c1055c9e64f4a5520a50de2b0675a4a3d73b8c8fea3b28b735c8	3a8e9809b6c679f37a9ed9c83f10e8daba0953c27436a2d83dd0fe71ffd94bff	0.4886363636363636	0.4225589225589226	0.4406565656565657	0.3363546790228145	0.2780078069293828	0.3350705436125983	-0.0479797979797979	0.018097643097643112	0.001284135410216214	-0.05706273668321549
618	20261429	0	be5f66b6c3aca356d2a3893f698292112efcaa330db4477b271899768ba72cc0	9309452530a755d784abc0610acf8bc2ea336626c58bedd0ad39d6414a8c140a	0.3514309764309764	0.3606902356902357	0.390993265993266	0.4103346401500776	0.28577222928909224	0.35013387567694004	0.039562289562289576	0.030303030303030276	0.06020076447313755	-0.0643616463878478
619	20261430	0	4230ec809d690e69d2689a3a13b1aa48a79952277dbdaa3f61114b53fe4d8ebe	c742c6fd978dfe794e7184af4215210cee7ac3593d5026282e6390c752dce4d8	0.28577441077441074	0.35858585858585856	0.42087542087542085	0.44720620958764545	0.2853208188446633	0.3285757007723579	0.1351010101010101	0.062289562289562284	0.11863050881528753	-0.04325488192769461
620	20261431	0	b14cecbb4a599acd49e00214fc763f8e8fd754626f0807ee4966bb243b1727b3	99efcc21360dbaa9c2bbec7dc57ca80b3d4eaf98823494bab1e9c21c61d3472f	0.4553872053872054	0.553872053872054	0.43476430976430974	0.3812566807278908	0.24600271801231097	0.3100596647175868	-0.020622895622895654	-0.11910774410774422	0.07119701601030404	-0.06405694670527581
621	20261432	0	1d6d094971d209b11577e05ba430e3a6288ab87194dd23fb47c11894b2c9afc2	51854b35c137efb29c329d51cb95983a1b67e48170bd5d99ab84803cae7353ea	0.5454545454545454	0.5269360269360269	0.5252525252525252	0.3034119095425163	0.2487979441308552	0.29657363092526345	-0.02020202020202022	-0.0016835016835017313	0.006838278617252835	-0.047775686794408245
622	20261433	0	e7918d1e638c5b4c184762e038f92ba7280f3a93bde1e8d340982750d8ed8d64	99e63c3c5f3175cede3f0aac5ea4b2cf7a5efd85606606da1e618f8c97dac46b	0.4646464646464647	0.5580808080808081	0.48526936026936024	0.33164979529174193	0.2528933502594221	0.30430056598525546	0.020622895622895543	-0.07281144781144783	0.027349229306486478	-0.051407215725833344
623	20261434	0	3a957878f88b4a59b6bdb3f46d7e05a0d79586a2bd5e207e4c9727fe8d4c9adb	e7a891fb4080ff2a42bced051dee14b008c9cc6153862aa7605553206f0d2194	0.5130471380471381	0.5361952861952862	0.6540404040404041	0.34723254944992865	0.25645532633486146	0.2400482949762901	0.140993265993266	0.11784511784511786	0.10718425447363855	0.016407031358571356
624	20261435	0	6ed39b7231b52714dff1b54a226df610df2254f5c08e804611616b8640354889	4b31657b0b8f92259c85bbca231b4a2e881cd127e5226b08c50467946b3b472a	0.6797138047138048	0.595959595959596	0.593013468013468	0.24075007096846704	0.2392100890612975	0.2798351779005892	-0.08670033670033683	-0.00294612794612803	-0.039085106932122166	-0.040625088839291695
625	20261436	0	1d0d1156054df4cb3c8c318cc87d0dd1170d8e0995c4d88fd953b2273dc1a38d	abd89593e917cfc36548c5ff110cf33e5942c16bfa519bb738d95f04a38ab4a0	0.31776094276094274	0.316919191919192	0.3514309764309764	0.4518952154992883	0.2872090514900356	0.3415026280285412	0.03367003367003368	0.03451178451178444	0.1103925874707471	-0.054293576538505584
626	20261437	0	68803852580fa76d799f259a7565236dd83252503e2a360c05d689b0e68282db	5f2144f9291b4790367d350de571ef689127754dbb89680a0538e9ca48a57cd4	0.5361952861952862	0.3876262626262626	0.4566498316498316	0.30971188439359926	0.2817168873014717	0.31120501641382203	-0.07954545454545464	0.06902356902356899	-0.001493132020222776	-0.029488129112350325
627	20261438	0	a339afc342adc39647333f821299463414543f01284ff67e72858ba0229d6a36	49fe73d7e220f5271ce3cc2c52805bcfd1de6923b6cb1c05a10072fea2e02e2f	0.5997474747474748	0.5202020202020202	0.5913299663299663	0.3004764696189386	0.2553940960403999	0.275184123474089	-0.008417508417508546	0.07112794612794604	0.025292346144849598	-0.019790027433689072
628	20261439	0	0af649ac7a267553ee587515639a668d49a4ae16a865458d1ea2a7dd85324a15	6f2ba1dd90b39a8b2b4f18710a17a1221e2cae0730ab0671796e80eec4862bd7	0.35101010101010105	0.3122895622895623	0.5265151515151515	0.43223072113833516	0.2791619260447759	0.3177971935710234	0.17550505050505044	0.2142255892255892	0.11443352756731179	-0.03863526752624746
629	20261440	0	930f251860d5a5dd9077043179ee7277360b72215d859577a4c377969f7a0c18	fd34d8fa98da8f9a0a2b3481270e1c2d97ccd3d46aee2b2c2ed218a50147ecf6	0.5892255892255892	0.5753367003367004	0.38089225589225584	0.29359868989842947	0.2580897365447415	0.31358268819137775	-0.20833333333333337	-0.19444444444444453	-0.01998399829294828	-0.05549295164663626
630	20261441	0	d8a5b8cfba734bf971a765828eb4a9f5f2a325837c8ccbd0a7004f70a5d530e6	a3347b1b3b467ec62ae10356bea16cf280496f1201e1c40c757a7505953f389f	0.5067340067340068	0.4511784511784512	0.45664983164983175	0.3299205834056571	0.2615630264384714	0.3161285803896691	-0.050084175084175064	0.005471380471380571	0.013792003015987986	-0.05456555395119772
631	20261442	0	0ae3210dfb98920b9008688601c9c5efb73984cdc25c691e4dbfabef7e059f80	b0f0a07fe29161196ef4e5354f0353f2e7a5a3b1e7d00007f63c793bd90739b0	0.4591750841750842	0.5307239057239057	0.4457070707070707	0.3391283024884213	0.27385767312439663	0.3362388514540576	-0.013468013468013462	-0.08501683501683499	0.0028894510343637214	-0.06238117832966095
632	20261443	0	ec357a50f54a6cf77db18d24f7fdc3a30a413a6c4a81429e734e94aa6a296c27	eb7b206f4c40d9a3cb25a8bf377fa60a53f1c6f9694074572553069bb3e63551	0.4225589225589226	0.4431818181818182	0.3893097643097643	0.38580366374064906	0.2558464395399667	0.34365335347071363	-0.033249158249158306	-0.053872053872053904	0.04215031026993543	-0.08780691393074691
633	20261444	0	8a6dd7fd7b7e835f3cfe367b1f5a3477fb82b4e2c276897d4b09571df87ec425	981810dd864e11b7099c5875ed4e0c422b89451b4f179bce56627f7603bd9a00	0.4183501683501683	0.4191919191919193	0.49368686868686873	0.39448015667830805	0.28017228001972644	0.2946308983091421	0.07533670033670042	0.07449494949494945	0.09984925836916597	-0.014458618289415637
634	20261445	0	cd7c441fdbc04d6450522134e732f92d4c51c762807ece081e116eb0979c3c68	5ce6c7ee947aad6d5bcfef56a33d69fa19de1266b6b58f2efb90920ae3a9c659	0.4844276094276095	0.367003367003367	0.563973063973064	0.3560107651961996	0.28448332252621683	0.27909140196329413	0.07954545454545453	0.19696969696969702	0.07691936323290549	0.005391920562922703
635	20261446	0	f65891d31e047e75e45fd098b2be2234a5b6c6ac2412fe09835dcd21af9cf9d6	5b021d45c16b598aa8a3f98783e9bf165a619a9a1561a7d8b47291a8dd038864	0.4423400673400673	0.37542087542087543	0.44402356902356904	0.3440066657649788	0.27042201257614157	0.30984667005594013	0.0016835016835017313	0.06860269360269361	0.03415999570903866	-0.039424657479798564
636	20261447	0	6718a5c7577599651fe8fde01bf80575e3435dabc5161ed766b6ddd9d22a74b3	64820d5ab7d8e2130ee8e7bc3e05a2c867356842b85f2007712a807a473a8352	0.7584175084175085	0.3834175084175084	0.473063973063973	0.1982498508848264	0.2688276115751103	0.3137144813660936	-0.2853535353535355	0.08964646464646464	-0.11546463048126718	-0.044886869790983275
637	20261448	0	f943b420eef9d3aeb3ffdc82031e6ab71e4704ac15c2e49fb62449828019cdaf	73617132301464253dd888e143ced8d16924e49fbb85f8d09d14bace08b43a53	0.433922558922559	0.417929292929293	0.37121212121212127	0.3720739983420187	0.2763105914796721	0.35717715166204994	-0.06271043771043772	-0.04671717171717171	0.014896846679968767	-0.08086656018237787
638	20261449	0	ab299742c8cc60b05033456a68747cee5119cc5b6ac753d56e6833cb018e01a3	fccfb9b810e2cb738c991a3d741f4b026253ef97f5b80105c60626a8492f4b30	0.4633838383838384	0.4793771043771044	0.4301346801346801	0.33298514491093506	0.2655591307279755	0.31532913817833563	-0.033249158249158306	-0.04924242424242431	0.017656006732599427	-0.04977000745036014
639	20261450	0	f33fe9b6fdd117f3a7df791fd6efe10177b9eaaa1ad0ce91a508c2d9fa6c9a6d	8ea72374ddebd77c981fbda66f229df76e9e351db7830b9648cdc97f6412f871	0.5446127946127945	0.5256734006734006	0.5008417508417509	0.3326857090471731	0.258175662470237	0.2920943403003399	-0.04377104377104368	-0.02483164983164976	0.04059136874683317	-0.03391867783010294
640	20261451	0	17677ff829a7f8c0959178f936601eb9b1145b03ed5797b4e7ebaf838c7d48ef	696da7a693a2779c698ffbe8d800ad79b000edceb14057d404932de7a250dc4e	0.42550505050505044	0.41750841750841755	0.3737373737373737	0.3710769759783381	0.27398320353502015	0.3267021108970917	-0.05176767676767674	-0.04377104377104385	0.044374865081246384	-0.052718907362071576
641	20261452	0	08b4337e5fcbab7bae49a701e7cb991bfcb543beee82309b2e8628752b6a841d	0c6c93e206896389af30d806e4d492d10e630eeb8eb67c524cf37703e7cbaded	0.5850168350168351	0.3994107744107744	0.2794612794612794	0.28790228665341494	0.27765553323477815	0.3761976911422053	-0.3055555555555557	-0.11994949494949497	-0.08829540448879036	-0.09854215790742715
642	20261453	0	8b3240f36ace8a1a652431511917480c4aa67e7b3fd171893a86ceaeb7dad119	2eb5ae613631c2e283fc665bd4e1c9dc5989438f4f67d86340bbb697b3fe9fca	0.5143097643097644	0.539983164983165	0.3796296296296296	0.34294161529023026	0.2564221493955096	0.3421342548670152	-0.1346801346801348	-0.16035353535353541	0.0008073604232150533	-0.0857121054715056
643	20261454	0	b4999d8577c506e6653f25a4064e606cafc7af619e4bbfa8fedc5d20e7e75308	7f911e7bfb203d6c60550e896f3312ee86831a48c91295a4bed1221cac4eef20	0.5606060606060607	0.4621212121212121	0.3042929292929293	0.28425127485888224	0.26194729024238006	0.3580261296696272	-0.2563131313131314	-0.15782828282828282	-0.07377485481074497	-0.09607883942724715
644	20261455	0	43bb9a527c3b6177b3fef34659bb382accbcc5530f9b013dd1ac772f6dbd75c4	eb60cefceb2660ccd3cacd0f3638877c0f151e52980a57fdaa8d9fdcb75deeed	0.5530303030303031	0.48442760942760943	0.531986531986532	0.30987277374255356	0.2772762409029433	0.3027515844295161	-0.021043771043771087	0.04755892255892258	0.007121189313037457	-0.025475343526572825
645	20261456	0	ca24f5a32654572e7a61e0c1b762613b516557db0ae7bf24865d0698acd89d69	613a2a0a9c82eef9f8acf7b19bbdefd0e7f0e5e5a6fbadf8bfeff77d5f128e0d	0.4372895622895623	0.44023569023569015	0.5513468013468014	0.39387624750707534	0.28107628163049764	0.2988047374332126	0.11405723905723908	0.11111111111111122	0.09507151007386272	-0.017728455802714982
646	20261457	0	71aed859728f51bbb9336533ab04d0933f4231b9dbd175c217b9eb961350a689	f297c38cf3ea9e290e446d7e8bd0ebb7139ea3d0175f1dd234f741e3f8beff77	0.4217171717171717	0.4137205387205387	0.2609427609427609	0.3546830079340421	0.29453995283147644	0.39369147422083123	-0.1607744107744108	-0.1527777777777778	-0.03900846628678911	-0.09915152138935479
647	20261458	0	867fc5d9a30298e90e09689100d1ef8dc5fb8b432eb3e8eb4af3bcd822426b29	f81aae5f8e11e26f4239040e98cf78c69ba7cdb312ed7db9263391d8aad2d736	0.5513468013468014	0.4852693602693603	0.5071548821548822	0.30333222574821156	0.26055967223127413	0.3136962450824286	-0.044191919191919116	0.021885521885521952	-0.010364019334217045	-0.05313657285115447
648	20261459	0	fb46e69651de0b85d82ab161768915a530dac97296c1c51a7a64910aaeceeec8	11fe5d5c4bd591ffd89ce80d7ad87b8340fa87b202060faf4ce392be667e8763	0.3893097643097643	0.4486531986531987	0.39520202020202017	0.4008626168950385	0.2691610652585557	0.3247058730112676	0.005892255892255893	-0.05345117845117853	0.07615674388377092	-0.05554480775271187
649	20261460	0	2c8b4cf7124f896f7439dd86c5217701643155ba1c5a80a17c6f76674fe870bd	81ce60a6cbc9003399d8e7b0bcb054b18f0106802d3d981a16f976b6a6094790	0.4103535353535353	0.3813131313131313	0.5357744107744108	0.37375617489703644	0.2769607093554816	0.2949824950401952	0.1254208754208755	0.15446127946127947	0.07877367985684125	-0.018021785684713576
650	20261461	0	bccb9aebacf12e5dd3816be4d2d94a8d4183f58b9e90891a4148ee02cad44b62	c85c33e9e0f46ac3509e190ec07bc12a03eb7feb9eda1481bb3f011d6cd1a239	0.44402356902356904	0.4452861952861953	0.529882154882155	0.36589697069659777	0.2535149433639458	0.2914321354393808	0.08585858585858591	0.08459595959595967	0.07446483525721698	-0.03791719207543498
651	20261462	0	2ff5dfde4241f4c1f2f92334256bebba9c1ae861d2d31b67cb41d68824b1b445	25330d0fea71ee9302965de003cc0e694d0bb248b756c61370f52f20e40c9d9c	0.5075757575757576	0.4503367003367003	0.460016835016835	0.3139055489889993	0.25780497909834904	0.3136322720378753	-0.04755892255892258	0.009680134680134678	0.00027327695112400185	-0.05582729293952626
652	20261463	0	80cbc78480c8bf318f0e1c0bb45f41f773d6d8ce8fe7d9851885049799219ee6	3599d303a869b66cdaf0727b46e3b5fea695acbf1ee0d0fc3185ebf7d2243291	0.30387205387205385	0.3964646464646464	0.5303030303030303	0.3961360928487514	0.2821367884726221	0.2814886525443489	0.22643097643097643	0.13383838383838387	0.11464744030440249	0.0006481359282731747
653	20261464	0	3cc2239bc8b5aa112f2aac909c2caadbae5ca695868b54edea992c2796a387aa	9e57afe5fcb5b628f44f0000f9738d91f25b674420462f61c89a76a977fd6679	0.35479797979797983	0.29587542087542085	0.27314814814814814	0.42126751518168803	0.2919290562153775	0.36588364807729534	-0.0816498316498317	-0.022727272727272707	0.05538386710439269	-0.07395459186191783
654	20261465	0	4d4e477c55c1df661b07da0eacafff7ab451733138a1b40539884455c88de24b	91ccd33f869c7e441dc09177db29eb8db67915b23dccce4e9ae974ea1070d846	0.5277777777777778	0.4398148148148149	0.4326599326599327	0.33251300640169545	0.27169508365526246	0.32772155394592145	-0.0951178451178451	-0.007154882154882192	0.0047914524557740035	-0.05602647029065899
655	20261466	0	502ec8280de063666df44f52466129c01a61a5f75c6e5eb9a319f42bcd6f7b56	bfd3d9f0f5e804a750d74a5f4e1977c7fa4e9f3c895af648cb9dff9d25b04f9f	0.34680134680134683	0.3223905723905724	0.5370370370370371	0.4045758801389574	0.27897706260862504	0.2959526485550498	0.19023569023569026	0.2146464646464647	0.10862323158390758	-0.016975585946424787
656	20261467	0	89159f2d41f2d359c5b65b1d1ac653eaea31510f84c5c20b80c2519c2e47d87e	8798a810ec7ddfda7d23443b5dbf798c910ada1f156a1e3ffeddf23e5d724da5	0.44023569023569026	0.35311447811447816	0.34722222222222227	0.3477464132193953	0.27669710024022337	0.3407494114800898	-0.09301346801346799	-0.005892255892255893	0.006997001739305508	-0.06405231123986643
657	20261468	0	2b6c2be067fdafdddad4daded06552ee313f1ef79025b3e661899d47bf2abf70	e6472e68693074e2f16346d5ad920f6cacab6ae6e9c129b89752da4f5ddc546f	0.35521885521885527	0.5122053872053872	0.4132996632996633	0.4370155349662211	0.2489824107698202	0.3463904124125721	0.05808080808080801	-0.09890572390572394	0.09062512255364896	-0.09740800164275193
658	20261469	0	aedb0e193aca0a06a2629f046b563480daf2b86ed9e2a683c778a390338f960c	e9e49000f1bc630cc714e0a41826a142ae8b320802261e21d3b4a638cf095afa	0.49242424242424243	0.4276094276094276	0.5820707070707071	0.3232117110051678	0.2587284189222587	0.2638993365702654	0.08964646464646464	0.15446127946127947	0.05931237443490245	-0.005170917648006701
659	20261470	0	87899fda157fea98b30849214844758c834631f02f1657c8363988522fe5d877	68c48aad9880c29047f170720490647ceae5a996df9e5e57b5c92a54d1e36422	0.5563973063973063	0.5639730639730639	0.49705387205387214	0.2900083508579356	0.23646259806230785	0.30435707083786534	-0.0593434343434342	-0.06691919191919177	-0.014348719979929758	-0.06789447277555749
660	20261471	0	8c9a8292e385a3e275ce6c7a28985b2f40e61ca5e2747659280fc6e61871708b	f651a715764cf826fca4db0ebb1131d4dd62266ffe9412e15456df92d97f1664	0.48442760942760943	0.4166666666666667	0.6334175084175083	0.3597159233703459	0.27567460261394744	0.2707206203332753	0.1489898989898989	0.21675084175084164	0.0889953030370706	0.00495398228067212
661	20261472	0	2875dba5a06404efdeb00e663eea7af8096b4906350c0f7f5c2030b5e4e0aef4	655cb707c109a77154a384682c316a32e81550ebf7906b39c833ee141835766b	0.422979797979798	0.45749158249158245	0.43139730639730645	0.3834126660449925	0.2618016285990417	0.319342718048878	0.008417508417508435	-0.026094276094276003	0.06406994799611454	-0.05754108944983627
662	20261473	0	84c6e5f4cc5c46412ee7b2b23ebe623978cebfc4c800d9e94b8c03964accf30b	7c048c84a8635f4698809c77ceab984288a24c214601c5f2affc01cdc32f89d6	0.5606060606060606	0.5900673400673401	0.5854377104377103	0.28732016200148175	0.24952678835837516	0.3016285630388198	0.02483164983164976	-0.004629629629629761	-0.014308401037338048	-0.052101774680444635
663	20261474	0	cd0d3ba59a9adef614fa6fdfcdd6921c2fa8d503b4657d3a28abee826e3e53c0	0d8fb74b9d51ee24a7b7ca05517a4d054f12760f9a7b847c3ebf77d69b3635b5	0.5694444444444444	0.5143097643097643	0.6813973063973063	0.28928476775415385	0.25318427061521614	0.22521027392825674	0.11195286195286192	0.16708754208754206	0.06407449382589711	0.027973996686959407
664	20261475	0	52b413700478d9bf0a36fb1e1ba8a44a2fb812516df91f184bcca71ca5f58bab	2d4c709591f7b1375156cefad4cc0c2adfe709b7321b62971510ad3e2245650b	0.43939393939393945	0.49915824915824913	0.465909090909091	0.32153467894902366	0.2737974490903885	0.3148625363146908	0.026515151515151547	-0.03324915824915814	0.006672142634332856	-0.0410650872243023
665	20261476	0	3dc08e14b1fa8e9f88e8322e1db2c1ab1919a2948371030e3734243c2a742100	580fd0b431c8e63d4b1ef010c1ea053aca802678f4012a5a8cadb6cf4e5502a8	0.5029461279461279	0.4145622895622896	0.3329124579124579	0.3495548695917133	0.2782455758704963	0.350793503102447	-0.17003367003367004	-0.0816498316498317	-0.001238633510733722	-0.07254792723195069
666	20261477	0	7e469d290a61f35cce822db4e8243e186c32e0bac4d98931e2086f868b96db54	67cfeb8d722b66e5c05fa6b93a5c981d4e6976eaf39d47b021dd1b0fb3c2d195	0.49621212121212127	0.5315656565656567	0.6447811447811448	0.34065624725688437	0.2590355532544258	0.26050801906213067	0.14856902356902352	0.1132154882154881	0.0801482281947537	-0.0014724658077048813
667	20261478	0	43ffd03d792f44c1b55e3f55f024819a4010145f90acdc1efbb4145e6cca3f06	75763c405875b02db506573316c8d4faa15354647aba36994e50b430bb2a90fd	0.4145622895622896	0.4351851851851852	0.39772727272727276	0.3779253257806711	0.26176583588226043	0.3356787124570628	-0.016835016835016814	-0.03745791245791241	0.042246613323608295	-0.07391287657480239
668	20261479	0	464b2f5b11e00c559e57c914aa9de4aeddbeabd655f8ab6433fac7dd240f27e9	975775b30d6358b99cd937e46af179ab08c664478fc8775d97486b7d267ce28c	0.44949494949494945	0.5004208754208754	0.5092592592592592	0.35724270857296236	0.26602080906348147	0.3137023120584452	0.05976430976430974	0.008838383838383757	0.04354039651451719	-0.04768150299496371
669	20261480	0	9b63cae0d2694fc6fd2ab3f590fd30228cbce592a2a7df14b0512a951125b7fe	d0eb0d3aeea2e2d498089dccf2c12c900d9cdb41eabcea08ef62ea68a6954d92	0.3434343434343434	0.35353535353535354	0.3611111111111111	0.37630523359335966	0.2791516881778817	0.37196072515119943	0.01767676767676768	0.007575757575757569	0.004344508442160222	-0.09280903697331772
670	20261481	0	0f9549812d8e4c007e3d147b28bb1acff19ad965fef47640e88394b71308f9bd	a230629efe64ea967a01925332e570e6b10cc3fa2ab7fbbcb7037f69e272a3d2	0.433080808080808	0.49242424242424243	0.47895622895622897	0.35738471692755885	0.2569175225878346	0.3024361744000064	0.04587542087542096	-0.013468013468013462	0.054948542527552435	-0.045518651812171795
671	20261482	0	b9f2ca900b20bd8eb8db96c5ba910ceaa638dcc0d2871e16662f98e5a83578d6	7a8794222b183d66030f2ce6bfd245376f84865e4aaad0c612f7cffe5be0994a	0.4284511784511784	0.5521885521885522	0.5286195286195287	0.40436513482946784	0.24054630953338632	0.28928879026186166	0.10016835016835024	-0.023569023569023573	0.11507634456760618	-0.04874248072847534
672	20261483	0	be9626ed81c2494f9e6f8e56f7701c39637c55d9a001dabf6df000e3b9499122	765007343e1759c2370c2bd80b293e1f11d980599f11812ccaa40340c55be83a	0.5004208754208754	0.42550505050505055	0.4595959595959596	0.3405441723009425	0.25870312096753095	0.3248008789326157	-0.04082491582491582	0.03409090909090906	0.015743293368326805	-0.06609775796508477
673	20261484	0	a3f6944f35fdd99a7f20145bcf6372259a012b94522dcdfdefe7c693d976f2c0	1d76cf6cf07e593cc9264e59a09b01467bc2da40b1942b30d3a19a8aaceddf53	0.5707070707070708	0.6035353535353536	0.7003367003367003	0.3097953094824009	0.24470712201407618	0.22673811678378578	0.12962962962962943	0.09680134680134667	0.08305719269861514	0.017969005230290408
674	20261485	0	60043ce60737cf23295065ebc486e4ec26f1579aa2bfcf07f391ee3df51ef4bb	39bae6bb64cf7c1c1c3f3013db9eec0e9e02eaf2152e185ef37e05283f22df65	0.6001683501683501	0.484006734006734	0.5260942760942761	0.31624150027323644	0.2523920158810588	0.2921705414740362	-0.07407407407407407	0.04208754208754206	0.024070958799200237	-0.0397785255929774
675	20261486	0	d751ef1061ec4b61089fe159be7888571b1866f83b6e9ec321e5e1cd815ee47f	96e7b70f5eee9e5d9f674369fbd587dc000359ca9a3185e0e9e9bccdc363a2ef	0.7415824915824917	0.611952861952862	0.5812289562289562	0.20995143330827962	0.24739660172780023	0.2625683043388263	-0.16035353535353547	-0.03072390572390582	-0.05261687103054666	-0.015171702611026044
676	20261487	0	00dc7b4b36a69ed018f882bde38bcfa272a7c3dcc82935404faa26c415bc0a61	0920264bf9beb7de202f6f88bfa6dc6bc6261524f49aecb7f54963ddb7f0e188	0.5265151515151515	0.47222222222222227	0.4078282828282829	0.31352490995121524	0.25847557258665915	0.33396816000556623	-0.11868686868686862	-0.06439393939393939	-0.020443250054350992	-0.07549258741890708
677	20261488	0	f35753f34bb667843afe48d48a56e592ea27b25326f4c788dfbcb97accfd0ca7	2f4935f28756f9c514460435ec1319e3b2be2f02c6a8b878566f895936276753	0.4436026936026936	0.4444444444444444	0.45749158249158256	0.35375065819063506	0.2778787320097124	0.32088452875678136	0.01388888888888895	0.01304713804713814	0.0328661294338537	-0.04300579674706895
678	20261489	0	d1d1a5c5bd6f3d6c296a013f656500c09d8826f0d3702d6f2a166714fc09f076	5783c7f80eed2780a1792f1faaba51242766ba2c5d34213737c72b8b81148718	0.5471380471380471	0.4903198653198653	0.33922558922558926	0.28839833209313825	0.2691246232876742	0.3604238100885074	-0.20791245791245788	-0.15109427609427606	-0.07202547799536912	-0.09129918680083315
679	20261490	0	0e782b84a2eac83f6ae97387056e0cb6a6237c6ec1d334b5bccd28018df47267	0ac13c7ecc8d4709468972b0e1c9f18a0d35f9d74cdbd96faacf98ac69b07292	0.4865319865319866	0.5315656565656566	0.5816498316498316	0.352070305928762	0.253735871235453	0.2662001474022151	0.09511784511784505	0.050084175084175064	0.08587015852654689	-0.0124642761667621
680	20261491	0	aec8d87f5ffdaf36b2b21b63bf4c34569e92e1f5b7ff55eca5bb58aea9078303	5d9e2ff57976ed74f8cbe4e1a425d08e025f9f87c593960504a95975cc239125	0.6069023569023568	0.43097643097643096	0.36826599326599324	0.28429411637532814	0.2589470937970147	0.3275026986633765	-0.2386363636363636	-0.06271043771043772	-0.04320858228804836	-0.06855560486636181
681	20261492	0	5e423ed3f2eacb0ac09cb6ba2756490bd285fd3f49f769623ae7d3e7cf720e73	e40a064dae5eddeddfe2f73b60df8e87f57e729f1daee284ae2cdc9972567618	0.6435185185185185	0.4932659932659933	0.5029461279461279	0.28666789712204793	0.2610644056220344	0.28466690317725396	-0.14057239057239057	0.009680134680134622	0.0020009939447939717	-0.023602497555219537
682	20261493	0	3efc53d6a87c3b300b580357ee2553322f11a20ce56c8daf87951d23b62e7254	85739a88ff36b5afdff0e4fcb354dd3f84ffef0244a690c360ff8b46f959969c	0.5134680134680135	0.3648989898989899	0.481060606060606	0.3271969930878924	0.2711875616632005	0.3225019926933066	-0.032407407407407496	0.11616161616161613	0.004695000394585813	-0.05131443103010608
683	20261494	0	535002fb08892be8c793406f3ee0fae91464dbd6cc5ba19d2931fcf3dcac179b	7cd23e0568050577dd0a5342d1c2cae314914d903cfc169054d0599b29aefca7	0.5361952861952862	0.5845959595959597	0.45412457912457915	0.31622006214465853	0.253005461119206	0.3285256838572	-0.08207070707070707	-0.13047138047138052	-0.012305621712541459	-0.07552022273799397
684	20261495	0	df2866418559649f91df27fdc677234171b9874c72076ec2447c3959c4bb0420	9e4880feb5324a8390fcc30b322f9d3909ce27cb3fc8db04b4d28d7ece8cda28	0.3345959595959596	0.3623737373737373	0.4372895622895623	0.425988070329088	0.2820859427173626	0.32676059977569366	0.10269360269360267	0.07491582491582499	0.09922747055339431	-0.04467465705833107
685	20261496	0	aa592b2c6f1ee137bfb39ef2e13d886cc26565b70021b7d3a9e9ca0cf53cbd7b	cb597374c63e40cb6df59acfcf9416e38c9848d589b81ded8bdf07180d78c6c0	0.26346801346801346	0.44654882154882153	0.444023569023569	0.4437868116132235	0.2513126857548408	0.3188864166609347	0.18055555555555552	-0.0025252525252525415	0.12490039495228877	-0.06757373090609392
686	20261497	0	b2712f441f76d1d36bf78bd8b4a51d4bca7f5d04db9e4bf83fe88c9c4d33a03b	fe43fa560a03a8a7eae84af52774771efd00b125e4f7ec194b98a7a4a1244135	0.6165824915824916	0.5635521885521886	0.5340909090909091	0.31401776114922225	0.25271724327984924	0.3002661273070594	-0.0824915824915825	-0.02946127946127952	0.013751633842162825	-0.04754888402721019
687	20261498	0	aac7a4511eebe4c50e6188fac153078880e5a2c0d9b4582c0e030883ed9066f7	3a00ee1a3e1bf4f065d2235dcb295fd64bf4cd6f7308874ac9f760df23d8d231	0.441919191919192	0.43897306397306396	0.4473905723905724	0.4058686129151036	0.26849624365315455	0.3196041234981373	0.005471380471380405	0.008417508417508435	0.0862644894169663	-0.05110787984498277
688	20261499	0	b6a9886626c478a5c2be7dde94997c85576c9c5a2938d24071142d3a3e3d9d44	ce412542307e946433b7132fab5eafde506acdf0dba22f95059cdcd2aa5c22ee	0.43602693602693604	0.4444444444444444	0.40319865319865317	0.3514318576671491	0.2728026042316298	0.3246302641973804	-0.03282828282828287	-0.04124579124579125	0.02680159346976868	-0.051827659965750617
689	20261500	0	b6e8a32c83b212f12e01f4fa28a2f31d3e0715a3063ccb72652246b8e2e4246e	88a665596f8ff1e9fb90ceee2a1169b27a498f92e1680d5fbd0f9ed13139d3c1	0.4166666666666667	0.5256734006734006	0.38678451178451184	0.38065171302445155	0.251496587051696	0.32112051858233853	-0.029882154882154843	-0.13888888888888878	0.05953119444211302	-0.06962393153064256
690	20261501	0	c084b040e18b94001d5676b7dfe383796bbcb599a411b5a4847ae06cc58c17b7	4937626597b46b654e84bf0f753e0942c529bfaedb139f8105e11b290b31adb5	0.571969696969697	0.48484848484848486	0.502946127946128	0.3156835345675766	0.2712715021174353	0.29371553531861055	-0.06902356902356899	0.018097643097643168	0.02196799924896603	-0.022444033201175273
691	20261502	0	e77c10e30a4b0867f6fcbcb134178e79abdd807fd03b2f933b71f632a9f713e7	395435430351a904b3b7e73d527cf6e80fb2a75e9ad52b66d69a9139e435d41c	0.49158249158249157	0.3943602693602694	0.6300505050505051	0.3382123445694945	0.2699952752274118	0.2657152385324893	0.13846801346801352	0.23569023569023567	0.07249710603700521	0.0042800366949224955
692	20261503	0	5a669ce78f93c5842834bb6d17ffe2739ecd54bfdda8786de087fd40af8ef00f	d286a61ebea818907f5dd3a1f28014e9723467534c9fc55bd313441c4909c062	0.43476430976430974	0.3577441077441077	0.4524410774410774	0.35981873149026117	0.2834614729821398	0.3197219801866895	0.01767676767676768	0.09469696969696972	0.040096751303571654	-0.03626050720454971
693	20261504	0	6e51c29ad6c8c0bf01614bc64d3c70702c127ecac375b117b2aae747f5cb9b20	c3673ba605e3bc8244e254b7774f88340ac4409aea8dc1504ab56eab760b2a3a	0.5151515151515151	0.30092592592592593	0.4713804713804713	0.3100081242435362	0.2910810006907761	0.3331735818631326	-0.04377104377104385	0.17045454545454536	-0.02316545761959643	-0.042092581172356536
694	20261505	0	e625125a6516f6b251fafc218357467f1eaa70e86804c75efaf1a8e1b83ee9d0	57f4932b13b1054f9465352a657d70b56b04fb37507c10c483ec0195a97fed49	0.5122053872053872	0.4726430976430977	0.5172558922558923	0.3480701567967648	0.26108206468902995	0.31369318957022063	0.005050505050505083	0.044612794612794604	0.03437696722654415	-0.052611124881190685
695	20261506	0	9c7469071781b4f206648cd9a754f1bd9887e6077a55710ae4bb4e41c6ac6709	474666dd4e98724e5ffeb21c06c289704c2ffad5c2d91d2b54d8ac88082fb846	0.5959595959595959	0.5235690235690236	0.4835858585858586	0.3262267724854048	0.26177788345115344	0.30724618340334403	-0.11237373737373729	-0.039983164983164954	0.018980589082060795	-0.045468299952190594
696	20261507	0	52583eba40207b59f35429bffcb6f1c454ac5e3edb90823c62f3f5e5e116ebab	4885216840ae51679b5f0538ad794c4ce92e4fc276cbfc9a22d4c5d4ede87180	0.40951178451178455	0.4347643097643097	0.5845959595959597	0.4139528364097887	0.2777737159602606	0.2920144637627084	0.17508417508417512	0.14983164983164998	0.1219383726470803	-0.014240747802447773
697	20261508	0	8fe364df9c28503a0e8ec336daa836eb5b60466b4147cc4217ae3dcecb511cb7	ae6745d4f9bb2fefd463d61eb05521a30216aa1508aef1d393a1b29089a80dec	0.406986531986532	0.27188552188552184	0.4692760942760943	0.37200228974520333	0.3027412082967759	0.30122207978160387	0.062289562289562284	0.19739057239057245	0.07078020996359946	0.0015191285151720524
698	20261509	0	b78b22e85b9136445d6387905d3d529f2fa561407c987c2911d225b2aa7eb4ce	9a3c6f99988d9854c7985d9278c5897db1a4891782f42c1c2ebfa23ddbb66354	0.46675084175084175	0.5113636363636364	0.5749158249158248	0.3682450150404584	0.2647759837049257	0.29155455652865564	0.10816498316498308	0.06355218855218847	0.07669045851180278	-0.026778572823729918
699	20261510	0	758d4967963c33733339ad79b83e0f5bdc48c845d0dfce223fe09a49f8819cce	756d80468bf81ecd09dcb1973aeec4e2beeb79954d062bce047ea9fb5dc1f306	0.4974747474747474	0.4297138047138047	0.5551346801346803	0.34212773433660537	0.26414461939377243	0.2739330500483074	0.057659932659932855	0.12542087542087554	0.06819468428829795	-0.009788430654534996
700	20261511	0	d3a9048756329b55cee270b39fd1f14d04ee6ceae35eee251808aa6c6823efc3	532187b511a726dad8528d116fecae59103c75f1a8ebdbfc47f2e845d32a81d9	0.48695286195286197	0.332912457912458	0.3573232323232323	0.3455501580365697	0.27642422097547964	0.3430678213845724	-0.12962962962962965	0.024410774410774327	0.0024823366519972634	-0.06664360040909278
701	20261512	0	1ca13ff047befa2b60d24b96e3a96999e8aa7923633142b9e9b44aae91ccdae2	a34173b7454ea7a8373597bd182d5082220acfc635d3efc0add9049766188f11	0.5408249158249158	0.5778619528619529	0.4713804713804714	0.322022111325912	0.2511223110732033	0.29900028048557786	-0.06944444444444436	-0.10648148148148145	0.023021830840334156	-0.047877969412374544
702	20261513	0	31c22a4968f26423602b80766404c4010463dd688e2575bf17b1c4ebfef40854	47647d7ca6993364a790022631ae180cf71f75fdc4f6d14e2d722020961710c7	0.47643097643097637	0.5484006734006734	0.5202020202020202	0.34738654739959934	0.24655512835299045	0.28414625487943823	0.04377104377104385	-0.028198653198653223	0.06324029252016111	-0.03759112652644778
703	20261514	0	fab8fb08341e32befe84d775d5419d909fc5a8866c03327b3fa665c56b0fed2a	b01ecc6ce4cc7a27f36b0866608ec3e8c9fa7ffbafdb2b4bbf9724460cb1cfb5	0.6338383838383839	0.4023569023569024	0.4217171717171717	0.25649559983917863	0.2675310675872371	0.35649598014059264	-0.21212121212121215	0.0193602693602693	-0.100000380301414	-0.08896491255335554
704	20261515	0	c151e30abb464c6ae6b5a57fe5d3a042abd3be1f2fd78850da5c9a12e892b7dd	24f24bda12d8bea7beb64104fb840abfb53def9b8f4f7b9c0be9413e4b288c26	0.4419191919191919	0.34722222222222215	0.5286195286195287	0.358688495419847	0.27623087578678335	0.30545437272647386	0.08670033670033678	0.1813973063973065	0.05323412269337313	-0.029223496939690508
705	20261516	0	f0f7a5d69558481fa246ef46fed21060e1488743a12f03a6a722a257eb28d933	552a7502a471da7f8b782fac9c4f7c23664ac5b67b6d4a2aaa78ccb23867d8e7	0.47348484848484845	0.513047138047138	0.5345117845117846	0.3968248905684675	0.2635373632503742	0.2980511253081985	0.06102693602693615	0.02146464646464663	0.09877376526026899	-0.034513762057824304
706	20261517	0	28a639f611cb7994a4f5434245b5d0ee4030607d796f884b96f6c00127fa4237	bbf77fab97f0dfa341099f925c37847e155f9cd29bd48375a559f9c310f51915	0.625	0.5585016835016835	0.41750841750841755	0.2787831406028823	0.25719428151216467	0.32707583677133045	-0.20749158249158245	-0.14099326599326595	-0.04829269616844817	-0.06988155525916578
707	20261518	0	8aca278ad2bee116d1120b6f6225061edb44ca6b207e50952005df5fcaa8483c	56540fc8505993f1965066fdf8b34ee876bd98ce4cbd4219893c35f7194593d6	0.5862794612794612	0.49452861952861954	0.5467171717171717	0.29030421740809637	0.24493241189397064	0.2880088345184347	-0.039562289562289465	0.05218855218855217	0.00229538288966169	-0.04307642262446404
708	20261519	0	5a379a9d66fbba77f75b4d2e09b3aed8987664badd6c9150f217201eb5dccd44	d0f8ec572cc3ddd7b2f98e43bb25f155f74875083da855cf59f5e15682b538e5	0.6334175084175084	0.4532828282828283	0.5147306397306397	0.2848079336798885	0.2701995478972194	0.3117415820799817	-0.11868686868686873	0.06144781144781142	-0.026933648400093213	-0.04154203418276231
709	20261520	0	48c34ca5ddeee39f696e8bc924cece5d2b0fce4857563709b2c9e29a5b545ac3	fd0e561f329880d7f061d868980c527c605cd5939775b2ffbb490a7d87ec594e	0.5399831649831649	0.5378787878787877	0.46801346801346805	0.33996608325165817	0.25990451770741435	0.2979289492341218	-0.07196969696969685	-0.06986531986531969	0.04203713401753639	-0.038024431526707425
710	20261521	0	62f4592eaec44dcdc9ca4c61ef84e08a83bfe24c1728a3a076280436c1a73d09	421eec51e991eff13c57bf72302c4c8c0fdbd8714e448185c6c2c5dba5db051d	0.45749158249158245	0.367003367003367	0.46212121212121215	0.34512988401614547	0.28509776667221737	0.3305051849082248	0.004629629629629706	0.09511784511784516	0.014624699107920691	-0.04540741823600741
711	20261522	0	0680e1947411563cc058bcfdc28ef8c3caf835cae471c056366a182ccefacbd1	12e54317f44a8657eac42208add0689dde03bee1a8a03acde361dc432d3626c5	0.4591750841750842	0.47348484848484845	0.4448653198653199	0.34596721432352706	0.2704199215355115	0.326307330456217	-0.014309764309764272	-0.028619528619528545	0.019659883867310046	-0.05588740892070554
712	20261523	0	cf03fe24a740cfe24621e2ed579e0812e344ce94c9e7675e634a068fff19959c	e0cd0a0808460e745a890751b5b63c20ddd27e42e0e03d1770330cabc4586b65	0.5008417508417509	0.388047138047138	0.537878787878788	0.33860730528694155	0.26958645772427775	0.3036700571354348	0.03703703703703709	0.14983164983164998	0.03493724815150673	-0.03408359941115707
713	20261524	0	294974f4cafea0d3591b285087419dcd7db2415368867dbccf75e2fbb7c83cb0	46b159c31504f98241509937f0e2c0263bf4485af33e16fae56122ce02537b10	0.5252525252525252	0.6325757575757576	0.5824915824915825	0.31734480527009157	0.235197847262127	0.2699718654770171	0.05723905723905731	-0.050084175084175064	0.04737293979307444	-0.03477401821489012
714	20261525	0	7da978b4808e4c2e9eccd4ce852cebef53121882570910386204b99660cbd9d9	f27b21df8a430e7071e11be7373398807ce6afd4064ac52df62903df79ba4347	0.5833333333333334	0.5395622895622895	0.5071548821548821	0.3168078583164744	0.2528310590383	0.30884991029408165	-0.07617845117845123	-0.03240740740740733	0.007957948022392747	-0.056018851255781654
715	20261526	0	acb710ac85f918a7cf1ff839176fb046206615a54c9b77a93081c7a10c1f6e1a	75e66911c1ebccc915ac5afd6e2b74b30dd7a2d10fe2ba964c014e9b4686ed4f	0.609006734006734	0.5004208754208754	0.5349326599326599	0.28861546911738417	0.24219530806966194	0.29613414359812174	-0.07407407407407407	0.03451178451178449	-0.007518674480737564	-0.053938835528459794
716	20261527	0	65ec5ce7cf35422eb1b51a381790cbdbb90322bf2cd98d51716b7b7047b945cf	b505246a40e2f96c42f70c6d64f5c33a3aabdc63aa62beb594716a6405023f94	0.5092592592592592	0.502104377104377	0.5143097643097643	0.32061731812353966	0.25420566587269106	0.3086677389386321	0.005050505050505083	0.01220538720538722	0.011949579184907577	-0.05446207306594103
717	20261528	0	1f1ea6c63a72b9cffece49a202b10366b8090a2d41b4ab60fc5bc09c87637a23	0fa8f866f66cc9dbb2ef01004aeab91a4f8a2464b50af61dfb2c11b6b00a8a62	0.5168350168350169	0.4313973063973064	0.5021043771043772	0.30957351063434563	0.27518841314631454	0.3198985429425525	-0.014730639730639705	0.07070707070707077	-0.01032503230820686	-0.04471012979623795
718	20261529	0	7bd41a73bc21d3ae33a93ca315263d0ab714677a06a56f2801d88e5ceda0ba0c	9bf693168c87aaaf4e8fd5bf1190be2664aea2fa397213d98440d96669709cec	0.5686026936026936	0.5016835016835017	0.6818181818181818	0.3129531916632838	0.2542178153746246	0.2427619275262054	0.11321548821548821	0.18013468013468004	0.07019126413707838	0.011455887848419222
719	20261530	0	f21066314a207ffd618434cfcf777e050683baf18edfb8c55817b1853a9f0230	fc50f22f61b9a0c8d6ca2992ea1756128ae9a46af5f39d16fcc7e9b17a313078	0.5252525252525252	0.4457070707070707	0.5454545454545454	0.3570110703936677	0.2744221272958656	0.3190421688484603	0.02020202020202022	0.0997474747474747	0.03796890154520738	-0.04462004155259469
720	20261531	0	5dc9e1928f81d8253cc939d6df96875702c4f70724945d537f278b5f6bd1bc39	4271a8d79c19ecc6485c0365de838bd7ef84fa0268246865e3bfbf8a917b2b3c	0.5387205387205387	0.5113636363636364	0.372053872053872	0.3061981324290213	0.26319735841577535	0.32564160011337195	-0.16666666666666669	-0.13930976430976433	-0.01944346768435068	-0.0624442416975966
721	20261532	0	fcfe3f4170b4369449b1328e1b21c1a30e2141bc8d4fa6ab7b1fd2de9b57c435	7fa752a6357e5c1ccde56b58f408136c513cef6eb6c95991ed5cabf82d8d1b6c	0.38425925925925924	0.5484006734006734	0.5155723905723906	0.38065582236675893	0.25016947354777846	0.28090885743691724	0.13131313131313133	-0.03282828282828287	0.0997469649298417	-0.03073938388913877
722	20261533	0	e04985142f4371d60085684f927e6331e7af1521eec7e6d142325f56e50643d3	4bed0cdb41172b92d47c485a2ab2c616aad40faeb9c970275d2c3b88895e3334	0.41624579124579125	0.5728114478114478	0.4524410774410774	0.38246824308101063	0.2612309783147242	0.31529738996519274	0.03619528619528617	-0.12037037037037035	0.06717085311581789	-0.05406641165046855
723	20261534	0	f1117b2b33197dfaaa1aeb961c8866136deb94fb00a44fd5996f77731cbf36e7	e1b9bba1344976748f0d86da381b616a802898007169df6a822ba4ecc63eff1d	0.47601010101010105	0.484006734006734	0.49705387205387214	0.3229695369020862	0.27376508775782477	0.3316694286722708	0.021043771043771087	0.01304713804713814	-0.008699891770184598	-0.05790434091444602
724	20261535	0	38e28b31284dcdea3f3e5ed14d6558641f6ce8e724a970c891354857fef821d8	c69481995964cbe49280b9bfdfbf50844f5583ae7dabfefbff6efff1d5ba5064	0.4250841750841751	0.4852693602693603	0.44486531986531985	0.3671338010463692	0.26886136171531444	0.31610147173109043	0.019781144781144733	-0.04040404040404044	0.05103232931527879	-0.04724011001577599
725	20261536	0	8b1da05afdfa38eb8e4903ac4f79900b8f1873aca5daff3273b35a9b6d389867	ecc76ba0a45ff4361f637cf222c025d974e4bfab011c49326df2fc2d4c3eeba0	0.5816498316498316	0.5547138047138048	0.46296296296296297	0.30654074089717814	0.2532870644739655	0.3437087327982907	-0.11868686868686867	-0.09175084175084186	-0.03716799190111253	-0.09042166832432519
726	20261537	0	71fe0977b4be791c5de9f6ccb6348f32a43a8f11cbc1310ef9ae0cc7a9143309	814a4875c71ebec1c219a53bb292e480de1963963333e5fbfd4b9c2561520c10	0.449074074074074	0.5277777777777778	0.5382996632996633	0.3929520506954299	0.26098778527896543	0.29939132149516906	0.08922558922558926	0.010521885521885488	0.09356072920026082	-0.038403536216203626
727	20261538	0	ead9f17602429d5859f5cbbdbbf40d7d52f0a78fbab84ee82383e95698582976	7757c429f076ab7aec1c90013b0ac0db3d20f8706d41d6de6f2c26784bbdcc52	0.5484006734006734	0.5930134680134681	0.4898989898989899	0.29891269288158157	0.23281331806451744	0.2835839332379945	-0.058501683501683555	-0.10311447811447821	0.015328759643587042	-0.050770615173477085
728	20261539	0	15e8dae8146fc2e75938a66dbd51617ede19931d5e4a256e0e90581d99b26386	695973715718f375abf97c733599c0b5d0b889d7b88b123af1159a36087b0099	0.5879629629629629	0.6060606060606061	0.5715488215488215	0.28142462731324147	0.2441726674203953	0.2805370900682014	-0.016414141414141437	-0.034511784511784604	0.0008875372450400931	-0.036364422647806066
729	20261540	0	03f907b643f046f83a4e7de0e2b304c20ba09027a266001799d4cb9fdd7f92a6	0309b64b4bcb03c67a58d49668e86348997b3bf88a17d2c1a0d701ae1c9aacc3	0.4023569023569024	0.37457912457912457	0.4768518518518518	0.3891492368847256	0.28488116251809564	0.30944513924800426	0.07449494949494939	0.10227272727272724	0.07970409763672132	-0.02456397672990862
730	20261541	0	0bb6de0a45da57922bd80101290bd7c151649f632dbbfcd96955f8170b2d0fa5	c9de273e221e27a8fc36c464af006ace20696ac0715ad6515e7abf9e53d4ea8e	0.36321548821548816	0.375	0.4646464646464646	0.39130015842014815	0.2752780858242325	0.2937560256412281	0.10143097643097643	0.08964646464646459	0.09754413277892005	-0.01847793981699558
731	20261542	0	24b6cf2d2660d1d07d5d8965783d4cb885cba1c12f28713ca074189831473224	147fe3229b2b580f0f4bfdc7c0fc5366dc325428b94f76bfb5653b30c70b84f4	0.6658249158249159	0.5576599326599326	0.4806397306397307	0.2569550082204704	0.25614193033029975	0.30687557366503143	-0.18518518518518517	-0.07702020202020193	-0.04992056544456103	-0.05073364333473168
732	20261543	0	dd0319c907bd6414fef2d40a62a02b6542939bb96798c58cf148c2a54fb45572	61b8b3156e5d35758c715ca076797da3d767646dc076753b3a9f8d522c315edd	0.5016835016835017	0.6262626262626263	0.4166666666666667	0.3161148703474859	0.23944432563023132	0.3149912475144235	-0.08501683501683505	-0.2095959595959596	0.0011236228330624431	-0.07554692188419215
733	20261544	0	d02a9c3e6eb61fddd5750d96faa5e093b36975c07f5a7ac40b0e5cce9f7a73c4	4d63c6c71ec14527870fe0b78b3442863b6067b83b41723376aaa4dacfbd30fa	0.46127946127946134	0.5500841750841752	0.5993265993265994	0.3496006860736185	0.26071702938956876	0.2799083353406922	0.13804713804713803	0.0492424242424242	0.06969235073292629	-0.01919130595112345
734	20261545	0	964308398455fdb31fea55a0e0243eac4ff0213ad085071391b13758a127b633	9ff17c71d14f1c21063936976349146eac72a02213d7f44eeef8c4347a67bf31	0.5917508417508417	0.6094276094276094	0.5597643097643097	0.2708674579339733	0.25346586769580387	0.28919953328989023	-0.03198653198653201	-0.04966329966329974	-0.01833207535591691	-0.03573366559408636
735	20261546	0	cb36c10fe8c73f06d73c98815654d8f63fc9c088da57a939c89ed69ac28aba4d	9f09f62b3afb322df81696bd3c6f08f911bfd7e764b4843d226f7e9c28d64508	0.5530303030303031	0.6060606060606061	0.5328282828282829	0.2977083327855955	0.24087883501615856	0.2853394206961228	-0.02020202020202022	-0.0732323232323232	0.012368912089472717	-0.04446058567996422
736	20261547	0	28cf39cb1bbc0802f35ce0b2f1b792a051576571a2becd17aa618f672a600220	848e8da1db88b9aca6a39ff987ccf752e88aa868d13dc620aa3b2a52e95bc7bc	0.3636363636363636	0.4646464646464647	0.4566498316498316	0.40260049951451965	0.2816119755936521	0.3195264859077376	0.09301346801346799	-0.007996632996633113	0.08307401360678207	-0.03791451031408549
737	20261548	0	c765955612dd6a0e8f8821e319c3957410a344de709024f40299b1a8da8ae078	2883d9c1c6a2f6203ef65235a432630d2638f7253f7e5d60c08ebb0a79cd41ac	0.6069023569023569	0.6805555555555557	0.6456228956228957	0.2899523365956527	0.22485760187958545	0.2408285430627205	0.03872053872053871	-0.03493265993266004	0.049123793532932225	-0.01597094118313505
738	20261549	0	8b6c7feea9f6f2fdc0151d24300a539a355a0141ee1edfd55684f704ab62e729	04c3d62e9fa7a14a7e4a0df0e4334d64de823f53aaf87998244292ab372d7cdb	0.476010101010101	0.4671717171717172	0.47853535353535354	0.3551239064859924	0.2666973970476901	0.28584867090173693	0.0025252525252525415	0.011363636363636354	0.06927523558425547	-0.019151273854046857
739	20261550	0	c3b78934acd94d66545abae18c2e795ace9dca1830679a669fe966887595c321	eb7a042e21dac782c4cabdeb679945ac19794d3449f7e9fb6e673a6925ff3649	0.5143097643097643	0.40740740740740744	0.6822390572390572	0.32869922758447867	0.27955762292689906	0.23016635127005294	0.16792929292929293	0.27483164983164976	0.09853287631442573	0.04939127165684612
740	20261551	0	3622a847fec717f0bc153ca62782be2fbdce1d9aebd30b8dad5d4213a0f2b31c	0204d73b347261ef1eb5e8170ff1adc97428209f89278378cb32bccaa04a5c47	0.5454545454545454	0.44528619528619523	0.5408249158249158	0.31088057944424147	0.2706542690263119	0.2935229218383694	-0.00462962962962965	0.09553872053872053	0.017357657605872046	-0.02286865281205752
741	20261552	0	cbf06ef9f5db58f01d39f19d1f642b3168fdfe0279ea36d5197f77b6cf1cf408	800df1922533a2ed42c1c359a8bf93ae7946f8ad7d73b647d1f621968386a6ed	0.47769360269360267	0.35858585858585856	0.48148148148148145	0.35258686237490905	0.2996152383694537	0.32070149466445225	0.0037878787878787845	0.12289562289562289	0.0318853677104568	-0.02108625629499855
742	20261553	0	048729abadb4120a80b808d97207c9defa6f2ef43acddbf101786c0e1f5fdb89	559e51396c464f2ca1b4a104d3d1dca17f6faf4c9cc4c5be1e8ef612dfcf942e	0.40614478114478114	0.33754208754208753	0.32239057239057245	0.386626989412332	0.27878498462187373	0.3719365684238383	-0.08375420875420869	-0.015151515151515083	0.014690420988493658	-0.09315158380196459
743	20261554	0	cef7c433539010ad69e9eacf3c33e079f8b0d9ec80e37d496536312061d02aa2	9dbda257f4fd266b3c8f27a209df2cc50a1f8758bff0b36fe41af0cf518a87e7	0.4212962962962963	0.4116161616161616	0.3282828282828283	0.38650560205295387	0.27439385972041674	0.3774185821882736	-0.09301346801346799	-0.08333333333333331	0.009087019864680246	-0.10302472246785688
744	20261555	0	ebcf3e7472b28b3d06ce2bc8ad3922b8524399f9cf05b64d1928c364b892628e	bad4ab364c2271f512b5fa075d497a882ede01cb5ee8f5fb3e6eac806a758b2d	0.5387205387205387	0.4785353535353536	0.3636363636363636	0.3157812658344555	0.2674294826928721	0.3404245393804522	-0.17508417508417512	-0.11489898989899	-0.024643273545996713	-0.0729950566875801
745	20261556	0	22f48cb15543cf37b6e0e61876121c9d9eae8041651fd97869cc473123ba154e	2dbd83284e748a257dabf7cb6d655954f3351355b86b1b821bfa20e6c13b28bb	0.3998316498316498	0.34048821548821545	0.3333333333333333	0.37921615227161665	0.3074800514163416	0.36003925393706043	-0.0664983164983165	-0.007154882154882136	0.019176898334556214	-0.05255920252071883
746	20261557	0	3254774c6cb00619f9da2ef967ddc4ab16fc0a1603aa6dc44763f11af625af5c	992fad899ce36ef7087f6592932ca38122949473bf089115c73927d6f38ed865	0.4385521885521886	0.4936868686868687	0.2996632996632997	0.37858929236663297	0.2567780056206362	0.37163239320113606	-0.1388888888888889	-0.194023569023569	0.00695689916549691	-0.11485438758049987
747	20261558	0	43d7f28eda8f95b596ee87ade930fdc303115fd7ccbf998e13d01e2ec2e73d1d	b1ab8910c470e5a285bcd672127ce4094cfac3d77d1a46a341daac94fdf81ff8	0.6523569023569024	0.5946969696969697	0.571127946127946	0.2662814747280451	0.23650584859073806	0.27826738161850245	-0.08122895622895632	-0.023569023569023684	-0.011985906890457365	-0.04176153302776439
748	20261559	0	79ef60b2daa5c4eb75fa435eaa41d19352edc82a3e8dc511064074671f54baf4	f63e0e779ce8ae20434cfda44472fdfdb2146f035798388769ba8fe9e27b88a4	0.5441919191919192	0.5214646464646465	0.5180976430976431	0.3203203371728393	0.25628564846149865	0.30631160242936173	-0.02609427609427617	-0.0033670033670034627	0.01400873474347758	-0.05002595396786308
749	20261560	0	1050a25824741a7f1cfc2d31d34005a0ac62f0507c41dc456e65357a4c5e2ebe	52070e71a9c7c4f3fe81b113dcac4e35f207b636a8d22f285db6574a9526092e	0.4297138047138047	0.41119528619528617	0.41329966329966333	0.34103006412052256	0.28908412615710255	0.350816010239807	-0.01641414141414138	0.002104377104377164	-0.009785946119284461	-0.06173188408270447
750	20261561	0	b2f33b6b8a89b99af457b0ffb6b60e1d2d527e98f0bc8bb091a8ce32ae311bfe	8926e025ac9baec624181d56109bc87059cae8e717aeb1eacdf94ae04e8aabb6	0.49831649831649827	0.5660774410774411	0.4726430976430976	0.3345163902523327	0.239585090758991	0.3067107407387747	-0.02567340067340068	-0.09343434343434348	0.027805649513558017	-0.06712564997978368
751	20261562	0	9783268cce70255de627f4b10db19e79097448cff9b0d18681822ffcb37db54f	dc3f536b7937e7d8552eb9eefa31851e51494b64a2724ecd96b6a8c7503a68ba	0.4903198653198653	0.46422558922558926	0.3253367003367003	0.3731485579239271	0.2768992834074945	0.35742028782134855	-0.164983164983165	-0.13888888888888895	0.015728270102578545	-0.08052100441385407
752	20261563	0	6e3e0c1cc4ea8ee995744f015abbbc307bc712019436d08b0a541643a27fb839	9068266d357f85da0e32cdd7c9b4c4a681e9d8d26d1136491b1d2d4bbfb2027d	0.6026936026936026	0.6372053872053872	0.5260942760942761	0.27123669871130546	0.23796446034627317	0.2877692155018967	-0.07659932659932656	-0.11111111111111116	-0.016532516790591256	-0.04980475515562355
753	20261564	0	a853f09b3da6e2c40130ecd1b32b327972c8024d20fdd2d2004cbfbce98ae4be	7c3a6599e85761501f2c0c3c6fad8dddfd5ecb7176a5a3282d1d51cacfef5d52	0.457912457912458	0.4053030303030303	0.390993265993266	0.3569996330021874	0.26593255296111495	0.3306299409442708	-0.06691919191919199	-0.014309764309764272	0.026369692057916616	-0.06469738798315583
754	20261565	0	70ec637338861150adea66e0b3db6682cc883b12345a1bf0eb37698ffaef7b1f	f9a8705c764e83f47aab06c2c4bb4896282d73566a4a4025790db5d2b17346ed	0.5126262626262625	0.4903198653198653	0.48611111111111116	0.35196031730998706	0.25966806055546887	0.3204451115192521	-0.02651515151515138	-0.004208754208754162	0.03151520579073497	-0.06077705096378322
755	20261566	0	11e1a4f7cf4e4ca66c7d711d966fbd2e8a2dccb2ccf6c2945e65d8018469b8b1	d2b40521a1a8ab449a08987722e90ebf3399a9fc5291c60c5a6871e3e86a5cb1	0.29250841750841755	0.41245791245791247	0.5324074074074073	0.4162205218905859	0.27363810153761753	0.2839794240025133	0.23989898989898978	0.11994949494949486	0.1322410978880726	-0.010341322464895775
756	20261567	0	fc26f8217c7f50923eafe65fe540793e6dd863751552bfadf58fd69e8f78f1c3	011ac2ddba7e703c562aa8c0730ae6fa8fef9ee65f44c2f393f95a4f70cd01d8	0.3648989898989899	0.5875420875420875	0.4764309764309764	0.41860978072893446	0.22896425401221968	0.3256138660125348	0.11153198653198654	-0.11111111111111105	0.09299591471639967	-0.0966496120003151
757	20261568	0	a9eee05709af4a0409d85c0d40cf2826e01178a44828a8a3f7ad96f8c67759fc	ec66d6699db07842413f7e004f37a7b1bc8abe61e1300828d05cf81d568a713b	0.5420875420875422	0.48232323232323226	0.51010101010101	0.30249940804024433	0.2631925464880134	0.30483970054695037	-0.03198653198653212	0.02777777777777779	-0.002340292506706032	-0.041647154058936986
758	20261569	0	1dc5c7dafce8527967e04b3daf5263d39bea4f26ca3fd4ce435b47f08213e1b4	878bca40a178a0aad2697a2497e82e8a758218e6e5534825a2a9f3718463a91e	0.6005892255892257	0.4617003367003367	0.4726430976430976	0.2835826851493793	0.2721427727706575	0.29735459534418635	-0.12794612794612809	0.010942760942760865	-0.013771910194807058	-0.02521182257352883
759	20261570	0	f61f12783a50a13189b7cb1bc352e7ebe086ecc0dbd79804dd5ed0a3e0688d80	ce4b90a6aa453e06bf586b99c42d1e9812af92bd772dd52fb446899ef6b122b8	0.39730639730639733	0.3884680134680134	0.34048821548821556	0.39850998875371907	0.27525297350231787	0.3237664904938944	-0.05681818181818177	-0.047979797979797845	0.07474349825982468	-0.04851351699157652
760	20261571	0	f9874fec3b366e1105a8bf878c9ca02ed3bc202ce116ee80c407da613f7e20b7	91e0b162a15a13ae93f5e45b1eb2cf3942010fa7dccf582b84e6650b4d86668b	0.33922558922558926	0.3476430976430976	0.561026936026936	0.4001433936799487	0.2822051676666786	0.2933830611515837	0.22180134680134672	0.2133838383838384	0.10676033252836503	-0.01117789348490511
761	20261572	0	c397fe400851080e7db21feb6586449faf5d27b24cc07a7ad330706c5a4a4187	77783eb8edcca3ff95d1aa66bf563b4b9483eb29e1df37d68d45e519738748c7	0.5673400673400674	0.5841750841750842	0.48653198653198654	0.3043244921411044	0.24603025082687788	0.2791470882569214	-0.08080808080808083	-0.0976430976430977	0.02517740388418299	-0.03311683743004354
762	20261573	0	74cf4296cfd2c0ca98ec21a4ee92d06e46d10030866cbd29f5aab0291c382860	cca479a0e3aada839e47feb54e8e74387acfe95c93ae9a4b5dbca63a7f7a993b	0.4781144781144781	0.3834175084175084	0.48232323232323226	0.3742687283763573	0.2887014142022841	0.3335616188738461	0.004208754208754162	0.09890572390572389	0.04070710950251116	-0.04486020467156199
763	20261574	0	2c955eb1d36ec103d99dac833a988604ee222226186500b4fb64911e4fdb6c25	9cf553506437a50e8fd2ca52bce44baf51ce1a0ad69d1429ca99907184450b52	0.4364478114478114	0.4532828282828283	0.457070707070707	0.33470021768485597	0.2576090577880588	0.32374324444880115	0.0206228956228956	0.003787878787878729	0.010956973236054823	-0.06613418666074233
764	20261575	0	93dd4201fd0d6ad7d94f4dec05a8c9605fcf56ef9b9af75e77f93873ce1f9d20	201c7c8aa25af620a65333c5735a414829f7222e00246fa8d10544909a5eeb46	0.41119528619528617	0.377946127946128	0.3068181818181818	0.4070736585121943	0.273946210624842	0.36218153302615663	-0.10437710437710435	-0.07112794612794615	0.04489212548603766	-0.08823532240131465
765	20261576	0	1c1ba0587940b54032dd3ec60c2a4178843d7f69a8bc88d48c2dd6ce1afeb1e7	cfc9236232c7ddcb5da5332483b5d4ad3940759aeafc973bf89c206ec0afa891	0.33375420875420875	0.2984006734006734	0.5214646464646465	0.4038303951599713	0.2988103513500901	0.30285177954625403	0.18771043771043777	0.22306397306397313	0.10097861561371729	-0.004041428196163932
766	20261577	0	abdb5ba2c22ae58afe9f4f2a1bc9bef39670afcf323ff1039e25c2955824f922	0632e5a92c54dfbf14b09e836573881f3a8647681ddfddcc15cdfacc17bcd883	0.47979797979797983	0.5774410774410774	0.49452861952861954	0.3598589441435324	0.24624755704913356	0.2902501810982941	0.014730639730639705	-0.08291245791245788	0.06960876304523833	-0.04400262404916053
767	20261578	0	f660660356d1521454c9d4f3925a969e7103898c824a216ef49c26c6041854e0	072142e8953d6991e88d360cf36bf42835eaf9abb3b0bd79b5999dccece82f9a	0.7390572390572391	0.6965488215488215	0.6283670033670034	0.22825734547436613	0.22486127695787037	0.2440412966991742	-0.11069023569023573	-0.06818181818181812	-0.01578395122480808	-0.019180019741303844
768	20261579	0	dbce5d7d5a127b6d3fe0304f00a75c6bd8e1c38ed6998f61ea0b0426b0e5cef0	1c19d05bd61918c84871436468c7c09741127a9ea7a6d7d5ac487ae90cc66fdc	0.5197811447811448	0.5433501683501684	0.5374579124579125	0.34388453300722194	0.25309922247772604	0.2953066741383336	0.017676767676767735	-0.005892255892255838	0.048577858868888324	-0.042207451660607576
769	20261580	0	aeb116abd2b7da9682a8326821cdb0ec08ec9296ee19eabfc014b2ab8c010127	df41f36a6f0680da0a9f6d15b34c7d92cf546255d25f6684aa6c0065611cea4f	0.6649831649831649	0.6485690235690237	0.5037878787878788	0.25133018417838565	0.24300201209414332	0.29524859618471727	-0.1611952861952861	-0.1447811447811449	-0.04391841200633162	-0.05224658409057395
770	20261581	0	7a2a550e8efc670e55331f1543eef3b188a56852d098dfc723920263a3517988	04d76ba54c2aceb289c1da5662e852eb098f0b9ada7acd924e9e733e7809d7a5	0.46212121212121215	0.369949494949495	0.29545454545454547	0.36337106102689737	0.28371641103180156	0.3930620045294011	-0.16666666666666669	-0.0744949494949495	-0.02969094350250373	-0.10934559349759954
771	20261582	0	5a357ea63d55b7840629da1355ad84441413e995e7348068eefaa0e7a7379220	cea55c2b8ceec73e2408b976d526e0137d47de20edae8b987548e95b737ca75a	0.34259259259259256	0.4372895622895623	0.348063973063973	0.40598185452955526	0.27582071005926007	0.33330828779822713	0.00547138047138046	-0.08922558922558926	0.07267356673132813	-0.057487577738967066
772	20261583	0	effe2a53170b2a90277669e2512cda67cd39d4642ecac5cd3dfd95579702bc8d	ecdc282795d8678212c0ca925abb75753c67c380f0eeafbd3103d5bba2e8ffc0	0.57996632996633	0.5505050505050505	0.5686026936026937	0.29943879737062695	0.25278461568385086	0.2500959973117483	-0.011363636363636354	0.018097643097643168	0.049342800058878644	0.002688618372102547
773	20261584	0	e6db9ce235b05af9f2eef0e8c9a2540d4bf0506a5474623294b981577a287d8e	6dc7bba0af94bd6221438c793b9e9e92022166876e83a565fd48077ea82d48cb	0.31523569023569026	0.30260942760942766	0.35984848484848486	0.43862907874979845	0.2953921408201012	0.33072715244375767	0.044612794612794604	0.0572390572390572	0.10790192630604079	-0.03533501162365649
774	20261585	0	2b99c091a831923ffee59480aabc4bc93528456899ea989a36e2e3da57acf97f	d518475dcd2e1655c6c31f15bb0bbcd42b132fdfb39290e63213cab71b76a235	0.6035353535353535	0.5286195286195287	0.6797138047138048	0.28004635026930447	0.24547515462036562	0.228664575165074	0.07617845117845135	0.15109427609427617	0.051381775104230476	0.01681057945529163
775	20261586	0	86caed95f87ccbeefb269578d291a0cfb62037c455ab5c90a71502c1fc65c536	f9d7d2afa1274b2a4b363b4baac98ca4a612b4c95f0bcac938af0edb19067ef7	0.33501683501683505	0.2946127946127946	0.2962962962962963	0.40963240260908806	0.28072761001498164	0.3347785357646225	-0.038720538720538766	0.0016835016835016758	0.07485386684446554	-0.05405092574964088
776	20261587	0	8e395e9c2d4cf853b07d2cae071cf4d0fa1cf5788c1ca3b134772611813dfd13	c4f5839afeff91f9c17ac13edbb3003b8ebcc0626586417311b77342a0805e7e	0.5643939393939394	0.46296296296296297	0.5673400673400674	0.31021016184638267	0.26920842674848183	0.2820652407500676	0.002946127946127919	0.1043771043771044	0.028144921096315056	-0.012856814001585781
777	20261588	0	af638b3402c235c5cb1765400f13c1afb65bb91806561ff1e18c8dfa2bcd1900	b0de288be6ca7a17492e2be8ea3c488b74913aed6162be690eabd1ae2cc36107	0.48442760942760943	0.422979797979798	0.4191919191919193	0.34898039661920865	0.2702026912415573	0.3426973631397014	-0.06523569023569015	-0.003787878787878729	0.006283033479507261	-0.07249467189814407
778	20261589	0	3cd2a7704cfacd567179a589632f74a24d4a1c5d2fba5fa4589142379e517434	da8e54e1a6da41c51bdadcd45f2bd4f5611f5d31d8a517fc1191bf10c650c407	0.39141414141414144	0.3851010101010101	0.43223905723905726	0.37745373002487526	0.27200347950932163	0.31331495598559345	0.04082491582491582	0.047138047138047146	0.06413877403928181	-0.04131147647627181
779	20261590	0	9a6a5b33ac0fd8468e6c534662f0199de3455e6be3078592db9ceab9bccddc0b	fd49adbfb43caf1bb131c53246559f0f3a11d14067f8b5a693985894122cf3b0	0.5	0.5732323232323232	0.6473063973063973	0.3243565418506285	0.25517981732200523	0.2601418643624415	0.14730639730639727	0.07407407407407407	0.06421467748818699	-0.00496204704043629
780	20261591	0	dc47bdef21d69ea284ab58fb16cd20ab9379855098dada804090ccbac58de681	0f22ecff8d81a6ade5dc0938b5bc267e0e4e80efbf595dca634c65c628894381	0.3808922558922559	0.2984006734006734	0.4524410774410774	0.4009898740334692	0.304876200325761	0.3109225540463272	0.07154882154882153	0.15404040404040403	0.09006731998714201	-0.006046353720566167
781	20261592	0	e4f64da40e7dd0c1fae906263188c2013673f8c3840b49b677170195d7b19f60	0108e9171bc561c922dd9d6119879cf3ff0e6f1fc9ae03bd3626b4ebf506409a	0.4036195286195286	0.45412457912457915	0.46885521885521886	0.3885619530844657	0.27056840329258425	0.30964614227504045	0.06523569023569026	0.014730639730639705	0.07891581080942528	-0.0390777389824562
782	20261593	0	acdfa32dfae04b926d16a9102eca79df5a4f59fc79476b75d1063b07fd5d0989	a5b6e11a7e537afa975051e5b056f741fb3fc09780562ba9749239aaa0143e58	0.6153198653198653	0.5833333333333334	0.5909090909090908	0.30106288057246905	0.2524629999618884	0.2695855586825859	-0.02441077441077444	0.007575757575757458	0.03147732188988317	-0.017122558720697456
783	20261594	0	a3a6a9e54b6972580448995eab469bdc0bb0a205cb222b81b0cf84e5ebd8380d	c100bb4611b5d6c9cf00bef26cefd88726f323f4f3709cc39c431d3ae1be6e2f	0.5353535353535354	0.5875420875420875	0.5033670033670034	0.32885683883926126	0.244598058748291	0.2921932433497716	-0.03198653198653201	-0.08417508417508412	0.036663595489489664	-0.0475951846014806
784	20261595	0	bfe4ecf81bb68bcd68e050887cfcf0b065c0f86e06cc221b958c421009f9d12f	d7f57c11a4b689791758c93b8af54afc65083cbd54b11b3e334fcc0145afb564	0.577020202020202	0.4524410774410774	0.5808080808080809	0.31222191572642705	0.2713282456774369	0.27210213159230284	0.0037878787878788955	0.12836700336700346	0.0401197841341242	-0.0007738859148659349
785	20261596	0	3c044c832fa8b64c9c8511e22e5d9a2359734fdb8c6098627a7685cc3b012c00	79695f0ecb1fd6a605936b346e069decde370aaf735f8447bddb9d124ea9f370	0.6085858585858586	0.39225589225589225	0.356902356902357	0.3016425182763251	0.287850399286974	0.355359282303028	-0.25168350168350156	-0.03535353535353525	-0.05371676402670289	-0.06750888301605401
786	20261597	0	dffe3d737bfb57c8d4a29e3b0b687ff49fab7c511eea5b39037caa5eccbe77f4	b54f98bc99de4d83e0d84b36434597fb9f0da02d647fb6b029c105d123662f54	0.4339225589225589	0.4385521885521886	0.5812289562289562	0.3646055531812163	0.2744514631877006	0.27226307204465355	0.14730639730639733	0.14267676767676762	0.09234248113656274	0.0021883911430470304
787	20261598	0	c611651929f6429bc0d27ffaa3f55bad5a4acc31fd8b6a550cece0712e3f6581	6c61feebe748bb6743d9fd7c648a2c2ae6acbe9e212b7abbc042f448e81a8b5d	0.5147306397306397	0.5210437710437711	0.468013468013468	0.3445364850924441	0.2763455632562856	0.3135590369428239	-0.04671717171717171	-0.053030303030303094	0.030977448149620224	-0.03721347368653827
788	20261599	0	6b2c9a14f31d30c6cccaef00615aa391d7780125152010dce4474437d8c586bb	c8a095bc8f1469a112c736346da2b04cf97ad668c29fec858d42a172dbfe5a4d	0.48358585858585856	0.34385521885521886	0.38425925925925924	0.35277184530739697	0.2784401551865609	0.336782929840824	-0.09932659932659932	0.04040404040404039	0.015988915466572995	-0.058342774654263074
789	20261600	0	cd3414038b2a3c2cf0ef8333a6e73693b3cd1619ef9558507ccccccb8bfa1c01	28a569430d5acd378a917064c3c7393a246ffa6af64673aa07866476566bb0aa	0.4831649831649832	0.39604377104377103	0.48442760942760943	0.3406780167469923	0.2721077487613902	0.3111972195845041	0.001262626262626243	0.0883838383838384	0.029480797162488193	-0.03908947082311387
790	20261601	0	f2c31754721ae0906f9b523982241d78dc4dacd88c8be3efbc60a47176b7781d	a768b921f20b2b487bf63d90ae630ee754352ba80985df4b685bda0a9764f51d	0.44823232323232326	0.375	0.505892255892256	0.3669324032773434	0.27494155537953363	0.29996770736229766	0.05765993265993269	0.13089225589225595	0.06696469591504572	-0.025026151982764033
791	20261602	0	04c420b4722ed726d7696ca89785385fdbc0f1f54308b27380d8c25140473910	1220f9a7e61cab25b1edfd0bf182d5be187fdee67ccec05ba68f5f0e2879c268	0.5462962962962963	0.521885521885522	0.5197811447811448	0.3427575588006599	0.2519154246106689	0.282683823623653	-0.02651515151515149	-0.002104377104377164	0.06007373517700687	-0.030768399012984116
792	20261603	0	3b8ce5d0831d0200d12e75b00640757dba832a62f9cd070306a9e9f3efa8cbdd	7697ab779a673c4abbb8050a2c66d54d31fbedf7f329d6075458e2caf5deb11f	0.6675084175084175	0.6296296296296297	0.5084175084175085	0.26510865809783773	0.2388414711754676	0.3031125724203991	-0.15909090909090895	-0.1212121212121211	-0.03800391432256134	-0.06427110124493146
793	20261604	0	555433ad374df9cdd144cce6667c8b6f3697624bd4dd6d566aa98b3dee039f3a	923c0660237dcaff90e26e41055747f6e38ac30e430769569e8079cffe7eea75	0.4010942760942761	0.38930976430976433	0.5946969696969696	0.3941744234173985	0.2650314951981964	0.26680231981902897	0.1936026936026935	0.20538720538720528	0.12737210359836953	-0.0017708246208325562
794	20261605	0	a9730196d58dfdfc5eb983583df28a2740875e0a5fb59730b3eaa6060a927272	ae8bbf1b02898e1922e0d89cc56be682b8544aa61d9f01bce995ee3e0f29f103	0.5951178451178452	0.42003367003367004	0.54503367003367	0.3097334004964218	0.2561865655864248	0.30490906937053597	-0.050084175084175175	0.12499999999999994	0.004824331125885817	-0.04872250378411119
795	20261606	0	c1989f152a6f96734dd0c1d99ca5af50c493855b2de2dc039f7ed14e081360a4	524e7c1be11fb1baa6ac9de53748da0691a1dc8c73e8ca2451fa4152fa637ea3	0.45496632996632996	0.4646464646464647	0.5256734006734006	0.3418448217381567	0.2589432290154435	0.30109316569931927	0.07070707070707066	0.06102693602693593	0.04075165603883746	-0.04214993668387579
796	20261607	0	dddf5d2022c6ed25c1567e6e73057c9ca930ea0c1d5cde211c8a3669d9e2c22c	9585afbc6989a5fd5cf14bf146d91040da47c85c62c62459bc0b85dea595512c	0.5686026936026937	0.5736531986531986	0.6654040404040403	0.3085467490472588	0.25039966152706133	0.24535962622877272	0.09680134680134667	0.0917508417508417	0.0631871228184861	0.005040035298288614
797	20261608	0	472e381ab296f3bf1dfbe41c1b455731a9efe514414a613d3766c0d4451fe13a	0a60564090b8750f6cfe3f36f2bfdcce9d32589fefeb176ac9aa8a9288aecb22	0.417929292929293	0.4907407407407407	0.32954545454545453	0.3665755458502864	0.27113194154167136	0.32264598765304436	-0.08838383838383845	-0.16119528619528617	0.043929558197242036	-0.051514046111373
798	20261609	0	cff5591c42ba7a1ed47017923b05f46aed5294062763501ddf2c7e718d7a4eeb	05c8144e7c59621592668e0fbb84c43c73c66cd8eae9bef56f34ca3d8883b88d	0.4305555555555556	0.5088383838383839	0.4831649831649832	0.35566102378122405	0.25349043061755855	0.3168330178948536	0.052609427609427606	-0.02567340067340068	0.038828005886370476	-0.06334258727729503
799	20261610	0	f141b7fbf6d96123d9f8dfcf387604b532d5dc725be885d7340e420c91677ab9	6db896a2a477fc9502eafbee6281074b8ac41449471c0174615c046c512fe5e1	0.380050505050505	0.4297138047138047	0.4987373737373737	0.3904453027384827	0.2745690364898841	0.28017095444490797	0.11868686868686867	0.06902356902356899	0.11027434829357474	-0.00560191795502385
800	20261611	0	ace42d139219efab27f8993fce4791610286624393b442512a72c5477eb7b326	98c317fb97f94016b0ed4cab3e2e8fe58d3a19d1ac325abf301d7ed5ad09e2dc	0.5096801346801346	0.5130471380471381	0.4604377104377105	0.3235983782073223	0.25762256501623715	0.31247522065713135	-0.04924242424242414	-0.052609427609427606	0.011123157550190943	-0.0548526556408942
801	20261612	0	a63457eb2e17e830e122a642f029797f185ef05d229b49c038af94263c550621	a90a4196cd16e21f102e677d98a42e924ad896e590c99e74fffa61c7d87b5690	0.4659090909090909	0.4048821548821549	0.4486531986531987	0.3710996554979298	0.2605558436797129	0.30485423299775644	-0.01725589225589219	0.043771043771043794	0.06624542250017335	-0.04429838931804353
802	20261613	0	e711a2c664689cc03ed3c978e9e28691c66a2cf5f38c7a72a13fa25606f1dba4	386160cf06674d41c8272d5096171c72867db90035086f3ccfbfcddbbb4421de	0.4751683501683502	0.4183501683501683	0.39730639730639733	0.3607872525220938	0.2840362888331847	0.3458244247021712	-0.07786195286195285	-0.021043771043770976	0.014962827819922642	-0.06178813586898646
803	20261614	0	98e1529f8ca199b6e0fc5729cfb9356697aff5e88746c104dce686b96fe861eb	fb81a67f7aeca8bd1eecfd22b9aa9dc093a76b4c0e099041639eff3d302ddaca	0.436026936026936	0.4145622895622896	0.48779461279461284	0.3690123848243076	0.28491522085912857	0.30927748933423455	0.05176767676767685	0.07323232323232326	0.05973489549007305	-0.024362268475105975
804	20261615	0	1015a908811793b2c9d9317fe0562f53e145f354c14891057fa18c2abb9dc610	de1d506c7cb892b992d96549e393fd94bdd3983c6e058e413c4d4c349028b906	0.46254208754208753	0.369949494949495	0.5913299663299663	0.3474942050753527	0.2711365347035873	0.2743562375201034	0.12878787878787873	0.2213804713804713	0.07313796755524932	-0.0032197028165161234
805	20261616	0	2210d43d8d7738726468515daaee834a9e63c437ac888e9181721b27642310c4	bb2f1ce673bacdb4f4e200e75ef621bf1116432c467c9908ff363244476be333	0.5496632996632996	0.5164141414141414	0.4663299663299664	0.3133050242165924	0.2480197864571957	0.31229568538589336	-0.0833333333333332	-0.05008417508417501	0.0010093388306990358	-0.06427589892869767
806	20261617	0	0074715a4786e6823fc00bf4d87c0e841e38e62bdc074675ef4c68434b7ef424	d553bd4e4845ce3eb7535fa0206d79f95a4048132d6fdcecdd1ef08eead330d3	0.3468013468013467	0.44696969696969696	0.3968855218855219	0.4207313067857224	0.26687713995662105	0.34699782551422304	0.050084175084175175	-0.050084175084175064	0.07373348127149937	-0.08012068555760199
807	20261618	0	be513821f6074ce02242cedee1e815d1139be1129c7347cbe821251d9617872a	5ab4dbb8d4c98b71244424f8edfa72594059572b130fba6560807d4229932533	0.5837542087542088	0.4057239057239057	0.6018518518518519	0.303301229362047	0.27759102533013824	0.2832504491016614	0.018097643097643057	0.19612794612794615	0.020050780260385592	-0.0056594237715231754
808	20261619	0	c83ddc93e61763c4d2081d7a4f4559193325f97c6233cb30094a6e32c1801a82	4b7481be202f65c2aa6568c9a1d965427899dc887b162eeeca29a215966f80d1	0.3956228956228956	0.49705387205387197	0.3455387205387206	0.4132942435504443	0.2683656282549269	0.35406548761881873	-0.05008417508417501	-0.15151515151515138	0.059228755931625576	-0.08569985936389185
809	20261620	0	e7d96bf574f13cd17444bb7db559c10311262617df1ae208e8d6bd57cf45aef2	e263555de2a33e1beece6cf9a2dd31902c02e2011179618c60f4b34fa49be033	0.5702861952861953	0.6544612794612794	0.4861111111111111	0.31186154939804006	0.2213306060580246	0.2971303482567664	-0.08417508417508418	-0.1683501683501683	0.014731201141273687	-0.07579974219874178
810	20261621	0	37ee2f8922b2186dbf5dafeccf871ed7d273df8775bd1be3fe7a67e295a60b7b	11c564d5bc973880d72851285d15b8c50fdbc65eeeae6b5ba2885f62b075df06	0.5332491582491582	0.6515151515151515	0.5391414141414141	0.35392713933129194	0.23293811473020565	0.27080561452532903	0.005892255892255949	-0.11237373737373735	0.08312152480596291	-0.03786749979512338
811	20261622	0	c8e9ad26b8f8e258dee62048aecbb6103f7b30cc5b2ea6978d33fa887fa39877	4b7591736574631b377d7ab5bb9543bde68b2ba66e1aaf9d53d1b9a5beff5c58	0.4351851851851852	0.42845117845117847	0.5227272727272728	0.3725022620396196	0.2757591148585045	0.28149592873234536	0.08754208754208764	0.09427609427609435	0.09100633330727426	-0.00573681387384084
812	20261623	0	6006227b45c623b6856d872e418b7ade83cf598c790f15c47b92b871dc9a864a	fe5c292b68cc69fa7b98731842f027e9007e2f1389c59a2d675df63817239e45	0.6574074074074073	0.6776094276094277	0.728114478114478	0.24548188537474033	0.23124808462494553	0.21444892295626797	0.07070707070707072	0.050505050505050386	0.031032962418472365	0.016799161668677565
813	20261624	0	8bd155132d276c7614cc55b65cf856072bd42638b94ee535d1a37c2f0e2f1dd6	979ad99cf7aed3d2f121f3b8eb7057291a42554ebfc5291fa9d05d58b9fc539e	0.4532828282828283	0.4082491582491583	0.4743265993265993	0.36490027398605523	0.28391885986475657	0.29651213023743067	0.02104377104377103	0.06607744107744101	0.06838814374862456	-0.012593270372674104
814	20261625	0	89feb584bdd192e4c14265be5eaf34b83989b0721ce4637625686f8205adc1f3	146294da317485bcd9a00efeefd2177bab294a8e89d424688d3a4d28c2037e62	0.6982323232323232	0.4351851851851852	0.5563973063973063	0.23934583367093445	0.268857137346253	0.3106189352015884	-0.14183501683501687	0.12121212121212116	-0.07127310153065394	-0.0417617978553354
815	20261626	0	da06ee79c3889568e03e6278137650368b0902b645fb1d1f786390a3789d08b9	f9fbe4a41bb016df17a75731ff1e02cce0b255b9b935a0852d8b200676b26132	0.468013468013468	0.45496632996632996	0.4431818181818182	0.3523240341531939	0.26473768604854353	0.33899930011056706	-0.024831649831649816	-0.011784511784511786	0.013324734042626851	-0.07426161406202353
816	20261627	0	7278fb915b0d745702b1d0578f0da43b7ed09fa6fdd9137172cf7787ff5e8f4c	664c2223ecf6e18e8f1477b52c80310b153455f012ea5f6a93ff425b62c2af23	0.5707070707070708	0.4372895622895623	0.3383838383838384	0.28771292829859113	0.2801758783785468	0.34296183602857333	-0.23232323232323243	-0.09890572390572389	-0.0552489077299822	-0.06278595765002654
817	20261628	0	39346d2354ea356e0ca75dab7a84e7b9f13c0a04892ab3678647db8ed66daa52	c19dcd5f5f3ae8e60ae80a57f06fb038064a8f1b87614b5d2a6ced592b75b976	0.4541245791245791	0.39646464646464646	0.5109427609427609	0.35897447670384847	0.26999472067788327	0.30473066953019506	0.05681818181818182	0.11447811447811446	0.0542438071736534	-0.03473594885231179
818	20261629	0	4092638cfb55a64840fff2b60a4133c77aee2c8670bde874bad27e1e9999cb88	e0cea8e096323575f8dec93e13a9dce280db5554ac73c49211a019aaaf529e86	0.5648148148148148	0.505892255892256	0.6527777777777778	0.3124271590375927	0.26285656601183116	0.2224046425982299	0.08796296296296302	0.14688552188552184	0.09002251643936282	0.040451923413601265
819	20261630	0	b419a8554a5cc5a17308275de7917fba1664699559719e12bcdda45855a7b263	4715978aa7978a5a17ebace9b49e512cce723b0da14b440a40f991fc67b3eff9	0.42550505050505055	0.48821548821548816	0.6266835016835017	0.38004457521961577	0.2569449261613163	0.2633461103094947	0.20117845117845118	0.13846801346801357	0.11669846491012109	-0.006401184148178363
820	20261631	0	c4b8ea67f5face281cb61d962499e056a0df7481a9b9cc4ede199e8df1e240a8	27682f63c39e049b3788089782ccb05b09ac212f1ad8bd0d100d70faf251579e	0.5197811447811448	0.6001683501683502	0.44654882154882153	0.29233824633327404	0.2423451143330971	0.3180101816001202	-0.07323232323232326	-0.1536195286195287	-0.025671935266846135	-0.07566506726702307
821	20261632	0	d9a299974bbf9766fe638ad02ae7fe7b1dd09f380ace85bca7e87d112b95833f	933de99805f134e285dea27d17f37e13bd82fb8e36b9c6ec5fee74e82f2afe1c	0.4595959595959596	0.40951178451178455	0.5757575757575758	0.3442481797678692	0.2795131067581765	0.2813237614429956	0.11616161616161619	0.16624579124579125	0.06292441832487361	-0.001810654684819113
822	20261633	0	777b97d53775ec8d7f3fe92c625060c0d84b5f475472a1fc8afc079be0e44f8e	47e3fd53883de92acf2046ab0b1a7639b14ad2e2150d5519a790c2aff10ccd8a	0.6060606060606061	0.5820707070707071	0.611952861952862	0.2871911188276583	0.25970819011763624	0.25672364857129426	0.005892255892255949	0.029882154882154954	0.030467470256364038	0.002984541546341979
823	20261634	0	dda159d4b8306a5e410d18434d3f41dace868cf8fa227a22e234ea849bec2e57	319eef58ca324fb252800cb106b9a5d8ee7488df3f16262160fe1872ab91c8bd	0.4410774410774411	0.34385521885521886	0.37331649831649827	0.3648342456582199	0.2741817973086987	0.3447454689738236	-0.06776094276094285	0.02946127946127941	0.020088776684396348	-0.0705636716651249
824	20261635	0	d61c266388a13668553b2e954f71cbe74803b8f0aa6e8f0d90736e08d046a72d	094e256ca113f301fe9384b35a8569ed35d687a231b98ffa6996dbd5a92878b6	0.5513468013468014	0.5500841750841751	0.5690235690235689	0.31196513707328033	0.25710286447900443	0.2709735712212303	0.017676767676767513	0.01893939393939381	0.04099156585205005	-0.013870706742225847
825	20261636	0	a15c495209fc581fe01062f1375412ed6ab9041d833594122120058d90a6724d	5423f1e5c0a8128ffe9cd32e09a39ceb8a2290f4b75218567be8229a07388261	0.5669191919191919	0.5361952861952862	0.5622895622895623	0.3057457349864648	0.26477657078333666	0.2979573905162002	-0.00462962962962965	0.02609427609427606	0.007788344470264608	-0.03318081973286352
826	20261637	0	fa7b9fbde43c5996ba4916a2d4aeaf4bac8b963d86b5164f4d9bec0ccd89d03c	839accd7acdb69ba4426ab4af546aa973cefccae3e55c5faa6d10f64b031392c	0.6022727272727273	0.44402356902356904	0.4499158249158249	0.28982335141280546	0.26766667111848647	0.31272262647889854	-0.1523569023569024	0.005892255892255838	-0.022899275066093072	-0.04505595536041207
827	20261638	0	710f2e5bd885779cc21da80b790224715537b7a1b8583331cec7923c40cf6a0d	57702332740312516809d970010f536e4f716ac51421eb6f04c6db44d451b6fd	0.5143097643097643	0.5092592592592592	0.40993265993265987	0.31349865037310665	0.2639457568608839	0.3300261276415711	-0.1043771043771044	-0.09932659932659932	-0.01652747726846443	-0.06608037078068718
828	20261639	0	9d52274c641f3ba55e862d8c0cef4938ba66ba1f687e79e54ba48893ba7e41dd	42ff2b48bb30a01be2accec7149e3a0abe9b6aa46c1ca1104020e12eb527bbca	0.70496632996633	0.5151515151515151	0.6574074074074074	0.22342721985726402	0.25870733241560634	0.24723898995786855	-0.04755892255892258	0.1422558922558923	-0.023811770100604535	0.011468342457737785
829	20261640	0	111e5b5845e1c16f09200b9cefd2e3330c82c5ffee092be3c17362520fa45fa4	bca885868dff8dc4bd096dcd5f3fbbaeee05d98b6b2784be89d8ad3b1f46b207	0.4116161616161616	0.48021885521885527	0.619949494949495	0.3800864036449996	0.26219623951224974	0.24543871548151977	0.20833333333333343	0.13973063973063976	0.13464768816347986	0.01675752403072997
830	20261641	0	dd676facae29c7d990b36709bcb3a40080f52c6a0dd6b0f3a58500ace1f962af	ad2ff99e278c57116f49592130d41756e434362726dc316e3f24bd6007afb9f9	0.38720538720538716	0.398989898989899	0.32407407407407407	0.4144199289320573	0.27217255240752275	0.3805230511709845	-0.0631313131313131	-0.07491582491582494	0.03389687776107281	-0.10835049876346176
831	20261642	0	65c9c5b12f60863d5e699c8f1a55fd00a6547abbfe94627b2ec7ee10269dc77e	03fed52e642e8a3a013196e24d6df68db6311e0a81cfb8d7f6e4110d66849306	0.41877104377104385	0.5627104377104377	0.417929292929293	0.373953497548935	0.24866934352156864	0.3289242176786905	-0.0008417508417508657	-0.14478114478114473	0.045029279870244465	-0.08025487415712187
832	20261643	0	c08ee50cf3ba3984908d7143a60dd5d62a1b8300579ed1c38d0c56c4f5a7aba7	36a3ed3e66c43bb5cda635cfbdf94b89c3f5fd4a8aa903b90dfe650177e98085	0.49158249158249157	0.531986531986532	0.5025252525252525	0.3542231736261236	0.2510251382296213	0.3164491190219081	0.01094276094276092	-0.02946127946127952	0.03777405460421551	-0.06542398079228678
833	20261644	0	0d77e2a5f644d11340be0ca51b084c265c8a409a7157e127273944759a7c136c	dcbee870d654706c76754c9644a5b3808c2c7cc2707d31c8b51bc1d99b870423	0.47222222222222215	0.48148148148148145	0.4372895622895623	0.3521923054215417	0.26102876023097266	0.32134548603407137	-0.03493265993265987	-0.04419191919191917	0.030846819387470303	-0.060316725803098714
834	20261645	0	190ad8daef5ba8cde42cc1aa7f24bcd5bdd0a016254139d6b62b90cb31a89d7e	4ebda38a688bb240429dec09ee41c5ec593c5e6e377525fb2c65887c218156d0	0.5521885521885522	0.5366161616161617	0.4158249158249159	0.3162474590113746	0.2559483130292108	0.33032995687876493	-0.13636363636363635	-0.12079124579124578	-0.014082497867390353	-0.07438164384955415
835	20261646	0	d7e7b9a6e5124b123e5680eb378f524b054c1ddab5b40cf528f04cc97e2ce3b7	718c4f0b2371b4313c9953452c0bf304864034b670eb3fa135f7fde25f9851b6	0.36574074074074076	0.369949494949495	0.36279461279461284	0.41187104702861177	0.28813403009239497	0.33750005863652616	-0.002946127946127919	-0.007154882154882136	0.07437098839208561	-0.04936602854413119
836	20261647	0	ffabfcddced5e7965c8f44634ae9dcaf4e29ecf4ce57f56be60b2a88aab7a7b3	4035c3f111b085bd98c5437f2477f0033e911caf858400788af7fe16cd03b43d	0.380050505050505	0.48274410774410786	0.38257575757575757	0.4026601193587797	0.26187318845857016	0.34952495186461396	0.0025252525252525415	-0.1001683501683503	0.05313516749416575	-0.0876517634060438
837	20261648	0	fe7690cd2f0e8a534d5aa67b91ede224210077d8c5d2337a42da22538e93b113	e61dc0af494e64f3dad5016611a53160df1ff17a716ec12d596e883acbf9e60f	0.5606060606060607	0.6077441077441077	0.6536195286195287	0.29787692637769025	0.2533440246290966	0.2527021496285377	0.09301346801346799	0.04587542087542096	0.045174776749152545	0.0006418750005589002
838	20261649	0	41d679ef4aaee79ab614ed6accee54c54730f26232e8b6d4b763d3c19ffce82b	f8fe2b1de8cd8fbfdd619d2ce77486bf9a9e8d3052419c7bf95ccaf6142a129e	0.49621212121212127	0.49326599326599324	0.4318181818181819	0.34101519463907737	0.25975829526811106	0.36076855615672415	-0.06439393939393939	-0.06144781144781136	-0.019753361517646784	-0.10101026088861309
839	20261650	0	306a9cfb165530557fc58b52a7614e976c8b3a06c5c4a2607074be0e274fc086	c16ebdbfef436b2ccffd2ec4128bc666a8b95679893bfa4d2c64777643212949	0.5088383838383838	0.45454545454545453	0.4793771043771044	0.31853972507029704	0.27842867578538694	0.30855616429155025	-0.029461279461279355	0.02483164983164987	0.009983560778746792	-0.030127488506163314
840	20261651	0	0a635b39496340408d1628063e234f6c61fb5a34d5af52bd1a78953575a5121a	4fe80da0706a406dcc23ad2b1a10f755d4217eaa4239b1f2efa4133f9b341e7c	0.4276094276094276	0.4755892255892256	0.5042087542087542	0.3540155817242872	0.2587352028648459	0.31740375506677665	0.07659932659932661	0.0286195286195286	0.03661182665751056	-0.058668552201930735
841	20261652	0	10afc5b519aa427a287922cafdc4fb19e72c8b3972e787dad232d347678e86c7	af15833d6ad2d339ddad487e70c8d5693a6b4a1331ccb4e8e86df1e070280e29	0.3930976430976431	0.401936026936027	0.425084175084175	0.40842640163547167	0.2971678683753114	0.31952246938940015	0.031986531986531896	0.02314814814814803	0.08890393224607152	-0.02235460101408876
842	20261653	0	099202510cf05cb3b52734641711d4295654e2651e86660275b9f95bb80a606e	955e725134517755cc1181df2fb84f4b6204ecb1abbe2eeac914b9047bf2922e	0.473063973063973	0.45875420875420875	0.4478114478114478	0.32866550063492134	0.26209586942340496	0.3225759888151445	-0.025252525252525193	-0.01094276094276092	0.006089511819776849	-0.06048011939173953
843	20261654	0	ad412994b3efecf43e9dda3b8af5caec720fe93da251f89edd5293d2f797ac7b	799771395fec7cb07af37c9579ee38eb583a9a41b25d0e9b4e31ee5f646dea70	0.33754208754208753	0.3796296296296296	0.3796296296296297	0.4233107410577807	0.27575334061659995	0.3563847309645438	0.042087542087542174	1.1102230246251565e-16	0.0669260100932369	-0.08063139034794387
844	20261655	0	c72a349248b289e3cb98c8cf2a59144c4eb151beb2ce7a2095bf0db91b54a483	932d066b3245a450afa5e059a1b59e8ce0128d942c89fecc4a657a442109fb66	0.44486531986531985	0.460016835016835	0.4313973063973064	0.3668133631954726	0.28242357529721546	0.3283880998040843	-0.013468013468013462	-0.0286195286195286	0.0384252633913883	-0.04596452450686883
845	20261656	0	4a5db1a8b1e48dd48be2522bf7835623de63dc26f23e53b218bf719f4fc3a7f9	eb2782b968b8dd84eb9ed00527b62480062d8c7630ccb4244c2809703019e469	0.5050505050505051	0.6254208754208754	0.595117845117845	0.33316204740063154	0.24130925949343973	0.24352312705595416	0.09006734006733996	-0.030303030303030387	0.08963892034467738	-0.002213867562514432
846	20261657	0	6c73c3da2ac671bd2af11fd1eff7140ff6f5c883911ee74143e646f045014d16	9925bfe84601d30d8d757b61b6c682094188d746e68a7ad36b2ef5535785a8d1	0.35395622895622897	0.47138047138047146	0.37373737373737376	0.39010963790901537	0.25615589753265433	0.35246279946525627	0.019781144781144788	-0.0976430976430977	0.0376468384437591	-0.09630690193260194
847	20261658	0	c153c8b01b21efbaf4d3db11510f67a3bc4d8c6e904a9c9e671e1a856ac59906	050cb5385e32a30b0a7c0ea1679986e2b58c1769d64a9650ab542be8ff4c959a	0.3493265993265993	0.433922558922559	0.46085858585858586	0.3881170472715985	0.26810347363623804	0.3107856893203415	0.11153198653198654	0.02693602693602687	0.07733135795125701	-0.042682215684103464
848	20261659	0	27064983068ac05ef7a16babde46c27b960b4d5380a61a58999f2f4a03342166	c6c40303d9c0b84488203f775005a6fd3130b62a9b8d644653c2d1cf67e90fe7	0.47853535353535354	0.5382996632996633	0.444023569023569	0.3219681450595166	0.2364480748800456	0.3119795546666437	-0.03451178451178455	-0.09427609427609429	0.00998859039287292	-0.07553147978659808
849	20261660	0	1a07f626852a0b85e26052c0e8a830ae164f77c012b04238b7050f5c671ca13e	bcc1a49708ec5a09ad9e9cee09a3b78fd5f1fca87575cc3bd70b41007f62a1ca	0.6982323232323232	0.5143097643097643	0.5429292929292929	0.25635035056975447	0.26774881444997045	0.27270305737501926	-0.15530303030303028	0.028619528619528656	-0.016352706805264794	-0.004954242925048813
850	20261661	0	9107d8f85a1637e4ad12dbff05a4c171037f0acb220d64e960e92c3459e4f8e4	d1a3db5084b7a9bd76175cc69c2b6d0bed2048b9232e72f21cc93dd5ec6c2cb8	0.585858585858586	0.5774410774410774	0.5037878787878788	0.3036872258229387	0.2470309961025532	0.2796295399718231	-0.08207070707070718	-0.07365319865319864	0.024057685851115618	-0.032598543869269914
851	20261662	0	ab112e61b2628431a9417b1ba1909b46cd763ecf27197272f5260ff7d8376288	8ce91b2fd37917de8300d45829acb332207bb2a0c5afb01e16166cde7d886278	0.33249158249158245	0.4132996632996633	0.438973063973064	0.4127107490154966	0.265218469997377	0.30480027784292457	0.10648148148148157	0.025673400673400737	0.10791047117257202	-0.039581807845547545
852	20261663	0	83d863d83d4890ccedb3be666428193b741d67920774e66e3305e673b24e64e7	9af0991b5988ce7d93094e2ab289062df2849d85ee912896f67b4175fdd26487	0.6527777777777778	0.6262626262626263	0.5774410774410774	0.2555403744416724	0.23563821923817296	0.2802534068300172	-0.07533670033670037	-0.04882154882154888	-0.024713032388344824	-0.04461518759184424
853	20261664	0	aaa9698c5ec8761eb74f792242004eda27f495a14f336bce42fb0a68ab5c2543	7c9874492932371e28c71ed95f34518dc10891d18cdf42defee5fba5d7f4fbee	0.47306397306397313	0.5968013468013468	0.476010101010101	0.3484407984635958	0.2383124569338347	0.2926208357046735	0.0029461279461278633	-0.12079124579124578	0.055819962758922315	-0.0543083787708388
854	20261665	0	b3869e3939129b542b43127165cf2e4fca24d7f0a9bf66ce8acd57e0c6ebfa86	132c0fb204f52b75274ff8b61d1e735d5559fee2177d2a211c75f0edd5de1b6e	0.4915824915824915	0.5105218855218855	0.5702861952861953	0.36255719150064936	0.25411550522609866	0.30236934062308823	0.07870370370370378	0.0597643097643098	0.06018785087756112	-0.048253835396989575
855	20261666	0	fad5f4cc2ade5f91d87a3bdefaaa190eb64e2a30416e7e6c7f62cd5d3400c6b1	631369908cd1afaf64c7b9979fc0be3494d7a1ba695c7d9bce1cb362b590b254	0.4478114478114478	0.38215488215488214	0.5563973063973063	0.36059961448596933	0.2750301676780372	0.3007475936631517	0.10858585858585851	0.1742424242424242	0.05985202082281765	-0.025717425985114506
856	20261667	0	35ad2bfb630ad43101c9472a99516eb221c53af841a078b1789f0822f752b8a9	503542c2f0999df03f62391e53403d5fa3c6a8971e20760fcbae4c4fb468074d	0.5273569023569024	0.529882154882155	0.39941077441077444	0.3160545465597174	0.2559039952931144	0.3050647847948061	-0.12794612794612792	-0.13047138047138052	0.010989761764911288	-0.04916078950169167
857	20261668	0	3578b20b4192adffd42a228340ee64f0d4e936311aeb4f41f8781063d06ca0d8	1b852f2ad8f295fd0224b8687f6ed51865e00ef2f20bdadacdc6cf3edfe7d8c4	0.4250841750841751	0.42845117845117847	0.630050505050505	0.3782855806771173	0.27555607581542724	0.27117721316217536	0.20496632996632985	0.2015993265993265	0.10710836751494196	0.00437886265325188
858	20261669	0	9ed8baad2409a372a8c1fa4e04a7000be58d407aa22b75e0c44f35e31a3e75cd	85c45c607d06c9f40330b6bd207663ff75337bf6bbe3a26e452ee6c35054a385	0.6586700336700336	0.539983164983165	0.5820707070707071	0.2742411841173337	0.2512874553241217	0.2563739672524134	-0.07659932659932656	0.04208754208754206	0.01786721686492032	-0.0050865119282916815
859	20261670	0	4b91afa822fdd4869ac46f92be8c8d4057aa00cb3f58aebbd05eb27793bc7565	c25966c0dfce4255d71eb0360fb673c2485de043271cda20322c9dc23507843b	0.48947811447811446	0.5513468013468014	0.48274410774410775	0.324774106992184	0.2524928968458792	0.29843293251713415	-0.006734006734006703	-0.06860269360269361	0.026341174475049856	-0.04594003567125493
860	20261671	0	d26173f7072e930ab0b401e176cd9212caa6ef414dd4afcc7260845c151a7f40	1be41fc39329cdd941764a0872447733b8a9c6e21ce77e5cc5d48c29779a7ee4	0.5105218855218855	0.5210437710437711	0.5265151515151515	0.3180011893037012	0.25382521817665366	0.28470400529891177	0.015993265993266004	0.005471380471380405	0.033297184004789426	-0.03087878712225811
861	20261672	0	8f2fa00b3ca8e0d1009673d38779d838c441b8594330bab8c79f2c285f78d583	a11900385364293d23beb19b635a8d057976325d69f80a93e838043e8dcd2f01	0.4204545454545454	0.5248316498316499	0.49579124579124584	0.3808287082800825	0.25004809914623677	0.2981058527417466	0.07533670033670042	-0.029040404040404033	0.08272285553833586	-0.048057753595509844
862	20261673	0	b7ac9cf71991af0cd955d77594b5398edd0dda769781f9ab913613b80940bce4	6863cd24538d066f03f7c6f22ac42b75157e59547abfa3f90ac88224e2a21a38	0.4646464646464647	0.4793771043771044	0.4461279461279461	0.3583332021264498	0.25107739378289434	0.311392224244508	-0.0185185185185186	-0.033249158249158306	0.04694097788194179	-0.06031483046161368
863	20261674	0	7328c1a3441bf77a8a66adf7bacaceb9ed8ca33ebc081a274f6885ac6ce305b5	860c3996deee64fb5f5d03554f3231834558d2cc9d6af36315b4f586fef612c7	0.6106902356902357	0.5260942760942761	0.4410774410774411	0.3069145139722041	0.25567009456185597	0.3417690095919967	-0.1696127946127946	-0.08501683501683494	-0.03485449561979259	-0.08609891503014072
864	20261675	0	64f67a8f56eda90947bab5827b331281640c7e67de304ed777b98b8e84757b69	3dd7fd751c56a9dd69aad76119e666afb909ea5ce6ce0cc6fe61d53b0f60935f	0.40993265993265987	0.4436026936026936	0.367003367003367	0.36672394866694785	0.2742714555704268	0.3389481294394747	-0.04292929292929287	-0.07659932659932661	0.02777581922747313	-0.06467667386904791
865	20261676	0	584f41bc8938bd9817360df5d50e39a48aa3b233cb03ec441e2d35a99eb161af	d7b7043ae8a23ed95ccfa655caab835253b7a0de0fc1bcf7169ef9ab51e640bd	0.5180976430976432	0.5664983164983165	0.6784511784511785	0.3074452071850376	0.24947784265201803	0.24204606954219007	0.16035353535353536	0.11195286195286203	0.06539913764284752	0.007431773109827955
866	20261677	0	824c56ab462f5fd7557995f3a8e138f370f1bf763cb94a0418af658296db8ddb	6f5d1816f7b319a6da805d31ccbaef940ef25bdd3ac9e84a95f55ce324103d02	0.4692760942760943	0.5025252525252526	0.6275252525252526	0.3544681572727137	0.24476813191096877	0.25480098649965616	0.1582491582491583	0.125	0.09966717077305753	-0.010032854588687384
867	20261678	0	079087f414b40b4c37aece3338abb2c1c4eb4bf873c89b89837be82043e8adee	a25d6f222cdeaa545c47f4a6d4b53c7387321fa473bf3b6464b1348634cb7c50	0.4743265993265993	0.4326599326599327	0.377946127946128	0.35659329415338914	0.26995867987113437	0.34671714923977454	-0.09638047138047134	-0.054713804713804715	0.009876144913614604	-0.07675846936864017
868	20261679	0	c5afed734e85f6269329cd7d58d0c1187861ff391ca79627858eb91681dba18b	f1ea18125059efcdd225992419e352fedcdf65358376fb0b29f8c7cf8967ed03	0.35816498316498313	0.41414141414141414	0.4452861952861953	0.3726963890540798	0.27644169082984904	0.34009609172927774	0.08712121212121215	0.031144781144781142	0.032600297324802074	-0.0636544008994287
869	20261680	0	e14ddd0b9cd1ba0c0f7c5a8c7d2347ecfd9eed2dd7b3468dec34c642fe18ef97	dc3d8dd3c6924cca14e270cb335fea9d1b191fd7c81eb460cb46699b3fb8de4e	0.5164141414141414	0.382996632996633	0.33712121212121215	0.31939677475169265	0.28246900440224254	0.33112722900173336	-0.17929292929292928	-0.04587542087542085	-0.011730454250040712	-0.04865822459949082
870	20261681	0	8b45d97acc854f320e24b8ef779661dad402a2873aea19cd117935bb49787086	206cc8aa9553e4d5efcd90aa5b9be9d2845758d74ecf35f5b4f926dc23ceb5ff	0.571969696969697	0.4617003367003367	0.5113636363636364	0.2744225947340359	0.259608349100344	0.2950583647789124	-0.06060606060606066	0.04966329966329963	-0.02063577004487649	-0.03545001567856837
871	20261682	0	088602f296b70a5cdcab8b31c578ff522ee1804b3405245a3a2b831e0ec3b687	bc3872b99f9afdd505140e32cd080d970262e31fbc706c7cdf07adc8575d6bf9	0.36111111111111116	0.4158249158249158	0.4145622895622896	0.4149074889394527	0.26241156194325627	0.32814238350523733	0.053451178451178416	-0.001262626262626243	0.08676510543421534	-0.06573082156198107
872	20261683	0	5c474ddc627281c17b26bed4784f041c0cb689edd618ba7f539551946132b5cd	5b9a35fceac587a5826daeea1063ead143555c3bd92286f2638993981497ea03	0.5576599326599326	0.5269360269360269	0.4053030303030303	0.30346526437781396	0.261774939360144	0.3462136790874812	-0.15235690235690236	-0.12163299663299665	-0.042748414709667226	-0.08443873972733718
873	20261684	0	d5c7e55efc5554679b83990f73b7ae80a43ccd55f21d963e6b7f0daaad042e2d	5c858e0fb265e8636ca41d0590d16df6cc607eadfdc6f2febf2f7592d81a377f	0.48947811447811446	0.5260942760942761	0.630892255892256	0.3490767055174933	0.26097742989135636	0.2623882295548133	0.1414141414141415	0.10479797979797989	0.08668847596268003	-0.0014107996634569187
874	20261685	0	86b82acfafc90bd4457787e488bf42ebf55bbe9f51a26ab14ea39539fbe0dc20	dfa9673355fbed28fa818f592fc23dc670111b88853b324f58e80b71a2bd6789	0.662878787878788	0.688973063973064	0.7870370370370371	0.26169583984422523	0.22371596118373785	0.19062926874829186	0.12415824915824913	0.09806397306397308	0.07106657109593337	0.033086692435445986
875	20261686	0	4d2dfad382dc45da540cbf7d955aff08fd6defdc6463a9077503141ee2f8e6eb	8891acece6362148487344ca9248a6c95f65e5e8d64a3ab03fea0c4eed3aab2c	0.5231481481481481	0.4208754208754209	0.401936026936027	0.3626816101353915	0.26542882735229906	0.3358412543540125	-0.12121212121212116	-0.018939393939393923	0.026840355781379	-0.07041242700171346
876	20261687	0	8caed620691fef0723b42f5b13e76e68d07262d15f87628ca87ca0595038c7af	3231c82b5a437faa0318eccbb1a592f261ef91dc8dce4d33dcf371ab9d8bd469	0.5260942760942761	0.43350168350168355	0.5105218855218855	0.32715376771811394	0.27938205147445916	0.2936527826951835	-0.015572390572390571	0.07702020202020193	0.03350098502293042	-0.014270731220724364
877	20261688	0	87fea476e775b88aaff51b4a84c340f9b580322ef21dfc02edd7d1656e7d2e3e	c7cf9f0e553848c337b8628ce32d0e7e305066244c81c12c3b698750f8c683eb	0.5467171717171717	0.4898989898989899	0.40572390572390576	0.33514564012844916	0.2658207624583868	0.3275778677213301	-0.14099326599326595	-0.08417508417508412	0.007567772407119089	-0.06175710526294326
878	20261689	0	45a75685e35b8c80a84e0256aae334960e901af1e4cb4211db44f8364f6fbf9b	19e918cfe7ef15f852f55770ff39a5c1c3d13b05ddabdb1c6391f6f63c9f56cd	0.5029461279461279	0.4158249158249158	0.37331649831649827	0.32702963296374643	0.28079952182283424	0.32474774214864427	-0.12962962962962965	-0.04250841750841755	0.002281890815102161	-0.04394822032581003
879	20261690	0	7ffb65654b4a15f386525a0e566a0a65822fc4509d29e30e3b504a7835032892	f6c8ad42f18f1a398cd5b8507e4a4bf6232ccef9ebd3a2e086782a2f97da3e0c	0.3543771043771044	0.377946127946128	0.44823232323232326	0.38733167313334843	0.2720538762746229	0.3218006707694778	0.09385521885521886	0.07028619528619529	0.0655310023638706	-0.04974679449485492
880	20261691	0	ac0b084b979f668fc34f9b4af036626d47bdbde6b3c06be1a2c9ccdd60e0b9f7	a35ffaa15b1dbfcf1c52789fcff7b937ff7e36b14cb77c5f27ea750c2fddb6e3	0.4865319865319866	0.6157407407407408	0.5088383838383838	0.33042777812284596	0.23466187913705513	0.29012891358457726	0.022306397306397163	-0.10690235690235705	0.0402988645382687	-0.05546703444752213
881	20261692	0	1c7621dd17b09a72a9d522f9c7dd10aa7c3a64c6b1819e9d8e7e57e3f57ca4f4	298caeaadd460f1a044acafba4fd89ff253cb8843978c53875bb3ed5d1dd7188	0.4692760942760943	0.5206228956228957	0.5774410774410774	0.33808974403461955	0.2512081940467366	0.2571809431770919	0.10816498316498313	0.05681818181818177	0.08090880085752766	-0.0059727491303552815
882	20261693	0	683d42c96396b596126a93b969c3ab6b7d0aabc3fee6fe62be0eb3f8952b8d4d	0f621a83533af4be12cb074a1902443f2321dd858d5a7ec9cd057cf44d2c35ab	0.5475589225589226	0.5774410774410775	0.5311447811447811	0.29165912848807113	0.23432647614188104	0.2924376862952887	-0.016414141414141437	-0.04629629629629639	-0.0007785578072175836	-0.05811121015340767
883	20261694	0	4b9eae549768c816837da626377a70b01d4c56ab71c8c1b512561facf574e23f	e3a2ae28914a41a4c3d7c61e4d1a418604326f2ac4c8cc31877ae60638695b58	0.4356060606060606	0.45749158249158245	0.553872053872054	0.35447221907723075	0.262314737423496	0.27628553104172754	0.11826599326599335	0.09638047138047151	0.07818668803550322	-0.013970793618231558
884	20261695	0	f86ff92f52942dbe1c2066f76f3595d5c724024531e06f8c0926a73b8cb5460e	6f56b033d74a0559b9db458423409f58457f2ee8a9d7e3949b47e2e399ab2c69	0.5353535353535354	0.5340909090909092	0.5324074074074074	0.3448556134108686	0.25241245624730674	0.2862994301246617	-0.002946127946127919	-0.0016835016835017313	0.05855618328620693	-0.03388697387735495
885	20261696	0	192562223015913da611647139b09b2766fa57870136df009ca6c7900cef73b1	303b688f38124bdf3a0078c31c22b3df7f828460cd92c7bb8a0c4bb9fbe70456	0.46085858585858586	0.4246632996632997	0.6098484848484848	0.3422562360912947	0.2798385206182598	0.2513923636245059	0.1489898989898989	0.18518518518518506	0.09086387246678879	0.028446156993753913
886	20261697	0	77edfc18c7a241289633a2abd671c5ec494a940cbf5c345029b46a8da589e9e3	5c5d4d273a5d2afe1acc34fd843538d5026ef0a8b1376ab29e1b2c243e246ec6	0.3872053872053873	0.44612794612794615	0.40277777777777785	0.3754940204057069	0.26570502441797167	0.34443495721473677	0.015572390572390571	-0.043350168350168305	0.031059063190970126	-0.0787299327967651
887	20261698	0	a7c53dfeb101577175e4bd1622699be9219c10af0fff06ae1efb1f5687fe8b68	942aae1f39848def9faa3489f433ef1b34582d31dec42448a4a16a5a439303ef	0.36321548821548816	0.38257575757575757	0.3686868686868687	0.42143619376855845	0.27340273623690153	0.3125710348308464	0.005471380471380516	-0.013888888888888895	0.10886515893771204	-0.039168298593944884
888	20261699	0	3effeb92f0625ef716d3f932dc374648f34366542ba115c24f80cf65547a2bac	5675120b079bc59f462e63b9afbf16a31af07bb10256d62ba88aceea17727df0	0.6283670033670035	0.5833333333333334	0.5980639730639731	0.2903394334092282	0.24914337058640568	0.2739804290401612	-0.030303030303030387	0.014730639730639705	0.01635900436906701	-0.0248370584537555
889	20261700	0	dadcb77d40c37bab9cc2c4d4572aea1128b3aadf2d1019b6b88776fe4f2d483b	9157b5c700b98717296262e356a150b363493d43e32acec7034b5276f1b47ad8	0.31439393939393945	0.4010942760942761	0.4537037037037037	0.42154689708108967	0.2655714360776112	0.3244082999221636	0.13930976430976427	0.052609427609427606	0.09713859715892609	-0.05883686384455239
890	20261701	0	f57a1d90b9636c44bc16381442fd813b265b7e80cbe0a4ad4c3bb3269321f3c4	d891aaa1d435d785ba4442a113ef834baf0539fc63cdf04872f4ebc1371e7358	0.44823232323232326	0.4844276094276095	0.4612794612794613	0.37821406872366387	0.2548348486758613	0.2954250353784687	0.01304713804713803	-0.023148148148148195	0.08278903334519516	-0.04059018670260739
891	20261702	0	2284b8189983ec1860456db944500ddb9a02ae6720fbf53df4b4034dc52b99e9	a12af2eec0fec8d664be9628239424d0bdb795115843ece39a529d0b4b0df0d4	0.37079124579124584	0.369949494949495	0.40824915824915825	0.3976462386338951	0.28574775579768297	0.3499666194789841	0.03745791245791241	0.03829966329966328	0.04767961915491098	-0.06421886368130114
892	20261703	0	91f22cdd5cbef6692f97b4545c91ba5605c7e25274a4199c93ce98a87d1cbe63	d1894814ba7aef9db1adefde346bc9e2a40c62c12d17ff002f65203710e96cd0	0.4385521885521885	0.44612794612794615	0.4898989898989899	0.3716095838340075	0.2610881550623649	0.3259104698771525	0.05134680134680136	0.04377104377104374	0.045699113956855	-0.06482231481478762
893	20261704	0	84593bbf4ba1ae60155fff6f66d8d88d4f9ce22d43bba90acc130f691fc89c37	18c3821a397c2b118f62a95853a769797d76de0c6c61000a691e82d8900d8de6	0.7213804713804713	0.5446127946127947	0.5589225589225589	0.24476253675029738	0.25369715744501037	0.2755231697912676	-0.1624579124579124	0.014309764309764272	-0.030760633040970237	-0.02182601234625725
894	20261705	0	535a5694e9466fad2c6b2e4682f4035c981ffa14773449d875ca05dccc855cd5	5df43a367cb55d60e842128c0cdffa98c6076de3aad52b00f0437efbadd3a0c8	0.3918350168350168	0.44528619528619523	0.35774410774410775	0.3815811858823747	0.28116325511758516	0.3807107866894535	-0.03409090909090906	-0.08754208754208748	0.0008703991929212007	-0.09954753157186835
895	20261706	0	185eb4e9a07bc86bc5b82a6c898f8dc399d7e74df293cdb7644ab574455c2622	c6b21c6b789896752aaccb7e739fbbb640fe8f79931a811532ea12cbd6c80614	0.364057239057239	0.46085858585858586	0.4406565656565657	0.40094357285281984	0.2691757604629001	0.3289716359530212	0.07659932659932667	-0.020202020202020166	0.07197193689979864	-0.05979587549012111
896	20261707	0	04de24be08b59c294a23a06a5f88ed552e6a818d69acecacf5892317dca12d5d	03ed6b0871abac3b0d4494aeb36bf400b05d9ccd25462ce85f48b602366286be	0.39351851851851855	0.48484848484848486	0.38341750841750843	0.4045091939200138	0.2666254087028144	0.3194683284259798	-0.01010101010101011	-0.10143097643097643	0.085040865494034	-0.05284291972316535
897	20261708	0	3d24f82fca1fc752c826bb3b7a5b6b1513454f9d28eb1f377f17cb151571c75d	c1de2d3f2ec82401c51c6fbc07193722a0fc0c16cc8cef9fb4bd392a0888a176	0.5606060606060607	0.5155723905723906	0.3766835016835017	0.31581771154490124	0.25520758578231756	0.356547625848126	-0.183922558922559	-0.1388888888888889	-0.04072991430322476	-0.10134004006580843
898	20261709	0	81ed8c1220939c475ee5ea37b6a5096888da55b8805c1989552a68a11ac6d3b9	a0527f724ac28b4c220e64090911bf5d80638b9537c879ec7185c85bd354424b	0.48316498316498313	0.43813131313131315	0.5172558922558923	0.35318092950050456	0.26385619515642517	0.29494155129496563	0.03409090909090917	0.07912457912457915	0.05823937820553893	-0.031085356138540465
899	20261710	0	601ed93c05f661ea30c5bcfd0062b5351f51ab54dcf2ff72dc43cc97e6402e2a	8f938b42e921c91f0d3dc16394f933557f2a36b06576f888bbcf08cfafd32477	0.5105218855218856	0.46422558922558926	0.3093434343434343	0.3305665451692224	0.27147491671794177	0.3873551767201968	-0.2011784511784513	-0.15488215488215495	-0.05678863155097441	-0.11588026000225504
900	20261711	0	c86140616b79c7829d345dcc88f54b402f01574f02505e8afa0d3009c889629c	578501d00966099b4f17f23e21541afebd5d295efd86be23f31adbe2581f25f7	0.39015151515151514	0.4204545454545454	0.46001683501683505	0.4144744921309358	0.27748691454230984	0.29677386078393325	0.06986531986531991	0.03956228956228963	0.11770063134700254	-0.019286946241623415
901	20261712	0	579bd2c5b84bf08203c3428486d4bc39e5a3e552a789a967877718f7110b6df9	3915b8cee112fea7df107a1de5cd21f0c8a62c6ae8ee6e6a3d1133b8ac8a0ccb	0.42760942760942755	0.4385521885521886	0.4511784511784512	0.35423508768821166	0.2620827336909734	0.3056147625819348	0.02356902356902363	0.012626262626262597	0.04862032510627684	-0.043532028890961416
902	20261713	0	ab655df7978724a50066f4e92957b355e84298d516f4f8eaa955b7d1ee1df1ce	b73b6dda06165bf3a0b9c109167a96b1abe79ff4061d8c59ebe3681d71ffaf36	0.4856902356902357	0.36868686868686873	0.523989898989899	0.3532419212211195	0.276303378557378	0.3260495752664266	0.03829966329966328	0.15530303030303028	0.027192345954692942	-0.04974619670904856
903	20261714	0	4392e1ab664b295345e49186811f817e90236189e76c6dd793cddda4e6a261ea	966a53941960deb68c505488baa14b6db97189b2e13f589ead5190dd09982d48	0.44402356902356904	0.5597643097643098	0.47558922558922556	0.3608074340522897	0.2628102566271671	0.2888124189723181	0.03156565656565652	-0.08417508417508424	0.07199501507997164	-0.02600216234515096
904	20261715	0	2bbee9ac5f97df9207e50a46fcefa8be83469f0afbb7f285aa8dd2fbde655cb4	b66d8338e899b19190e1bb562a926cd38fd33fd0fc4b14265c5d55e975eef3aa	0.484006734006734	0.4436026936026936	0.6755050505050505	0.3419697052881466	0.26406162977068043	0.23604206541578812	0.1914983164983165	0.2319023569023569	0.10592763987235845	0.028019564354892307
905	20261716	0	8089ba54ac084c65abb32e3b90f9b5806f5259084f0b7eb504332543bd3efda4	c58229a613510043ccfa6897c51c4a43098b9bd9ce606b0a4f5093ac6e4fb672	0.473063973063973	0.4823232323232323	0.5382996632996634	0.3549031428402742	0.2794572659409547	0.2917281203327268	0.06523569023569037	0.05597643097643107	0.06317502250754736	-0.012270854391772112
906	20261717	0	050189c6979de413023a344eff36386572ae93ef6b7348caeb2c5380d753d8e1	16d516e3c4e1332117679e8cecb07cc41abdc8ad98044da7cfaa6dfe6dd12328	0.555976430976431	0.5395622895622895	0.5037878787878788	0.3117357341069656	0.24804659880228933	0.3034607516430801	-0.05218855218855223	-0.03577441077441068	0.008274982463885472	-0.05541415284079079
907	20261718	0	aa732ce157b7b105d21184e484d985ec06f604db8cca2bddb00653ac0ccd6c4b	238e01def409f81bb12a8b6b2811b76fadfd95187caf535ed7cb24dbfc0e40b7	0.422979797979798	0.45286195286195285	0.4856902356902357	0.3621143342794957	0.2741450425102081	0.30641521701033286	0.06271043771043772	0.03282828282828287	0.05569911726916282	-0.03227017450012476
908	20261719	0	9f17c3c938cd7346cd43fc3f6d3a798ecf1987a1969104ce70657f6cf7501e3f	16d4485080a86a75187eb70df0a1abac107f25c7bb756cab36ab99765ca395c5	0.4288720538720539	0.32954545454545453	0.4154040404040404	0.360939746316049	0.29355159227029276	0.33634376540973815	-0.013468013468013518	0.08585858585858586	0.024595980906310877	-0.04279217313944539
909	20261720	0	968354d8e0d07026a9a28eb7b583605449d01d692aa8f432ebe6ba7cbd47521f	8a494baaa2ea457311e47bfd5569df388a8db0dd058f09799db746e9a5a83561	0.6860269360269361	0.5526094276094277	0.5155723905723905	0.26087715404262224	0.25794077717757546	0.29699426445875354	-0.17045454545454564	-0.0370370370370372	-0.036117110416131304	-0.03905348728117808
910	20261721	0	15f864afd4d03b3fe543e988d6914111314a76a7b1b3303d4204ec80f85bc2a5	3041ac0e4b3ce80f28f246621516aa8be7648fd14769e3463057fb23a3f03fa8	0.5328282828282829	0.6489898989898991	0.6047979797979798	0.31995559983892896	0.23333523328465602	0.2704633306267669	0.0719696969696969	-0.04419191919191934	0.04949226921216204	-0.037128097342110894
911	20261722	0	672e3fc9ad640341c60e9d788fbe91197b933b95c7cd01390be6b4538c0c1a7e	08f446e82244ead1421e5212ba582e5bff7ed3cc5e56d1819c2b0c9564d5a24b	0.6485690235690236	0.7394781144781145	0.8135521885521886	0.24230785152755593	0.19867521787904208	0.18413829447079566	0.164983164983165	0.07407407407407407	0.058169557056760274	0.014536923408246416
912	20261723	0	af41ff5ba5128d4d3a3bdc8e6cb7b3e4f4ec0af29de4f8b21d208adeec3a8212	27fa7569821164d400519e7197fd7db48970ed673f8977144febe14010f0ccc6	0.4385521885521886	0.45496632996633	0.4541245791245791	0.36420282848481395	0.2530922481701111	0.30780853990246776	0.015572390572390515	-0.0008417508417509212	0.056394288582346186	-0.05471629173235665
913	20261724	0	5002a718cba0c0430229c3b28a5f02d073684b891e251d5b92005ad4c657d70e	f6ea522129350fa0466bd8f545c09dab64dcbbb4138d5f0d712cf3f2c5e2cacc	0.40193602693602687	0.35479797979797983	0.5875420875420875	0.4000091976278566	0.2883303975115108	0.2864290926670908	0.1856060606060606	0.23274410774410764	0.11358010496076576	0.001901304844419971
914	20261725	0	5204f2b5801e6c7347d3293417afe8002f1a6cfd9fed265f85a26ee4eb1e5cb6	a57a283cd414bad54c0a25ce847cbd543c64e6d87cf65414ddfe0d923f7fe95a	0.425925925925926	0.5420875420875422	0.5761784511784512	0.38009029546102263	0.25856091988914404	0.2610219880363418	0.15025252525252525	0.03409090909090906	0.11906830742468083	-0.0024610681471977647
915	20261726	0	df2da8707955238e5a9e94b5364faa6273b1086a461813175bff82cf6af514d9	4c83e88b2ff810d15d7c2bc87416096c52b5c15524c0e29967cb7c40c46714c4	0.4646464646464647	0.5193602693602694	0.5260942760942761	0.3357154564013663	0.2504365375534856	0.31080357344822307	0.06144781144781136	0.006734006734006703	0.024911882953143227	-0.060367035894737464
916	20261727	0	f7b9900ec638bab78ba05f44a3afffbe44f9a08c6b6c0b6abe3cd262af7ac226	ec026a220fc5fd5a216a2d844f28153f50c880ef4fe3f798e83015635b3bfd10	0.57996632996633	0.5180976430976431	0.6258417508417509	0.3015019398920788	0.2557758045177379	0.26275863744548306	0.04587542087542085	0.10774410774410781	0.03874330244659574	-0.006982832927745153
917	20261728	0	08f3289edd6f682ea38b86bf7765cb86c13457e8543d047305d997ec3c0bb6a2	81fd60c742f1c5d2a73c2df34e745fb9c9c003f9f228e73b53074a9a45698ce3	0.6460437710437711	0.5601851851851852	0.3514309764309764	0.2535316752171313	0.248171426452963	0.31836295058977804	-0.29461279461279466	-0.2087542087542088	-0.06483127537264671	-0.07019152413681504
918	20261729	0	cd57fe0fb16daabbdcde2cbd41cf33cc4f9c43b99c76df2b9a32dced2b51deb3	8737ea364b34eeed98c3d6701e55634de6f9103a1493c4ed6769f93a8b12e35c	0.55513468013468	0.4419191919191919	0.5227272727272727	0.33459840337665797	0.27475179814473777	0.29724601566955283	-0.03240740740740733	0.08080808080808083	0.03735238770710514	-0.022494217524815063
919	20261730	0	5e31b38b423cc841850980c62ef7392f2ee47a37b1a3110bc5bddf87cd728076	931d6059a14db819a21b54416306e750c4d950d2a81480ae80bd5395cb3ee353	0.42803030303030304	0.45875420875420875	0.4499158249158249	0.380366231203274	0.26709833160643637	0.32784724900940776	0.02188552188552184	-0.008838383838383868	0.05251898219386625	-0.06074891740297139
920	20261731	0	98d66a052cc200fb016eb9e8419a6d881a936c6cf46d2803ca5af59850c51d11	4ce7f0e679e290481dd7a8eacd54ac6ea4ac873c56f1079ca18de77ad839d227	0.47979797979797983	0.4490740740740741	0.4490740740740741	0.3954294218703173	0.2751669032433008	0.3323788784929301	-0.03072390572390571	0.0	0.06305054337738725	-0.05721197524962929
921	20261732	0	32b8af08defa33ce14abe429b989e96ccc1cb6bf09a3b9012978e0ae12d8f2ca	b6eca3862e2c84e45a0d9cb09d44280870673d8005d04c1cf26b77c6723cb6c9	0.40277777777777785	0.5648148148148148	0.5643939393939393	0.3682628213969486	0.23503486717729846	0.27257635859568335	0.1616161616161615	-0.00042087542087543284	0.09568646280126525	-0.03754149141838489
922	20261733	0	2986d61b1a877b72ab8db5329e15ed097daadfeb4d93a6569e8aa2ffecc7405a	a1cb70690262fa8f0767d8859ca4b7c3dff3abcd4e0c52f8819ede10a5730108	0.457070707070707	0.42003367003367004	0.4524410774410774	0.37860978565921527	0.2709555658523409	0.3111766874323138	-0.004629629629629595	0.032407407407407385	0.06743309822690147	-0.04022112157997293
923	20261734	0	f793b34b29502ad24cef414b0b1c9e87a10bc213d25ce522cb8547d28e77166d	96874630e2ce3e8f818e7a6380612640c302082afc9fcc623b5a666373462a65	0.46296296296296297	0.4086700336700337	0.3413299663299663	0.3597634488344032	0.27287553138681403	0.3719702820757251	-0.12163299663299665	-0.06734006734006737	-0.01220683324132188	-0.09909475068891105
924	20261735	0	094d36270844333157ccdc6a8f1ff833327bc53bb8077b948ff32456965fe3b8	5a93a2b929d1b66cbf3ab5f8a6a16b4489e8004267ab17f38e309783c2a836ce	0.6165824915824917	0.6388888888888888	0.5551346801346801	0.28314574620676053	0.21902182421084984	0.2724467265838968	-0.06144781144781153	-0.08375420875420869	0.010699019622863737	-0.05342490237304695
925	20261736	0	9838ea39b3f9f5d7837025a3655d335e625f584bc5a4a252139e4231164d4349	355161d4949dfa336efe1443299c4781de3c7c9cb4acb4df0692938a0ee0a978	0.31607744107744107	0.2857744107744108	0.390993265993266	0.4117729301631332	0.2795857635750469	0.35322281596311944	0.07491582491582494	0.10521885521885521	0.05855011420001377	-0.07363705238807255
926	20261737	0	14a5df7c342cfb275cf29d9655f6cc08ce038c27824774e7894d71ba74a9b72d	618c1a7385d9b2204d83988f478482d5c2fda254c74031eac43d6b558ec7df19	0.40740740740740744	0.5071548821548821	0.44654882154882153	0.37211459097511784	0.26050342897842765	0.33204268581735596	0.03914141414141409	-0.06060606060606061	0.04007190515776188	-0.07153925683892831
927	20261738	0	6cc0a29a6bc12fdd83dc97702ccf0316d39e37660a9e26e85eda1e0965c04fd3	7c1465899d2dbcb716d8005a471d81077a88698abb9cde56158040dac7dfc83b	0.41624579124579125	0.3737373737373737	0.4065656565656566	0.35931629955430305	0.2783215790765718	0.3232228536202626	-0.009680134680134678	0.03282828282828287	0.03609344593404046	-0.044901274543690806
928	20261739	0	44e14e25fe153c6637fe67ad65494aef6571b9f66b50f5d23aca3e4cb6f59b07	a46be4caa251e32172746760c1ccfa28910fff8d741ad7afba1b39fccfd40642	0.4271885521885522	0.4023569023569024	0.4326599326599327	0.3741658511364958	0.2736707746060745	0.3335063413481399	0.005471380471380516	0.030303030303030276	0.04065950978835592	-0.059835566742065416
929	20261740	0	87b54ed69b1b5f99fecb8f830de73bdf0d466ec16be6745c5b3a8390c2334ad6	82932e3c0d4a9ca8c15099b90c54e26ec07e40e3142304bca2a982e72f3191fd	0.49915824915824913	0.3434343434343434	0.5096801346801346	0.3375364015024784	0.26826323006136815	0.30163685194936285	0.010521885521885488	0.1662457912457912	0.03589954955311553	-0.0333736218879947
930	20261741	0	106cbae7b271e8f803bcfb33a0eed3a9cfd541d7853e64b66a183f75617819a0	45aa514a7264794951610af4590604eb51c9d7357dfd1c884305db849b9a448c	0.4663299663299663	0.4915824915824915	0.5968013468013469	0.34248367951031744	0.25187124972822184	0.26437572265784076	0.13047138047138057	0.10521885521885538	0.07810795685247668	-0.012504472929618926
931	20261742	0	3be337aa3623f985c0b673d9e3429c928316caaa3190f06e357d66cc87023f5b	4d22da32747feea8227a9658f3b487a918df4e57ac612bf21d192cd9ccef597b	0.46885521885521886	0.5168350168350168	0.5888047138047138	0.36883627758087706	0.2648425686382254	0.2647348114535877	0.11994949494949492	0.07196969696969702	0.10410146612728938	0.00010775718463773565
932	20261743	0	e0628e9ebf9f73e7e22481be69c21ba6cbb26eac28ae7806ece7c856db9e5304	35868a901f6906ce9ea97395f38261ee079625d8038bdb480ee71df4c71a9497	0.4928451178451178	0.49957912457912457	0.4595959595959596	0.32595691876168637	0.2551491812912648	0.3199652235679095	-0.033249158249158195	-0.039983164983164954	0.005991695193776847	-0.06481604227664473
933	20261744	0	186671e6f2dbc935d9776ae426bb7c30e66de48e8b172b0f103961c89fb36b1f	d9fc212788dde836d9314133809a62bc5ec95ebc3340b60f4208d76b69b9f83e	0.5563973063973063	0.5113636363636364	0.5997474747474748	0.3108733101310394	0.2595222957890215	0.2767013985597631	0.04335016835016847	0.08838383838383845	0.0341719115712763	-0.01717910277074164
934	20261745	0	7d3edff9db4dca0b91732875178f80a37166e4e604f8ce1dfe4d349d0e2b6ebf	3f0a721848ed6f83142b841848e5fbca4d73a8da59ce8e11c38bce8c06fce885	0.4330808080808081	0.5664983164983166	0.515993265993266	0.33785596486504926	0.24804651273874154	0.28703436829404594	0.08291245791245788	-0.05050505050505061	0.050821596571003325	-0.0389878555553044
935	20261746	0	c8d9540207fbd4b3e82224d52411b7c9a30c807495f555fd7ba17edfce3852cd	9a915b1182584541d315f55057c9a8bb92b8b775382acebb3f6327efaababdd0	0.44276094276094274	0.4364478114478114	0.41372053872053877	0.3439505148305259	0.26967076458377615	0.32671378765661413	-0.029040404040403978	-0.02272727272727265	0.01723672717391178	-0.057043023072837984
936	20261747	0	7ed75ce1ff4d392fd83eaef651f249063cae07abe100a5a32c55ea19b4e03d5e	4aebb196dd8cf64df6a31e21c951181685a3d77f713e1ae52fa54791e1a504a1	0.4292929292929293	0.3884680134680134	0.5652356902356903	0.35203967805491015	0.27697453063444044	0.2939981632034832	0.13594276094276103	0.1767676767676769	0.058041514851426945	-0.017023632569042768
937	20261748	0	42fc9d3f5c09454d0fd7ced47841859158dc98c5ab73ca30e74ee9cbb1c7095f	e9c23ce8a1a8576701f2fb464811940d39ace69c0b80b97bec35602b37725c3d	0.5109427609427609	0.6140572390572391	0.5484006734006734	0.31178540193976173	0.23140726388401356	0.27647412121833986	0.03745791245791252	-0.06565656565656564	0.03531128072142187	-0.045066857334326305
938	20261749	0	ef8ebe8768a2893beea340cd7c0745588a771ce7364ec28f6d98ba754fa516a1	f145ae57a230c76b8374b070c32bcb056fc9716887b0abdc32e2020a6970e43c	0.4663299663299664	0.4621212121212121	0.5345117845117845	0.34392709534242694	0.27674554663254686	0.28746145144819696	0.06818181818181807	0.0723905723905724	0.05646564389422998	-0.010715904815650101
939	20261750	0	0cf42192f376277bff9f50442aa0fa498609da580b66428a87a23fb5fb2a4bf2	b1c6793cb3dd50542fcf77bde61bbe088233096268f7766f8e8a268ca465db8a	0.5606060606060607	0.4330808080808081	0.38425925925925924	0.31748580368109214	0.27409868623192035	0.3350768315361013	-0.17634680134680142	-0.04882154882154888	-0.017591027855009156	-0.06097814530418094
940	20261751	0	15c6e883bb8d9cf3ec506428887063e0c8099b73077553aec39ca0e227f76a40	99c13fe0e5fde2e771abf23fdd5f984e3fd0ea04d8f6b518846e050c9e3d9360	0.7175925925925926	0.6561447811447813	0.5185185185185185	0.22110976804430763	0.2367893034901829	0.2910061994739206	-0.19907407407407407	-0.13762626262626276	-0.06989643142961297	-0.05421689598373769
941	20261752	0	71646a66afdfc8733d615113f7ef1df4a4a85626ba71814e55ebfbf17c6a4143	6f9a07f2d3664a58a3962612de9719b03af0f1844ff964672f09ffc246909357	0.2895622895622896	0.35521885521885527	0.4154040404040404	0.45753681540341234	0.27861619149555517	0.33484082315675084	0.1258417508417508	0.06018518518518512	0.1226959922466615	-0.05622463166119568
942	20261753	0	93fa2e3f41f3a2f607d8cbb31531a72d99063831775f7c1dbe1612782c52cf3e	48241df08b633426f41234b79f66647d0eb99543708bd6ba0bf37f148f986b58	0.505892255892256	0.45370370370370366	0.39351851851851855	0.34113277760626004	0.2800252820773387	0.34412003772736366	-0.1123737373737374	-0.06018518518518512	-0.0029872601211036187	-0.06409475565002498
943	20261754	0	cf73dfbd35fbe30bd6da234668fc5dbbf913a800e95a54ed540b52d93818a214	ec605b18510a459a4a4c7386ddcb1f3811fd8889b3537c79a3c4468ded22684e	0.48779461279461284	0.4844276094276094	0.5429292929292928	0.3431149497166721	0.25489476292345553	0.2764203279795507	0.05513468013467998	0.058501683501683444	0.06669462173712143	-0.021525565056095153
944	20261755	0	8da9bd6c5cf0fd935482c2f5e7dbb13f0fe7b787de38b85bf26bc3ea0ee6cac5	fe52747a8c597fe7bd4069ca209763834c624d07f625a0230e947723f592847a	0.34175084175084175	0.4764309764309764	0.47011784511784516	0.4439816594973647	0.26532046649544533	0.3007293088513416	0.1283670033670034	-0.0063131313131312705	0.1432523506460231	-0.03540884235589625
945	20261756	0	9040c4d33796949ef67b8fc5a457c4b4d5e10bf4f612483396560885b22cd88a	b444e61e563300b61e3dbe80109815b715d77e087b5651b2062f94ab0961c834	0.3985690235690236	0.5155723905723906	0.5054713804713805	0.373894596034573	0.2611891515432795	0.2983237415970366	0.10690235690235694	-0.010101010101010055	0.07557085443753636	-0.03713459005375713
946	20261757	0	ed13c31585d59c2192db996160daa8d502acc4cb84985d62570fca22d0ea25e8	2f56d166c9af038f0c1212ecc3ac67a4ea653877e7dfa058e57d2886d606e767	0.3505892255892256	0.39183501683501687	0.54503367003367	0.40127181749477875	0.2733246445276286	0.27305876889904257	0.19444444444444436	0.1531986531986531	0.12821304859573618	0.0002658756285860431
947	20261758	0	88d700b8f155f8ddfb8c075db2424cfb5131823f70d13998db305242607ac89a	c86f0dada52a22be0bde7a462201e507735943b13fdd6fc0401f55bd654804c6	0.6056397306397306	0.4116161616161616	0.38973063973063976	0.2785959991884388	0.2771272386998063	0.345588246744315	-0.21590909090909088	-0.02188552188552184	-0.06699224755587618	-0.06846100804450866
948	20261759	0	a2ba8dc6ae3ed5f73363ba8b988db4e440a8312929c5d96ecca1fc372d8cc663	a5c9f869ea588f88c3582e417e1803cfaaf86255eeefd436ddc274f5bcd353ce	0.4966329966329967	0.31902356902356904	0.5168350168350168	0.34884590221553663	0.2868808353783072	0.33505574848386105	0.020202020202020055	0.19781144781144772	0.01379015373167558	-0.04817491310555383
949	20261760	0	ebb281e6de7635e6523388cdf9d22957205b924a70b2caddd47cd08748f31de1	cbc0a002e91eef9da0f18d03b6af139e5eb858d5bd23c79bf07359bfd60863cb	0.372053872053872	0.4393939393939393	0.43686868686868685	0.413119829928845	0.2687273297597763	0.33996476510417356	0.06481481481481483	-0.0025252525252524305	0.07315506482467143	-0.07123743534439725
950	20261761	0	638f41a210bd3a326aa0fe3df7b9211631214a29c21da383448551735b8eb149	a22bc5f877c2df6fd47e393ac22e204f21c2288b4ed83aa99b861bb4acd6f789	0.47853535353535354	0.47895622895622897	0.4856902356902357	0.3691262743976839	0.2614090179856246	0.32121076604066623	0.007154882154882192	0.006734006734006759	0.04791550835701769	-0.059801748055041626
951	20261762	0	846c76ab14ee4252d70392108a5e241d50a9c38ffeeeb17199a17e24f440e6e5	299fa165746f42af9aeb28b6d754a4c959e25733b3b6e7d120175db740729877	0.5850168350168351	0.5614478114478114	0.529882154882155	0.31069169441973005	0.2440283940326732	0.289039295042577	-0.05513468013468015	-0.031565656565656464	0.02165239937715302	-0.04501090100990382
952	20261763	0	253833ff721a093c14ea41a1ed23a689d8104374595a6e8cdfbb16cd250ab041	c602b60b8e1d38a8c40bd5662a54502e7658dcded8847d90dccc4aa406c29dca	0.40446127946127947	0.4419191919191919	0.4579124579124579	0.38149171283314515	0.2702067661772757	0.31470621818991346	0.053451178451178416	0.015993265993266004	0.06678549464323169	-0.044499452012637775
953	20261764	0	cd9946c060acf67b7b5224056d67a9284ec758aaf2c293ee35b62c60dcf4b099	27795630063c94bd70a3ea4943856a0ec41743e36c054e0bca6a0de5dcb47999	0.6132154882154882	0.44570707070707066	0.553872053872054	0.2870293519950086	0.2688826813948382	0.2817862176622345	-0.059343434343434254	0.1081649831649833	0.005243134332774124	-0.01290353626739632
954	20261765	0	c638bc300df69008732e29039c32df7199c32d570034a26c2f2e5d6cfae7e7a4	fb9430f9c6d360e453037bc066a637c0c26e97fbc51abc27b18e01fc29bf15bc	0.4852693602693603	0.3623737373737373	0.5227272727272728	0.3294487554188255	0.27957074744172283	0.29027491152151635	0.03745791245791252	0.16035353535353553	0.03917384389730916	-0.010704164079793521
955	20261766	0	faf1f85f2f51581aa8e7fd40f9c5b7a418abb234630913e8bee532303e2a881a	4d6756267f7f6eead287dd7236d503a63ea18e64be8d3a95c11c8e21e43f8396	0.5004208754208754	0.3345959595959596	0.28535353535353536	0.32919184838771226	0.27233946606562326	0.3659755250985488	-0.21506734006734007	-0.049242424242424254	-0.036783676710836544	-0.09363605903292554
956	20261767	0	81e76f52f14d4d2cad392e2124bd1b1ac2bc064c92b4b68ffa740cbafc8408f1	3464ab97daabae3beaeae5601f01dd704d6bf7466aff9c8d1122ee97a2bebde5	0.5420875420875421	0.4827441077441077	0.5214646464646464	0.30113872302943206	0.2690605607937772	0.2966669496966129	-0.020622895622895654	0.03872053872053871	0.004471773332819173	-0.027606388902835677
957	20261768	0	9d2626da179a883869b220e6bd8ae250201ef2873edea45dc93302e89a2b1e6e	2e00b40642132f2fdebdd39097d00734fd71a6983feee75bbcd886c1cff70cbb	0.563973063973064	0.5324074074074074	0.5782828282828283	0.2837221068975258	0.24649195883410202	0.28396267044323426	0.014309764309764272	0.04587542087542085	-0.00024056354570844984	-0.037470711609132235
958	20261769	0	81fe3c5bae0d39c96717c38da7d7ecc92a42e17a8c7ba6f26bc7684de4dbbec2	1404f416858ce148807f56824bd50354e088fa137c967956737bad59eb8d7ed6	0.4031986531986533	0.38215488215488214	0.39814814814814814	0.3996523504987514	0.27954815548987266	0.3325457349114241	-0.0050505050505051385	0.015993265993266004	0.06710661558732733	-0.05299757942155142
959	20261770	0	ea614294dd5c1535ddb6e3288900b09a0cd95e1e7f4d850f3ce868068cbf6011	444f9dfe5fa355fbc482150245dec7b5bee8fc2c91dd7d709a51797b623e21b4	0.5437710437710438	0.577020202020202	0.555976430976431	0.2824496269132169	0.23721284765026848	0.26777621931394624	0.01220538720538722	-0.021043771043770976	0.01467340759927066	-0.030563371663677757
960	20261771	0	af24a651b3f6329e8938c7babc078a67885c3194899bda5fca00e144a9439ea1	f2202b4a5c5feda52e7cf3eaedf0991c2ef8d28016478f6882dbae173c11fe2a	0.36195286195286186	0.5050505050505051	0.436026936026936	0.3810672973348721	0.2618322726695444	0.31083880285402526	0.07407407407407413	-0.0690235690235691	0.07022849448084684	-0.04900653018448087
961	20261772	0	c5772595d050cde91221f119b9967e3857ce38fa4f8916454442ea13bee0f6e9	702764719c1b20eca9a65f4113dc3a137e4662738409e9f6f52fbce2881fd976	0.4739057239057239	0.4924242424242425	0.4583333333333333	0.3420414649584312	0.25903953433636673	0.3194300120731391	-0.015572390572390571	-0.03409090909090917	0.022611452885292094	-0.06039047773677236
962	20261773	0	286b560bb5064248c09fa13d18785d13f3024cf33b5f1ec2b16d055e9f409727	1637b0d6e8ac0d44a48a6069e5f87ecec02b5d3350573395b12b730e4048c324	0.46043771043771037	0.3728956228956229	0.43602693602693604	0.36436185591214426	0.2789868857721982	0.3447648688096501	-0.024410774410774327	0.06313131313131315	0.019596987102494134	-0.06577798303745191
963	20261774	0	c085a47e6f77477e41f5f5fcdeab9f273c8bb792f1a3916fc0c3553e06b5fbf6	876b378ab7381d68a7a41eed43daa4722e3a4c7dd097925757f6310356a5a77c	0.430976430976431	0.4057239057239057	0.37373737373737376	0.37314144341658295	0.2742432381344266	0.3616422155719628	-0.057239057239057256	-0.03198653198653195	0.011499227844620152	-0.08739897743753622
964	20261775	0	e7bed6e78375ae4f83627de7490ec700f18ed45dca95e5f28e4fa3149c91c18a	c891c57a92b7ac7ea6e5b0d9cced7ffc3f1fb4ee492e4cca8fac60e2ea24c2fb	0.5164141414141414	0.531986531986532	0.5496632996632996	0.3592214134202039	0.24922743248997678	0.2834839527031536	0.033249158249158195	0.017676767676767624	0.07573746071705034	-0.034256520213176794
965	20261776	0	c52d2e080619e1c6e26cbe7718dedfe91683ce83c0c11e358ccada6fc2e929b9	922e30f482164cbe365cc856d4cf7977ddf8cd049a0ef77214b6ce03a3bde645	0.4945286195286196	0.3846801346801347	0.31186868686868685	0.3454342596130949	0.3006192462443091	0.3693912820092691	-0.18265993265993274	-0.07281144781144783	-0.0239570223961742	-0.06877203576496
966	20261777	0	e3bd2d0d3b5da779a98685e4312d7e5fece96daaf16a21c9d339c75a541c8a2e	62d3c3a93fe997e4f3fb8a47c53e6adc1b3dda25f22cda4bb07172eeff598c35	0.4941077441077441	0.43602693602693604	0.4696969696969697	0.35978348593571413	0.2707639083501878	0.31011204038511775	-0.024410774410774383	0.03367003367003368	0.04967144555059638	-0.03934813203492993
967	20261778	0	6f1318976944622aaeb69c44654b7cbdd2f84c52e48fa7495ab3cf1c80254753	fb4e59bc2c66d782ed0fc8d250b929adc50d3f864cd3a31b481c150161e84695	0.5361952861952862	0.6510942760942761	0.5134680134680134	0.3444956623792808	0.23160826223091072	0.3015010417955734	-0.022727272727272818	-0.13762626262626265	0.0429946205837074	-0.0698927795646627
968	20261779	0	a213e8fcfaed3d915e7a1b0bbb814fe1dcf7ef9d41644e24fb68fe7f2d8f5a06	fe6d985f216046dccc00517d572e1c770701bd49f6897256430b6dfbf6f6c389	0.5938552188552189	0.5526094276094276	0.6148989898989898	0.28281383696713575	0.25447128060305496	0.2830270729249853	0.021043771043770976	0.062289562289562284	-0.00021323595784955574	-0.02855579232193034
969	20261780	0	6399fcc9bdf7117f9df710e0053d3ff87b8682dd80f49ad33fbf781539057194	569f8392254873b01bedfb808aba58882b5d6a30b7627f06f7a779dcabaf246c	0.5088383838383839	0.4078282828282829	0.4953703703703704	0.34639062639091894	0.273100331081001	0.29773502157881776	-0.013468013468013462	0.08754208754208753	0.04865560481210118	-0.024634690497816747
970	20261781	0	9c141eae0e79ece072f476e599e388e9a42409af4dd27b72d17b00d2b6183231	59ade7b1647136d4fae9cd66d71abe1bf6df9c09353aec4a03d62ed6f9db7108	0.5126262626262627	0.5437710437710438	0.5185185185185186	0.323669448565415	0.2542189046073626	0.29479405155415517	0.005892255892255949	-0.025252525252525193	0.02887539701125985	-0.040575146946792595
971	20261782	0	72df7ab54695b9e800adcc11e0a69a7fb6c06655783344145a866c6ae23ecfba	92afa9a5ea6728f8de44ca597f6285023aacfed42cf5349252d41fd5e750dba7	0.4511784511784512	0.4276094276094276	0.4402356902356903	0.36636632313547784	0.25919957325512066	0.30937212185987156	-0.010942760942760865	0.012626262626262708	0.05699420127560628	-0.0501725486047509
972	20261783	0	d3eae479fa1930518c2bff4f9bd2077173bb02ec1f6254d1065915357a23236a	6cb8a5fc2f63604dc239e2372298bdc2fc315e087b7cc1c0a51ce73b34c81d65	0.40277777777777773	0.5526094276094276	0.40404040404040403	0.3712159374990764	0.2394065719229271	0.3354267340307751	0.0012626262626262985	-0.14856902356902352	0.03578920346830128	-0.096020162107848
973	20261784	0	222c59a370b2fc31bf51807f1873bc177a9ada39b43f36772bef17e4f84514a0	0fbdcfaf9256c9c51f4cb19b8a0dfec47f21c8c2d9ee8678d611bf890583f19c	0.5824915824915825	0.5572390572390572	0.4170875420875421	0.28158695121783434	0.24811770937149338	0.31255551897338224	-0.1654040404040404	-0.14015151515151508	-0.030968567755547904	-0.06443780960188886
974	20261785	0	4227e9c59490f443f281c5efebd475561903a7baf4670ef23b9be2abc82eb5cc	8a6a8f9374cc03f67ee3ca8363336258ff83c3da0381ad382074baafd7696ceb	0.5008417508417509	0.4511784511784512	0.375	0.31459486698531103	0.27125991159073276	0.3290815545151575	-0.12584175084175087	-0.07617845117845118	-0.014486687529846498	-0.057821642924424765
975	20261786	0	27cd8e33a8d5f380388e49203c9cc9dcf96036f7091548b6a8ded243b0e4a755	2028eff2673e9ee9930ba756343ea29edfb0fdda714ef9c87c55806b8b1381e2	0.5559764309764309	0.5105218855218855	0.5627104377104378	0.30851305407321794	0.26689677020516456	0.3012342379754631	0.006734006734006925	0.05218855218855234	0.0072788160977548255	-0.03433746777029856
976	20261787	0	f054d7b0aaed64ced8d9978940da8859db714cb95f7261608b07144c290b2657	f25d497b56e39bfae1af86a913ccb27a0c3b1ea2939f1a0133b1e764fb893500	0.38720538720538716	0.34974747474747475	0.23653198653198657	0.3619385909552895	0.291029325953526	0.37707198799575986	-0.1506734006734006	-0.11321548821548819	-0.015133397040470342	-0.08604266204223388
977	20261788	0	28ebce15f6fefdf1f86a28bced9a7e19fb3409c11d2fca9c52922e434e26529d	01c99914b5bc5d39b765b38fc30c2c76ae432eb670b7177ae01a27ba6e8817bd	0.4436026936026936	0.36447811447811446	0.44402356902356904	0.37062736331082236	0.27964551940185417	0.313670614881569	0.00042087542087543284	0.07954545454545459	0.05695674842925336	-0.03402509547971483
978	20261789	0	2d20e6329c4ee9b23417ceee6ff2a03cde4a0a375c07537bd97a3dc69b2bb1ed	bcc0258b616ef6460b99e796531df88da2b3a7dab80b4fd2b464f8722623a83e	0.42803030303030304	0.5248316498316499	0.5206228956228957	0.3403258309999926	0.2578405919184555	0.3121939400148807	0.09259259259259262	-0.004208754208754217	0.028131890985111874	-0.054353348096425225
979	20261790	0	4c63b7261179d1bb57bda633fdf5d7567766443cf16407a2a7d6f0d631332973	13396862fc2dd4143d9c36aaefb1850b2f2b235c7589df0a52a5250fcbff82ac	0.40025252525252525	0.3653198653198653	0.5332491582491582	0.3877203793044986	0.2955438207703405	0.287283310140489	0.13299663299663295	0.16792929292929287	0.10043706916400957	0.008260510629851503
980	20261791	0	2b5d19cc73b62e8b7b73234956915589df228c657e5aa4fea35ed691f2c1ef68	f581e9edef71bb8f5e2419c72908eee832a58f696363b6bc411a6853137f5a11	0.6359427609427609	0.553872053872054	0.4558080808080809	0.26264291141922064	0.2471427318689461	0.3163952569241617	-0.18013468013468004	-0.09806397306397308	-0.05375234550494107	-0.06925252505521562
981	20261792	0	e9dacdbed8c43ed525f48e80a8822d682703c0cc282529cd41bc287969f8fa2c	2340b01c5803d1e2f788f2f5f0006da4ae3ac57fadc9b77fcf621a2c61dbf7f6	0.35353535353535354	0.4537037037037037	0.4457070707070707	0.3688591564488182	0.2613197723299238	0.2994435748234255	0.09217171717171718	-0.007996632996633002	0.06941558162539274	-0.03812380249350167
982	20261793	0	0d3a21abeb5287ea7ca735cd8a56fd71f0d9b106cbb726aca4559a204493c8a4	076f6628841cf1d03a8bb4bf8be01313b134a2054a82c3dae96056ffaf1a46f8	0.4111952861952863	0.4103535353535353	0.40614478114478114	0.3709186168021512	0.26470496293833573	0.3334770011825601	-0.0050505050505051385	-0.004208754208754162	0.03744161561959114	-0.06877203824422434
983	20261794	0	2c998248a73b2c8f74b9609d7204f56498d07409cdf3e502007a8628c3f7e511	838ce3347f2723a44a3db2cd04701351338f24a0e0ff546ed8b018db345089ad	0.5345117845117845	0.42424242424242425	0.5176767676767676	0.33709330436846435	0.2700373859036984	0.27583799257308206	-0.01683501683501687	0.09343434343434337	0.061255311795382295	-0.0058006066693836456
984	20261795	0	1b457cac889894be9c6ad06719a9778750f17f8ea3e894f35f25c5c82c1d0af4	6cfbe8dc3376706b0bea701aa655b812adcd0660cb6cbc66ba82290ce1715ebc	0.494949494949495	0.5378787878787878	0.45622895622895626	0.3152280783326068	0.25801832704126354	0.3089576420983072	-0.03872053872053871	-0.08164983164983158	0.006270436234299626	-0.05093931505704363
985	20261796	0	d1a0b64285fc999a51d840d3a71b18e916ac75289f270a745ad27374c5601a41	de25e47e439c52e55528c821a2bb55da02b95106ab1541f2ea48dc980b94701d	0.5606060606060607	0.521885521885522	0.5509259259259259	0.31270453013290384	0.25989324126213004	0.2767698182787079	-0.009680134680134733	0.029040404040403978	0.035934711854195944	-0.016876577016577854
986	20261797	0	0cf8476e03d3325a3668500b58f4eab25194e524f6050d679819f9b185599abd	e5fccdd28b68558eb2f336688e70f0f4456deec4b0673e6fa819ee669469e9cc	0.49242424242424243	0.5837542087542088	0.44654882154882153	0.36478547313951876	0.2507312978927346	0.29936783767718467	-0.0458754208754209	-0.13720538720538727	0.06541763546233409	-0.048636539784450095
987	20261798	0	995af8b35f232b91c2d1153f5cf1b904138ffb21fc30abdf201829e620c56ea2	cf7d52ef05f521539c3ceb2b6ba5a910e5a00c0165e2fc36d675f1d9e29289e3	0.5244107744107743	0.5298821548821548	0.5029461279461279	0.32672230144807174	0.2527402681470648	0.2983830967524998	-0.02146464646464641	-0.026936026936026924	0.02833920469557194	-0.045642828605435004
988	20261799	0	40794fd50791bf704d269005a82789105217194169e455703290389b27c432c4	6805cfd5fc53620e1f9d8b49bb9d014148126a6fd8271f29e2d48dc51118175f	0.4511784511784511	0.4372895622895623	0.6830808080808081	0.35298431611821685	0.2708395407584026	0.23692553010723982	0.23190235690235694	0.24579124579124578	0.11605878601097702	0.033914010651162785
989	20261800	0	c3e96900488dc73bac531a181e7ffa12231e32ec73f40a19aafc7b4a26143247	147c0dbbfbd352ad8b73836ff9694beaa3dee1de1bc6b2d19de59c85ec985628	0.6595117845117845	0.6359427609427609	0.6384680134680135	0.2744377223738649	0.24532797692298594	0.2507609676213353	-0.021043771043770976	0.002525252525252597	0.02367675475252956	-0.005432990698349377
990	20261801	0	a64d355f1f230987d9cbda105e081d80dde6d8a3b6213cf6eb2c6cc7ab1cb811	e69877851d825447bbf27ce1dbf563cd469fbdeb103a6c0748d52a4dd73074d9	0.3691077441077441	0.40614478114478114	0.33122895622895626	0.3816685559549266	0.2827006822098769	0.3726219193997367	-0.037878787878787845	-0.07491582491582488	0.00904663655518989	-0.08992123718985984
991	20261802	0	a7fa17eff8eabde4352afff9f54bd6ef9481e33b0630e0b8a75dac2e39b2254a	09ea2558a7cb4fc4d33e24dab0566e9b0d6d8139fbb297f7197b3ecf52c22b92	0.43013468013468015	0.29545454545454547	0.2744107744107744	0.3841695824876285	0.30929622555780867	0.37278642617212543	-0.15572390572390576	-0.021043771043771087	0.011383156315503073	-0.06349020061431676
992	20261803	0	ed42f1172ecc1ceee5be14c8cf10773c405b38688a31d742cb427a4b6fad2ef8	f2313ca49418280c447f3da096cad797b1a1d4259827ef985ffefe7a08bf93ab	0.4537037037037037	0.3653198653198653	0.5484006734006734	0.3515656150013115	0.26764761335495196	0.27763127873648635	0.09469696969696972	0.18308080808080812	0.07393433626482515	-0.00998366538153439
993	20261804	0	dc66f68c4ba93a97326e53a29ca30dc555fe72bd03e2ab68aa1977942c917904	9087c4a43939dabbbad572e9e7fe20c04e00e9bbe112568ccab4eda5feae3afd	0.3876262626262627	0.5029461279461279	0.48442760942760943	0.3888838540674086	0.2767999311937504	0.3089346311046643	0.09680134680134672	-0.01851851851851849	0.07994922296274432	-0.03213469991091389
994	20261805	0	314cadf6a9a34d28f002f6ae2f22ab1ec1f3442c24f889b97903425d22ccc4ba	4eabc3b11e64eee59c3dd4f127f43f910d530737f2b0af4a340f738a4e22556f	0.41498316498316495	0.3703703703703704	0.4082491582491583	0.40483049512234554	0.27850057106481874	0.3116449758795124	-0.006734006734006648	0.0378787878787879	0.09318551924283314	-0.03314440481469366
995	20261806	0	8fd958605949cc5df9a2cef86b839e3079c414ccca99b9f5beca39b0ce1601bd	ae648f8958587b0212b9fed910f847322025766911539c5deb62ab9d5308adde	0.3526936026936027	0.4204545454545454	0.5281986531986531	0.4045618882772571	0.2724020075670211	0.2938113092353185	0.1755050505050504	0.1077441077441077	0.11075057904193858	-0.02140930166829741
996	20261807	0	54e17433f16785fd1490e6aea9c588f14ce6a6d0fe1a654d87097f0e2d8a9e0c	fa461d228bcff075adb32d8c475998210b47706bc4425c84f400c63720082e5f	0.6005892255892257	0.6422558922558922	0.6544612794612795	0.27460643195210527	0.23770538697589547	0.23897228964780823	0.05387205387205385	0.01220538720538733	0.03563414230429704	-0.0012669026719127618
997	20261808	0	10cb3bb62999b92255eceadc4c1be0fb6a5e2750532b0a7881d4f93ecbf9464f	de6bf50d6e632d33fcd80d07f819ae593482039e45ecfa3b580efc632c0ed92e	0.3493265993265993	0.4755892255892256	0.49074074074074076	0.4309807260584417	0.26183533621615146	0.3007275573481187	0.14141414141414144	0.015151515151515138	0.130253168710323	-0.03889222113196722
998	20261809	0	517843206f930f30756dcb0ff93d3f0ab847e92ddf1e577ac6822c65f0abed73	b807e3b7ecbef01c0fbc5a7b046ea3972ea08cf70d097d45971c0ed5f5ca0bba	0.40614478114478114	0.39183501683501687	0.4170875420875421	0.4116553286596521	0.28296310390426815	0.34233958196394404	0.010942760942760976	0.02525252525252525	0.06931574669570806	-0.059376478059675886
999	20261810	0	276e2db71532f48114b5abee1223ad85e8d2386fd8a4ee75b32971b7f9d50c7a	7dd2a889a437ef07807bfa6be8d3bc32e9af076e01b08e0a6be1c3a7d5b1c022	0.6216329966329966	0.5252525252525252	0.5471380471380471	0.2715427607398055	0.2541335152867389	0.2763467605823111	-0.0744949494949495	0.021885521885521952	-0.004803999842505624	-0.022213245295572226
1000	20261811	0	055d7325bb1a60be5cd160b1c8506e894d01eba63caa5f6ded607a75022f4fa8	f31f0ee721f53171306e79504418f49e653fa2535d4d2b454a4e97e816cbd34e	0.4524410774410774	0.422979797979798	0.545875420875421	0.37920850075514734	0.2735420133676547	0.275638593045655	0.09343434343434354	0.12289562289562295	0.10356990770949231	-0.00209657967800031
