cohort_version	feature_set	repeat	outer_fold	split_seed	subject_id	true_label	probability	predicted_label	best_params
phase1-n62-primary	demographics	1	1	20260727	03	0	0.4894487639	0	"{""model__C"":0.01}"
phase1-n62-primary	demographics	1	1	20260727	09	0	0.5098945002	1	"{""model__C"":0.01}"
phase1-n62-primary	demographics	1	1	20260727	11	0	0.5124172032	1	"{""model__C"":0.01}"
phase1-n62-primary	demographics	1	1	20260727	20	0	0.5095340699	1	"{""model__C"":0.01}"
phase1-n62-primary	demographics	1	1	20260727	24	1	0.5102549202	1	"{""model__C"":0.01}"
phase1-n62-primary	demographics	1	1	20260727	40	1	0.4880072323	0	"{""model__C"":0.01}"
phase1-n62-primary	demographics	1	1	20260727	41	1	0.5106153295	1	"{""model__C"":0.01}"
phase1-n62-primary	demographics	1	1	20260727	50	1	0.5109757278	1	"{""model__C"":0.01}"
phase1-n62-primary	demographics	1	1	20260727	51	1	0.5091736297	1	"{""model__C"":0.01}"
phase1-n62-primary	demographics	1	1	20260727	53	1	0.486205601	0	"{""model__C"":0.01}"
phase1-n62-primary	demographics	1	1	20260727	66	1	0.4869262132	0	"{""model__C"":0.01}"
phase1-n62-primary	demographics	1	1	20260727	67	1	0.4905300291	0	"{""model__C"":0.01}"
phase1-n62-primary	demographics	1	1	20260727	69	1	0.5088131799	1	"{""model__C"":0.01}"
phase1-n62-primary	demographics	1	2	20260727	04	0	0.5709367198	1	"{""model__C"":1.0}"
phase1-n62-primary	demographics	1	2	20260727	10	0	0.5098301932	1	"{""model__C"":1.0}"
phase1-n62-primary	demographics	1	2	20260727	16	0	0.4662411953	0	"{""model__C"":1.0}"
phase1-n62-primary	demographics	1	2	20260727	17	0	0.5642188282	1	"{""model__C"":1.0}"
phase1-n62-primary	demographics	1	2	20260727	26	1	0.4123601638	0	"{""model__C"":1.0}"
phase1-n62-primary	demographics	1	2	20260727	34	1	0.4526460978	0	"{""model__C"":1.0}"
phase1-n62-primary	demographics	1	2	20260727	36	1	0.5209215615	1	"{""model__C"":1.0}"
phase1-n62-primary	demographics	1	2	20260727	45	1	0.4893040815	0	"{""model__C"":1.0}"
phase1-n62-primary	demographics	1	2	20260727	46	1	0.5884242892	1	"{""model__C"":1.0}"
phase1-n62-primary	demographics	1	2	20260727	64	1	0.4867218898	0	"{""model__C"":1.0}"
phase1-n62-primary	demographics	1	2	20260727	71	1	0.5345645736	1	"{""model__C"":1.0}"
phase1-n62-primary	demographics	1	2	20260727	72	1	0.5642188282	1	"{""model__C"":1.0}"
phase1-n62-primary	demographics	1	2	20260727	75	1	0.4123601638	0	"{""model__C"":1.0}"
phase1-n62-primary	demographics	1	3	20260727	01	0	0.5448388002	1	"{""model__C"":0.1}"
phase1-n62-primary	demographics	1	3	20260727	07	0	0.4526124297	0	"{""model__C"":0.1}"
phase1-n62-primary	demographics	1	3	20260727	12	0	0.5448388002	1	"{""model__C"":0.1}"
phase1-n62-primary	demographics	1	3	20260727	13	0	0.5460163368	1	"{""model__C"":0.1}"
phase1-n62-primary	demographics	1	3	20260727	22	1	0.5471933588	1	"{""model__C"":0.1}"
phase1-n62-primary	demographics	1	3	20260727	27	1	0.4490848517	0	"{""model__C"":0.1}"
phase1-n62-primary	demographics	1	3	20260727	28	1	0.5483698533	1	"{""model__C"":0.1}"
phase1-n62-primary	demographics	1	3	20260727	37	1	0.5483698533	1	"{""model__C"":0.1}"
phase1-n62-primary	demographics	1	3	20260727	38	1	0.4514360235	0	"{""model__C"":0.1}"
phase1-n62-primary	demographics	1	3	20260727	56	1	0.5330379925	1	"{""model__C"":0.1}"
phase1-n62-primary	demographics	1	3	20260727	61	1	0.543660762	1	"{""model__C"":0.1}"
phase1-n62-primary	demographics	1	3	20260727	65	1	0.435029128	0	"{""model__C"":0.1}"
phase1-n62-primary	demographics	1	4	20260727	02	0	0.4874655114	0	"{""model__C"":0.01}"
phase1-n62-primary	demographics	1	4	20260727	08	0	0.5090607067	1	"{""model__C"":0.01}"
phase1-n62-primary	demographics	1	4	20260727	19	0	0.5093798768	1	"{""model__C"":0.01}"
phase1-n62-primary	demographics	1	4	20260727	23	1	0.4861892836	0	"{""model__C"":0.01}"
phase1-n62-primary	demographics	1	4	20260727	25	1	0.5071455398	1	"{""model__C"":0.01}"
phase1-n62-primary	demographics	1	4	20260727	35	1	0.4890610241	0	"{""model__C"":0.01}"
phase1-n62-primary	demographics	1	4	20260727	39	1	0.4881036877	0	"{""model__C"":0.01}"
phase1-n62-primary	demographics	1	4	20260727	55	1	0.484594254	0	"{""model__C"":0.01}"
phase1-n62-primary	demographics	1	4	20260727	58	1	0.5049109173	1	"{""model__C"":0.01}"
phase1-n62-primary	demographics	1	4	20260727	59	1	0.5090607067	1	"{""model__C"":0.01}"
phase1-n62-primary	demographics	1	4	20260727	62	1	0.4896992934	0	"{""model__C"":0.01}"
phase1-n62-primary	demographics	1	4	20260727	68	1	0.5087415292	1	"{""model__C"":0.01}"
phase1-n62-primary	demographics	1	5	20260727	05	0	0.7768624777	1	"{""model__C"":1.0}"
phase1-n62-primary	demographics	1	5	20260727	14	0	0.56629046	1	"{""model__C"":1.0}"
phase1-n62-primary	demographics	1	5	20260727	18	0	0.5257958051	1	"{""model__C"":1.0}"
phase1-n62-primary	demographics	1	5	20260727	31	1	0.47857685	0	"{""model__C"":1.0}"
phase1-n62-primary	demographics	1	5	20260727	42	1	0.5121948792	1	"{""model__C"":1.0}"
phase1-n62-primary	demographics	1	5	20260727	43	1	0.6508026668	1	"{""model__C"":1.0}"
phase1-n62-primary	demographics	1	5	20260727	47	1	0.4985758716	0	"{""model__C"":1.0}"
phase1-n62-primary	demographics	1	5	20260727	49	1	0.56629046	1	"{""model__C"":1.0}"
phase1-n62-primary	demographics	1	5	20260727	57	1	0.546535806	1	"{""model__C"":1.0}"
phase1-n62-primary	demographics	1	5	20260727	60	1	0.372470961	0	"{""model__C"":1.0}"
phase1-n62-primary	demographics	1	5	20260727	63	1	0.3351266537	0	"{""model__C"":1.0}"
phase1-n62-primary	demographics	1	5	20260727	74	1	0.5733799927	1	"{""model__C"":1.0}"
phase1-n62-primary	demographics	2	1	20261727	04	0	0.5017957704	1	"{""model__C"":0.01}"
phase1-n62-primary	demographics	2	1	20261727	10	0	0.5001295908	1	"{""model__C"":0.01}"
phase1-n62-primary	demographics	2	1	20261727	18	0	0.5001295908	1	"{""model__C"":0.01}"
phase1-n62-primary	demographics	2	1	20261727	20	0	0.4999513624	0	"{""model__C"":0.01}"
phase1-n62-primary	demographics	2	1	20261727	24	1	0.5003216262	1	"{""model__C"":0.01}"
phase1-n62-primary	demographics	2	1	20261727	25	1	0.5010621523	1	"{""model__C"":0.01}"
phase1-n62-primary	demographics	2	1	20261727	34	1	0.4988405729	0	"{""model__C"":0.01}"
phase1-n62-primary	demographics	2	1	20261727	37	1	0.5003216262	1	"{""model__C"":0.01}"
phase1-n62-primary	demographics	2	1	20261727	38	1	0.5010552489	1	"{""model__C"":0.01}"
phase1-n62-primary	demographics	2	1	20261727	41	1	0.500506758	1	"{""model__C"":0.01}"
phase1-n62-primary	demographics	2	1	20261727	58	1	0.5023580599	1	"{""model__C"":0.01}"
phase1-n62-primary	demographics	2	1	20261727	64	1	0.4997662305	0	"{""model__C"":0.01}"
phase1-n62-primary	demographics	2	1	20261727	65	1	0.4984634084	0	"{""model__C"":0.01}"
phase1-n62-primary	demographics	2	2	20261727	03	0	0.4279493151	0	"{""model__C"":0.1}"
phase1-n62-primary	demographics	2	2	20261727	11	0	0.5793377166	1	"{""model__C"":0.1}"
phase1-n62-primary	demographics	2	2	20261727	13	0	0.5597008376	1	"{""model__C"":0.1}"
phase1-n62-primary	demographics	2	2	20261727	16	0	0.5498078579	1	"{""model__C"":0.1}"
phase1-n62-primary	demographics	2	2	20261727	23	1	0.4206116431	0	"{""model__C"":0.1}"
phase1-n62-primary	demographics	2	2	20261727	35	1	0.398820124	0	"{""model__C"":0.1}"
phase1-n62-primary	demographics	2	2	20261727	39	1	0.4060440584	0	"{""model__C"":0.1}"
phase1-n62-primary	demographics	2	2	20261727	40	1	0.4181733602	0	"{""model__C"":0.1}"
phase1-n62-primary	demographics	2	2	20261727	49	1	0.408461268	0	"{""model__C"":0.1}"
phase1-n62-primary	demographics	2	2	20261727	51	1	0.5572317207	1	"{""model__C"":0.1}"
phase1-n62-primary	demographics	2	2	20261727	53	1	0.4060440584	0	"{""model__C"":0.1}"
phase1-n62-primary	demographics	2	2	20261727	60	1	0.5842104556	1	"{""model__C"":0.1}"
phase1-n62-primary	demographics	2	2	20261727	61	1	0.5547597722	1	"{""model__C"":0.1}"
phase1-n62-primary	demographics	2	3	20261727	02	0	0.4857150632	0	"{""model__C"":0.1}"
phase1-n62-primary	demographics	2	3	20261727	07	0	0.4912837813	0	"{""model__C"":0.1}"
phase1-n62-primary	demographics	2	3	20261727	08	0	0.5092529307	1	"{""model__C"":0.1}"
phase1-n62-primary	demographics	2	3	20261727	17	0	0.492676353	0	"{""model__C"":0.1}"
phase1-n62-primary	demographics	2	3	20261727	27	1	0.4891951842	0	"{""model__C"":0.1}"
phase1-n62-primary	demographics	2	3	20261727	31	1	0.5106453092	1	"{""model__C"":0.1}"
phase1-n62-primary	demographics	2	3	20261727	36	1	0.5120375225	1	"{""model__C"":0.1}"
phase1-n62-primary	demographics	2	3	20261727	42	1	0.4878029912	0	"{""model__C"":0.1}"
phase1-n62-primary	demographics	2	3	20261727	46	1	0.5189953569	1	"{""model__C"":0.1}"
phase1-n62-primary	demographics	2	3	20261727	50	1	0.5120375225	1	"{""model__C"":0.1}"
phase1-n62-primary	demographics	2	3	20261727	66	1	0.4857150632	0	"{""model__C"":0.1}"
phase1-n62-primary	demographics	2	3	20261727	69	1	0.5078604087	1	"{""model__C"":0.1}"
phase1-n62-primary	demographics	2	4	20261727	12	0	0.5041935749	1	"{""model__C"":0.01}"
phase1-n62-primary	demographics	2	4	20261727	14	0	0.4920465246	0	"{""model__C"":0.01}"
phase1-n62-primary	demographics	2	4	20261727	19	0	0.5041935749	1	"{""model__C"":0.01}"
phase1-n62-primary	demographics	2	4	20261727	26	1	0.4990912845	0	"{""model__C"":0.01}"
phase1-n62-primary	demographics	2	4	20261727	28	1	0.5055850018	1	"{""model__C"":0.01}"
phase1-n62-primary	demographics	2	4	20261727	43	1	0.4995551372	0	"{""model__C"":0.01}"
phase1-n62-primary	demographics	2	4	20261727	45	1	0.4920465246	0	"{""model__C"":0.01}"
phase1-n62-primary	demographics	2	4	20261727	47	1	0.4943653603	0	"{""model__C"":0.01}"
phase1-n62-primary	demographics	2	4	20261727	57	1	0.5032659196	1	"{""model__C"":0.01}"
phase1-n62-primary	demographics	2	4	20261727	59	1	0.5046573921	1	"{""model__C"":0.01}"
phase1-n62-primary	demographics	2	4	20261727	68	1	0.5051212014	1	"{""model__C"":0.01}"
phase1-n62-primary	demographics	2	4	20261727	75	1	0.4990912845	0	"{""model__C"":0.01}"
phase1-n62-primary	demographics	2	5	20261727	01	0	0.5109348967	1	"{""model__C"":0.01}"
phase1-n62-primary	demographics	2	5	20261727	05	0	0.5262418728	1	"{""model__C"":0.01}"
phase1-n62-primary	demographics	2	5	20261727	09	0	0.5074191622	1	"{""model__C"":0.01}"
phase1-n62-primary	demographics	2	5	20261727	22	1	0.5074191622	1	"{""model__C"":0.01}"
phase1-n62-primary	demographics	2	5	20261727	55	1	0.4770450826	0	"{""model__C"":0.01}"
phase1-n62-primary	demographics	2	5	20261727	56	1	0.5284904148	1	"{""model__C"":0.01}"
phase1-n62-primary	demographics	2	5	20261727	62	1	0.5051642212	1	"{""model__C"":0.01}"
phase1-n62-primary	demographics	2	5	20261727	63	1	0.486321518	0	"{""model__C"":0.01}"
phase1-n62-primary	demographics	2	5	20261727	67	1	0.4752906126	0	"{""model__C"":0.01}"
phase1-n62-primary	demographics	2	5	20261727	71	1	0.4986273758	0	"{""model__C"":0.01}"
phase1-n62-primary	demographics	2	5	20261727	72	1	0.4752906126	0	"{""model__C"":0.01}"
phase1-n62-primary	demographics	2	5	20261727	74	1	0.5179627742	1	"{""model__C"":0.01}"
phase1-n62-primary	demographics	3	1	20262727	10	0	0.4935213282	0	"{""model__C"":0.01}"
phase1-n62-primary	demographics	3	1	20262727	12	0	0.5042858831	1	"{""model__C"":0.01}"
phase1-n62-primary	demographics	3	1	20262727	14	0	0.494672923	0	"{""model__C"":0.01}"
phase1-n62-primary	demographics	3	1	20262727	18	0	0.4935213282	0	"{""model__C"":0.01}"
phase1-n62-primary	demographics	3	1	20262727	27	1	0.4923698021	0	"{""model__C"":0.01}"
phase1-n62-primary	demographics	3	1	20262727	41	1	0.5027502859	1	"{""model__C"":0.01}"
phase1-n62-primary	demographics	3	1	20262727	47	1	0.4927536358	0	"{""model__C"":0.01}"
phase1-n62-primary	demographics	3	1	20262727	49	1	0.494672923	0	"{""model__C"":0.01}"
phase1-n62-primary	demographics	3	1	20262727	51	1	0.5042858831	1	"{""model__C"":0.01}"
phase1-n62-primary	demographics	3	1	20262727	57	1	0.5050536532	1	"{""model__C"":0.01}"
phase1-n62-primary	demographics	3	1	20262727	58	1	0.4989111293	0	"{""model__C"":0.01}"
phase1-n62-primary	demographics	3	1	20262727	62	1	0.4969762699	0	"{""model__C"":0.01}"
phase1-n62-primary	demographics	3	1	20262727	67	1	0.490450778	0	"{""model__C"":0.01}"
phase1-n62-primary	demographics	3	2	20262727	07	0	0.4984160633	0	"{""model__C"":0.01}"
phase1-n62-primary	demographics	3	2	20262727	13	0	0.5043370024	1	"{""model__C"":0.01}"
phase1-n62-primary	demographics	3	2	20262727	17	0	0.4998985315	0	"{""model__C"":0.01}"
phase1-n62-primary	demographics	3	2	20262727	19	0	0.5035958124	1	"{""model__C"":0.01}"
phase1-n62-primary	demographics	3	2	20262727	34	1	0.4998896908	0	"{""model__C"":0.01}"
phase1-n62-primary	demographics	3	2	20262727	37	1	0.5058193218	1	"{""model__C"":0.01}"
phase1-n62-primary	demographics	3	2	20262727	39	1	0.4910046615	0	"{""model__C"":0.01}"
phase1-n62-primary	demographics	3	2	20262727	42	1	0.4947100718	0	"{""model__C"":0.01}"
phase1-n62-primary	demographics	3	2	20262727	60	1	0.5117473161	1	"{""model__C"":0.01}"
phase1-n62-primary	demographics	3	2	20262727	63	1	0.5139695519	1	"{""model__C"":0.01}"
phase1-n62-primary	demographics	3	2	20262727	64	1	0.5035958124	1	"{""model__C"":0.01}"
phase1-n62-primary	demographics	3	2	20262727	65	1	0.4873002393	0	"{""model__C"":0.01}"
phase1-n62-primary	demographics	3	2	20262727	75	1	0.4954423967	0	"{""model__C"":0.01}"
phase1-n62-primary	demographics	3	3	20262727	01	0	0.5345906482	1	"{""model__C"":1.0}"
phase1-n62-primary	demographics	3	3	20262727	02	0	0.4571779458	0	"{""model__C"":1.0}"
phase1-n62-primary	demographics	3	3	20262727	04	0	0.4632087738	0	"{""model__C"":1.0}"
phase1-n62-primary	demographics	3	3	20262727	08	0	0.5351397265	1	"{""model__C"":1.0}"
phase1-n62-primary	demographics	3	3	20262727	25	1	0.5384323616	1	"{""model__C"":1.0}"
phase1-n62-primary	demographics	3	3	20262727	26	1	0.5285455442	1	"{""model__C"":1.0}"
phase1-n62-primary	demographics	3	3	20262727	31	1	0.5362376262	1	"{""model__C"":1.0}"
phase1-n62-primary	demographics	3	3	20262727	38	1	0.4610144059	0	"{""model__C"":1.0}"
phase1-n62-primary	demographics	3	3	20262727	43	1	0.5290954721	1	"{""model__C"":1.0}"
phase1-n62-primary	demographics	3	3	20262727	46	1	0.5428172823	1	"{""model__C"":1.0}"
phase1-n62-primary	demographics	3	3	20262727	69	1	0.5340414861	1	"{""model__C"":1.0}"
phase1-n62-primary	demographics	3	3	20262727	72	1	0.4626600448	0	"{""model__C"":1.0}"
phase1-n62-primary	demographics	3	4	20262727	03	0	0.4903753279	0	"{""model__C"":0.01}"
phase1-n62-primary	demographics	3	4	20262727	16	0	0.5068303094	1	"{""model__C"":0.01}"
phase1-n62-primary	demographics	3	4	20262727	20	0	0.5076124603	1	"{""model__C"":0.01}"
phase1-n62-primary	demographics	3	4	20262727	28	1	0.508003522	1	"{""model__C"":0.01}"
phase1-n62-primary	demographics	3	4	20262727	35	1	0.4880294841	0	"{""model__C"":0.01}"
phase1-n62-primary	demographics	3	4	20262727	40	1	0.4895933277	0	"{""model__C"":0.01}"
phase1-n62-primary	demographics	3	4	20262727	45	1	0.4888113785	0	"{""model__C"":0.01}"
phase1-n62-primary	demographics	3	4	20262727	50	1	0.5083945739	1	"{""model__C"":0.01}"
phase1-n62-primary	demographics	3	4	20262727	55	1	0.4907663459	0	"{""model__C"":0.01}"
phase1-n62-primary	demographics	3	4	20262727	56	1	0.5054614673	1	"{""model__C"":0.01}"
phase1-n62-primary	demographics	3	4	20262727	68	1	0.5078079923	1	"{""model__C"":0.01}"
phase1-n62-primary	demographics	3	4	20262727	74	1	0.5066347663	1	"{""model__C"":0.01}"
phase1-n62-primary	demographics	3	5	20262727	05	0	0.5060235115	1	"{""model__C"":0.01}"
phase1-n62-primary	demographics	3	5	20262727	09	0	0.5064828558	1	"{""model__C"":0.01}"
phase1-n62-primary	demographics	3	5	20262727	11	0	0.5017077794	1	"{""model__C"":0.01}"
phase1-n62-primary	demographics	3	5	20262727	22	1	0.5064828558	1	"{""model__C"":0.01}"
phase1-n62-primary	demographics	3	5	20262727	23	1	0.4903342985	0	"{""model__C"":0.01}"
phase1-n62-primary	demographics	3	5	20262727	24	1	0.5058007542	1	"{""model__C"":0.01}"
phase1-n62-primary	demographics	3	5	20262727	36	1	0.5044364885	1	"{""model__C"":0.01}"
phase1-n62-primary	demographics	3	5	20262727	53	1	0.4944265534	0	"{""model__C"":0.01}"
phase1-n62-primary	demographics	3	5	20262727	59	1	0.5071649334	1	"{""model__C"":0.01}"
phase1-n62-primary	demographics	3	5	20262727	61	1	0.508529006	1	"{""model__C"":0.01}"
phase1-n62-primary	demographics	3	5	20262727	66	1	0.4930623584	0	"{""model__C"":0.01}"
phase1-n62-primary	demographics	3	5	20262727	71	1	0.5030721569	1	"{""model__C"":0.01}"
phase1-n62-primary	timepoints	1	1	20260727	03	0	0.4442466733	0	"{""model__C"":0.01}"
phase1-n62-primary	timepoints	1	1	20260727	09	0	0.5109767729	1	"{""model__C"":0.01}"
phase1-n62-primary	timepoints	1	1	20260727	11	0	0.5109767729	1	"{""model__C"":0.01}"
phase1-n62-primary	timepoints	1	1	20260727	20	0	0.5109767729	1	"{""model__C"":0.01}"
phase1-n62-primary	timepoints	1	1	20260727	24	1	0.5109767729	1	"{""model__C"":0.01}"
phase1-n62-primary	timepoints	1	1	20260727	40	1	0.5109767729	1	"{""model__C"":0.01}"
phase1-n62-primary	timepoints	1	1	20260727	41	1	0.5109767729	1	"{""model__C"":0.01}"
phase1-n62-primary	timepoints	1	1	20260727	50	1	0.5109767729	1	"{""model__C"":0.01}"
phase1-n62-primary	timepoints	1	1	20260727	51	1	0.5109767729	1	"{""model__C"":0.01}"
phase1-n62-primary	timepoints	1	1	20260727	53	1	0.5109767729	1	"{""model__C"":0.01}"
phase1-n62-primary	timepoints	1	1	20260727	66	1	0.5109767729	1	"{""model__C"":0.01}"
phase1-n62-primary	timepoints	1	1	20260727	67	1	0.5109767729	1	"{""model__C"":0.01}"
phase1-n62-primary	timepoints	1	1	20260727	69	1	0.5109767729	1	"{""model__C"":0.01}"
phase1-n62-primary	timepoints	1	2	20260727	04	0	0.4442466733	0	"{""model__C"":0.01}"
phase1-n62-primary	timepoints	1	2	20260727	10	0	0.5109767729	1	"{""model__C"":0.01}"
phase1-n62-primary	timepoints	1	2	20260727	16	0	0.5109767729	1	"{""model__C"":0.01}"
phase1-n62-primary	timepoints	1	2	20260727	17	0	0.5109767729	1	"{""model__C"":0.01}"
phase1-n62-primary	timepoints	1	2	20260727	26	1	0.5109767729	1	"{""model__C"":0.01}"
phase1-n62-primary	timepoints	1	2	20260727	34	1	0.5109767729	1	"{""model__C"":0.01}"
phase1-n62-primary	timepoints	1	2	20260727	36	1	0.5109767729	1	"{""model__C"":0.01}"
phase1-n62-primary	timepoints	1	2	20260727	45	1	0.5109767729	1	"{""model__C"":0.01}"
phase1-n62-primary	timepoints	1	2	20260727	46	1	0.5109767729	1	"{""model__C"":0.01}"
phase1-n62-primary	timepoints	1	2	20260727	64	1	0.5109767729	1	"{""model__C"":0.01}"
phase1-n62-primary	timepoints	1	2	20260727	71	1	0.5109767729	1	"{""model__C"":0.01}"
phase1-n62-primary	timepoints	1	2	20260727	72	1	0.5109767729	1	"{""model__C"":0.01}"
phase1-n62-primary	timepoints	1	2	20260727	75	1	0.5109767729	1	"{""model__C"":0.01}"
phase1-n62-primary	timepoints	1	3	20260727	01	0	0.4462831699	0	"{""model__C"":0.01}"
phase1-n62-primary	timepoints	1	3	20260727	07	0	0.4462831699	0	"{""model__C"":0.01}"
phase1-n62-primary	timepoints	1	3	20260727	12	0	0.5087449168	1	"{""model__C"":0.01}"
phase1-n62-primary	timepoints	1	3	20260727	13	0	0.5087449168	1	"{""model__C"":0.01}"
phase1-n62-primary	timepoints	1	3	20260727	22	1	0.5087449168	1	"{""model__C"":0.01}"
phase1-n62-primary	timepoints	1	3	20260727	27	1	0.5087449168	1	"{""model__C"":0.01}"
phase1-n62-primary	timepoints	1	3	20260727	28	1	0.5087449168	1	"{""model__C"":0.01}"
phase1-n62-primary	timepoints	1	3	20260727	37	1	0.5087449168	1	"{""model__C"":0.01}"
phase1-n62-primary	timepoints	1	3	20260727	38	1	0.5087449168	1	"{""model__C"":0.01}"
phase1-n62-primary	timepoints	1	3	20260727	56	1	0.5087449168	1	"{""model__C"":0.01}"
phase1-n62-primary	timepoints	1	3	20260727	61	1	0.5087449168	1	"{""model__C"":0.01}"
phase1-n62-primary	timepoints	1	3	20260727	65	1	0.5087449168	1	"{""model__C"":0.01}"
phase1-n62-primary	timepoints	1	4	20260727	02	0	0.4144950992	0	"{""model__C"":0.01}"
phase1-n62-primary	timepoints	1	4	20260727	08	0	0.4144950992	0	"{""model__C"":0.01}"
phase1-n62-primary	timepoints	1	4	20260727	19	0	0.5103718736	1	"{""model__C"":0.01}"
phase1-n62-primary	timepoints	1	4	20260727	23	1	0.5103718736	1	"{""model__C"":0.01}"
phase1-n62-primary	timepoints	1	4	20260727	25	1	0.5103718736	1	"{""model__C"":0.01}"
phase1-n62-primary	timepoints	1	4	20260727	35	1	0.5103718736	1	"{""model__C"":0.01}"
phase1-n62-primary	timepoints	1	4	20260727	39	1	0.5103718736	1	"{""model__C"":0.01}"
phase1-n62-primary	timepoints	1	4	20260727	55	1	0.5103718736	1	"{""model__C"":0.01}"
phase1-n62-primary	timepoints	1	4	20260727	58	1	0.5103718736	1	"{""model__C"":0.01}"
phase1-n62-primary	timepoints	1	4	20260727	59	1	0.3594948037	0	"{""model__C"":0.01}"
phase1-n62-primary	timepoints	1	4	20260727	62	1	0.5103718736	1	"{""model__C"":0.01}"
phase1-n62-primary	timepoints	1	4	20260727	68	1	0.5103718736	1	"{""model__C"":0.01}"
phase1-n62-primary	timepoints	1	5	20260727	05	0	0.4460965116	0	"{""model__C"":0.01}"
phase1-n62-primary	timepoints	1	5	20260727	14	0	0.5102886034	1	"{""model__C"":0.01}"
phase1-n62-primary	timepoints	1	5	20260727	18	0	0.5102886034	1	"{""model__C"":0.01}"
phase1-n62-primary	timepoints	1	5	20260727	31	1	0.5102886034	1	"{""model__C"":0.01}"
phase1-n62-primary	timepoints	1	5	20260727	42	1	0.5102886034	1	"{""model__C"":0.01}"
phase1-n62-primary	timepoints	1	5	20260727	43	1	0.5102886034	1	"{""model__C"":0.01}"
phase1-n62-primary	timepoints	1	5	20260727	47	1	0.5102886034	1	"{""model__C"":0.01}"
phase1-n62-primary	timepoints	1	5	20260727	49	1	0.5102886034	1	"{""model__C"":0.01}"
phase1-n62-primary	timepoints	1	5	20260727	57	1	0.5102886034	1	"{""model__C"":0.01}"
phase1-n62-primary	timepoints	1	5	20260727	60	1	0.5102886034	1	"{""model__C"":0.01}"
phase1-n62-primary	timepoints	1	5	20260727	63	1	0.5102886034	1	"{""model__C"":0.01}"
phase1-n62-primary	timepoints	1	5	20260727	74	1	0.5102886034	1	"{""model__C"":0.01}"
phase1-n62-primary	timepoints	2	1	20261727	04	0	0.4442466733	0	"{""model__C"":0.01}"
phase1-n62-primary	timepoints	2	1	20261727	10	0	0.5109767729	1	"{""model__C"":0.01}"
phase1-n62-primary	timepoints	2	1	20261727	18	0	0.5109767729	1	"{""model__C"":0.01}"
phase1-n62-primary	timepoints	2	1	20261727	20	0	0.5109767729	1	"{""model__C"":0.01}"
phase1-n62-primary	timepoints	2	1	20261727	24	1	0.5109767729	1	"{""model__C"":0.01}"
phase1-n62-primary	timepoints	2	1	20261727	25	1	0.5109767729	1	"{""model__C"":0.01}"
phase1-n62-primary	timepoints	2	1	20261727	34	1	0.5109767729	1	"{""model__C"":0.01}"
phase1-n62-primary	timepoints	2	1	20261727	37	1	0.5109767729	1	"{""model__C"":0.01}"
phase1-n62-primary	timepoints	2	1	20261727	38	1	0.5109767729	1	"{""model__C"":0.01}"
phase1-n62-primary	timepoints	2	1	20261727	41	1	0.5109767729	1	"{""model__C"":0.01}"
phase1-n62-primary	timepoints	2	1	20261727	58	1	0.5109767729	1	"{""model__C"":0.01}"
phase1-n62-primary	timepoints	2	1	20261727	64	1	0.5109767729	1	"{""model__C"":0.01}"
phase1-n62-primary	timepoints	2	1	20261727	65	1	0.5109767729	1	"{""model__C"":0.01}"
phase1-n62-primary	timepoints	2	2	20261727	03	0	0.4442466733	0	"{""model__C"":0.01}"
phase1-n62-primary	timepoints	2	2	20261727	11	0	0.5109767729	1	"{""model__C"":0.01}"
phase1-n62-primary	timepoints	2	2	20261727	13	0	0.5109767729	1	"{""model__C"":0.01}"
phase1-n62-primary	timepoints	2	2	20261727	16	0	0.5109767729	1	"{""model__C"":0.01}"
phase1-n62-primary	timepoints	2	2	20261727	23	1	0.5109767729	1	"{""model__C"":0.01}"
phase1-n62-primary	timepoints	2	2	20261727	35	1	0.5109767729	1	"{""model__C"":0.01}"
phase1-n62-primary	timepoints	2	2	20261727	39	1	0.5109767729	1	"{""model__C"":0.01}"
phase1-n62-primary	timepoints	2	2	20261727	40	1	0.5109767729	1	"{""model__C"":0.01}"
phase1-n62-primary	timepoints	2	2	20261727	49	1	0.5109767729	1	"{""model__C"":0.01}"
phase1-n62-primary	timepoints	2	2	20261727	51	1	0.5109767729	1	"{""model__C"":0.01}"
phase1-n62-primary	timepoints	2	2	20261727	53	1	0.5109767729	1	"{""model__C"":0.01}"
phase1-n62-primary	timepoints	2	2	20261727	60	1	0.5109767729	1	"{""model__C"":0.01}"
phase1-n62-primary	timepoints	2	2	20261727	61	1	0.5109767729	1	"{""model__C"":0.01}"
phase1-n62-primary	timepoints	2	3	20261727	02	0	0.4518777965	0	"{""model__C"":0.01}"
phase1-n62-primary	timepoints	2	3	20261727	07	0	0.4518777965	0	"{""model__C"":0.01}"
phase1-n62-primary	timepoints	2	3	20261727	08	0	0.4518777965	0	"{""model__C"":0.01}"
phase1-n62-primary	timepoints	2	3	20261727	17	0	0.5064474379	1	"{""model__C"":0.01}"
phase1-n62-primary	timepoints	2	3	20261727	27	1	0.5064474379	1	"{""model__C"":0.01}"
phase1-n62-primary	timepoints	2	3	20261727	31	1	0.5064474379	1	"{""model__C"":0.01}"
phase1-n62-primary	timepoints	2	3	20261727	36	1	0.5064474379	1	"{""model__C"":0.01}"
phase1-n62-primary	timepoints	2	3	20261727	42	1	0.5064474379	1	"{""model__C"":0.01}"
phase1-n62-primary	timepoints	2	3	20261727	46	1	0.5064474379	1	"{""model__C"":0.01}"
phase1-n62-primary	timepoints	2	3	20261727	50	1	0.5064474379	1	"{""model__C"":0.01}"
phase1-n62-primary	timepoints	2	3	20261727	66	1	0.5064474379	1	"{""model__C"":0.01}"
phase1-n62-primary	timepoints	2	3	20261727	69	1	0.5064474379	1	"{""model__C"":0.01}"
phase1-n62-primary	timepoints	2	4	20261727	12	0	0.5152523191	1	"{""model__C"":0.01}"
phase1-n62-primary	timepoints	2	4	20261727	14	0	0.5152523191	1	"{""model__C"":0.01}"
phase1-n62-primary	timepoints	2	4	20261727	19	0	0.5152523191	1	"{""model__C"":0.01}"
phase1-n62-primary	timepoints	2	4	20261727	26	1	0.5152523191	1	"{""model__C"":0.01}"
phase1-n62-primary	timepoints	2	4	20261727	28	1	0.5152523191	1	"{""model__C"":0.01}"
phase1-n62-primary	timepoints	2	4	20261727	43	1	0.5152523191	1	"{""model__C"":0.01}"
phase1-n62-primary	timepoints	2	4	20261727	45	1	0.5152523191	1	"{""model__C"":0.01}"
phase1-n62-primary	timepoints	2	4	20261727	47	1	0.5152523191	1	"{""model__C"":0.01}"
phase1-n62-primary	timepoints	2	4	20261727	57	1	0.5152523191	1	"{""model__C"":0.01}"
phase1-n62-primary	timepoints	2	4	20261727	59	1	0.3567999916	0	"{""model__C"":0.01}"
phase1-n62-primary	timepoints	2	4	20261727	68	1	0.5152523191	1	"{""model__C"":0.01}"
phase1-n62-primary	timepoints	2	4	20261727	75	1	0.5152523191	1	"{""model__C"":0.01}"
phase1-n62-primary	timepoints	2	5	20261727	01	0	0.4501893247	0	"{""model__C"":0.01}"
phase1-n62-primary	timepoints	2	5	20261727	05	0	0.4501893247	0	"{""model__C"":0.01}"
phase1-n62-primary	timepoints	2	5	20261727	09	0	0.508021454	1	"{""model__C"":0.01}"
phase1-n62-primary	timepoints	2	5	20261727	22	1	0.508021454	1	"{""model__C"":0.01}"
phase1-n62-primary	timepoints	2	5	20261727	55	1	0.508021454	1	"{""model__C"":0.01}"
phase1-n62-primary	timepoints	2	5	20261727	56	1	0.508021454	1	"{""model__C"":0.01}"
phase1-n62-primary	timepoints	2	5	20261727	62	1	0.508021454	1	"{""model__C"":0.01}"
phase1-n62-primary	timepoints	2	5	20261727	63	1	0.508021454	1	"{""model__C"":0.01}"
phase1-n62-primary	timepoints	2	5	20261727	67	1	0.508021454	1	"{""model__C"":0.01}"
phase1-n62-primary	timepoints	2	5	20261727	71	1	0.508021454	1	"{""model__C"":0.01}"
phase1-n62-primary	timepoints	2	5	20261727	72	1	0.508021454	1	"{""model__C"":0.01}"
phase1-n62-primary	timepoints	2	5	20261727	74	1	0.508021454	1	"{""model__C"":0.01}"
phase1-n62-primary	timepoints	3	1	20262727	10	0	0.5135325236	1	"{""model__C"":0.01}"
phase1-n62-primary	timepoints	3	1	20262727	12	0	0.5135325236	1	"{""model__C"":0.01}"
phase1-n62-primary	timepoints	3	1	20262727	14	0	0.5135325236	1	"{""model__C"":0.01}"
phase1-n62-primary	timepoints	3	1	20262727	18	0	0.5135325236	1	"{""model__C"":0.01}"
phase1-n62-primary	timepoints	3	1	20262727	27	1	0.5135325236	1	"{""model__C"":0.01}"
phase1-n62-primary	timepoints	3	1	20262727	41	1	0.5135325236	1	"{""model__C"":0.01}"
phase1-n62-primary	timepoints	3	1	20262727	47	1	0.5135325236	1	"{""model__C"":0.01}"
phase1-n62-primary	timepoints	3	1	20262727	49	1	0.5135325236	1	"{""model__C"":0.01}"
phase1-n62-primary	timepoints	3	1	20262727	51	1	0.5135325236	1	"{""model__C"":0.01}"
phase1-n62-primary	timepoints	3	1	20262727	57	1	0.5135325236	1	"{""model__C"":0.01}"
phase1-n62-primary	timepoints	3	1	20262727	58	1	0.5135325236	1	"{""model__C"":0.01}"
phase1-n62-primary	timepoints	3	1	20262727	62	1	0.5135325236	1	"{""model__C"":0.01}"
phase1-n62-primary	timepoints	3	1	20262727	67	1	0.5135325236	1	"{""model__C"":0.01}"
phase1-n62-primary	timepoints	3	2	20262727	07	0	0.4442466733	0	"{""model__C"":0.01}"
phase1-n62-primary	timepoints	3	2	20262727	13	0	0.5109767729	1	"{""model__C"":0.01}"
phase1-n62-primary	timepoints	3	2	20262727	17	0	0.5109767729	1	"{""model__C"":0.01}"
phase1-n62-primary	timepoints	3	2	20262727	19	0	0.5109767729	1	"{""model__C"":0.01}"
phase1-n62-primary	timepoints	3	2	20262727	34	1	0.5109767729	1	"{""model__C"":0.01}"
phase1-n62-primary	timepoints	3	2	20262727	37	1	0.5109767729	1	"{""model__C"":0.01}"
phase1-n62-primary	timepoints	3	2	20262727	39	1	0.5109767729	1	"{""model__C"":0.01}"
phase1-n62-primary	timepoints	3	2	20262727	42	1	0.5109767729	1	"{""model__C"":0.01}"
phase1-n62-primary	timepoints	3	2	20262727	60	1	0.5109767729	1	"{""model__C"":0.01}"
phase1-n62-primary	timepoints	3	2	20262727	63	1	0.5109767729	1	"{""model__C"":0.01}"
phase1-n62-primary	timepoints	3	2	20262727	64	1	0.5109767729	1	"{""model__C"":0.01}"
phase1-n62-primary	timepoints	3	2	20262727	65	1	0.5109767729	1	"{""model__C"":0.01}"
phase1-n62-primary	timepoints	3	2	20262727	75	1	0.5109767729	1	"{""model__C"":0.01}"
phase1-n62-primary	timepoints	3	3	20262727	01	0	0.4596339937	0	"{""model__C"":0.01}"
phase1-n62-primary	timepoints	3	3	20262727	02	0	0.4596339937	0	"{""model__C"":0.01}"
phase1-n62-primary	timepoints	3	3	20262727	04	0	0.4596339937	0	"{""model__C"":0.01}"
phase1-n62-primary	timepoints	3	3	20262727	08	0	0.4596339937	0	"{""model__C"":0.01}"
phase1-n62-primary	timepoints	3	3	20262727	25	1	0.5043015438	1	"{""model__C"":0.01}"
phase1-n62-primary	timepoints	3	3	20262727	26	1	0.5043015438	1	"{""model__C"":0.01}"
phase1-n62-primary	timepoints	3	3	20262727	31	1	0.5043015438	1	"{""model__C"":0.01}"
phase1-n62-primary	timepoints	3	3	20262727	38	1	0.5043015438	1	"{""model__C"":0.01}"
phase1-n62-primary	timepoints	3	3	20262727	43	1	0.5043015438	1	"{""model__C"":0.01}"
phase1-n62-primary	timepoints	3	3	20262727	46	1	0.5043015438	1	"{""model__C"":0.01}"
phase1-n62-primary	timepoints	3	3	20262727	69	1	0.5043015438	1	"{""model__C"":0.01}"
phase1-n62-primary	timepoints	3	3	20262727	72	1	0.5043015438	1	"{""model__C"":0.01}"
phase1-n62-primary	timepoints	3	4	20262727	03	0	0.4460965116	0	"{""model__C"":0.01}"
phase1-n62-primary	timepoints	3	4	20262727	16	0	0.5102886034	1	"{""model__C"":0.01}"
phase1-n62-primary	timepoints	3	4	20262727	20	0	0.5102886034	1	"{""model__C"":0.01}"
phase1-n62-primary	timepoints	3	4	20262727	28	1	0.5102886034	1	"{""model__C"":0.01}"
phase1-n62-primary	timepoints	3	4	20262727	35	1	0.5102886034	1	"{""model__C"":0.01}"
phase1-n62-primary	timepoints	3	4	20262727	40	1	0.5102886034	1	"{""model__C"":0.01}"
phase1-n62-primary	timepoints	3	4	20262727	45	1	0.5102886034	1	"{""model__C"":0.01}"
phase1-n62-primary	timepoints	3	4	20262727	50	1	0.5102886034	1	"{""model__C"":0.01}"
phase1-n62-primary	timepoints	3	4	20262727	55	1	0.5102886034	1	"{""model__C"":0.01}"
phase1-n62-primary	timepoints	3	4	20262727	56	1	0.5102886034	1	"{""model__C"":0.01}"
phase1-n62-primary	timepoints	3	4	20262727	68	1	0.5102886034	1	"{""model__C"":0.01}"
phase1-n62-primary	timepoints	3	4	20262727	74	1	0.5102886034	1	"{""model__C"":0.01}"
phase1-n62-primary	timepoints	3	5	20262727	05	0	0.414494972	0	"{""model__C"":0.01}"
phase1-n62-primary	timepoints	3	5	20262727	09	0	0.5127522197	1	"{""model__C"":0.01}"
phase1-n62-primary	timepoints	3	5	20262727	11	0	0.5127522197	1	"{""model__C"":0.01}"
phase1-n62-primary	timepoints	3	5	20262727	22	1	0.5127522197	1	"{""model__C"":0.01}"
phase1-n62-primary	timepoints	3	5	20262727	23	1	0.5127522197	1	"{""model__C"":0.01}"
phase1-n62-primary	timepoints	3	5	20262727	24	1	0.5127522197	1	"{""model__C"":0.01}"
phase1-n62-primary	timepoints	3	5	20262727	36	1	0.5127522197	1	"{""model__C"":0.01}"
phase1-n62-primary	timepoints	3	5	20262727	53	1	0.5127522197	1	"{""model__C"":0.01}"
phase1-n62-primary	timepoints	3	5	20262727	59	1	0.3581795378	0	"{""model__C"":0.01}"
phase1-n62-primary	timepoints	3	5	20262727	61	1	0.5127522197	1	"{""model__C"":0.01}"
phase1-n62-primary	timepoints	3	5	20262727	66	1	0.5127522197	1	"{""model__C"":0.01}"
phase1-n62-primary	timepoints	3	5	20262727	71	1	0.5127522197	1	"{""model__C"":0.01}"
phase1-n62-primary	pipeline_source	1	1	20260727	03	0	0.4948612714	0	"{""model__C"":0.01}"
phase1-n62-primary	pipeline_source	1	1	20260727	09	0	0.5161300406	1	"{""model__C"":0.01}"
phase1-n62-primary	pipeline_source	1	1	20260727	11	0	0.5161300406	1	"{""model__C"":0.01}"
phase1-n62-primary	pipeline_source	1	1	20260727	20	0	0.5161300406	1	"{""model__C"":0.01}"
phase1-n62-primary	pipeline_source	1	1	20260727	24	1	0.5161300406	1	"{""model__C"":0.01}"
phase1-n62-primary	pipeline_source	1	1	20260727	40	1	0.5161300406	1	"{""model__C"":0.01}"
phase1-n62-primary	pipeline_source	1	1	20260727	41	1	0.4948612714	0	"{""model__C"":0.01}"
phase1-n62-primary	pipeline_source	1	1	20260727	50	1	0.4948612714	0	"{""model__C"":0.01}"
phase1-n62-primary	pipeline_source	1	1	20260727	51	1	0.4948612714	0	"{""model__C"":0.01}"
phase1-n62-primary	pipeline_source	1	1	20260727	53	1	0.4948612714	0	"{""model__C"":0.01}"
phase1-n62-primary	pipeline_source	1	1	20260727	66	1	0.5161300406	1	"{""model__C"":0.01}"
phase1-n62-primary	pipeline_source	1	1	20260727	67	1	0.4948612714	0	"{""model__C"":0.01}"
phase1-n62-primary	pipeline_source	1	1	20260727	69	1	0.4948612714	0	"{""model__C"":0.01}"
phase1-n62-primary	pipeline_source	1	2	20260727	04	0	0.5010619617	1	"{""model__C"":0.01}"
phase1-n62-primary	pipeline_source	1	2	20260727	10	0	0.4970692643	0	"{""model__C"":0.01}"
phase1-n62-primary	pipeline_source	1	2	20260727	16	0	0.5010619617	1	"{""model__C"":0.01}"
phase1-n62-primary	pipeline_source	1	2	20260727	17	0	0.5010619617	1	"{""model__C"":0.01}"
phase1-n62-primary	pipeline_source	1	2	20260727	26	1	0.4970692643	0	"{""model__C"":0.01}"
phase1-n62-primary	pipeline_source	1	2	20260727	34	1	0.4970692643	0	"{""model__C"":0.01}"
phase1-n62-primary	pipeline_source	1	2	20260727	36	1	0.4970692643	0	"{""model__C"":0.01}"
phase1-n62-primary	pipeline_source	1	2	20260727	45	1	0.5010619617	1	"{""model__C"":0.01}"
phase1-n62-primary	pipeline_source	1	2	20260727	46	1	0.5010619617	1	"{""model__C"":0.01}"
phase1-n62-primary	pipeline_source	1	2	20260727	64	1	0.4970692643	0	"{""model__C"":0.01}"
phase1-n62-primary	pipeline_source	1	2	20260727	71	1	0.5010619617	1	"{""model__C"":0.01}"
phase1-n62-primary	pipeline_source	1	2	20260727	72	1	0.5010619617	1	"{""model__C"":0.01}"
phase1-n62-primary	pipeline_source	1	2	20260727	75	1	0.5010619617	1	"{""model__C"":0.01}"
phase1-n62-primary	pipeline_source	1	3	20260727	01	0	0.5010029661	1	"{""model__C"":0.01}"
phase1-n62-primary	pipeline_source	1	3	20260727	07	0	0.5010029661	1	"{""model__C"":0.01}"
phase1-n62-primary	pipeline_source	1	3	20260727	12	0	0.5010029661	1	"{""model__C"":0.01}"
phase1-n62-primary	pipeline_source	1	3	20260727	13	0	0.5010029661	1	"{""model__C"":0.01}"
phase1-n62-primary	pipeline_source	1	3	20260727	22	1	0.5010029661	1	"{""model__C"":0.01}"
phase1-n62-primary	pipeline_source	1	3	20260727	27	1	0.5010029661	1	"{""model__C"":0.01}"
phase1-n62-primary	pipeline_source	1	3	20260727	28	1	0.4980581132	0	"{""model__C"":0.01}"
phase1-n62-primary	pipeline_source	1	3	20260727	37	1	0.5010029661	1	"{""model__C"":0.01}"
phase1-n62-primary	pipeline_source	1	3	20260727	38	1	0.5010029661	1	"{""model__C"":0.01}"
phase1-n62-primary	pipeline_source	1	3	20260727	56	1	0.5010029661	1	"{""model__C"":0.01}"
phase1-n62-primary	pipeline_source	1	3	20260727	61	1	0.5010029661	1	"{""model__C"":0.01}"
phase1-n62-primary	pipeline_source	1	3	20260727	65	1	0.5010029661	1	"{""model__C"":0.01}"
phase1-n62-primary	pipeline_source	1	4	20260727	02	0	0.4995992949	0	"{""model__C"":0.01}"
phase1-n62-primary	pipeline_source	1	4	20260727	08	0	0.4995992949	0	"{""model__C"":0.01}"
phase1-n62-primary	pipeline_source	1	4	20260727	19	0	0.4995992949	0	"{""model__C"":0.01}"
phase1-n62-primary	pipeline_source	1	4	20260727	23	1	0.5007785729	1	"{""model__C"":0.01}"
phase1-n62-primary	pipeline_source	1	4	20260727	25	1	0.4995992949	0	"{""model__C"":0.01}"
phase1-n62-primary	pipeline_source	1	4	20260727	35	1	0.4995992949	0	"{""model__C"":0.01}"
phase1-n62-primary	pipeline_source	1	4	20260727	39	1	0.4995992949	0	"{""model__C"":0.01}"
phase1-n62-primary	pipeline_source	1	4	20260727	55	1	0.4995992949	0	"{""model__C"":0.01}"
phase1-n62-primary	pipeline_source	1	4	20260727	58	1	0.4995992949	0	"{""model__C"":0.01}"
phase1-n62-primary	pipeline_source	1	4	20260727	59	1	0.4995992949	0	"{""model__C"":0.01}"
phase1-n62-primary	pipeline_source	1	4	20260727	62	1	0.4995992949	0	"{""model__C"":0.01}"
phase1-n62-primary	pipeline_source	1	4	20260727	68	1	0.4995992949	0	"{""model__C"":0.01}"
phase1-n62-primary	pipeline_source	1	5	20260727	05	0	0.498983328	0	"{""model__C"":0.01}"
phase1-n62-primary	pipeline_source	1	5	20260727	14	0	0.5003576025	1	"{""model__C"":0.01}"
phase1-n62-primary	pipeline_source	1	5	20260727	18	0	0.5003576025	1	"{""model__C"":0.01}"
phase1-n62-primary	pipeline_source	1	5	20260727	31	1	0.498983328	0	"{""model__C"":0.01}"
phase1-n62-primary	pipeline_source	1	5	20260727	42	1	0.498983328	0	"{""model__C"":0.01}"
phase1-n62-primary	pipeline_source	1	5	20260727	43	1	0.498983328	0	"{""model__C"":0.01}"
phase1-n62-primary	pipeline_source	1	5	20260727	47	1	0.498983328	0	"{""model__C"":0.01}"
phase1-n62-primary	pipeline_source	1	5	20260727	49	1	0.5003576025	1	"{""model__C"":0.01}"
phase1-n62-primary	pipeline_source	1	5	20260727	57	1	0.5003576025	1	"{""model__C"":0.01}"
phase1-n62-primary	pipeline_source	1	5	20260727	60	1	0.5003576025	1	"{""model__C"":0.01}"
phase1-n62-primary	pipeline_source	1	5	20260727	63	1	0.5003576025	1	"{""model__C"":0.01}"
phase1-n62-primary	pipeline_source	1	5	20260727	74	1	0.5003576025	1	"{""model__C"":0.01}"
phase1-n62-primary	pipeline_source	2	1	20261727	04	0	0.4973535779	0	"{""model__C"":0.01}"
phase1-n62-primary	pipeline_source	2	1	20261727	10	0	0.5073913334	1	"{""model__C"":0.01}"
phase1-n62-primary	pipeline_source	2	1	20261727	18	0	0.4973535779	0	"{""model__C"":0.01}"
phase1-n62-primary	pipeline_source	2	1	20261727	20	0	0.5073913334	1	"{""model__C"":0.01}"
phase1-n62-primary	pipeline_source	2	1	20261727	24	1	0.5073913334	1	"{""model__C"":0.01}"
phase1-n62-primary	pipeline_source	2	1	20261727	25	1	0.4973535779	0	"{""model__C"":0.01}"
phase1-n62-primary	pipeline_source	2	1	20261727	34	1	0.5073913334	1	"{""model__C"":0.01}"
phase1-n62-primary	pipeline_source	2	1	20261727	37	1	0.4973535779	0	"{""model__C"":0.01}"
phase1-n62-primary	pipeline_source	2	1	20261727	38	1	0.4973535779	0	"{""model__C"":0.01}"
phase1-n62-primary	pipeline_source	2	1	20261727	41	1	0.4973535779	0	"{""model__C"":0.01}"
phase1-n62-primary	pipeline_source	2	1	20261727	58	1	0.4973535779	0	"{""model__C"":0.01}"
phase1-n62-primary	pipeline_source	2	1	20261727	64	1	0.5073913334	1	"{""model__C"":0.01}"
phase1-n62-primary	pipeline_source	2	1	20261727	65	1	0.4973535779	0	"{""model__C"":0.01}"
phase1-n62-primary	pipeline_source	2	2	20261727	03	0	0.4988776733	0	"{""model__C"":0.01}"
phase1-n62-primary	pipeline_source	2	2	20261727	11	0	0.5025519442	1	"{""model__C"":0.01}"
phase1-n62-primary	pipeline_source	2	2	20261727	13	0	0.4988776733	0	"{""model__C"":0.01}"
phase1-n62-primary	pipeline_source	2	2	20261727	16	0	0.4988776733	0	"{""model__C"":0.01}"
phase1-n62-primary	pipeline_source	2	2	20261727	23	1	0.5025519442	1	"{""model__C"":0.01}"
phase1-n62-primary	pipeline_source	2	2	20261727	35	1	0.4988776733	0	"{""model__C"":0.01}"
phase1-n62-primary	pipeline_source	2	2	20261727	39	1	0.4988776733	0	"{""model__C"":0.01}"
phase1-n62-primary	pipeline_source	2	2	20261727	40	1	0.5025519442	1	"{""model__C"":0.01}"
phase1-n62-primary	pipeline_source	2	2	20261727	49	1	0.4988776733	0	"{""model__C"":0.01}"
phase1-n62-primary	pipeline_source	2	2	20261727	51	1	0.4988776733	0	"{""model__C"":0.01}"
phase1-n62-primary	pipeline_source	2	2	20261727	53	1	0.4988776733	0	"{""model__C"":0.01}"
phase1-n62-primary	pipeline_source	2	2	20261727	60	1	0.4988776733	0	"{""model__C"":0.01}"
phase1-n62-primary	pipeline_source	2	2	20261727	61	1	0.4988776733	0	"{""model__C"":0.01}"
phase1-n62-primary	pipeline_source	2	3	20261727	02	0	0.5041486028	1	"{""model__C"":0.01}"
phase1-n62-primary	pipeline_source	2	3	20261727	07	0	0.5041486028	1	"{""model__C"":0.01}"
phase1-n62-primary	pipeline_source	2	3	20261727	08	0	0.5041486028	1	"{""model__C"":0.01}"
phase1-n62-primary	pipeline_source	2	3	20261727	17	0	0.5041486028	1	"{""model__C"":0.01}"
phase1-n62-primary	pipeline_source	2	3	20261727	27	1	0.5041486028	1	"{""model__C"":0.01}"
phase1-n62-primary	pipeline_source	2	3	20261727	31	1	0.48947062	0	"{""model__C"":0.01}"
phase1-n62-primary	pipeline_source	2	3	20261727	36	1	0.48947062	0	"{""model__C"":0.01}"
phase1-n62-primary	pipeline_source	2	3	20261727	42	1	0.48947062	0	"{""model__C"":0.01}"
phase1-n62-primary	pipeline_source	2	3	20261727	46	1	0.5041486028	1	"{""model__C"":0.01}"
phase1-n62-primary	pipeline_source	2	3	20261727	50	1	0.5041486028	1	"{""model__C"":0.01}"
phase1-n62-primary	pipeline_source	2	3	20261727	66	1	0.48947062	0	"{""model__C"":0.01}"
phase1-n62-primary	pipeline_source	2	3	20261727	69	1	0.5041486028	1	"{""model__C"":0.01}"
phase1-n62-primary	pipeline_source	2	4	20261727	12	0	0.5029463042	1	"{""model__C"":0.01}"
phase1-n62-primary	pipeline_source	2	4	20261727	14	0	0.5029463042	1	"{""model__C"":0.01}"
phase1-n62-primary	pipeline_source	2	4	20261727	19	0	0.5029463042	1	"{""model__C"":0.01}"
phase1-n62-primary	pipeline_source	2	4	20261727	26	1	0.4924874575	0	"{""model__C"":0.01}"
phase1-n62-primary	pipeline_source	2	4	20261727	28	1	0.4924874575	0	"{""model__C"":0.01}"
phase1-n62-primary	pipeline_source	2	4	20261727	43	1	0.4924874575	0	"{""model__C"":0.01}"
phase1-n62-primary	pipeline_source	2	4	20261727	45	1	0.5029463042	1	"{""model__C"":0.01}"
phase1-n62-primary	pipeline_source	2	4	20261727	47	1	0.4924874575	0	"{""model__C"":0.01}"
phase1-n62-primary	pipeline_source	2	4	20261727	57	1	0.5029463042	1	"{""model__C"":0.01}"
phase1-n62-primary	pipeline_source	2	4	20261727	59	1	0.5029463042	1	"{""model__C"":0.01}"
phase1-n62-primary	pipeline_source	2	4	20261727	68	1	0.5029463042	1	"{""model__C"":0.01}"
phase1-n62-primary	pipeline_source	2	4	20261727	75	1	0.5029463042	1	"{""model__C"":0.01}"
phase1-n62-primary	pipeline_source	2	5	20261727	01	0	0.493036604	0	"{""model__C"":0.01}"
phase1-n62-primary	pipeline_source	2	5	20261727	05	0	0.5150561391	1	"{""model__C"":0.01}"
phase1-n62-primary	pipeline_source	2	5	20261727	09	0	0.5150561391	1	"{""model__C"":0.01}"
phase1-n62-primary	pipeline_source	2	5	20261727	22	1	0.493036604	0	"{""model__C"":0.01}"
phase1-n62-primary	pipeline_source	2	5	20261727	55	1	0.493036604	0	"{""model__C"":0.01}"
phase1-n62-primary	pipeline_source	2	5	20261727	56	1	0.493036604	0	"{""model__C"":0.01}"
phase1-n62-primary	pipeline_source	2	5	20261727	62	1	0.493036604	0	"{""model__C"":0.01}"
phase1-n62-primary	pipeline_source	2	5	20261727	63	1	0.493036604	0	"{""model__C"":0.01}"
phase1-n62-primary	pipeline_source	2	5	20261727	67	1	0.493036604	0	"{""model__C"":0.01}"
phase1-n62-primary	pipeline_source	2	5	20261727	71	1	0.493036604	0	"{""model__C"":0.01}"
phase1-n62-primary	pipeline_source	2	5	20261727	72	1	0.493036604	0	"{""model__C"":0.01}"
phase1-n62-primary	pipeline_source	2	5	20261727	74	1	0.493036604	0	"{""model__C"":0.01}"
phase1-n62-primary	pipeline_source	3	1	20262727	10	0	0.504793948	1	"{""model__C"":0.01}"
phase1-n62-primary	pipeline_source	3	1	20262727	12	0	0.4976897091	0	"{""model__C"":0.01}"
phase1-n62-primary	pipeline_source	3	1	20262727	14	0	0.4976897091	0	"{""model__C"":0.01}"
phase1-n62-primary	pipeline_source	3	1	20262727	18	0	0.4976897091	0	"{""model__C"":0.01}"
phase1-n62-primary	pipeline_source	3	1	20262727	27	1	0.4976897091	0	"{""model__C"":0.01}"
phase1-n62-primary	pipeline_source	3	1	20262727	41	1	0.4976897091	0	"{""model__C"":0.01}"
phase1-n62-primary	pipeline_source	3	1	20262727	47	1	0.504793948	1	"{""model__C"":0.01}"
phase1-n62-primary	pipeline_source	3	1	20262727	49	1	0.4976897091	0	"{""model__C"":0.01}"
phase1-n62-primary	pipeline_source	3	1	20262727	51	1	0.4976897091	0	"{""model__C"":0.01}"
phase1-n62-primary	pipeline_source	3	1	20262727	57	1	0.4976897091	0	"{""model__C"":0.01}"
phase1-n62-primary	pipeline_source	3	1	20262727	58	1	0.4976897091	0	"{""model__C"":0.01}"
phase1-n62-primary	pipeline_source	3	1	20262727	62	1	0.4976897091	0	"{""model__C"":0.01}"
phase1-n62-primary	pipeline_source	3	1	20262727	67	1	0.4976897091	0	"{""model__C"":0.01}"
phase1-n62-primary	pipeline_source	3	2	20262727	07	0	0.5028152428	1	"{""model__C"":0.01}"
phase1-n62-primary	pipeline_source	3	2	20262727	13	0	0.5028152428	1	"{""model__C"":0.01}"
phase1-n62-primary	pipeline_source	3	2	20262727	17	0	0.5028152428	1	"{""model__C"":0.01}"
phase1-n62-primary	pipeline_source	3	2	20262727	19	0	0.5028152428	1	"{""model__C"":0.01}"
phase1-n62-primary	pipeline_source	3	2	20262727	34	1	0.493668932	0	"{""model__C"":0.01}"
phase1-n62-primary	pipeline_source	3	2	20262727	37	1	0.5028152428	1	"{""model__C"":0.01}"
phase1-n62-primary	pipeline_source	3	2	20262727	39	1	0.5028152428	1	"{""model__C"":0.01}"
phase1-n62-primary	pipeline_source	3	2	20262727	42	1	0.493668932	0	"{""model__C"":0.01}"
phase1-n62-primary	pipeline_source	3	2	20262727	60	1	0.5028152428	1	"{""model__C"":0.01}"
phase1-n62-primary	pipeline_source	3	2	20262727	63	1	0.5028152428	1	"{""model__C"":0.01}"
phase1-n62-primary	pipeline_source	3	2	20262727	64	1	0.493668932	0	"{""model__C"":0.01}"
phase1-n62-primary	pipeline_source	3	2	20262727	65	1	0.5028152428	1	"{""model__C"":0.01}"
phase1-n62-primary	pipeline_source	3	2	20262727	75	1	0.5028152428	1	"{""model__C"":0.01}"
phase1-n62-primary	pipeline_source	3	3	20262727	01	0	0.5031580672	1	"{""model__C"":0.01}"
phase1-n62-primary	pipeline_source	3	3	20262727	02	0	0.5031580672	1	"{""model__C"":0.01}"
phase1-n62-primary	pipeline_source	3	3	20262727	04	0	0.5031580672	1	"{""model__C"":0.01}"
phase1-n62-primary	pipeline_source	3	3	20262727	08	0	0.5031580672	1	"{""model__C"":0.01}"
phase1-n62-primary	pipeline_source	3	3	20262727	25	1	0.5031580672	1	"{""model__C"":0.01}"
phase1-n62-primary	pipeline_source	3	3	20262727	26	1	0.4926991864	0	"{""model__C"":0.01}"
phase1-n62-primary	pipeline_source	3	3	20262727	31	1	0.4926991864	0	"{""model__C"":0.01}"
phase1-n62-primary	pipeline_source	3	3	20262727	38	1	0.5031580672	1	"{""model__C"":0.01}"
phase1-n62-primary	pipeline_source	3	3	20262727	43	1	0.4926991864	0	"{""model__C"":0.01}"
phase1-n62-primary	pipeline_source	3	3	20262727	46	1	0.5031580672	1	"{""model__C"":0.01}"
phase1-n62-primary	pipeline_source	3	3	20262727	69	1	0.5031580672	1	"{""model__C"":0.01}"
phase1-n62-primary	pipeline_source	3	3	20262727	72	1	0.5031580672	1	"{""model__C"":0.01}"
phase1-n62-primary	pipeline_source	3	4	20262727	03	0	0.4981132256	0	"{""model__C"":0.01}"
phase1-n62-primary	pipeline_source	3	4	20262727	16	0	0.4981132256	0	"{""model__C"":0.01}"
phase1-n62-primary	pipeline_source	3	4	20262727	20	0	0.504424652	1	"{""model__C"":0.01}"
phase1-n62-primary	pipeline_source	3	4	20262727	28	1	0.504424652	1	"{""model__C"":0.01}"
phase1-n62-primary	pipeline_source	3	4	20262727	35	1	0.4981132256	0	"{""model__C"":0.01}"
phase1-n62-primary	pipeline_source	3	4	20262727	40	1	0.504424652	1	"{""model__C"":0.01}"
phase1-n62-primary	pipeline_source	3	4	20262727	45	1	0.4981132256	0	"{""model__C"":0.01}"
phase1-n62-primary	pipeline_source	3	4	20262727	50	1	0.4981132256	0	"{""model__C"":0.01}"
phase1-n62-primary	pipeline_source	3	4	20262727	55	1	0.4981132256	0	"{""model__C"":0.01}"
phase1-n62-primary	pipeline_source	3	4	20262727	56	1	0.4981132256	0	"{""model__C"":0.01}"
phase1-n62-primary	pipeline_source	3	4	20262727	68	1	0.4981132256	0	"{""model__C"":0.01}"
phase1-n62-primary	pipeline_source	3	4	20262727	74	1	0.4981132256	0	"{""model__C"":0.01}"
phase1-n62-primary	pipeline_source	3	5	20262727	05	0	0.5158257294	1	"{""model__C"":0.01}"
phase1-n62-primary	pipeline_source	3	5	20262727	09	0	0.5158257294	1	"{""model__C"":0.01}"
phase1-n62-primary	pipeline_source	3	5	20262727	11	0	0.5158257294	1	"{""model__C"":0.01}"
phase1-n62-primary	pipeline_source	3	5	20262727	22	1	0.4956064245	0	"{""model__C"":0.01}"
phase1-n62-primary	pipeline_source	3	5	20262727	23	1	0.5158257294	1	"{""model__C"":0.01}"
phase1-n62-primary	pipeline_source	3	5	20262727	24	1	0.5158257294	1	"{""model__C"":0.01}"
phase1-n62-primary	pipeline_source	3	5	20262727	36	1	0.5158257294	1	"{""model__C"":0.01}"
phase1-n62-primary	pipeline_source	3	5	20262727	53	1	0.4956064245	0	"{""model__C"":0.01}"
phase1-n62-primary	pipeline_source	3	5	20262727	59	1	0.4956064245	0	"{""model__C"":0.01}"
phase1-n62-primary	pipeline_source	3	5	20262727	61	1	0.4956064245	0	"{""model__C"":0.01}"
phase1-n62-primary	pipeline_source	3	5	20262727	66	1	0.5158257294	1	"{""model__C"":0.01}"
phase1-n62-primary	pipeline_source	3	5	20262727	71	1	0.4956064245	0	"{""model__C"":0.01}"
phase1-n62-primary	nuisance_combined	1	1	20260727	03	0	0.4300860886	0	"{""model__C"":0.01}"
phase1-n62-primary	nuisance_combined	1	1	20260727	09	0	0.5361930835	1	"{""model__C"":0.01}"
phase1-n62-primary	nuisance_combined	1	1	20260727	11	0	0.5387612975	1	"{""model__C"":0.01}"
phase1-n62-primary	nuisance_combined	1	1	20260727	20	0	0.5358260358	1	"{""model__C"":0.01}"
phase1-n62-primary	nuisance_combined	1	1	20260727	24	1	0.536560092	1	"{""model__C"":0.01}"
phase1-n62-primary	nuisance_combined	1	1	20260727	40	1	0.5152506604	1	"{""model__C"":0.01}"
phase1-n62-primary	nuisance_combined	1	1	20260727	41	1	0.516034759	1	"{""model__C"":0.01}"
phase1-n62-primary	nuisance_combined	1	1	20260727	50	1	0.5164033322	1	"{""model__C"":0.01}"
phase1-n62-primary	nuisance_combined	1	1	20260727	51	1	0.5145602959	1	"{""model__C"":0.01}"
phase1-n62-primary	nuisance_combined	1	1	20260727	53	1	0.4924569968	0	"{""model__C"":0.01}"
phase1-n62-primary	nuisance_combined	1	1	20260727	66	1	0.514144733	1	"{""model__C"":0.01}"
phase1-n62-primary	nuisance_combined	1	1	20260727	67	1	0.496884002	0	"{""model__C"":0.01}"
phase1-n62-primary	nuisance_combined	1	1	20260727	69	1	0.5141916395	1	"{""model__C"":0.01}"
phase1-n62-primary	nuisance_combined	1	2	20260727	04	0	0.178256409	0	"{""model__C"":1.0}"
phase1-n62-primary	nuisance_combined	1	2	20260727	10	0	0.5997938333	1	"{""model__C"":1.0}"
phase1-n62-primary	nuisance_combined	1	2	20260727	16	0	0.5898066636	1	"{""model__C"":1.0}"
phase1-n62-primary	nuisance_combined	1	2	20260727	17	0	0.7123637832	1	"{""model__C"":1.0}"
phase1-n62-primary	nuisance_combined	1	2	20260727	26	1	0.465276032	0	"{""model__C"":1.0}"
phase1-n62-primary	nuisance_combined	1	2	20260727	34	1	0.4840423424	0	"{""model__C"":1.0}"
phase1-n62-primary	nuisance_combined	1	2	20260727	36	1	0.5153935145	1	"{""model__C"":1.0}"
phase1-n62-primary	nuisance_combined	1	2	20260727	45	1	0.6832832711	1	"{""model__C"":1.0}"
phase1-n62-primary	nuisance_combined	1	2	20260727	46	1	0.6431284835	1	"{""model__C"":1.0}"
phase1-n62-primary	nuisance_combined	1	2	20260727	64	1	0.4997176509	0	"{""model__C"":1.0}"
phase1-n62-primary	nuisance_combined	1	2	20260727	71	1	0.6197794082	1	"{""model__C"":1.0}"
phase1-n62-primary	nuisance_combined	1	2	20260727	72	1	0.7123637832	1	"{""model__C"":1.0}"
phase1-n62-primary	nuisance_combined	1	2	20260727	75	1	0.5653268088	1	"{""model__C"":1.0}"
phase1-n62-primary	nuisance_combined	1	3	20260727	01	0	0.3214698329	0	"{""model__C"":0.1}"
phase1-n62-primary	nuisance_combined	1	3	20260727	07	0	0.256578637	0	"{""model__C"":0.1}"
phase1-n62-primary	nuisance_combined	1	3	20260727	12	0	0.5955436717	1	"{""model__C"":0.1}"
phase1-n62-primary	nuisance_combined	1	3	20260727	13	0	0.5953740193	1	"{""model__C"":0.1}"
phase1-n62-primary	nuisance_combined	1	3	20260727	22	1	0.5952043441	1	"{""model__C"":0.1}"
phase1-n62-primary	nuisance_combined	1	3	20260727	27	1	0.5180524573	1	"{""model__C"":0.1}"
phase1-n62-primary	nuisance_combined	1	3	20260727	28	1	0.5536308185	1	"{""model__C"":0.1}"
phase1-n62-primary	nuisance_combined	1	3	20260727	37	1	0.5950346462	1	"{""model__C"":0.1}"
phase1-n62-primary	nuisance_combined	1	3	20260727	38	1	0.5177007673	1	"{""model__C"":0.1}"
phase1-n62-primary	nuisance_combined	1	3	20260727	56	1	0.5972389338	1	"{""model__C"":0.1}"
phase1-n62-primary	nuisance_combined	1	3	20260727	61	1	0.5957133013	1	"{""model__C"":0.1}"
phase1-n62-primary	nuisance_combined	1	3	20260727	65	1	0.5201622095	1	"{""model__C"":0.1}"
phase1-n62-primary	nuisance_combined	1	4	20260727	02	0	0.4051829129	0	"{""model__C"":0.01}"
phase1-n62-primary	nuisance_combined	1	4	20260727	08	0	0.4234970625	0	"{""model__C"":0.01}"
phase1-n62-primary	nuisance_combined	1	4	20260727	19	0	0.5186154618	1	"{""model__C"":0.01}"
phase1-n62-primary	nuisance_combined	1	4	20260727	23	1	0.4978225993	0	"{""model__C"":0.01}"
phase1-n62-primary	nuisance_combined	1	4	20260727	25	1	0.5162788224	1	"{""model__C"":0.01}"
phase1-n62-primary	nuisance_combined	1	4	20260727	35	1	0.5010905507	1	"{""model__C"":0.01}"
phase1-n62-primary	nuisance_combined	1	4	20260727	39	1	0.5000879128	1	"{""model__C"":0.01}"
phase1-n62-primary	nuisance_combined	1	4	20260727	55	1	0.4964116294	0	"{""model__C"":0.01}"
phase1-n62-primary	nuisance_combined	1	4	20260727	58	1	0.5139414709	1	"{""model__C"":0.01}"
phase1-n62-primary	nuisance_combined	1	4	20260727	59	1	0.3687949833	0	"{""model__C"":0.01}"
phase1-n62-primary	nuisance_combined	1	4	20260727	62	1	0.5017589715	1	"{""model__C"":0.01}"
phase1-n62-primary	nuisance_combined	1	4	20260727	68	1	0.5179479292	1	"{""model__C"":0.01}"
phase1-n62-primary	nuisance_combined	1	5	20260727	05	0	0.1805714588	0	"{""model__C"":10.0}"
phase1-n62-primary	nuisance_combined	1	5	20260727	14	0	0.764543939	1	"{""model__C"":10.0}"
phase1-n62-primary	nuisance_combined	1	5	20260727	18	0	0.7396241262	1	"{""model__C"":10.0}"
phase1-n62-primary	nuisance_combined	1	5	20260727	31	1	0.4399052474	0	"{""model__C"":10.0}"
phase1-n62-primary	nuisance_combined	1	5	20260727	42	1	0.5752327702	1	"{""model__C"":10.0}"
phase1-n62-primary	nuisance_combined	1	5	20260727	43	1	0.583702289	1	"{""model__C"":10.0}"
phase1-n62-primary	nuisance_combined	1	5	20260727	47	1	0.5643053079	1	"{""model__C"":10.0}"
phase1-n62-primary	nuisance_combined	1	5	20260727	49	1	0.764543939	1	"{""model__C"":10.0}"
phase1-n62-primary	nuisance_combined	1	5	20260727	57	1	0.6631927548	1	"{""model__C"":10.0}"
phase1-n62-primary	nuisance_combined	1	5	20260727	60	1	0.5244848633	1	"{""model__C"":10.0}"
phase1-n62-primary	nuisance_combined	1	5	20260727	63	1	0.4910705841	0	"{""model__C"":10.0}"
phase1-n62-primary	nuisance_combined	1	5	20260727	74	1	0.6828097305	1	"{""model__C"":10.0}"
phase1-n62-primary	nuisance_combined	2	1	20261727	04	0	0.1317817119	0	"{""model__C"":1.0}"
phase1-n62-primary	nuisance_combined	2	1	20261727	10	0	0.6896562304	1	"{""model__C"":1.0}"
phase1-n62-primary	nuisance_combined	2	1	20261727	18	0	0.6562469085	1	"{""model__C"":1.0}"
phase1-n62-primary	nuisance_combined	2	1	20261727	20	0	0.6009221033	1	"{""model__C"":1.0}"
phase1-n62-primary	nuisance_combined	2	1	20261727	24	1	0.5954333029	1	"{""model__C"":1.0}"
phase1-n62-primary	nuisance_combined	2	1	20261727	25	1	0.5470855066	1	"{""model__C"":1.0}"
phase1-n62-primary	nuisance_combined	2	1	20261727	34	1	0.6172321257	1	"{""model__C"":1.0}"
phase1-n62-primary	nuisance_combined	2	1	20261727	37	1	0.558375966	1	"{""model__C"":1.0}"
phase1-n62-primary	nuisance_combined	2	1	20261727	38	1	0.6432558458	1	"{""model__C"":1.0}"
phase1-n62-primary	nuisance_combined	2	1	20261727	41	1	0.5555585387	1	"{""model__C"":1.0}"
phase1-n62-primary	nuisance_combined	2	1	20261727	58	1	0.5272170824	1	"{""model__C"":1.0}"
phase1-n62-primary	nuisance_combined	2	1	20261727	64	1	0.6036571165	1	"{""model__C"":1.0}"
phase1-n62-primary	nuisance_combined	2	1	20261727	65	1	0.6790425182	1	"{""model__C"":1.0}"
phase1-n62-primary	nuisance_combined	2	2	20261727	03	0	0.429482911	0	"{""model__C"":0.01}"
phase1-n62-primary	nuisance_combined	2	2	20261727	11	0	0.5263026984	1	"{""model__C"":0.01}"
phase1-n62-primary	nuisance_combined	2	2	20261727	13	0	0.5209043279	1	"{""model__C"":0.01}"
phase1-n62-primary	nuisance_combined	2	2	20261727	16	0	0.5193957357	1	"{""model__C"":0.01}"
phase1-n62-primary	nuisance_combined	2	2	20261727	23	1	0.4962744133	0	"{""model__C"":0.01}"
phase1-n62-primary	nuisance_combined	2	2	20261727	35	1	0.4904872498	0	"{""model__C"":0.01}"
phase1-n62-primary	nuisance_combined	2	2	20261727	39	1	0.4916201721	0	"{""model__C"":0.01}"
phase1-n62-primary	nuisance_combined	2	2	20261727	40	1	0.4958966747	0	"{""model__C"":0.01}"
phase1-n62-primary	nuisance_combined	2	2	20261727	49	1	0.4919978326	0	"{""model__C"":0.01}"
phase1-n62-primary	nuisance_combined	2	2	20261727	51	1	0.5205272145	1	"{""model__C"":0.01}"
phase1-n62-primary	nuisance_combined	2	2	20261727	53	1	0.4916201721	0	"{""model__C"":0.01}"
phase1-n62-primary	nuisance_combined	2	2	20261727	60	1	0.5246740809	1	"{""model__C"":0.01}"
phase1-n62-primary	nuisance_combined	2	2	20261727	61	1	0.5201500778	1	"{""model__C"":0.01}"
phase1-n62-primary	nuisance_combined	2	3	20261727	02	0	0.1751503254	0	"{""model__C"":10.0}"
phase1-n62-primary	nuisance_combined	2	3	20261727	07	0	0.1671179444	0	"{""model__C"":10.0}"
phase1-n62-primary	nuisance_combined	2	3	20261727	08	0	0.1597241244	0	"{""model__C"":10.0}"
phase1-n62-primary	nuisance_combined	2	3	20261727	17	0	0.6193997853	1	"{""model__C"":10.0}"
phase1-n62-primary	nuisance_combined	2	3	20261727	27	1	0.6277084911	1	"{""model__C"":10.0}"
phase1-n62-primary	nuisance_combined	2	3	20261727	31	1	0.4424704448	0	"{""model__C"":10.0}"
phase1-n62-primary	nuisance_combined	2	3	20261727	36	1	0.4389804772	0	"{""model__C"":10.0}"
phase1-n62-primary	nuisance_combined	2	3	20261727	42	1	0.4681691818	0	"{""model__C"":10.0}"
phase1-n62-primary	nuisance_combined	2	3	20261727	46	1	0.5861223016	1	"{""model__C"":10.0}"
phase1-n62-primary	nuisance_combined	2	3	20261727	50	1	0.603184708	1	"{""model__C"":10.0}"
phase1-n62-primary	nuisance_combined	2	3	20261727	66	1	0.4734606359	0	"{""model__C"":10.0}"
phase1-n62-primary	nuisance_combined	2	3	20261727	69	1	0.6133057617	1	"{""model__C"":10.0}"
phase1-n62-primary	nuisance_combined	2	4	20261727	12	0	0.7076122072	1	"{""model__C"":1.0}"
phase1-n62-primary	nuisance_combined	2	4	20261727	14	0	0.7220542321	1	"{""model__C"":1.0}"
phase1-n62-primary	nuisance_combined	2	4	20261727	19	0	0.7076122072	1	"{""model__C"":1.0}"
phase1-n62-primary	nuisance_combined	2	4	20261727	26	1	0.5176057889	1	"{""model__C"":1.0}"
phase1-n62-primary	nuisance_combined	2	4	20261727	28	1	0.4938154944	0	"{""model__C"":1.0}"
phase1-n62-primary	nuisance_combined	2	4	20261727	43	1	0.5159078503	1	"{""model__C"":1.0}"
phase1-n62-primary	nuisance_combined	2	4	20261727	45	1	0.7220542321	1	"{""model__C"":1.0}"
phase1-n62-primary	nuisance_combined	2	4	20261727	47	1	0.5081295137	1	"{""model__C"":1.0}"
phase1-n62-primary	nuisance_combined	2	4	20261727	57	1	0.7104177953	1	"{""model__C"":1.0}"
phase1-n62-primary	nuisance_combined	2	4	20261727	59	1	0.004019917651	0	"{""model__C"":1.0}"
phase1-n62-primary	nuisance_combined	2	4	20261727	68	1	0.7047907326	1	"{""model__C"":1.0}"
phase1-n62-primary	nuisance_combined	2	4	20261727	75	1	0.7228431388	1	"{""model__C"":1.0}"
phase1-n62-primary	nuisance_combined	2	5	20261727	01	0	0.4558246802	0	"{""model__C"":0.01}"
phase1-n62-primary	nuisance_combined	2	5	20261727	05	0	0.4902840048	0	"{""model__C"":0.01}"
phase1-n62-primary	nuisance_combined	2	5	20261727	09	0	0.5282075616	1	"{""model__C"":0.01}"
phase1-n62-primary	nuisance_combined	2	5	20261727	22	1	0.508197872	1	"{""model__C"":0.01}"
phase1-n62-primary	nuisance_combined	2	5	20261727	55	1	0.4800862674	0	"{""model__C"":0.01}"
phase1-n62-primary	nuisance_combined	2	5	20261727	56	1	0.527857816	1	"{""model__C"":0.01}"
phase1-n62-primary	nuisance_combined	2	5	20261727	62	1	0.5063261756	1	"{""model__C"":0.01}"
phase1-n62-primary	nuisance_combined	2	5	20261727	63	1	0.4885125397	0	"{""model__C"":0.01}"
phase1-n62-primary	nuisance_combined	2	5	20261727	67	1	0.4784484157	0	"{""model__C"":0.01}"
phase1-n62-primary	nuisance_combined	2	5	20261727	71	1	0.4999952363	0	"{""model__C"":0.01}"
phase1-n62-primary	nuisance_combined	2	5	20261727	72	1	0.4784484157	0	"{""model__C"":0.01}"
phase1-n62-primary	nuisance_combined	2	5	20261727	74	1	0.5180348238	1	"{""model__C"":0.01}"
phase1-n62-primary	nuisance_combined	3	1	20262727	10	0	0.6968750108	1	"{""model__C"":10.0}"
phase1-n62-primary	nuisance_combined	3	1	20262727	12	0	0.6588556825	1	"{""model__C"":10.0}"
phase1-n62-primary	nuisance_combined	3	1	20262727	14	0	0.7816428355	1	"{""model__C"":10.0}"
phase1-n62-primary	nuisance_combined	3	1	20262727	18	0	0.7616455127	1	"{""model__C"":10.0}"
phase1-n62-primary	nuisance_combined	3	1	20262727	27	1	0.7404249972	1	"{""model__C"":10.0}"
phase1-n62-primary	nuisance_combined	3	1	20262727	41	1	0.6240577732	1	"{""model__C"":10.0}"
phase1-n62-primary	nuisance_combined	3	1	20262727	47	1	0.6806509956	1	"{""model__C"":10.0}"
phase1-n62-primary	nuisance_combined	3	1	20262727	49	1	0.7816428355	1	"{""model__C"":10.0}"
phase1-n62-primary	nuisance_combined	3	1	20262727	51	1	0.6588556825	1	"{""model__C"":10.0}"
phase1-n62-primary	nuisance_combined	3	1	20262727	57	1	0.6756593396	1	"{""model__C"":10.0}"
phase1-n62-primary	nuisance_combined	3	1	20262727	58	1	0.5320382617	1	"{""model__C"":10.0}"
phase1-n62-primary	nuisance_combined	3	1	20262727	62	1	0.8179251514	1	"{""model__C"":10.0}"
phase1-n62-primary	nuisance_combined	3	1	20262727	67	1	0.7024390073	1	"{""model__C"":10.0}"
phase1-n62-primary	nuisance_combined	3	2	20262727	07	0	0.4460574414	0	"{""model__C"":0.01}"
phase1-n62-primary	nuisance_combined	3	2	20262727	13	0	0.5180796876	1	"{""model__C"":0.01}"
phase1-n62-primary	nuisance_combined	3	2	20262727	17	0	0.5140132513	1	"{""model__C"":0.01}"
phase1-n62-primary	nuisance_combined	3	2	20262727	19	0	0.5174138141	1	"{""model__C"":0.01}"
phase1-n62-primary	nuisance_combined	3	2	20262727	34	1	0.5037046853	1	"{""model__C"":0.01}"
phase1-n62-primary	nuisance_combined	3	2	20262727	37	1	0.5194112394	1	"{""model__C"":0.01}"
phase1-n62-primary	nuisance_combined	3	2	20262727	39	1	0.5060160704	1	"{""model__C"":0.01}"
phase1-n62-primary	nuisance_combined	3	2	20262727	42	1	0.4989673897	0	"{""model__C"":0.01}"
phase1-n62-primary	nuisance_combined	3	2	20262727	60	1	0.5247345017	1	"{""model__C"":0.01}"
phase1-n62-primary	nuisance_combined	3	2	20262727	63	1	0.5267293419	1	"{""model__C"":0.01}"
phase1-n62-primary	nuisance_combined	3	2	20262727	64	1	0.5070378555	1	"{""model__C"":0.01}"
phase1-n62-primary	nuisance_combined	3	2	20262727	65	1	0.5026827677	1	"{""model__C"":0.01}"
phase1-n62-primary	nuisance_combined	3	2	20262727	75	1	0.5100856439	1	"{""model__C"":0.01}"
phase1-n62-primary	nuisance_combined	3	3	20262727	01	0	0.4668008934	0	"{""model__C"":0.01}"
phase1-n62-primary	nuisance_combined	3	3	20262727	02	0	0.4584113008	0	"{""model__C"":0.01}"
phase1-n62-primary	nuisance_combined	3	3	20262727	04	0	0.4589578791	0	"{""model__C"":0.01}"
phase1-n62-primary	nuisance_combined	3	3	20262727	08	0	0.4668507037	0	"{""model__C"":0.01}"
phase1-n62-primary	nuisance_combined	3	3	20262727	25	1	0.5114637163	1	"{""model__C"":0.01}"
phase1-n62-primary	nuisance_combined	3	3	20262727	26	1	0.4999829363	0	"{""model__C"":0.01}"
phase1-n62-primary	nuisance_combined	3	3	20262727	31	1	0.5006833635	1	"{""model__C"":0.01}"
phase1-n62-primary	nuisance_combined	3	3	20262727	38	1	0.5030287037	1	"{""model__C"":0.01}"
phase1-n62-primary	nuisance_combined	3	3	20262727	43	1	0.5000329669	1	"{""model__C"":0.01}"
phase1-n62-primary	nuisance_combined	3	3	20262727	46	1	0.5118637429	1	"{""model__C"":0.01}"
phase1-n62-primary	nuisance_combined	3	3	20262727	69	1	0.5110636751	1	"{""model__C"":0.01}"
phase1-n62-primary	nuisance_combined	3	3	20262727	72	1	0.5031787896	1	"{""model__C"":0.01}"
phase1-n62-primary	nuisance_combined	3	4	20262727	03	0	0.4358943645	0	"{""model__C"":0.01}"
phase1-n62-primary	nuisance_combined	3	4	20262727	16	0	0.5152642492	1	"{""model__C"":0.01}"
phase1-n62-primary	nuisance_combined	3	4	20262727	20	0	0.5210748213	1	"{""model__C"":0.01}"
phase1-n62-primary	nuisance_combined	3	4	20262727	28	1	0.5213708014	1	"{""model__C"":0.01}"
phase1-n62-primary	nuisance_combined	3	4	20262727	35	1	0.4975720466	0	"{""model__C"":0.01}"
phase1-n62-primary	nuisance_combined	3	4	20262727	40	1	0.5039832931	1	"{""model__C"":0.01}"
phase1-n62-primary	nuisance_combined	3	4	20262727	45	1	0.4981650644	0	"{""model__C"":0.01}"
phase1-n62-primary	nuisance_combined	3	4	20262727	50	1	0.5164491131	1	"{""model__C"":0.01}"
phase1-n62-primary	nuisance_combined	3	4	20262727	55	1	0.4996476279	0	"{""model__C"":0.01}"
phase1-n62-primary	nuisance_combined	3	4	20262727	56	1	0.5142273521	1	"{""model__C"":0.01}"
phase1-n62-primary	nuisance_combined	3	4	20262727	68	1	0.5160048101	1	"{""model__C"":0.01}"
phase1-n62-primary	nuisance_combined	3	4	20262727	74	1	0.5151161289	1	"{""model__C"":0.01}"
phase1-n62-primary	nuisance_combined	3	5	20262727	05	0	0.4328396828	0	"{""model__C"":0.01}"
phase1-n62-primary	nuisance_combined	3	5	20262727	09	0	0.5317780088	1	"{""model__C"":0.01}"
phase1-n62-primary	nuisance_combined	3	5	20262727	11	0	0.528069034	1	"{""model__C"":0.01}"
phase1-n62-primary	nuisance_combined	3	5	20262727	22	1	0.5144511609	1	"{""model__C"":0.01}"
phase1-n62-primary	nuisance_combined	3	5	20262727	23	1	0.5178448326	1	"{""model__C"":0.01}"
phase1-n62-primary	nuisance_combined	3	5	20262727	24	1	0.5312483606	1	"{""model__C"":0.01}"
phase1-n62-primary	nuisance_combined	3	5	20262727	36	1	0.5301888541	1	"{""model__C"":0.01}"
phase1-n62-primary	nuisance_combined	3	5	20262727	53	1	0.5036771986	1	"{""model__C"":0.01}"
phase1-n62-primary	nuisance_combined	3	5	20262727	59	1	0.3623862212	0	"{""model__C"":0.01}"
phase1-n62-primary	nuisance_combined	3	5	20262727	61	1	0.5160449577	1	"{""model__C"":0.01}"
phase1-n62-primary	nuisance_combined	3	5	20262727	66	1	0.5199688304	1	"{""model__C"":0.01}"
phase1-n62-primary	nuisance_combined	3	5	20262727	71	1	0.5117941955	1	"{""model__C"":0.01}"
phase1-n62-primary	fc	1	1	20260727	03	0	0.4452009019	0	"{""model__C"":0.1,""select__k"":64}"
phase1-n62-primary	fc	1	1	20260727	09	0	0.9440327114	1	"{""model__C"":0.1,""select__k"":64}"
phase1-n62-primary	fc	1	1	20260727	11	0	0.9538094731	1	"{""model__C"":0.1,""select__k"":64}"
phase1-n62-primary	fc	1	1	20260727	20	0	0.9085051991	1	"{""model__C"":0.1,""select__k"":64}"
phase1-n62-primary	fc	1	1	20260727	24	1	0.9713373074	1	"{""model__C"":0.1,""select__k"":64}"
phase1-n62-primary	fc	1	1	20260727	40	1	0.968745298	1	"{""model__C"":0.1,""select__k"":64}"
phase1-n62-primary	fc	1	1	20260727	41	1	0.7697747664	1	"{""model__C"":0.1,""select__k"":64}"
phase1-n62-primary	fc	1	1	20260727	50	1	0.6445028738	1	"{""model__C"":0.1,""select__k"":64}"
phase1-n62-primary	fc	1	1	20260727	51	1	0.2167507371	0	"{""model__C"":0.1,""select__k"":64}"
phase1-n62-primary	fc	1	1	20260727	53	1	0.8022493718	1	"{""model__C"":0.1,""select__k"":64}"
phase1-n62-primary	fc	1	1	20260727	66	1	0.8010929219	1	"{""model__C"":0.1,""select__k"":64}"
phase1-n62-primary	fc	1	1	20260727	67	1	0.5021122161	1	"{""model__C"":0.1,""select__k"":64}"
phase1-n62-primary	fc	1	1	20260727	69	1	0.1016583603	0	"{""model__C"":0.1,""select__k"":64}"
phase1-n62-primary	fc	1	2	20260727	04	0	0.5870701573	1	"{""model__C"":10.0,""select__k"":128}"
phase1-n62-primary	fc	1	2	20260727	10	0	0.1454454105	0	"{""model__C"":10.0,""select__k"":128}"
phase1-n62-primary	fc	1	2	20260727	16	0	0.03630596795	0	"{""model__C"":10.0,""select__k"":128}"
phase1-n62-primary	fc	1	2	20260727	17	0	0.3815167288	0	"{""model__C"":10.0,""select__k"":128}"
phase1-n62-primary	fc	1	2	20260727	26	1	0.9720173984	1	"{""model__C"":10.0,""select__k"":128}"
phase1-n62-primary	fc	1	2	20260727	34	1	0.3813027265	0	"{""model__C"":10.0,""select__k"":128}"
phase1-n62-primary	fc	1	2	20260727	36	1	0.006805698851	0	"{""model__C"":10.0,""select__k"":128}"
phase1-n62-primary	fc	1	2	20260727	45	1	0.9808540559	1	"{""model__C"":10.0,""select__k"":128}"
phase1-n62-primary	fc	1	2	20260727	46	1	0.3970674455	0	"{""model__C"":10.0,""select__k"":128}"
phase1-n62-primary	fc	1	2	20260727	64	1	0.5121824573	1	"{""model__C"":10.0,""select__k"":128}"
phase1-n62-primary	fc	1	2	20260727	71	1	0.9999968743	1	"{""model__C"":10.0,""select__k"":128}"
phase1-n62-primary	fc	1	2	20260727	72	1	0.9999979915	1	"{""model__C"":10.0,""select__k"":128}"
phase1-n62-primary	fc	1	2	20260727	75	1	0.3383980448	0	"{""model__C"":10.0,""select__k"":128}"
phase1-n62-primary	fc	1	3	20260727	01	0	0.5701320526	1	"{""model__C"":0.1,""select__k"":16}"
phase1-n62-primary	fc	1	3	20260727	07	0	0.2944932372	0	"{""model__C"":0.1,""select__k"":16}"
phase1-n62-primary	fc	1	3	20260727	12	0	0.2313725637	0	"{""model__C"":0.1,""select__k"":16}"
phase1-n62-primary	fc	1	3	20260727	13	0	0.7619890907	1	"{""model__C"":0.1,""select__k"":16}"
phase1-n62-primary	fc	1	3	20260727	22	1	0.2950640694	0	"{""model__C"":0.1,""select__k"":16}"
phase1-n62-primary	fc	1	3	20260727	27	1	0.7894641768	1	"{""model__C"":0.1,""select__k"":16}"
phase1-n62-primary	fc	1	3	20260727	28	1	0.8152504143	1	"{""model__C"":0.1,""select__k"":16}"
phase1-n62-primary	fc	1	3	20260727	37	1	0.3985305881	0	"{""model__C"":0.1,""select__k"":16}"
phase1-n62-primary	fc	1	3	20260727	38	1	0.6748626368	1	"{""model__C"":0.1,""select__k"":16}"
phase1-n62-primary	fc	1	3	20260727	56	1	0.9660667889	1	"{""model__C"":0.1,""select__k"":16}"
phase1-n62-primary	fc	1	3	20260727	61	1	0.3853639924	0	"{""model__C"":0.1,""select__k"":16}"
phase1-n62-primary	fc	1	3	20260727	65	1	0.7127205701	1	"{""model__C"":0.1,""select__k"":16}"
phase1-n62-primary	fc	1	4	20260727	02	0	0.5659430577	1	"{""model__C"":0.1,""select__k"":128}"
phase1-n62-primary	fc	1	4	20260727	08	0	0.05714970315	0	"{""model__C"":0.1,""select__k"":128}"
phase1-n62-primary	fc	1	4	20260727	19	0	0.6016555799	1	"{""model__C"":0.1,""select__k"":128}"
phase1-n62-primary	fc	1	4	20260727	23	1	0.385165498	0	"{""model__C"":0.1,""select__k"":128}"
phase1-n62-primary	fc	1	4	20260727	25	1	0.9303787937	1	"{""model__C"":0.1,""select__k"":128}"
phase1-n62-primary	fc	1	4	20260727	35	1	0.6605444148	1	"{""model__C"":0.1,""select__k"":128}"
phase1-n62-primary	fc	1	4	20260727	39	1	0.8602020192	1	"{""model__C"":0.1,""select__k"":128}"
phase1-n62-primary	fc	1	4	20260727	55	1	0.3601835203	0	"{""model__C"":0.1,""select__k"":128}"
phase1-n62-primary	fc	1	4	20260727	58	1	0.685036872	1	"{""model__C"":0.1,""select__k"":128}"
phase1-n62-primary	fc	1	4	20260727	59	1	0.6169266411	1	"{""model__C"":0.1,""select__k"":128}"
phase1-n62-primary	fc	1	4	20260727	62	1	0.252668332	0	"{""model__C"":0.1,""select__k"":128}"
phase1-n62-primary	fc	1	4	20260727	68	1	0.9476366445	1	"{""model__C"":0.1,""select__k"":128}"
phase1-n62-primary	fc	1	5	20260727	05	0	0.1692326343	0	"{""model__C"":0.1,""select__k"":64}"
phase1-n62-primary	fc	1	5	20260727	14	0	0.6636248219	1	"{""model__C"":0.1,""select__k"":64}"
phase1-n62-primary	fc	1	5	20260727	18	0	0.2106350087	0	"{""model__C"":0.1,""select__k"":64}"
phase1-n62-primary	fc	1	5	20260727	31	1	0.1389051703	0	"{""model__C"":0.1,""select__k"":64}"
phase1-n62-primary	fc	1	5	20260727	42	1	0.4072821866	0	"{""model__C"":0.1,""select__k"":64}"
phase1-n62-primary	fc	1	5	20260727	43	1	0.1853076588	0	"{""model__C"":0.1,""select__k"":64}"
phase1-n62-primary	fc	1	5	20260727	47	1	0.4399319925	0	"{""model__C"":0.1,""select__k"":64}"
phase1-n62-primary	fc	1	5	20260727	49	1	0.8346644063	1	"{""model__C"":0.1,""select__k"":64}"
phase1-n62-primary	fc	1	5	20260727	57	1	0.7951715749	1	"{""model__C"":0.1,""select__k"":64}"
phase1-n62-primary	fc	1	5	20260727	60	1	0.6772417195	1	"{""model__C"":0.1,""select__k"":64}"
phase1-n62-primary	fc	1	5	20260727	63	1	0.8492136578	1	"{""model__C"":0.1,""select__k"":64}"
phase1-n62-primary	fc	1	5	20260727	74	1	0.7023074974	1	"{""model__C"":0.1,""select__k"":64}"
phase1-n62-primary	fc	2	1	20261727	04	0	0.7252179898	1	"{""model__C"":10.0,""select__k"":32}"
phase1-n62-primary	fc	2	1	20261727	10	0	0.902237966	1	"{""model__C"":10.0,""select__k"":32}"
phase1-n62-primary	fc	2	1	20261727	18	0	0.3466636984	0	"{""model__C"":10.0,""select__k"":32}"
phase1-n62-primary	fc	2	1	20261727	20	0	0.9150611792	1	"{""model__C"":10.0,""select__k"":32}"
phase1-n62-primary	fc	2	1	20261727	24	1	0.920633843	1	"{""model__C"":10.0,""select__k"":32}"
phase1-n62-primary	fc	2	1	20261727	25	1	0.9972497658	1	"{""model__C"":10.0,""select__k"":32}"
phase1-n62-primary	fc	2	1	20261727	34	1	0.96420291	1	"{""model__C"":10.0,""select__k"":32}"
phase1-n62-primary	fc	2	1	20261727	37	1	0.08552312018	0	"{""model__C"":10.0,""select__k"":32}"
phase1-n62-primary	fc	2	1	20261727	38	1	0.9986843138	1	"{""model__C"":10.0,""select__k"":32}"
phase1-n62-primary	fc	2	1	20261727	41	1	0.9466647003	1	"{""model__C"":10.0,""select__k"":32}"
phase1-n62-primary	fc	2	1	20261727	58	1	0.8596552065	1	"{""model__C"":10.0,""select__k"":32}"
phase1-n62-primary	fc	2	1	20261727	64	1	0.9978458292	1	"{""model__C"":10.0,""select__k"":32}"
phase1-n62-primary	fc	2	1	20261727	65	1	0.9978749973	1	"{""model__C"":10.0,""select__k"":32}"
phase1-n62-primary	fc	2	2	20261727	03	0	0.3224393202	0	"{""model__C"":10.0,""select__k"":32}"
phase1-n62-primary	fc	2	2	20261727	11	0	0.9948980399	1	"{""model__C"":10.0,""select__k"":32}"
phase1-n62-primary	fc	2	2	20261727	13	0	0.9999504157	1	"{""model__C"":10.0,""select__k"":32}"
phase1-n62-primary	fc	2	2	20261727	16	0	0.03928551752	0	"{""model__C"":10.0,""select__k"":32}"
phase1-n62-primary	fc	2	2	20261727	23	1	0.9648031377	1	"{""model__C"":10.0,""select__k"":32}"
phase1-n62-primary	fc	2	2	20261727	35	1	0.9997788164	1	"{""model__C"":10.0,""select__k"":32}"
phase1-n62-primary	fc	2	2	20261727	39	1	0.9512859226	1	"{""model__C"":10.0,""select__k"":32}"
phase1-n62-primary	fc	2	2	20261727	40	1	0.9998475364	1	"{""model__C"":10.0,""select__k"":32}"
phase1-n62-primary	fc	2	2	20261727	49	1	0.9971106076	1	"{""model__C"":10.0,""select__k"":32}"
phase1-n62-primary	fc	2	2	20261727	51	1	0.01039038451	0	"{""model__C"":10.0,""select__k"":32}"
phase1-n62-primary	fc	2	2	20261727	53	1	0.9999879112	1	"{""model__C"":10.0,""select__k"":32}"
phase1-n62-primary	fc	2	2	20261727	60	1	0.8452072279	1	"{""model__C"":10.0,""select__k"":32}"
phase1-n62-primary	fc	2	2	20261727	61	1	0.7128743275	1	"{""model__C"":10.0,""select__k"":32}"
phase1-n62-primary	fc	2	3	20261727	02	0	0.5944960773	1	"{""model__C"":0.1,""select__k"":128}"
phase1-n62-primary	fc	2	3	20261727	07	0	0.3434952268	0	"{""model__C"":0.1,""select__k"":128}"
phase1-n62-primary	fc	2	3	20261727	08	0	0.1599645102	0	"{""model__C"":0.1,""select__k"":128}"
phase1-n62-primary	fc	2	3	20261727	17	0	0.1213650583	0	"{""model__C"":0.1,""select__k"":128}"
phase1-n62-primary	fc	2	3	20261727	27	1	0.713932384	1	"{""model__C"":0.1,""select__k"":128}"
phase1-n62-primary	fc	2	3	20261727	31	1	0.2541054298	0	"{""model__C"":0.1,""select__k"":128}"
phase1-n62-primary	fc	2	3	20261727	36	1	0.133438759	0	"{""model__C"":0.1,""select__k"":128}"
phase1-n62-primary	fc	2	3	20261727	42	1	0.2760263754	0	"{""model__C"":0.1,""select__k"":128}"
phase1-n62-primary	fc	2	3	20261727	46	1	0.1640760775	0	"{""model__C"":0.1,""select__k"":128}"
phase1-n62-primary	fc	2	3	20261727	50	1	0.9815861282	1	"{""model__C"":0.1,""select__k"":128}"
phase1-n62-primary	fc	2	3	20261727	66	1	0.377228187	0	"{""model__C"":0.1,""select__k"":128}"
phase1-n62-primary	fc	2	3	20261727	69	1	0.6218532854	1	"{""model__C"":0.1,""select__k"":128}"
phase1-n62-primary	fc	2	4	20261727	12	0	0.5174394533	1	"{""model__C"":0.1,""select__k"":64}"
phase1-n62-primary	fc	2	4	20261727	14	0	0.7925736289	1	"{""model__C"":0.1,""select__k"":64}"
phase1-n62-primary	fc	2	4	20261727	19	0	0.6556813437	1	"{""model__C"":0.1,""select__k"":64}"
phase1-n62-primary	fc	2	4	20261727	26	1	0.4509330377	0	"{""model__C"":0.1,""select__k"":64}"
phase1-n62-primary	fc	2	4	20261727	28	1	0.4036922411	0	"{""model__C"":0.1,""select__k"":64}"
phase1-n62-primary	fc	2	4	20261727	43	1	0.1177189673	0	"{""model__C"":0.1,""select__k"":64}"
phase1-n62-primary	fc	2	4	20261727	45	1	0.7961774036	1	"{""model__C"":0.1,""select__k"":64}"
phase1-n62-primary	fc	2	4	20261727	47	1	0.4692549259	0	"{""model__C"":0.1,""select__k"":64}"
phase1-n62-primary	fc	2	4	20261727	57	1	0.678452952	1	"{""model__C"":0.1,""select__k"":64}"
phase1-n62-primary	fc	2	4	20261727	59	1	0.2676685624	0	"{""model__C"":0.1,""select__k"":64}"
phase1-n62-primary	fc	2	4	20261727	68	1	0.8364709935	1	"{""model__C"":0.1,""select__k"":64}"
phase1-n62-primary	fc	2	4	20261727	75	1	0.5285160493	1	"{""model__C"":0.1,""select__k"":64}"
phase1-n62-primary	fc	2	5	20261727	01	0	0.9836287211	1	"{""model__C"":10.0,""select__k"":32}"
phase1-n62-primary	fc	2	5	20261727	05	0	0.999999711	1	"{""model__C"":10.0,""select__k"":32}"
phase1-n62-primary	fc	2	5	20261727	09	0	0.9999881468	1	"{""model__C"":10.0,""select__k"":32}"
phase1-n62-primary	fc	2	5	20261727	22	1	0.02085442748	0	"{""model__C"":10.0,""select__k"":32}"
phase1-n62-primary	fc	2	5	20261727	55	1	0.0001617981515	0	"{""model__C"":10.0,""select__k"":32}"
phase1-n62-primary	fc	2	5	20261727	56	1	0.9999851075	1	"{""model__C"":10.0,""select__k"":32}"
phase1-n62-primary	fc	2	5	20261727	62	1	0.1890517548	0	"{""model__C"":10.0,""select__k"":32}"
phase1-n62-primary	fc	2	5	20261727	63	1	0.9987470663	1	"{""model__C"":10.0,""select__k"":32}"
phase1-n62-primary	fc	2	5	20261727	67	1	0.002664843564	0	"{""model__C"":10.0,""select__k"":32}"
phase1-n62-primary	fc	2	5	20261727	71	1	0.9999986706	1	"{""model__C"":10.0,""select__k"":32}"
phase1-n62-primary	fc	2	5	20261727	72	1	0.9999991258	1	"{""model__C"":10.0,""select__k"":32}"
phase1-n62-primary	fc	2	5	20261727	74	1	0.9677373473	1	"{""model__C"":10.0,""select__k"":32}"
phase1-n62-primary	fc	3	1	20262727	10	0	0.7823860494	1	"{""model__C"":0.1,""select__k"":64}"
phase1-n62-primary	fc	3	1	20262727	12	0	0.42239687	0	"{""model__C"":0.1,""select__k"":64}"
phase1-n62-primary	fc	3	1	20262727	14	0	0.6146248696	1	"{""model__C"":0.1,""select__k"":64}"
phase1-n62-primary	fc	3	1	20262727	18	0	0.4525349394	0	"{""model__C"":0.1,""select__k"":64}"
phase1-n62-primary	fc	3	1	20262727	27	1	0.5633884375	1	"{""model__C"":0.1,""select__k"":64}"
phase1-n62-primary	fc	3	1	20262727	41	1	0.803557985	1	"{""model__C"":0.1,""select__k"":64}"
phase1-n62-primary	fc	3	1	20262727	47	1	0.7739150225	1	"{""model__C"":0.1,""select__k"":64}"
phase1-n62-primary	fc	3	1	20262727	49	1	0.8021743714	1	"{""model__C"":0.1,""select__k"":64}"
phase1-n62-primary	fc	3	1	20262727	51	1	0.2552361532	0	"{""model__C"":0.1,""select__k"":64}"
phase1-n62-primary	fc	3	1	20262727	57	1	0.8500947542	1	"{""model__C"":0.1,""select__k"":64}"
phase1-n62-primary	fc	3	1	20262727	58	1	0.8696165591	1	"{""model__C"":0.1,""select__k"":64}"
phase1-n62-primary	fc	3	1	20262727	62	1	0.5804002591	1	"{""model__C"":0.1,""select__k"":64}"
phase1-n62-primary	fc	3	1	20262727	67	1	0.6314433917	1	"{""model__C"":0.1,""select__k"":64}"
phase1-n62-primary	fc	3	2	20262727	07	0	0.7883017251	1	"{""model__C"":10.0,""select__k"":128}"
phase1-n62-primary	fc	3	2	20262727	13	0	0.9984181822	1	"{""model__C"":10.0,""select__k"":128}"
phase1-n62-primary	fc	3	2	20262727	17	0	0.09474731037	0	"{""model__C"":10.0,""select__k"":128}"
phase1-n62-primary	fc	3	2	20262727	19	0	0.982682791	1	"{""model__C"":10.0,""select__k"":128}"
phase1-n62-primary	fc	3	2	20262727	34	1	0.4961203531	0	"{""model__C"":10.0,""select__k"":128}"
phase1-n62-primary	fc	3	2	20262727	37	1	0.1948532576	0	"{""model__C"":10.0,""select__k"":128}"
phase1-n62-primary	fc	3	2	20262727	39	1	0.9998083365	1	"{""model__C"":10.0,""select__k"":128}"
phase1-n62-primary	fc	3	2	20262727	42	1	0.00254741845	0	"{""model__C"":10.0,""select__k"":128}"
phase1-n62-primary	fc	3	2	20262727	60	1	0.7454692649	1	"{""model__C"":10.0,""select__k"":128}"
phase1-n62-primary	fc	3	2	20262727	63	1	0.9339114914	1	"{""model__C"":10.0,""select__k"":128}"
phase1-n62-primary	fc	3	2	20262727	64	1	0.9617262778	1	"{""model__C"":10.0,""select__k"":128}"
phase1-n62-primary	fc	3	2	20262727	65	1	0.9997488893	1	"{""model__C"":10.0,""select__k"":128}"
phase1-n62-primary	fc	3	2	20262727	75	1	0.878365815	1	"{""model__C"":10.0,""select__k"":128}"
phase1-n62-primary	fc	3	3	20262727	01	0	0.9507599668	1	"{""model__C"":10.0,""select__k"":32}"
phase1-n62-primary	fc	3	3	20262727	02	0	0.9984021136	1	"{""model__C"":10.0,""select__k"":32}"
phase1-n62-primary	fc	3	3	20262727	04	0	0.02707031045	0	"{""model__C"":10.0,""select__k"":32}"
phase1-n62-primary	fc	3	3	20262727	08	0	0.03923020072	0	"{""model__C"":10.0,""select__k"":32}"
phase1-n62-primary	fc	3	3	20262727	25	1	0.9994422284	1	"{""model__C"":10.0,""select__k"":32}"
phase1-n62-primary	fc	3	3	20262727	26	1	0.1830506099	0	"{""model__C"":10.0,""select__k"":32}"
phase1-n62-primary	fc	3	3	20262727	31	1	0.1914172873	0	"{""model__C"":10.0,""select__k"":32}"
phase1-n62-primary	fc	3	3	20262727	38	1	0.99176361	1	"{""model__C"":10.0,""select__k"":32}"
phase1-n62-primary	fc	3	3	20262727	43	1	0.04887191937	0	"{""model__C"":10.0,""select__k"":32}"
phase1-n62-primary	fc	3	3	20262727	46	1	0.266096683	0	"{""model__C"":10.0,""select__k"":32}"
phase1-n62-primary	fc	3	3	20262727	69	1	0.9989414234	1	"{""model__C"":10.0,""select__k"":32}"
phase1-n62-primary	fc	3	3	20262727	72	1	0.9999962816	1	"{""model__C"":10.0,""select__k"":32}"
phase1-n62-primary	fc	3	4	20262727	03	0	0.6979255889	1	"{""model__C"":0.1,""select__k"":128}"
phase1-n62-primary	fc	3	4	20262727	16	0	0.1772797675	0	"{""model__C"":0.1,""select__k"":128}"
phase1-n62-primary	fc	3	4	20262727	20	0	0.4492461483	0	"{""model__C"":0.1,""select__k"":128}"
phase1-n62-primary	fc	3	4	20262727	28	1	0.8977402805	1	"{""model__C"":0.1,""select__k"":128}"
phase1-n62-primary	fc	3	4	20262727	35	1	0.6085551949	1	"{""model__C"":0.1,""select__k"":128}"
phase1-n62-primary	fc	3	4	20262727	40	1	0.8188112496	1	"{""model__C"":0.1,""select__k"":128}"
phase1-n62-primary	fc	3	4	20262727	45	1	0.8724465064	1	"{""model__C"":0.1,""select__k"":128}"
phase1-n62-primary	fc	3	4	20262727	50	1	0.9896021915	1	"{""model__C"":0.1,""select__k"":128}"
phase1-n62-primary	fc	3	4	20262727	55	1	0.2193006052	0	"{""model__C"":0.1,""select__k"":128}"
phase1-n62-primary	fc	3	4	20262727	56	1	0.9228145838	1	"{""model__C"":0.1,""select__k"":128}"
phase1-n62-primary	fc	3	4	20262727	68	1	0.9772784691	1	"{""model__C"":0.1,""select__k"":128}"
phase1-n62-primary	fc	3	4	20262727	74	1	0.1832484463	0	"{""model__C"":0.1,""select__k"":128}"
phase1-n62-primary	fc	3	5	20262727	05	0	0.998764504	1	"{""model__C"":1.0,""select__k"":32}"
phase1-n62-primary	fc	3	5	20262727	09	0	0.9710399734	1	"{""model__C"":1.0,""select__k"":32}"
phase1-n62-primary	fc	3	5	20262727	11	0	0.8158334533	1	"{""model__C"":1.0,""select__k"":32}"
phase1-n62-primary	fc	3	5	20262727	22	1	0.1403199677	0	"{""model__C"":1.0,""select__k"":32}"
phase1-n62-primary	fc	3	5	20262727	23	1	0.4804032761	0	"{""model__C"":1.0,""select__k"":32}"
phase1-n62-primary	fc	3	5	20262727	24	1	0.9922508215	1	"{""model__C"":1.0,""select__k"":32}"
phase1-n62-primary	fc	3	5	20262727	36	1	0.04169566937	0	"{""model__C"":1.0,""select__k"":32}"
phase1-n62-primary	fc	3	5	20262727	53	1	0.9743704619	1	"{""model__C"":1.0,""select__k"":32}"
phase1-n62-primary	fc	3	5	20262727	59	1	0.8862315839	1	"{""model__C"":1.0,""select__k"":32}"
phase1-n62-primary	fc	3	5	20262727	61	1	0.3237565196	0	"{""model__C"":1.0,""select__k"":32}"
phase1-n62-primary	fc	3	5	20262727	66	1	0.7843333954	1	"{""model__C"":1.0,""select__k"":32}"
phase1-n62-primary	fc	3	5	20262727	71	1	0.9999209747	1	"{""model__C"":1.0,""select__k"":32}"
phase1-n62-primary	nodes	1	1	20260727	03	0	0.4648683357	0	"{""model__C"":0.01,""select__k"":16}"
phase1-n62-primary	nodes	1	1	20260727	09	0	0.5649698252	1	"{""model__C"":0.01,""select__k"":16}"
phase1-n62-primary	nodes	1	1	20260727	11	0	0.6364032521	1	"{""model__C"":0.01,""select__k"":16}"
phase1-n62-primary	nodes	1	1	20260727	20	0	0.6397082348	1	"{""model__C"":0.01,""select__k"":16}"
phase1-n62-primary	nodes	1	1	20260727	24	1	0.8638812063	1	"{""model__C"":0.01,""select__k"":16}"
phase1-n62-primary	nodes	1	1	20260727	40	1	0.8262630928	1	"{""model__C"":0.01,""select__k"":16}"
phase1-n62-primary	nodes	1	1	20260727	41	1	0.6857272543	1	"{""model__C"":0.01,""select__k"":16}"
phase1-n62-primary	nodes	1	1	20260727	50	1	0.7835105544	1	"{""model__C"":0.01,""select__k"":16}"
phase1-n62-primary	nodes	1	1	20260727	51	1	0.445254223	0	"{""model__C"":0.01,""select__k"":16}"
phase1-n62-primary	nodes	1	1	20260727	53	1	0.6334886043	1	"{""model__C"":0.01,""select__k"":16}"
phase1-n62-primary	nodes	1	1	20260727	66	1	0.5102180774	1	"{""model__C"":0.01,""select__k"":16}"
phase1-n62-primary	nodes	1	1	20260727	67	1	0.5531953747	1	"{""model__C"":0.01,""select__k"":16}"
phase1-n62-primary	nodes	1	1	20260727	69	1	0.3477281021	0	"{""model__C"":0.01,""select__k"":16}"
phase1-n62-primary	nodes	1	2	20260727	04	0	0.9959500735	1	"{""model__C"":10.0,""select__k"":64}"
phase1-n62-primary	nodes	1	2	20260727	10	0	0.9993730254	1	"{""model__C"":10.0,""select__k"":64}"
phase1-n62-primary	nodes	1	2	20260727	16	0	0.00604028565	0	"{""model__C"":10.0,""select__k"":64}"
phase1-n62-primary	nodes	1	2	20260727	17	0	0.1882688019	0	"{""model__C"":10.0,""select__k"":64}"
phase1-n62-primary	nodes	1	2	20260727	26	1	0.8336137454	1	"{""model__C"":10.0,""select__k"":64}"
phase1-n62-primary	nodes	1	2	20260727	34	1	0.1014088356	0	"{""model__C"":10.0,""select__k"":64}"
phase1-n62-primary	nodes	1	2	20260727	36	1	0.882673225	1	"{""model__C"":10.0,""select__k"":64}"
phase1-n62-primary	nodes	1	2	20260727	45	1	0.9998481005	1	"{""model__C"":10.0,""select__k"":64}"
phase1-n62-primary	nodes	1	2	20260727	46	1	0.859869592	1	"{""model__C"":10.0,""select__k"":64}"
phase1-n62-primary	nodes	1	2	20260727	64	1	0.9781641196	1	"{""model__C"":10.0,""select__k"":64}"
phase1-n62-primary	nodes	1	2	20260727	71	1	0.9977994106	1	"{""model__C"":10.0,""select__k"":64}"
phase1-n62-primary	nodes	1	2	20260727	72	1	0.999997528	1	"{""model__C"":10.0,""select__k"":64}"
phase1-n62-primary	nodes	1	2	20260727	75	1	0.7507031233	1	"{""model__C"":10.0,""select__k"":64}"
phase1-n62-primary	nodes	1	3	20260727	01	0	0.5672361292	1	"{""model__C"":0.01,""select__k"":128}"
phase1-n62-primary	nodes	1	3	20260727	07	0	0.2228158602	0	"{""model__C"":0.01,""select__k"":128}"
phase1-n62-primary	nodes	1	3	20260727	12	0	0.394936805	0	"{""model__C"":0.01,""select__k"":128}"
phase1-n62-primary	nodes	1	3	20260727	13	0	0.8013845242	1	"{""model__C"":0.01,""select__k"":128}"
phase1-n62-primary	nodes	1	3	20260727	22	1	0.5660789669	1	"{""model__C"":0.01,""select__k"":128}"
phase1-n62-primary	nodes	1	3	20260727	27	1	0.5344615878	1	"{""model__C"":0.01,""select__k"":128}"
phase1-n62-primary	nodes	1	3	20260727	28	1	0.6026823949	1	"{""model__C"":0.01,""select__k"":128}"
phase1-n62-primary	nodes	1	3	20260727	37	1	0.363048251	0	"{""model__C"":0.01,""select__k"":128}"
phase1-n62-primary	nodes	1	3	20260727	38	1	0.3926386145	0	"{""model__C"":0.01,""select__k"":128}"
phase1-n62-primary	nodes	1	3	20260727	56	1	0.9360513382	1	"{""model__C"":0.01,""select__k"":128}"
phase1-n62-primary	nodes	1	3	20260727	61	1	0.57168769	1	"{""model__C"":0.01,""select__k"":128}"
phase1-n62-primary	nodes	1	3	20260727	65	1	0.4141492835	0	"{""model__C"":0.01,""select__k"":128}"
phase1-n62-primary	nodes	1	4	20260727	02	0	0.1111239134	0	"{""model__C"":0.1,""select__k"":64}"
phase1-n62-primary	nodes	1	4	20260727	08	0	0.08626550943	0	"{""model__C"":0.1,""select__k"":64}"
phase1-n62-primary	nodes	1	4	20260727	19	0	0.02111611977	0	"{""model__C"":0.1,""select__k"":64}"
phase1-n62-primary	nodes	1	4	20260727	23	1	0.05205350161	0	"{""model__C"":0.1,""select__k"":64}"
phase1-n62-primary	nodes	1	4	20260727	25	1	0.9412831762	1	"{""model__C"":0.1,""select__k"":64}"
phase1-n62-primary	nodes	1	4	20260727	35	1	0.9475414005	1	"{""model__C"":0.1,""select__k"":64}"
phase1-n62-primary	nodes	1	4	20260727	39	1	0.7938547393	1	"{""model__C"":0.1,""select__k"":64}"
phase1-n62-primary	nodes	1	4	20260727	55	1	0.1749756813	0	"{""model__C"":0.1,""select__k"":64}"
phase1-n62-primary	nodes	1	4	20260727	58	1	0.5453748493	1	"{""model__C"":0.1,""select__k"":64}"
phase1-n62-primary	nodes	1	4	20260727	59	1	0.04055515453	0	"{""model__C"":0.1,""select__k"":64}"
phase1-n62-primary	nodes	1	4	20260727	62	1	0.2103529419	0	"{""model__C"":0.1,""select__k"":64}"
phase1-n62-primary	nodes	1	4	20260727	68	1	0.8024529521	1	"{""model__C"":0.1,""select__k"":64}"
phase1-n62-primary	nodes	1	5	20260727	05	0	0.04667917745	0	"{""model__C"":1.0,""select__k"":16}"
phase1-n62-primary	nodes	1	5	20260727	14	0	0.003695563197	0	"{""model__C"":1.0,""select__k"":16}"
phase1-n62-primary	nodes	1	5	20260727	18	0	0.08619925079	0	"{""model__C"":1.0,""select__k"":16}"
phase1-n62-primary	nodes	1	5	20260727	31	1	0.8141486949	1	"{""model__C"":1.0,""select__k"":16}"
phase1-n62-primary	nodes	1	5	20260727	42	1	0.8475338056	1	"{""model__C"":1.0,""select__k"":16}"
phase1-n62-primary	nodes	1	5	20260727	43	1	0.4704287378	0	"{""model__C"":1.0,""select__k"":16}"
phase1-n62-primary	nodes	1	5	20260727	47	1	0.7076135444	1	"{""model__C"":1.0,""select__k"":16}"
phase1-n62-primary	nodes	1	5	20260727	49	1	0.5150175994	1	"{""model__C"":1.0,""select__k"":16}"
phase1-n62-primary	nodes	1	5	20260727	57	1	0.946764554	1	"{""model__C"":1.0,""select__k"":16}"
phase1-n62-primary	nodes	1	5	20260727	60	1	0.9406933282	1	"{""model__C"":1.0,""select__k"":16}"
phase1-n62-primary	nodes	1	5	20260727	63	1	0.517565152	1	"{""model__C"":1.0,""select__k"":16}"
phase1-n62-primary	nodes	1	5	20260727	74	1	0.2045851695	0	"{""model__C"":1.0,""select__k"":16}"
phase1-n62-primary	nodes	2	1	20261727	04	0	0.05778388135	0	"{""model__C"":10.0,""select__k"":128}"
phase1-n62-primary	nodes	2	1	20261727	10	0	0.9962760788	1	"{""model__C"":10.0,""select__k"":128}"
phase1-n62-primary	nodes	2	1	20261727	18	0	0.005143177848	0	"{""model__C"":10.0,""select__k"":128}"
phase1-n62-primary	nodes	2	1	20261727	20	0	0.9884203596	1	"{""model__C"":10.0,""select__k"":128}"
phase1-n62-primary	nodes	2	1	20261727	24	1	0.9999097982	1	"{""model__C"":10.0,""select__k"":128}"
phase1-n62-primary	nodes	2	1	20261727	25	1	0.9754736436	1	"{""model__C"":10.0,""select__k"":128}"
phase1-n62-primary	nodes	2	1	20261727	34	1	0.871275967	1	"{""model__C"":10.0,""select__k"":128}"
phase1-n62-primary	nodes	2	1	20261727	37	1	0.004461612016	0	"{""model__C"":10.0,""select__k"":128}"
phase1-n62-primary	nodes	2	1	20261727	38	1	0.08284237578	0	"{""model__C"":10.0,""select__k"":128}"
phase1-n62-primary	nodes	2	1	20261727	41	1	0.9998998723	1	"{""model__C"":10.0,""select__k"":128}"
phase1-n62-primary	nodes	2	1	20261727	58	1	0.9977713863	1	"{""model__C"":10.0,""select__k"":128}"
phase1-n62-primary	nodes	2	1	20261727	64	1	0.2534477759	0	"{""model__C"":10.0,""select__k"":128}"
phase1-n62-primary	nodes	2	1	20261727	65	1	0.822642788	1	"{""model__C"":10.0,""select__k"":128}"
phase1-n62-primary	nodes	2	2	20261727	03	0	0.7034543721	1	"{""model__C"":0.1,""select__k"":64}"
phase1-n62-primary	nodes	2	2	20261727	11	0	0.2914136857	0	"{""model__C"":0.1,""select__k"":64}"
phase1-n62-primary	nodes	2	2	20261727	13	0	0.9812079127	1	"{""model__C"":0.1,""select__k"":64}"
phase1-n62-primary	nodes	2	2	20261727	16	0	0.1720762316	0	"{""model__C"":0.1,""select__k"":64}"
phase1-n62-primary	nodes	2	2	20261727	23	1	0.07352623292	0	"{""model__C"":0.1,""select__k"":64}"
phase1-n62-primary	nodes	2	2	20261727	35	1	0.8467325049	1	"{""model__C"":0.1,""select__k"":64}"
phase1-n62-primary	nodes	2	2	20261727	39	1	0.7666199397	1	"{""model__C"":0.1,""select__k"":64}"
phase1-n62-primary	nodes	2	2	20261727	40	1	0.9539288463	1	"{""model__C"":0.1,""select__k"":64}"
phase1-n62-primary	nodes	2	2	20261727	49	1	0.3587314906	0	"{""model__C"":0.1,""select__k"":64}"
phase1-n62-primary	nodes	2	2	20261727	51	1	0.1497169548	0	"{""model__C"":0.1,""select__k"":64}"
phase1-n62-primary	nodes	2	2	20261727	53	1	0.8519833076	1	"{""model__C"":0.1,""select__k"":64}"
phase1-n62-primary	nodes	2	2	20261727	60	1	0.5735720235	1	"{""model__C"":0.1,""select__k"":64}"
phase1-n62-primary	nodes	2	2	20261727	61	1	0.9224676824	1	"{""model__C"":0.1,""select__k"":64}"
phase1-n62-primary	nodes	2	3	20261727	02	0	0.005352868735	0	"{""model__C"":10.0,""select__k"":16}"
phase1-n62-primary	nodes	2	3	20261727	07	0	0.08424752997	0	"{""model__C"":10.0,""select__k"":16}"
phase1-n62-primary	nodes	2	3	20261727	08	0	0.01749927738	0	"{""model__C"":10.0,""select__k"":16}"
phase1-n62-primary	nodes	2	3	20261727	17	0	0.003152996427	0	"{""model__C"":10.0,""select__k"":16}"
phase1-n62-primary	nodes	2	3	20261727	27	1	0.9995132435	1	"{""model__C"":10.0,""select__k"":16}"
phase1-n62-primary	nodes	2	3	20261727	31	1	0.9656689051	1	"{""model__C"":10.0,""select__k"":16}"
phase1-n62-primary	nodes	2	3	20261727	36	1	0.3195529882	0	"{""model__C"":10.0,""select__k"":16}"
phase1-n62-primary	nodes	2	3	20261727	42	1	0.9998352715	1	"{""model__C"":10.0,""select__k"":16}"
phase1-n62-primary	nodes	2	3	20261727	46	1	0.5709807126	1	"{""model__C"":10.0,""select__k"":16}"
phase1-n62-primary	nodes	2	3	20261727	50	1	0.9981573795	1	"{""model__C"":10.0,""select__k"":16}"
phase1-n62-primary	nodes	2	3	20261727	66	1	0.3364936412	0	"{""model__C"":10.0,""select__k"":16}"
phase1-n62-primary	nodes	2	3	20261727	69	1	0.000419310175	0	"{""model__C"":10.0,""select__k"":16}"
phase1-n62-primary	nodes	2	4	20261727	12	0	0.4126772824	0	"{""model__C"":1.0,""select__k"":64}"
phase1-n62-primary	nodes	2	4	20261727	14	0	0.005799842997	0	"{""model__C"":1.0,""select__k"":64}"
phase1-n62-primary	nodes	2	4	20261727	19	0	0.0002441477903	0	"{""model__C"":1.0,""select__k"":64}"
phase1-n62-primary	nodes	2	4	20261727	26	1	0.8164711544	1	"{""model__C"":1.0,""select__k"":64}"
phase1-n62-primary	nodes	2	4	20261727	28	1	0.1252060423	0	"{""model__C"":1.0,""select__k"":64}"
phase1-n62-primary	nodes	2	4	20261727	43	1	0.8169595833	1	"{""model__C"":1.0,""select__k"":64}"
phase1-n62-primary	nodes	2	4	20261727	45	1	0.9912565033	1	"{""model__C"":1.0,""select__k"":64}"
phase1-n62-primary	nodes	2	4	20261727	47	1	0.1091932011	0	"{""model__C"":1.0,""select__k"":64}"
phase1-n62-primary	nodes	2	4	20261727	57	1	0.9978352547	1	"{""model__C"":1.0,""select__k"":64}"
phase1-n62-primary	nodes	2	4	20261727	59	1	0.05478667015	0	"{""model__C"":1.0,""select__k"":64}"
phase1-n62-primary	nodes	2	4	20261727	68	1	0.2722256901	0	"{""model__C"":1.0,""select__k"":64}"
phase1-n62-primary	nodes	2	4	20261727	75	1	0.1254304285	0	"{""model__C"":1.0,""select__k"":64}"
phase1-n62-primary	nodes	2	5	20261727	01	0	0.8743535305	1	"{""model__C"":1.0,""select__k"":128}"
phase1-n62-primary	nodes	2	5	20261727	05	0	0.3936484236	0	"{""model__C"":1.0,""select__k"":128}"
phase1-n62-primary	nodes	2	5	20261727	09	0	0.8037698978	1	"{""model__C"":1.0,""select__k"":128}"
phase1-n62-primary	nodes	2	5	20261727	22	1	0.4570475851	0	"{""model__C"":1.0,""select__k"":128}"
phase1-n62-primary	nodes	2	5	20261727	55	1	0.464307617	0	"{""model__C"":1.0,""select__k"":128}"
phase1-n62-primary	nodes	2	5	20261727	56	1	0.9998093134	1	"{""model__C"":1.0,""select__k"":128}"
phase1-n62-primary	nodes	2	5	20261727	62	1	0.6545387897	1	"{""model__C"":1.0,""select__k"":128}"
phase1-n62-primary	nodes	2	5	20261727	63	1	0.4154127599	0	"{""model__C"":1.0,""select__k"":128}"
phase1-n62-primary	nodes	2	5	20261727	67	1	0.9952722742	1	"{""model__C"":1.0,""select__k"":128}"
phase1-n62-primary	nodes	2	5	20261727	71	1	0.9288354799	1	"{""model__C"":1.0,""select__k"":128}"
phase1-n62-primary	nodes	2	5	20261727	72	1	0.9988821271	1	"{""model__C"":1.0,""select__k"":128}"
phase1-n62-primary	nodes	2	5	20261727	74	1	0.9311887907	1	"{""model__C"":1.0,""select__k"":128}"
phase1-n62-primary	nodes	3	1	20262727	10	0	0.668145441	1	"{""model__C"":0.1,""select__k"":128}"
phase1-n62-primary	nodes	3	1	20262727	12	0	0.335815665	0	"{""model__C"":0.1,""select__k"":128}"
phase1-n62-primary	nodes	3	1	20262727	14	0	0.06488811142	0	"{""model__C"":0.1,""select__k"":128}"
phase1-n62-primary	nodes	3	1	20262727	18	0	0.1779412968	0	"{""model__C"":0.1,""select__k"":128}"
phase1-n62-primary	nodes	3	1	20262727	27	1	0.7091641152	1	"{""model__C"":0.1,""select__k"":128}"
phase1-n62-primary	nodes	3	1	20262727	41	1	0.9379902951	1	"{""model__C"":0.1,""select__k"":128}"
phase1-n62-primary	nodes	3	1	20262727	47	1	0.4097560701	0	"{""model__C"":0.1,""select__k"":128}"
phase1-n62-primary	nodes	3	1	20262727	49	1	0.8403306955	1	"{""model__C"":0.1,""select__k"":128}"
phase1-n62-primary	nodes	3	1	20262727	51	1	0.7119708281	1	"{""model__C"":0.1,""select__k"":128}"
phase1-n62-primary	nodes	3	1	20262727	57	1	0.9892727228	1	"{""model__C"":0.1,""select__k"":128}"
phase1-n62-primary	nodes	3	1	20262727	58	1	0.8034223334	1	"{""model__C"":0.1,""select__k"":128}"
phase1-n62-primary	nodes	3	1	20262727	62	1	0.4852668193	0	"{""model__C"":0.1,""select__k"":128}"
phase1-n62-primary	nodes	3	1	20262727	67	1	0.8856208671	1	"{""model__C"":0.1,""select__k"":128}"
phase1-n62-primary	nodes	3	2	20262727	07	0	0.2497809693	0	"{""model__C"":0.01,""select__k"":128}"
phase1-n62-primary	nodes	3	2	20262727	13	0	0.7256547605	1	"{""model__C"":0.01,""select__k"":128}"
phase1-n62-primary	nodes	3	2	20262727	17	0	0.2698071632	0	"{""model__C"":0.01,""select__k"":128}"
phase1-n62-primary	nodes	3	2	20262727	19	0	0.1043710225	0	"{""model__C"":0.01,""select__k"":128}"
phase1-n62-primary	nodes	3	2	20262727	34	1	0.6219083863	1	"{""model__C"":0.01,""select__k"":128}"
phase1-n62-primary	nodes	3	2	20262727	37	1	0.3208142868	0	"{""model__C"":0.01,""select__k"":128}"
phase1-n62-primary	nodes	3	2	20262727	39	1	0.6530319063	1	"{""model__C"":0.01,""select__k"":128}"
phase1-n62-primary	nodes	3	2	20262727	42	1	0.839435667	1	"{""model__C"":0.01,""select__k"":128}"
phase1-n62-primary	nodes	3	2	20262727	60	1	0.5215182977	1	"{""model__C"":0.01,""select__k"":128}"
phase1-n62-primary	nodes	3	2	20262727	63	1	0.324043711	0	"{""model__C"":0.01,""select__k"":128}"
phase1-n62-primary	nodes	3	2	20262727	64	1	0.4429971446	0	"{""model__C"":0.01,""select__k"":128}"
phase1-n62-primary	nodes	3	2	20262727	65	1	0.4210193684	0	"{""model__C"":0.01,""select__k"":128}"
phase1-n62-primary	nodes	3	2	20262727	75	1	0.413427605	0	"{""model__C"":0.01,""select__k"":128}"
phase1-n62-primary	nodes	3	3	20262727	01	0	0.5748084983	1	"{""model__C"":0.1,""select__k"":16}"
phase1-n62-primary	nodes	3	3	20262727	02	0	0.2236872428	0	"{""model__C"":0.1,""select__k"":16}"
phase1-n62-primary	nodes	3	3	20262727	04	0	0.166302106	0	"{""model__C"":0.1,""select__k"":16}"
phase1-n62-primary	nodes	3	3	20262727	08	0	0.1227875861	0	"{""model__C"":0.1,""select__k"":16}"
phase1-n62-primary	nodes	3	3	20262727	25	1	0.894810847	1	"{""model__C"":0.1,""select__k"":16}"
phase1-n62-primary	nodes	3	3	20262727	26	1	0.524081038	1	"{""model__C"":0.1,""select__k"":16}"
phase1-n62-primary	nodes	3	3	20262727	31	1	0.5784146429	1	"{""model__C"":0.1,""select__k"":16}"
phase1-n62-primary	nodes	3	3	20262727	38	1	0.3236076053	0	"{""model__C"":0.1,""select__k"":16}"
phase1-n62-primary	nodes	3	3	20262727	43	1	0.4257022817	0	"{""model__C"":0.1,""select__k"":16}"
phase1-n62-primary	nodes	3	3	20262727	46	1	0.4560503286	0	"{""model__C"":0.1,""select__k"":16}"
phase1-n62-primary	nodes	3	3	20262727	69	1	0.1606875543	0	"{""model__C"":0.1,""select__k"":16}"
phase1-n62-primary	nodes	3	3	20262727	72	1	0.9582293787	1	"{""model__C"":0.1,""select__k"":16}"
phase1-n62-primary	nodes	3	4	20262727	03	0	0.4679310472	0	"{""model__C"":0.01,""select__k"":64}"
phase1-n62-primary	nodes	3	4	20262727	16	0	0.3465093689	0	"{""model__C"":0.01,""select__k"":64}"
phase1-n62-primary	nodes	3	4	20262727	20	0	0.4293711307	0	"{""model__C"":0.01,""select__k"":64}"
phase1-n62-primary	nodes	3	4	20262727	28	1	0.7057034203	1	"{""model__C"":0.01,""select__k"":64}"
phase1-n62-primary	nodes	3	4	20262727	35	1	0.8008149877	1	"{""model__C"":0.01,""select__k"":64}"
phase1-n62-primary	nodes	3	4	20262727	40	1	0.7525982912	1	"{""model__C"":0.01,""select__k"":64}"
phase1-n62-primary	nodes	3	4	20262727	45	1	0.717581385	1	"{""model__C"":0.01,""select__k"":64}"
phase1-n62-primary	nodes	3	4	20262727	50	1	0.7126420556	1	"{""model__C"":0.01,""select__k"":64}"
phase1-n62-primary	nodes	3	4	20262727	55	1	0.4096814979	0	"{""model__C"":0.01,""select__k"":64}"
phase1-n62-primary	nodes	3	4	20262727	56	1	0.8306273975	1	"{""model__C"":0.01,""select__k"":64}"
phase1-n62-primary	nodes	3	4	20262727	68	1	0.732230518	1	"{""model__C"":0.01,""select__k"":64}"
phase1-n62-primary	nodes	3	4	20262727	74	1	0.4464665445	0	"{""model__C"":0.01,""select__k"":64}"
phase1-n62-primary	nodes	3	5	20262727	05	0	0.282875291	0	"{""model__C"":0.1,""select__k"":64}"
phase1-n62-primary	nodes	3	5	20262727	09	0	0.7223055709	1	"{""model__C"":0.1,""select__k"":64}"
phase1-n62-primary	nodes	3	5	20262727	11	0	0.5516898863	1	"{""model__C"":0.1,""select__k"":64}"
phase1-n62-primary	nodes	3	5	20262727	22	1	0.3298974639	0	"{""model__C"":0.1,""select__k"":64}"
phase1-n62-primary	nodes	3	5	20262727	23	1	0.2057425017	0	"{""model__C"":0.1,""select__k"":64}"
phase1-n62-primary	nodes	3	5	20262727	24	1	0.9774905313	1	"{""model__C"":0.1,""select__k"":64}"
phase1-n62-primary	nodes	3	5	20262727	36	1	0.2801800296	0	"{""model__C"":0.1,""select__k"":64}"
phase1-n62-primary	nodes	3	5	20262727	53	1	0.5292667964	1	"{""model__C"":0.1,""select__k"":64}"
phase1-n62-primary	nodes	3	5	20262727	59	1	0.1917329354	0	"{""model__C"":0.1,""select__k"":64}"
phase1-n62-primary	nodes	3	5	20262727	61	1	0.2464307587	0	"{""model__C"":0.1,""select__k"":64}"
phase1-n62-primary	nodes	3	5	20262727	66	1	0.6359578313	1	"{""model__C"":0.1,""select__k"":64}"
phase1-n62-primary	nodes	3	5	20262727	71	1	0.9431161106	1	"{""model__C"":0.1,""select__k"":64}"
phase1-n62-primary	combined	1	1	20260727	03	0	0.4440916663	0	"{""model__C"":1.0,""select__k"":64}"
phase1-n62-primary	combined	1	1	20260727	09	0	0.9990023248	1	"{""model__C"":1.0,""select__k"":64}"
phase1-n62-primary	combined	1	1	20260727	11	0	0.9987109871	1	"{""model__C"":1.0,""select__k"":64}"
phase1-n62-primary	combined	1	1	20260727	20	0	0.9995586919	1	"{""model__C"":1.0,""select__k"":64}"
phase1-n62-primary	combined	1	1	20260727	24	1	0.999997291	1	"{""model__C"":1.0,""select__k"":64}"
phase1-n62-primary	combined	1	1	20260727	40	1	0.9999888915	1	"{""model__C"":1.0,""select__k"":64}"
phase1-n62-primary	combined	1	1	20260727	41	1	0.9965101673	1	"{""model__C"":1.0,""select__k"":64}"
phase1-n62-primary	combined	1	1	20260727	50	1	0.945799384	1	"{""model__C"":1.0,""select__k"":64}"
phase1-n62-primary	combined	1	1	20260727	51	1	0.5712206473	1	"{""model__C"":1.0,""select__k"":64}"
phase1-n62-primary	combined	1	1	20260727	53	1	0.9976531754	1	"{""model__C"":1.0,""select__k"":64}"
phase1-n62-primary	combined	1	1	20260727	66	1	0.9776154365	1	"{""model__C"":1.0,""select__k"":64}"
phase1-n62-primary	combined	1	1	20260727	67	1	0.9947213948	1	"{""model__C"":1.0,""select__k"":64}"
phase1-n62-primary	combined	1	1	20260727	69	1	0.02461713586	0	"{""model__C"":1.0,""select__k"":64}"
phase1-n62-primary	combined	1	2	20260727	04	0	0.4874032511	0	"{""model__C"":1.0,""select__k"":128}"
phase1-n62-primary	combined	1	2	20260727	10	0	0.7415917899	1	"{""model__C"":1.0,""select__k"":128}"
phase1-n62-primary	combined	1	2	20260727	16	0	0.03981753044	0	"{""model__C"":1.0,""select__k"":128}"
phase1-n62-primary	combined	1	2	20260727	17	0	0.3526420401	0	"{""model__C"":1.0,""select__k"":128}"
phase1-n62-primary	combined	1	2	20260727	26	1	0.7075120637	1	"{""model__C"":1.0,""select__k"":128}"
phase1-n62-primary	combined	1	2	20260727	34	1	0.1378414891	0	"{""model__C"":1.0,""select__k"":128}"
phase1-n62-primary	combined	1	2	20260727	36	1	0.691385282	1	"{""model__C"":1.0,""select__k"":128}"
phase1-n62-primary	combined	1	2	20260727	45	1	0.991629099	1	"{""model__C"":1.0,""select__k"":128}"
phase1-n62-primary	combined	1	2	20260727	46	1	0.2801177358	0	"{""model__C"":1.0,""select__k"":128}"
phase1-n62-primary	combined	1	2	20260727	64	1	0.9022505891	1	"{""model__C"":1.0,""select__k"":128}"
phase1-n62-primary	combined	1	2	20260727	71	1	0.9907919061	1	"{""model__C"":1.0,""select__k"":128}"
phase1-n62-primary	combined	1	2	20260727	72	1	0.9997886099	1	"{""model__C"":1.0,""select__k"":128}"
phase1-n62-primary	combined	1	2	20260727	75	1	0.1049801305	0	"{""model__C"":1.0,""select__k"":128}"
phase1-n62-primary	combined	1	3	20260727	01	0	0.4358642847	0	"{""model__C"":10.0,""select__k"":16}"
phase1-n62-primary	combined	1	3	20260727	07	0	0.06992275476	0	"{""model__C"":10.0,""select__k"":16}"
phase1-n62-primary	combined	1	3	20260727	12	0	0.04215339562	0	"{""model__C"":10.0,""select__k"":16}"
phase1-n62-primary	combined	1	3	20260727	13	0	0.9999067175	1	"{""model__C"":10.0,""select__k"":16}"
phase1-n62-primary	combined	1	3	20260727	22	1	0.6694816048	1	"{""model__C"":10.0,""select__k"":16}"
phase1-n62-primary	combined	1	3	20260727	27	1	0.9999990075	1	"{""model__C"":10.0,""select__k"":16}"
phase1-n62-primary	combined	1	3	20260727	28	1	0.9960806081	1	"{""model__C"":10.0,""select__k"":16}"
phase1-n62-primary	combined	1	3	20260727	37	1	0.4780179758	0	"{""model__C"":10.0,""select__k"":16}"
phase1-n62-primary	combined	1	3	20260727	38	1	0.8566751014	1	"{""model__C"":10.0,""select__k"":16}"
phase1-n62-primary	combined	1	3	20260727	56	1	0.9999986931	1	"{""model__C"":10.0,""select__k"":16}"
phase1-n62-primary	combined	1	3	20260727	61	1	0.9575856	1	"{""model__C"":10.0,""select__k"":16}"
phase1-n62-primary	combined	1	3	20260727	65	1	0.9790958244	1	"{""model__C"":10.0,""select__k"":16}"
phase1-n62-primary	combined	1	4	20260727	02	0	0.1451259894	0	"{""model__C"":0.1,""select__k"":128}"
phase1-n62-primary	combined	1	4	20260727	08	0	0.05802976882	0	"{""model__C"":0.1,""select__k"":128}"
phase1-n62-primary	combined	1	4	20260727	19	0	0.1673422395	0	"{""model__C"":0.1,""select__k"":128}"
phase1-n62-primary	combined	1	4	20260727	23	1	0.125900265	0	"{""model__C"":0.1,""select__k"":128}"
phase1-n62-primary	combined	1	4	20260727	25	1	0.9231993291	1	"{""model__C"":0.1,""select__k"":128}"
phase1-n62-primary	combined	1	4	20260727	35	1	0.938793939	1	"{""model__C"":0.1,""select__k"":128}"
phase1-n62-primary	combined	1	4	20260727	39	1	0.8991107888	1	"{""model__C"":0.1,""select__k"":128}"
phase1-n62-primary	combined	1	4	20260727	55	1	0.3034881386	0	"{""model__C"":0.1,""select__k"":128}"
phase1-n62-primary	combined	1	4	20260727	58	1	0.552857707	1	"{""model__C"":0.1,""select__k"":128}"
phase1-n62-primary	combined	1	4	20260727	59	1	0.1773944005	0	"{""model__C"":0.1,""select__k"":128}"
phase1-n62-primary	combined	1	4	20260727	62	1	0.1593145043	0	"{""model__C"":0.1,""select__k"":128}"
phase1-n62-primary	combined	1	4	20260727	68	1	0.8416735564	1	"{""model__C"":0.1,""select__k"":128}"
phase1-n62-primary	combined	1	5	20260727	05	0	0.1920069158	0	"{""model__C"":0.01,""select__k"":32}"
phase1-n62-primary	combined	1	5	20260727	14	0	0.3634677435	0	"{""model__C"":0.01,""select__k"":32}"
phase1-n62-primary	combined	1	5	20260727	18	0	0.3357894942	0	"{""model__C"":0.01,""select__k"":32}"
phase1-n62-primary	combined	1	5	20260727	31	1	0.2918032144	0	"{""model__C"":0.01,""select__k"":32}"
phase1-n62-primary	combined	1	5	20260727	42	1	0.4865073576	0	"{""model__C"":0.01,""select__k"":32}"
phase1-n62-primary	combined	1	5	20260727	43	1	0.3160818989	0	"{""model__C"":0.01,""select__k"":32}"
phase1-n62-primary	combined	1	5	20260727	47	1	0.4422852961	0	"{""model__C"":0.01,""select__k"":32}"
phase1-n62-primary	combined	1	5	20260727	49	1	0.6114938594	1	"{""model__C"":0.01,""select__k"":32}"
phase1-n62-primary	combined	1	5	20260727	57	1	0.5716734585	1	"{""model__C"":0.01,""select__k"":32}"
phase1-n62-primary	combined	1	5	20260727	60	1	0.5760408656	1	"{""model__C"":0.01,""select__k"":32}"
phase1-n62-primary	combined	1	5	20260727	63	1	0.5504735914	1	"{""model__C"":0.01,""select__k"":32}"
phase1-n62-primary	combined	1	5	20260727	74	1	0.460338547	0	"{""model__C"":0.01,""select__k"":32}"
phase1-n62-primary	combined	2	1	20261727	04	0	0.002221556092	0	"{""model__C"":10.0,""select__k"":16}"
phase1-n62-primary	combined	2	1	20261727	10	0	0.9530765178	1	"{""model__C"":10.0,""select__k"":16}"
phase1-n62-primary	combined	2	1	20261727	18	0	0.0003059975057	0	"{""model__C"":10.0,""select__k"":16}"
phase1-n62-primary	combined	2	1	20261727	20	0	0.903146714	1	"{""model__C"":10.0,""select__k"":16}"
phase1-n62-primary	combined	2	1	20261727	24	1	0.9999999617	1	"{""model__C"":10.0,""select__k"":16}"
phase1-n62-primary	combined	2	1	20261727	25	1	0.9989752891	1	"{""model__C"":10.0,""select__k"":16}"
phase1-n62-primary	combined	2	1	20261727	34	1	0.9939283408	1	"{""model__C"":10.0,""select__k"":16}"
phase1-n62-primary	combined	2	1	20261727	37	1	0.06115866675	0	"{""model__C"":10.0,""select__k"":16}"
phase1-n62-primary	combined	2	1	20261727	38	1	0.4284490528	0	"{""model__C"":10.0,""select__k"":16}"
phase1-n62-primary	combined	2	1	20261727	41	1	0.999998178	1	"{""model__C"":10.0,""select__k"":16}"
phase1-n62-primary	combined	2	1	20261727	58	1	0.9999509721	1	"{""model__C"":10.0,""select__k"":16}"
phase1-n62-primary	combined	2	1	20261727	64	1	0.5780769408	1	"{""model__C"":10.0,""select__k"":16}"
phase1-n62-primary	combined	2	1	20261727	65	1	0.655849744	1	"{""model__C"":10.0,""select__k"":16}"
phase1-n62-primary	combined	2	2	20261727	03	0	0.9872962316	1	"{""model__C"":10.0,""select__k"":128}"
phase1-n62-primary	combined	2	2	20261727	11	0	0.2298465609	0	"{""model__C"":10.0,""select__k"":128}"
phase1-n62-primary	combined	2	2	20261727	13	0	0.9999943018	1	"{""model__C"":10.0,""select__k"":128}"
phase1-n62-primary	combined	2	2	20261727	16	0	0.002375548548	0	"{""model__C"":10.0,""select__k"":128}"
phase1-n62-primary	combined	2	2	20261727	23	1	0.009312040849	0	"{""model__C"":10.0,""select__k"":128}"
phase1-n62-primary	combined	2	2	20261727	35	1	0.952576277	1	"{""model__C"":10.0,""select__k"":128}"
phase1-n62-primary	combined	2	2	20261727	39	1	0.5002869727	1	"{""model__C"":10.0,""select__k"":128}"
phase1-n62-primary	combined	2	2	20261727	40	1	0.988619642	1	"{""model__C"":10.0,""select__k"":128}"
phase1-n62-primary	combined	2	2	20261727	49	1	0.9083623286	1	"{""model__C"":10.0,""select__k"":128}"
phase1-n62-primary	combined	2	2	20261727	51	1	0.04565699506	0	"{""model__C"":10.0,""select__k"":128}"
phase1-n62-primary	combined	2	2	20261727	53	1	0.9992856188	1	"{""model__C"":10.0,""select__k"":128}"
phase1-n62-primary	combined	2	2	20261727	60	1	0.9647358072	1	"{""model__C"":10.0,""select__k"":128}"
phase1-n62-primary	combined	2	2	20261727	61	1	0.963877587	1	"{""model__C"":10.0,""select__k"":128}"
phase1-n62-primary	combined	2	3	20261727	02	0	0.3255182027	0	"{""model__C"":1.0,""select__k"":128}"
phase1-n62-primary	combined	2	3	20261727	07	0	0.4173828973	0	"{""model__C"":1.0,""select__k"":128}"
phase1-n62-primary	combined	2	3	20261727	08	0	0.06086585286	0	"{""model__C"":1.0,""select__k"":128}"
phase1-n62-primary	combined	2	3	20261727	17	0	0.1792678533	0	"{""model__C"":1.0,""select__k"":128}"
phase1-n62-primary	combined	2	3	20261727	27	1	0.9953816178	1	"{""model__C"":1.0,""select__k"":128}"
phase1-n62-primary	combined	2	3	20261727	31	1	0.7697449448	1	"{""model__C"":1.0,""select__k"":128}"
phase1-n62-primary	combined	2	3	20261727	36	1	0.1681117006	0	"{""model__C"":1.0,""select__k"":128}"
phase1-n62-primary	combined	2	3	20261727	42	1	0.9056177473	1	"{""model__C"":1.0,""select__k"":128}"
phase1-n62-primary	combined	2	3	20261727	46	1	0.3017121134	0	"{""model__C"":1.0,""select__k"":128}"
phase1-n62-primary	combined	2	3	20261727	50	1	0.9922769429	1	"{""model__C"":1.0,""select__k"":128}"
phase1-n62-primary	combined	2	3	20261727	66	1	0.3596680462	0	"{""model__C"":1.0,""select__k"":128}"
phase1-n62-primary	combined	2	3	20261727	69	1	0.7722419966	1	"{""model__C"":1.0,""select__k"":128}"
phase1-n62-primary	combined	2	4	20261727	12	0	0.5123838997	1	"{""model__C"":1.0,""select__k"":128}"
phase1-n62-primary	combined	2	4	20261727	14	0	0.3677618568	0	"{""model__C"":1.0,""select__k"":128}"
phase1-n62-primary	combined	2	4	20261727	19	0	0.4799268981	0	"{""model__C"":1.0,""select__k"":128}"
phase1-n62-primary	combined	2	4	20261727	26	1	0.7542101178	1	"{""model__C"":1.0,""select__k"":128}"
phase1-n62-primary	combined	2	4	20261727	28	1	0.399966705	0	"{""model__C"":1.0,""select__k"":128}"
phase1-n62-primary	combined	2	4	20261727	43	1	0.06327195559	0	"{""model__C"":1.0,""select__k"":128}"
phase1-n62-primary	combined	2	4	20261727	45	1	0.9421314088	1	"{""model__C"":1.0,""select__k"":128}"
phase1-n62-primary	combined	2	4	20261727	47	1	0.1887525288	0	"{""model__C"":1.0,""select__k"":128}"
phase1-n62-primary	combined	2	4	20261727	57	1	0.748106931	1	"{""model__C"":1.0,""select__k"":128}"
phase1-n62-primary	combined	2	4	20261727	59	1	0.07343624057	0	"{""model__C"":1.0,""select__k"":128}"
phase1-n62-primary	combined	2	4	20261727	68	1	0.5328717634	1	"{""model__C"":1.0,""select__k"":128}"
phase1-n62-primary	combined	2	4	20261727	75	1	0.4325114266	0	"{""model__C"":1.0,""select__k"":128}"
phase1-n62-primary	combined	2	5	20261727	01	0	0.8958590426	1	"{""model__C"":1.0,""select__k"":64}"
phase1-n62-primary	combined	2	5	20261727	05	0	0.9708556267	1	"{""model__C"":1.0,""select__k"":64}"
phase1-n62-primary	combined	2	5	20261727	09	0	0.9000745388	1	"{""model__C"":1.0,""select__k"":64}"
phase1-n62-primary	combined	2	5	20261727	22	1	0.1617971096	0	"{""model__C"":1.0,""select__k"":64}"
phase1-n62-primary	combined	2	5	20261727	55	1	0.005032349668	0	"{""model__C"":1.0,""select__k"":64}"
phase1-n62-primary	combined	2	5	20261727	56	1	0.9966551234	1	"{""model__C"":1.0,""select__k"":64}"
phase1-n62-primary	combined	2	5	20261727	62	1	0.2933499852	0	"{""model__C"":1.0,""select__k"":64}"
phase1-n62-primary	combined	2	5	20261727	63	1	0.7873571337	1	"{""model__C"":1.0,""select__k"":64}"
phase1-n62-primary	combined	2	5	20261727	67	1	0.9874678111	1	"{""model__C"":1.0,""select__k"":64}"
phase1-n62-primary	combined	2	5	20261727	71	1	0.7340825992	1	"{""model__C"":1.0,""select__k"":64}"
phase1-n62-primary	combined	2	5	20261727	72	1	0.9925811394	1	"{""model__C"":1.0,""select__k"":64}"
phase1-n62-primary	combined	2	5	20261727	74	1	0.8191596431	1	"{""model__C"":1.0,""select__k"":64}"
phase1-n62-primary	combined	3	1	20262727	10	0	0.7979865662	1	"{""model__C"":1.0,""select__k"":128}"
phase1-n62-primary	combined	3	1	20262727	12	0	0.5178226424	1	"{""model__C"":1.0,""select__k"":128}"
phase1-n62-primary	combined	3	1	20262727	14	0	0.1478535117	0	"{""model__C"":1.0,""select__k"":128}"
phase1-n62-primary	combined	3	1	20262727	18	0	0.7639123935	1	"{""model__C"":1.0,""select__k"":128}"
phase1-n62-primary	combined	3	1	20262727	27	1	0.8703231603	1	"{""model__C"":1.0,""select__k"":128}"
phase1-n62-primary	combined	3	1	20262727	41	1	0.8418281497	1	"{""model__C"":1.0,""select__k"":128}"
phase1-n62-primary	combined	3	1	20262727	47	1	0.6929056724	1	"{""model__C"":1.0,""select__k"":128}"
phase1-n62-primary	combined	3	1	20262727	49	1	0.9348980679	1	"{""model__C"":1.0,""select__k"":128}"
phase1-n62-primary	combined	3	1	20262727	51	1	0.2429008953	0	"{""model__C"":1.0,""select__k"":128}"
phase1-n62-primary	combined	3	1	20262727	57	1	0.9802502871	1	"{""model__C"":1.0,""select__k"":128}"
phase1-n62-primary	combined	3	1	20262727	58	1	0.8906653664	1	"{""model__C"":1.0,""select__k"":128}"
phase1-n62-primary	combined	3	1	20262727	62	1	0.9134148816	1	"{""model__C"":1.0,""select__k"":128}"
phase1-n62-primary	combined	3	1	20262727	67	1	0.980793526	1	"{""model__C"":1.0,""select__k"":128}"
phase1-n62-primary	combined	3	2	20262727	07	0	0.412593643	0	"{""model__C"":0.01,""select__k"":16}"
phase1-n62-primary	combined	3	2	20262727	13	0	0.6288005135	1	"{""model__C"":0.01,""select__k"":16}"
phase1-n62-primary	combined	3	2	20262727	17	0	0.319174475	0	"{""model__C"":0.01,""select__k"":16}"
phase1-n62-primary	combined	3	2	20262727	19	0	0.3512093253	0	"{""model__C"":0.01,""select__k"":16}"
phase1-n62-primary	combined	3	2	20262727	34	1	0.5276531534	1	"{""model__C"":0.01,""select__k"":16}"
phase1-n62-primary	combined	3	2	20262727	37	1	0.4926900528	0	"{""model__C"":0.01,""select__k"":16}"
phase1-n62-primary	combined	3	2	20262727	39	1	0.6566699674	1	"{""model__C"":0.01,""select__k"":16}"
phase1-n62-primary	combined	3	2	20262727	42	1	0.426989743	0	"{""model__C"":0.01,""select__k"":16}"
phase1-n62-primary	combined	3	2	20262727	60	1	0.5270677117	1	"{""model__C"":0.01,""select__k"":16}"
phase1-n62-primary	combined	3	2	20262727	63	1	0.4613450235	0	"{""model__C"":0.01,""select__k"":16}"
phase1-n62-primary	combined	3	2	20262727	64	1	0.3957802577	0	"{""model__C"":0.01,""select__k"":16}"
phase1-n62-primary	combined	3	2	20262727	65	1	0.5491410503	1	"{""model__C"":0.01,""select__k"":16}"
phase1-n62-primary	combined	3	2	20262727	75	1	0.4368812139	0	"{""model__C"":0.01,""select__k"":16}"
phase1-n62-primary	combined	3	3	20262727	01	0	0.9744131957	1	"{""model__C"":10.0,""select__k"":16}"
phase1-n62-primary	combined	3	3	20262727	02	0	0.8420452533	1	"{""model__C"":10.0,""select__k"":16}"
phase1-n62-primary	combined	3	3	20262727	04	0	0.08862593313	0	"{""model__C"":10.0,""select__k"":16}"
phase1-n62-primary	combined	3	3	20262727	08	0	0.01980999154	0	"{""model__C"":10.0,""select__k"":16}"
phase1-n62-primary	combined	3	3	20262727	25	1	0.9999795968	1	"{""model__C"":10.0,""select__k"":16}"
phase1-n62-primary	combined	3	3	20262727	26	1	0.161568169	0	"{""model__C"":10.0,""select__k"":16}"
phase1-n62-primary	combined	3	3	20262727	31	1	0.3471547728	0	"{""model__C"":10.0,""select__k"":16}"
phase1-n62-primary	combined	3	3	20262727	38	1	0.6893832657	1	"{""model__C"":10.0,""select__k"":16}"
phase1-n62-primary	combined	3	3	20262727	43	1	0.1294642446	0	"{""model__C"":10.0,""select__k"":16}"
phase1-n62-primary	combined	3	3	20262727	46	1	0.1249975258	0	"{""model__C"":10.0,""select__k"":16}"
phase1-n62-primary	combined	3	3	20262727	69	1	0.4193105194	0	"{""model__C"":10.0,""select__k"":16}"
phase1-n62-primary	combined	3	3	20262727	72	1	0.9999999999	1	"{""model__C"":10.0,""select__k"":16}"
phase1-n62-primary	combined	3	4	20262727	03	0	0.8698621718	1	"{""model__C"":10.0,""select__k"":128}"
phase1-n62-primary	combined	3	4	20262727	16	0	0.004223195259	0	"{""model__C"":10.0,""select__k"":128}"
phase1-n62-primary	combined	3	4	20262727	20	0	0.7199789617	1	"{""model__C"":10.0,""select__k"":128}"
phase1-n62-primary	combined	3	4	20262727	28	1	0.8321839802	1	"{""model__C"":10.0,""select__k"":128}"
phase1-n62-primary	combined	3	4	20262727	35	1	0.9878989886	1	"{""model__C"":10.0,""select__k"":128}"
phase1-n62-primary	combined	3	4	20262727	40	1	0.9997996231	1	"{""model__C"":10.0,""select__k"":128}"
phase1-n62-primary	combined	3	4	20262727	45	1	0.9999317668	1	"{""model__C"":10.0,""select__k"":128}"
phase1-n62-primary	combined	3	4	20262727	50	1	0.9999847677	1	"{""model__C"":10.0,""select__k"":128}"
phase1-n62-primary	combined	3	4	20262727	55	1	0.3905644091	0	"{""model__C"":10.0,""select__k"":128}"
phase1-n62-primary	combined	3	4	20262727	56	1	0.8994371722	1	"{""model__C"":10.0,""select__k"":128}"
phase1-n62-primary	combined	3	4	20262727	68	1	0.9971819907	1	"{""model__C"":10.0,""select__k"":128}"
phase1-n62-primary	combined	3	4	20262727	74	1	0.1643870167	0	"{""model__C"":10.0,""select__k"":128}"
phase1-n62-primary	combined	3	5	20262727	05	0	0.7653068014	1	"{""model__C"":0.1,""select__k"":32}"
phase1-n62-primary	combined	3	5	20262727	09	0	0.9047998877	1	"{""model__C"":0.1,""select__k"":32}"
phase1-n62-primary	combined	3	5	20262727	11	0	0.8792409823	1	"{""model__C"":0.1,""select__k"":32}"
phase1-n62-primary	combined	3	5	20262727	22	1	0.2309903619	0	"{""model__C"":0.1,""select__k"":32}"
phase1-n62-primary	combined	3	5	20262727	23	1	0.3068051745	0	"{""model__C"":0.1,""select__k"":32}"
phase1-n62-primary	combined	3	5	20262727	24	1	0.9882710155	1	"{""model__C"":0.1,""select__k"":32}"
phase1-n62-primary	combined	3	5	20262727	36	1	0.2590886889	0	"{""model__C"":0.1,""select__k"":32}"
phase1-n62-primary	combined	3	5	20262727	53	1	0.8448081017	1	"{""model__C"":0.1,""select__k"":32}"
phase1-n62-primary	combined	3	5	20262727	59	1	0.4419934404	0	"{""model__C"":0.1,""select__k"":32}"
phase1-n62-primary	combined	3	5	20262727	61	1	0.2416694791	0	"{""model__C"":0.1,""select__k"":32}"
phase1-n62-primary	combined	3	5	20262727	66	1	0.652738559	1	"{""model__C"":0.1,""select__k"":32}"
phase1-n62-primary	combined	3	5	20262727	71	1	0.9921852318	1	"{""model__C"":0.1,""select__k"":32}"
