cohort_version	feature_set	repeat	outer_fold	split_seed	subject_id	true_label	probability	predicted_label	best_params
phase1-n64-sensitivity	demographics	1	1	20260727	03	0	0.4897906349	0	"{""model__C"":0.01}"
phase1-n64-sensitivity	demographics	1	1	20260727	09	0	0.5099751652	1	"{""model__C"":0.01}"
phase1-n64-sensitivity	demographics	1	1	20260727	11	0	0.5128299425	1	"{""model__C"":0.01}"
phase1-n64-sensitivity	demographics	1	1	20260727	20	0	0.5095672824	1	"{""model__C"":0.01}"
phase1-n64-sensitivity	demographics	1	1	20260727	25	1	0.5120143691	1	"{""model__C"":0.01}"
phase1-n64-sensitivity	demographics	1	1	20260727	41	1	0.5107908904	1	"{""model__C"":0.01}"
phase1-n64-sensitivity	demographics	1	1	20260727	42	1	0.4881592753	0	"{""model__C"":0.01}"
phase1-n64-sensitivity	demographics	1	1	20260727	51	1	0.5091593869	1	"{""model__C"":0.01}"
phase1-n64-sensitivity	demographics	1	1	20260727	52	1	0.5099751652	1	"{""model__C"":0.01}"
phase1-n64-sensitivity	demographics	1	1	20260727	53	1	0.4861204345	0	"{""model__C"":0.01}"
phase1-n64-sensitivity	demographics	1	1	20260727	66	1	0.4869359192	0	"{""model__C"":0.01}"
phase1-n64-sensitivity	demographics	1	1	20260727	67	1	0.4910142992	0	"{""model__C"":0.01}"
phase1-n64-sensitivity	demographics	1	1	20260727	69	1	0.5087514791	1	"{""model__C"":0.01}"
phase1-n64-sensitivity	demographics	1	2	20260727	04	0	0.5058346371	1	"{""model__C"":0.01}"
phase1-n64-sensitivity	demographics	1	2	20260727	10	0	0.498898595	0	"{""model__C"":0.01}"
phase1-n64-sensitivity	demographics	1	2	20260727	16	0	0.4976204233	0	"{""model__C"":0.01}"
phase1-n64-sensitivity	demographics	1	2	20260727	17	0	0.5050640278	1	"{""model__C"":0.01}"
phase1-n64-sensitivity	demographics	1	2	20260727	22	1	0.501473906	1	"{""model__C"":0.01}"
phase1-n64-sensitivity	demographics	1	2	20260727	26	1	0.4914556294	0	"{""model__C"":0.01}"
phase1-n64-sensitivity	demographics	1	2	20260727	39	1	0.495815887	0	"{""model__C"":0.01}"
phase1-n64-sensitivity	demographics	1	2	20260727	46	1	0.5114909992	1	"{""model__C"":0.01}"
phase1-n64-sensitivity	demographics	1	2	20260727	47	1	0.500439995	1	"{""model__C"":0.01}"
phase1-n64-sensitivity	demographics	1	2	20260727	64	1	0.4999325083	0	"{""model__C"":0.01}"
phase1-n64-sensitivity	demographics	1	2	20260727	71	1	0.5053272135	1	"{""model__C"":0.01}"
phase1-n64-sensitivity	demographics	1	2	20260727	72	1	0.5050640278	1	"{""model__C"":0.01}"
phase1-n64-sensitivity	demographics	1	2	20260727	75	1	0.4914556294	0	"{""model__C"":0.01}"
phase1-n64-sensitivity	demographics	1	3	20260727	01	0	0.508184461	1	"{""model__C"":0.01}"
phase1-n64-sensitivity	demographics	1	3	20260727	07	0	0.4911328809	0	"{""model__C"":0.01}"
phase1-n64-sensitivity	demographics	1	3	20260727	12	0	0.508184461	1	"{""model__C"":0.01}"
phase1-n64-sensitivity	demographics	1	3	20260727	13	0	0.5084179888	1	"{""model__C"":0.01}"
phase1-n64-sensitivity	demographics	1	3	20260727	23	1	0.4901988379	0	"{""model__C"":0.01}"
phase1-n64-sensitivity	demographics	1	3	20260727	24	1	0.5088850333	1	"{""model__C"":0.01}"
phase1-n64-sensitivity	demographics	1	3	20260727	28	1	0.5088850333	1	"{""model__C"":0.01}"
phase1-n64-sensitivity	demographics	1	3	20260727	36	1	0.5093520623	1	"{""model__C"":0.01}"
phase1-n64-sensitivity	demographics	1	3	20260727	37	1	0.5088850333	1	"{""model__C"":0.01}"
phase1-n64-sensitivity	demographics	1	3	20260727	38	1	0.4908993641	0	"{""model__C"":0.01}"
phase1-n64-sensitivity	demographics	1	3	20260727	56	1	0.5058490031	1	"{""model__C"":0.01}"
phase1-n64-sensitivity	demographics	1	3	20260727	61	1	0.5079509296	1	"{""model__C"":0.01}"
phase1-n64-sensitivity	demographics	1	3	20260727	65	1	0.4876305922	0	"{""model__C"":0.01}"
phase1-n64-sensitivity	demographics	1	4	20260727	02	0	0.4883380157	0	"{""model__C"":0.01}"
phase1-n64-sensitivity	demographics	1	4	20260727	08	0	0.5083539056	1	"{""model__C"":0.01}"
phase1-n64-sensitivity	demographics	1	4	20260727	19	0	0.5083767319	1	"{""model__C"":0.01}"
phase1-n64-sensitivity	demographics	1	4	20260727	34	1	0.5084908628	1	"{""model__C"":0.01}"
phase1-n64-sensitivity	demographics	1	4	20260727	35	1	0.4884521176	0	"{""model__C"":0.01}"
phase1-n64-sensitivity	demographics	1	4	20260727	40	1	0.4882695552	0	"{""model__C"":0.01}"
phase1-n64-sensitivity	demographics	1	4	20260727	49	1	0.488360836	0	"{""model__C"":0.01}"
phase1-n64-sensitivity	demographics	1	4	20260727	55	1	0.4881326354	0	"{""model__C"":0.01}"
phase1-n64-sensitivity	demographics	1	4	20260727	57	1	0.5084223844	1	"{""model__C"":0.01}"
phase1-n64-sensitivity	demographics	1	4	20260727	58	1	0.5080571608	1	"{""model__C"":0.01}"
phase1-n64-sensitivity	demographics	1	4	20260727	59	1	0.5083539056	1	"{""model__C"":0.01}"
phase1-n64-sensitivity	demographics	1	4	20260727	62	1	0.4884977587	0	"{""model__C"":0.01}"
phase1-n64-sensitivity	demographics	1	4	20260727	68	1	0.5083310793	1	"{""model__C"":0.01}"
phase1-n64-sensitivity	demographics	1	5	20260727	05	0	0.8130279928	1	"{""model__C"":1.0}"
phase1-n64-sensitivity	demographics	1	5	20260727	14	0	0.580282159	1	"{""model__C"":1.0}"
phase1-n64-sensitivity	demographics	1	5	20260727	18	0	0.5331892874	1	"{""model__C"":1.0}"
phase1-n64-sensitivity	demographics	1	5	20260727	27	1	0.485497446	0	"{""model__C"":1.0}"
phase1-n64-sensitivity	demographics	1	5	20260727	31	1	0.4704057222	0	"{""model__C"":1.0}"
phase1-n64-sensitivity	demographics	1	5	20260727	32	1	0.5173163055	1	"{""model__C"":1.0}"
phase1-n64-sensitivity	demographics	1	5	20260727	43	1	0.6701935613	1	"{""model__C"":1.0}"
phase1-n64-sensitivity	demographics	1	5	20260727	45	1	0.580282159	1	"{""model__C"":1.0}"
phase1-n64-sensitivity	demographics	1	5	20260727	50	1	0.4388488954	0	"{""model__C"":1.0}"
phase1-n64-sensitivity	demographics	1	5	20260727	60	1	0.3480110581	0	"{""model__C"":1.0}"
phase1-n64-sensitivity	demographics	1	5	20260727	63	1	0.3060242891	0	"{""model__C"":1.0}"
phase1-n64-sensitivity	demographics	1	5	20260727	74	1	0.5810541685	1	"{""model__C"":1.0}"
phase1-n64-sensitivity	demographics	2	1	20261727	04	0	0.5011863235	1	"{""model__C"":0.01}"
phase1-n64-sensitivity	demographics	2	1	20261727	10	0	0.4965771633	0	"{""model__C"":0.01}"
phase1-n64-sensitivity	demographics	2	1	20261727	18	0	0.4965771633	0	"{""model__C"":0.01}"
phase1-n64-sensitivity	demographics	2	1	20261727	20	0	0.5020071369	1	"{""model__C"":0.01}"
phase1-n64-sensitivity	demographics	2	1	20261727	24	1	0.5030313807	1	"{""model__C"":0.01}"
phase1-n64-sensitivity	demographics	2	1	20261727	25	1	0.5050797835	1	"{""model__C"":0.01}"
phase1-n64-sensitivity	demographics	2	1	20261727	27	1	0.4981135241	0	"{""model__C"":0.01}"
phase1-n64-sensitivity	demographics	2	1	20261727	34	1	0.4989343387	0	"{""model__C"":0.01}"
phase1-n64-sensitivity	demographics	2	1	20261727	38	1	0.4991377862	0	"{""model__C"":0.01}"
phase1-n64-sensitivity	demographics	2	1	20261727	39	1	0.4945287879	0	"{""model__C"":0.01}"
phase1-n64-sensitivity	demographics	2	1	20261727	59	1	0.5020071369	1	"{""model__C"":0.01}"
phase1-n64-sensitivity	demographics	2	1	20261727	64	1	0.5014950081	1	"{""model__C"":0.01}"
phase1-n64-sensitivity	demographics	2	1	20261727	65	1	0.4919685848	0	"{""model__C"":0.01}"
phase1-n64-sensitivity	demographics	2	2	20261727	03	0	0.488514794	0	"{""model__C"":0.01}"
phase1-n64-sensitivity	demographics	2	2	20261727	11	0	0.5110877898	1	"{""model__C"":0.01}"
phase1-n64-sensitivity	demographics	2	2	20261727	13	0	0.5096133567	1	"{""model__C"":0.01}"
phase1-n64-sensitivity	demographics	2	2	20261727	16	0	0.5088760759	1	"{""model__C"":0.01}"
phase1-n64-sensitivity	demographics	2	2	20261727	35	1	0.4863036013	0	"{""model__C"":0.01}"
phase1-n64-sensitivity	demographics	2	2	20261727	36	1	0.5103505958	1	"{""model__C"":0.01}"
phase1-n64-sensitivity	demographics	2	2	20261727	41	1	0.5101662901	1	"{""model__C"":0.01}"
phase1-n64-sensitivity	demographics	2	2	20261727	42	1	0.4877776756	0	"{""model__C"":0.01}"
phase1-n64-sensitivity	demographics	2	2	20261727	51	1	0.5094290403	1	"{""model__C"":0.01}"
phase1-n64-sensitivity	demographics	2	2	20261727	53	1	0.4868563526	0	"{""model__C"":0.01}"
phase1-n64-sensitivity	demographics	2	2	20261727	55	1	0.4888833722	0	"{""model__C"":0.01}"
phase1-n64-sensitivity	demographics	2	2	20261727	60	1	0.5114563689	1	"{""model__C"":0.01}"
phase1-n64-sensitivity	demographics	2	2	20261727	61	1	0.5092447213	1	"{""model__C"":0.01}"
phase1-n64-sensitivity	demographics	2	3	20261727	02	0	0.4978506664	0	"{""model__C"":0.01}"
phase1-n64-sensitivity	demographics	2	3	20261727	07	0	0.5013661027	1	"{""model__C"":0.01}"
phase1-n64-sensitivity	demographics	2	3	20261727	08	0	0.5009913939	1	"{""model__C"":0.01}"
phase1-n64-sensitivity	demographics	2	3	20261727	17	0	0.5022449542	1	"{""model__C"":0.01}"
phase1-n64-sensitivity	demographics	2	3	20261727	23	1	0.4996083797	0	"{""model__C"":0.01}"
phase1-n64-sensitivity	demographics	2	3	20261727	26	1	0.4957183206	0	"{""model__C"":0.01}"
phase1-n64-sensitivity	demographics	2	3	20261727	37	1	0.5018702497	1	"{""model__C"":0.01}"
phase1-n64-sensitivity	demographics	2	3	20261727	46	1	0.5071429518	1	"{""model__C"":0.01}"
phase1-n64-sensitivity	demographics	2	3	20261727	49	1	0.4974112447	0	"{""model__C"":0.01}"
phase1-n64-sensitivity	demographics	2	3	20261727	52	1	0.501430823	1	"{""model__C"":0.01}"
phase1-n64-sensitivity	demographics	2	3	20261727	58	1	0.5067036045	1	"{""model__C"":0.01}"
phase1-n64-sensitivity	demographics	2	3	20261727	66	1	0.4978506664	0	"{""model__C"":0.01}"
phase1-n64-sensitivity	demographics	2	3	20261727	69	1	0.500112532	1	"{""model__C"":0.01}"
phase1-n64-sensitivity	demographics	2	4	20261727	12	0	0.5063489409	1	"{""model__C"":0.01}"
phase1-n64-sensitivity	demographics	2	4	20261727	14	0	0.4932143686	0	"{""model__C"":0.01}"
phase1-n64-sensitivity	demographics	2	4	20261727	19	0	0.5063489409	1	"{""model__C"":0.01}"
phase1-n64-sensitivity	demographics	2	4	20261727	22	1	0.506024287	1	"{""model__C"":0.01}"
phase1-n64-sensitivity	demographics	2	4	20261727	28	1	0.5058619581	1	"{""model__C"":0.01}"
phase1-n64-sensitivity	demographics	2	4	20261727	32	1	0.4925650927	0	"{""model__C"":0.01}"
phase1-n64-sensitivity	demographics	2	4	20261727	45	1	0.4932143686	0	"{""model__C"":0.01}"
phase1-n64-sensitivity	demographics	2	4	20261727	47	1	0.4924027776	0	"{""model__C"":0.01}"
phase1-n64-sensitivity	demographics	2	4	20261727	50	1	0.5055372967	1	"{""model__C"":0.01}"
phase1-n64-sensitivity	demographics	2	4	20261727	57	1	0.5066735895	1	"{""model__C"":0.01}"
phase1-n64-sensitivity	demographics	2	4	20261727	68	1	0.506024287	1	"{""model__C"":0.01}"
phase1-n64-sensitivity	demographics	2	4	20261727	71	1	0.5052126306	1	"{""model__C"":0.01}"
phase1-n64-sensitivity	demographics	2	4	20261727	75	1	0.5081344345	1	"{""model__C"":0.01}"
phase1-n64-sensitivity	demographics	2	5	20261727	01	0	0.5106931857	1	"{""model__C"":0.01}"
phase1-n64-sensitivity	demographics	2	5	20261727	05	0	0.517623782	1	"{""model__C"":0.01}"
phase1-n64-sensitivity	demographics	2	5	20261727	09	0	0.5080708527	1	"{""model__C"":0.01}"
phase1-n64-sensitivity	demographics	2	5	20261727	31	1	0.5067595106	1	"{""model__C"":0.01}"
phase1-n64-sensitivity	demographics	2	5	20261727	40	1	0.4887770828	0	"{""model__C"":0.01}"
phase1-n64-sensitivity	demographics	2	5	20261727	43	1	0.5237931454	1	"{""model__C"":0.01}"
phase1-n64-sensitivity	demographics	2	5	20261727	56	1	0.5237931454	1	"{""model__C"":0.01}"
phase1-n64-sensitivity	demographics	2	5	20261727	62	1	0.5018915014	1	"{""model__C"":0.01}"
phase1-n64-sensitivity	demographics	2	5	20261727	63	1	0.4923325794	0	"{""model__C"":0.01}"
phase1-n64-sensitivity	demographics	2	5	20261727	67	1	0.4796051008	0	"{""model__C"":0.01}"
phase1-n64-sensitivity	demographics	2	5	20261727	72	1	0.4796051008	0	"{""model__C"":0.01}"
phase1-n64-sensitivity	demographics	2	5	20261727	74	1	0.5159359423	1	"{""model__C"":0.01}"
phase1-n64-sensitivity	demographics	3	1	20262727	10	0	0.4874670867	0	"{""model__C"":1.0}"
phase1-n64-sensitivity	demographics	3	1	20262727	12	0	0.5142080851	1	"{""model__C"":1.0}"
phase1-n64-sensitivity	demographics	3	1	20262727	14	0	0.5004399421	1	"{""model__C"":1.0}"
phase1-n64-sensitivity	demographics	3	1	20262727	18	0	0.4874670867	0	"{""model__C"":1.0}"
phase1-n64-sensitivity	demographics	3	1	20262727	31	1	0.5012364274	1	"{""model__C"":1.0}"
phase1-n64-sensitivity	demographics	3	1	20262727	41	1	0.4969113087	0	"{""model__C"":1.0}"
phase1-n64-sensitivity	demographics	3	1	20262727	50	1	0.4925866523	0	"{""model__C"":1.0}"
phase1-n64-sensitivity	demographics	3	1	20262727	52	1	0.505561361	1	"{""model__C"":1.0}"
phase1-n64-sensitivity	demographics	3	1	20262727	55	1	0.4572926544	0	"{""model__C"":1.0}"
phase1-n64-sensitivity	demographics	3	1	20262727	59	1	0.5098854624	1	"{""model__C"":1.0}"
phase1-n64-sensitivity	demographics	3	1	20262727	60	1	0.4666845812	0	"{""model__C"":1.0}"
phase1-n64-sensitivity	demographics	3	1	20262727	62	1	0.5263664245	1	"{""model__C"":1.0}"
phase1-n64-sensitivity	demographics	3	1	20262727	67	1	0.4530023259	0	"{""model__C"":1.0}"
phase1-n64-sensitivity	demographics	3	2	20262727	07	0	0.4886627332	0	"{""model__C"":1.0}"
phase1-n64-sensitivity	demographics	3	2	20262727	13	0	0.5436381857	1	"{""model__C"":1.0}"
phase1-n64-sensitivity	demographics	3	2	20262727	17	0	0.5048770906	1	"{""model__C"":1.0}"
phase1-n64-sensitivity	demographics	3	2	20262727	19	0	0.5355810224	1	"{""model__C"":1.0}"
phase1-n64-sensitivity	demographics	3	2	20262727	23	1	0.4563393598	0	"{""model__C"":1.0}"
phase1-n64-sensitivity	demographics	3	2	20262727	37	1	0.5596800848	1	"{""model__C"":1.0}"
phase1-n64-sensitivity	demographics	3	2	20262727	39	1	0.4086169086	0	"{""model__C"":1.0}"
phase1-n64-sensitivity	demographics	3	2	20262727	43	1	0.4546836842	0	"{""model__C"":1.0}"
phase1-n64-sensitivity	demographics	3	2	20262727	47	1	0.4563393598	0	"{""model__C"":1.0}"
phase1-n64-sensitivity	demographics	3	2	20262727	63	1	0.644883969	1	"{""model__C"":1.0}"
phase1-n64-sensitivity	demographics	3	2	20262727	64	1	0.5355810224	1	"{""model__C"":1.0}"
phase1-n64-sensitivity	demographics	3	2	20262727	65	1	0.3700853897	0	"{""model__C"":1.0}"
phase1-n64-sensitivity	demographics	3	2	20262727	75	1	0.4466545642	0	"{""model__C"":1.0}"
phase1-n64-sensitivity	demographics	3	3	20262727	01	0	0.5588971242	1	"{""model__C"":1.0}"
phase1-n64-sensitivity	demographics	3	3	20262727	02	0	0.4179189017	0	"{""model__C"":1.0}"
phase1-n64-sensitivity	demographics	3	3	20262727	04	0	0.4238850381	0	"{""model__C"":1.0}"
phase1-n64-sensitivity	demographics	3	3	20262727	08	0	0.5594456384	1	"{""model__C"":1.0}"
phase1-n64-sensitivity	demographics	3	3	20262727	26	1	0.5528542637	1	"{""model__C"":1.0}"
phase1-n64-sensitivity	demographics	3	3	20262727	27	1	0.4206279148	0	"{""model__C"":1.0}"
phase1-n64-sensitivity	demographics	3	3	20262727	36	1	0.5616382317	1	"{""model__C"":1.0}"
phase1-n64-sensitivity	demographics	3	3	20262727	42	1	0.4195437262	0	"{""model__C"":1.0}"
phase1-n64-sensitivity	demographics	3	3	20262727	45	1	0.4173776874	0	"{""model__C"":1.0}"
phase1-n64-sensitivity	demographics	3	3	20262727	46	1	0.5671090142	1	"{""model__C"":1.0}"
phase1-n64-sensitivity	demographics	3	3	20262727	49	1	0.4173776874	0	"{""model__C"":1.0}"
phase1-n64-sensitivity	demographics	3	3	20262727	69	1	0.5583484661	1	"{""model__C"":1.0}"
phase1-n64-sensitivity	demographics	3	3	20262727	72	1	0.4233417167	0	"{""model__C"":1.0}"
phase1-n64-sensitivity	demographics	3	4	20262727	03	0	0.4471686997	0	"{""model__C"":0.1}"
phase1-n64-sensitivity	demographics	3	4	20262727	16	0	0.5395886149	1	"{""model__C"":0.1}"
phase1-n64-sensitivity	demographics	3	4	20262727	20	0	0.5418919454	1	"{""model__C"":0.1}"
phase1-n64-sensitivity	demographics	3	4	20262727	22	1	0.5424675023	1	"{""model__C"":0.1}"
phase1-n64-sensitivity	demographics	3	4	20262727	28	1	0.5430429458	1	"{""model__C"":0.1}"
phase1-n64-sensitivity	demographics	3	4	20262727	32	1	0.4448769978	0	"{""model__C"":0.1}"
phase1-n64-sensitivity	demographics	3	4	20262727	35	1	0.4403007149	0	"{""model__C"":0.1}"
phase1-n64-sensitivity	demographics	3	4	20262727	38	1	0.4471686997	0	"{""model__C"":0.1}"
phase1-n64-sensitivity	demographics	3	4	20262727	40	1	0.4448769978	0	"{""model__C"":0.1}"
phase1-n64-sensitivity	demographics	3	4	20262727	57	1	0.54016461	1	"{""model__C"":0.1}"
phase1-n64-sensitivity	demographics	3	4	20262727	66	1	0.4431597531	0	"{""model__C"":0.1}"
phase1-n64-sensitivity	demographics	3	4	20262727	68	1	0.5424675023	1	"{""model__C"":0.1}"
phase1-n64-sensitivity	demographics	3	4	20262727	74	1	0.5390125141	1	"{""model__C"":0.1}"
phase1-n64-sensitivity	demographics	3	5	20262727	05	0	0.5106655211	1	"{""model__C"":0.01}"
phase1-n64-sensitivity	demographics	3	5	20262727	09	0	0.5040253604	1	"{""model__C"":0.01}"
phase1-n64-sensitivity	demographics	3	5	20262727	11	0	0.4990501595	0	"{""model__C"":0.01}"
phase1-n64-sensitivity	demographics	3	5	20262727	24	1	0.5033146432	1	"{""model__C"":0.01}"
phase1-n64-sensitivity	demographics	3	5	20262727	25	1	0.5004716694	1	"{""model__C"":0.01}"
phase1-n64-sensitivity	demographics	3	5	20262727	34	1	0.5089997643	1	"{""model__C"":0.01}"
phase1-n64-sensitivity	demographics	3	5	20262727	51	1	0.505446743	1	"{""model__C"":0.01}"
phase1-n64-sensitivity	demographics	3	5	20262727	53	1	0.4985842982	0	"{""model__C"":0.01}"
phase1-n64-sensitivity	demographics	3	5	20262727	56	1	0.5125518765	1	"{""model__C"":0.01}"
phase1-n64-sensitivity	demographics	3	5	20262727	58	1	0.4954965023	0	"{""model__C"":0.01}"
phase1-n64-sensitivity	demographics	3	5	20262727	61	1	0.5061574028	1	"{""model__C"":0.01}"
phase1-n64-sensitivity	demographics	3	5	20262727	71	1	0.5004716694	1	"{""model__C"":0.01}"
phase1-n64-sensitivity	timepoints	1	1	20260727	03	0	0.4398596107	0	"{""model__C"":0.01}"
phase1-n64-sensitivity	timepoints	1	1	20260727	09	0	0.5113989867	1	"{""model__C"":0.01}"
phase1-n64-sensitivity	timepoints	1	1	20260727	11	0	0.5113989867	1	"{""model__C"":0.01}"
phase1-n64-sensitivity	timepoints	1	1	20260727	20	0	0.5113989867	1	"{""model__C"":0.01}"
phase1-n64-sensitivity	timepoints	1	1	20260727	25	1	0.5113989867	1	"{""model__C"":0.01}"
phase1-n64-sensitivity	timepoints	1	1	20260727	41	1	0.5113989867	1	"{""model__C"":0.01}"
phase1-n64-sensitivity	timepoints	1	1	20260727	42	1	0.5113989867	1	"{""model__C"":0.01}"
phase1-n64-sensitivity	timepoints	1	1	20260727	51	1	0.5113989867	1	"{""model__C"":0.01}"
phase1-n64-sensitivity	timepoints	1	1	20260727	52	1	0.5113989867	1	"{""model__C"":0.01}"
phase1-n64-sensitivity	timepoints	1	1	20260727	53	1	0.5113989867	1	"{""model__C"":0.01}"
phase1-n64-sensitivity	timepoints	1	1	20260727	66	1	0.5113989867	1	"{""model__C"":0.01}"
phase1-n64-sensitivity	timepoints	1	1	20260727	67	1	0.5113989867	1	"{""model__C"":0.01}"
phase1-n64-sensitivity	timepoints	1	1	20260727	69	1	0.5113989867	1	"{""model__C"":0.01}"
phase1-n64-sensitivity	timepoints	1	2	20260727	04	0	0.4398596107	0	"{""model__C"":0.01}"
phase1-n64-sensitivity	timepoints	1	2	20260727	10	0	0.5113989867	1	"{""model__C"":0.01}"
phase1-n64-sensitivity	timepoints	1	2	20260727	16	0	0.5113989867	1	"{""model__C"":0.01}"
phase1-n64-sensitivity	timepoints	1	2	20260727	17	0	0.5113989867	1	"{""model__C"":0.01}"
phase1-n64-sensitivity	timepoints	1	2	20260727	22	1	0.5113989867	1	"{""model__C"":0.01}"
phase1-n64-sensitivity	timepoints	1	2	20260727	26	1	0.5113989867	1	"{""model__C"":0.01}"
phase1-n64-sensitivity	timepoints	1	2	20260727	39	1	0.5113989867	1	"{""model__C"":0.01}"
phase1-n64-sensitivity	timepoints	1	2	20260727	46	1	0.5113989867	1	"{""model__C"":0.01}"
phase1-n64-sensitivity	timepoints	1	2	20260727	47	1	0.5113989867	1	"{""model__C"":0.01}"
phase1-n64-sensitivity	timepoints	1	2	20260727	64	1	0.5113989867	1	"{""model__C"":0.01}"
phase1-n64-sensitivity	timepoints	1	2	20260727	71	1	0.5113989867	1	"{""model__C"":0.01}"
phase1-n64-sensitivity	timepoints	1	2	20260727	72	1	0.5113989867	1	"{""model__C"":0.01}"
phase1-n64-sensitivity	timepoints	1	2	20260727	75	1	0.5113989867	1	"{""model__C"":0.01}"
phase1-n64-sensitivity	timepoints	1	3	20260727	01	0	0.4441871586	0	"{""model__C"":0.01}"
phase1-n64-sensitivity	timepoints	1	3	20260727	07	0	0.4441871586	0	"{""model__C"":0.01}"
phase1-n64-sensitivity	timepoints	1	3	20260727	12	0	0.5089200582	1	"{""model__C"":0.01}"
phase1-n64-sensitivity	timepoints	1	3	20260727	13	0	0.5089200582	1	"{""model__C"":0.01}"
phase1-n64-sensitivity	timepoints	1	3	20260727	23	1	0.5089200582	1	"{""model__C"":0.01}"
phase1-n64-sensitivity	timepoints	1	3	20260727	24	1	0.5089200582	1	"{""model__C"":0.01}"
phase1-n64-sensitivity	timepoints	1	3	20260727	28	1	0.5089200582	1	"{""model__C"":0.01}"
phase1-n64-sensitivity	timepoints	1	3	20260727	36	1	0.5089200582	1	"{""model__C"":0.01}"
phase1-n64-sensitivity	timepoints	1	3	20260727	37	1	0.5089200582	1	"{""model__C"":0.01}"
phase1-n64-sensitivity	timepoints	1	3	20260727	38	1	0.5089200582	1	"{""model__C"":0.01}"
phase1-n64-sensitivity	timepoints	1	3	20260727	56	1	0.5089200582	1	"{""model__C"":0.01}"
phase1-n64-sensitivity	timepoints	1	3	20260727	61	1	0.5089200582	1	"{""model__C"":0.01}"
phase1-n64-sensitivity	timepoints	1	3	20260727	65	1	0.5089200582	1	"{""model__C"":0.01}"
phase1-n64-sensitivity	timepoints	1	4	20260727	02	0	0.4116994512	0	"{""model__C"":0.01}"
phase1-n64-sensitivity	timepoints	1	4	20260727	08	0	0.4116994512	0	"{""model__C"":0.01}"
phase1-n64-sensitivity	timepoints	1	4	20260727	19	0	0.510536801	1	"{""model__C"":0.01}"
phase1-n64-sensitivity	timepoints	1	4	20260727	34	1	0.510536801	1	"{""model__C"":0.01}"
phase1-n64-sensitivity	timepoints	1	4	20260727	35	1	0.510536801	1	"{""model__C"":0.01}"
phase1-n64-sensitivity	timepoints	1	4	20260727	40	1	0.510536801	1	"{""model__C"":0.01}"
phase1-n64-sensitivity	timepoints	1	4	20260727	49	1	0.510536801	1	"{""model__C"":0.01}"
phase1-n64-sensitivity	timepoints	1	4	20260727	55	1	0.510536801	1	"{""model__C"":0.01}"
phase1-n64-sensitivity	timepoints	1	4	20260727	57	1	0.510536801	1	"{""model__C"":0.01}"
phase1-n64-sensitivity	timepoints	1	4	20260727	58	1	0.510536801	1	"{""model__C"":0.01}"
phase1-n64-sensitivity	timepoints	1	4	20260727	59	1	0.3551670518	0	"{""model__C"":0.01}"
phase1-n64-sensitivity	timepoints	1	4	20260727	62	1	0.510536801	1	"{""model__C"":0.01}"
phase1-n64-sensitivity	timepoints	1	4	20260727	68	1	0.510536801	1	"{""model__C"":0.01}"
phase1-n64-sensitivity	timepoints	1	5	20260727	05	0	0.4418879036	0	"{""model__C"":0.01}"
phase1-n64-sensitivity	timepoints	1	5	20260727	14	0	0.5106832771	1	"{""model__C"":0.01}"
phase1-n64-sensitivity	timepoints	1	5	20260727	18	0	0.5106832771	1	"{""model__C"":0.01}"
phase1-n64-sensitivity	timepoints	1	5	20260727	27	1	0.5106832771	1	"{""model__C"":0.01}"
phase1-n64-sensitivity	timepoints	1	5	20260727	31	1	0.5106832771	1	"{""model__C"":0.01}"
phase1-n64-sensitivity	timepoints	1	5	20260727	32	1	0.5106832771	1	"{""model__C"":0.01}"
phase1-n64-sensitivity	timepoints	1	5	20260727	43	1	0.5106832771	1	"{""model__C"":0.01}"
phase1-n64-sensitivity	timepoints	1	5	20260727	45	1	0.5106832771	1	"{""model__C"":0.01}"
phase1-n64-sensitivity	timepoints	1	5	20260727	50	1	0.5106832771	1	"{""model__C"":0.01}"
phase1-n64-sensitivity	timepoints	1	5	20260727	60	1	0.5106832771	1	"{""model__C"":0.01}"
phase1-n64-sensitivity	timepoints	1	5	20260727	63	1	0.5106832771	1	"{""model__C"":0.01}"
phase1-n64-sensitivity	timepoints	1	5	20260727	74	1	0.5106832771	1	"{""model__C"":0.01}"
phase1-n64-sensitivity	timepoints	2	1	20261727	04	0	0.4066657677	0	"{""model__C"":0.01}"
phase1-n64-sensitivity	timepoints	2	1	20261727	10	0	0.5138995923	1	"{""model__C"":0.01}"
phase1-n64-sensitivity	timepoints	2	1	20261727	18	0	0.5138995923	1	"{""model__C"":0.01}"
phase1-n64-sensitivity	timepoints	2	1	20261727	20	0	0.5138995923	1	"{""model__C"":0.01}"
phase1-n64-sensitivity	timepoints	2	1	20261727	24	1	0.5138995923	1	"{""model__C"":0.01}"
phase1-n64-sensitivity	timepoints	2	1	20261727	25	1	0.5138995923	1	"{""model__C"":0.01}"
phase1-n64-sensitivity	timepoints	2	1	20261727	27	1	0.5138995923	1	"{""model__C"":0.01}"
phase1-n64-sensitivity	timepoints	2	1	20261727	34	1	0.5138995923	1	"{""model__C"":0.01}"
phase1-n64-sensitivity	timepoints	2	1	20261727	38	1	0.5138995923	1	"{""model__C"":0.01}"
phase1-n64-sensitivity	timepoints	2	1	20261727	39	1	0.5138995923	1	"{""model__C"":0.01}"
phase1-n64-sensitivity	timepoints	2	1	20261727	59	1	0.3457454718	0	"{""model__C"":0.01}"
phase1-n64-sensitivity	timepoints	2	1	20261727	64	1	0.5138995923	1	"{""model__C"":0.01}"
phase1-n64-sensitivity	timepoints	2	1	20261727	65	1	0.5138995923	1	"{""model__C"":0.01}"
phase1-n64-sensitivity	timepoints	2	2	20261727	03	0	0.4398596107	0	"{""model__C"":0.01}"
phase1-n64-sensitivity	timepoints	2	2	20261727	11	0	0.5113989867	1	"{""model__C"":0.01}"
phase1-n64-sensitivity	timepoints	2	2	20261727	13	0	0.5113989867	1	"{""model__C"":0.01}"
phase1-n64-sensitivity	timepoints	2	2	20261727	16	0	0.5113989867	1	"{""model__C"":0.01}"
phase1-n64-sensitivity	timepoints	2	2	20261727	35	1	0.5113989867	1	"{""model__C"":0.01}"
phase1-n64-sensitivity	timepoints	2	2	20261727	36	1	0.5113989867	1	"{""model__C"":0.01}"
phase1-n64-sensitivity	timepoints	2	2	20261727	41	1	0.5113989867	1	"{""model__C"":0.01}"
phase1-n64-sensitivity	timepoints	2	2	20261727	42	1	0.5113989867	1	"{""model__C"":0.01}"
phase1-n64-sensitivity	timepoints	2	2	20261727	51	1	0.5113989867	1	"{""model__C"":0.01}"
phase1-n64-sensitivity	timepoints	2	2	20261727	53	1	0.5113989867	1	"{""model__C"":0.01}"
phase1-n64-sensitivity	timepoints	2	2	20261727	55	1	0.5113989867	1	"{""model__C"":0.01}"
phase1-n64-sensitivity	timepoints	2	2	20261727	60	1	0.5113989867	1	"{""model__C"":0.01}"
phase1-n64-sensitivity	timepoints	2	2	20261727	61	1	0.5113989867	1	"{""model__C"":0.01}"
phase1-n64-sensitivity	timepoints	2	3	20261727	02	0	0.4499270887	0	"{""model__C"":0.01}"
phase1-n64-sensitivity	timepoints	2	3	20261727	07	0	0.4499270887	0	"{""model__C"":0.01}"
phase1-n64-sensitivity	timepoints	2	3	20261727	08	0	0.4499270887	0	"{""model__C"":0.01}"
phase1-n64-sensitivity	timepoints	2	3	20261727	17	0	0.5065870107	1	"{""model__C"":0.01}"
phase1-n64-sensitivity	timepoints	2	3	20261727	23	1	0.5065870107	1	"{""model__C"":0.01}"
phase1-n64-sensitivity	timepoints	2	3	20261727	26	1	0.5065870107	1	"{""model__C"":0.01}"
phase1-n64-sensitivity	timepoints	2	3	20261727	37	1	0.5065870107	1	"{""model__C"":0.01}"
phase1-n64-sensitivity	timepoints	2	3	20261727	46	1	0.5065870107	1	"{""model__C"":0.01}"
phase1-n64-sensitivity	timepoints	2	3	20261727	49	1	0.5065870107	1	"{""model__C"":0.01}"
phase1-n64-sensitivity	timepoints	2	3	20261727	52	1	0.5065870107	1	"{""model__C"":0.01}"
phase1-n64-sensitivity	timepoints	2	3	20261727	58	1	0.5065870107	1	"{""model__C"":0.01}"
phase1-n64-sensitivity	timepoints	2	3	20261727	66	1	0.5065870107	1	"{""model__C"":0.01}"
phase1-n64-sensitivity	timepoints	2	3	20261727	69	1	0.5065870107	1	"{""model__C"":0.01}"
phase1-n64-sensitivity	timepoints	2	4	20261727	12	0	0.5129220829	1	"{""model__C"":0.01}"
phase1-n64-sensitivity	timepoints	2	4	20261727	14	0	0.5129220829	1	"{""model__C"":0.01}"
phase1-n64-sensitivity	timepoints	2	4	20261727	19	0	0.5129220829	1	"{""model__C"":0.01}"
phase1-n64-sensitivity	timepoints	2	4	20261727	22	1	0.5129220829	1	"{""model__C"":0.01}"
phase1-n64-sensitivity	timepoints	2	4	20261727	28	1	0.5129220829	1	"{""model__C"":0.01}"
phase1-n64-sensitivity	timepoints	2	4	20261727	32	1	0.5129220829	1	"{""model__C"":0.01}"
phase1-n64-sensitivity	timepoints	2	4	20261727	45	1	0.5129220829	1	"{""model__C"":0.01}"
phase1-n64-sensitivity	timepoints	2	4	20261727	47	1	0.5129220829	1	"{""model__C"":0.01}"
phase1-n64-sensitivity	timepoints	2	4	20261727	50	1	0.5129220829	1	"{""model__C"":0.01}"
phase1-n64-sensitivity	timepoints	2	4	20261727	57	1	0.5129220829	1	"{""model__C"":0.01}"
phase1-n64-sensitivity	timepoints	2	4	20261727	68	1	0.5129220829	1	"{""model__C"":0.01}"
phase1-n64-sensitivity	timepoints	2	4	20261727	71	1	0.5129220829	1	"{""model__C"":0.01}"
phase1-n64-sensitivity	timepoints	2	4	20261727	75	1	0.5129220829	1	"{""model__C"":0.01}"
phase1-n64-sensitivity	timepoints	2	5	20261727	01	0	0.4461892397	0	"{""model__C"":0.01}"
phase1-n64-sensitivity	timepoints	2	5	20261727	05	0	0.4461892397	0	"{""model__C"":0.01}"
phase1-n64-sensitivity	timepoints	2	5	20261727	09	0	0.5083502291	1	"{""model__C"":0.01}"
phase1-n64-sensitivity	timepoints	2	5	20261727	31	1	0.5083502291	1	"{""model__C"":0.01}"
phase1-n64-sensitivity	timepoints	2	5	20261727	40	1	0.5083502291	1	"{""model__C"":0.01}"
phase1-n64-sensitivity	timepoints	2	5	20261727	43	1	0.5083502291	1	"{""model__C"":0.01}"
phase1-n64-sensitivity	timepoints	2	5	20261727	56	1	0.5083502291	1	"{""model__C"":0.01}"
phase1-n64-sensitivity	timepoints	2	5	20261727	62	1	0.5083502291	1	"{""model__C"":0.01}"
phase1-n64-sensitivity	timepoints	2	5	20261727	63	1	0.5083502291	1	"{""model__C"":0.01}"
phase1-n64-sensitivity	timepoints	2	5	20261727	67	1	0.5083502291	1	"{""model__C"":0.01}"
phase1-n64-sensitivity	timepoints	2	5	20261727	72	1	0.5083502291	1	"{""model__C"":0.01}"
phase1-n64-sensitivity	timepoints	2	5	20261727	74	1	0.5083502291	1	"{""model__C"":0.01}"
phase1-n64-sensitivity	timepoints	3	1	20262727	10	0	0.5166242664	1	"{""model__C"":0.01}"
phase1-n64-sensitivity	timepoints	3	1	20262727	12	0	0.5166242664	1	"{""model__C"":0.01}"
phase1-n64-sensitivity	timepoints	3	1	20262727	14	0	0.5166242664	1	"{""model__C"":0.01}"
phase1-n64-sensitivity	timepoints	3	1	20262727	18	0	0.5166242664	1	"{""model__C"":0.01}"
phase1-n64-sensitivity	timepoints	3	1	20262727	31	1	0.5166242664	1	"{""model__C"":0.01}"
phase1-n64-sensitivity	timepoints	3	1	20262727	41	1	0.5166242664	1	"{""model__C"":0.01}"
phase1-n64-sensitivity	timepoints	3	1	20262727	50	1	0.5166242664	1	"{""model__C"":0.01}"
phase1-n64-sensitivity	timepoints	3	1	20262727	52	1	0.5166242664	1	"{""model__C"":0.01}"
phase1-n64-sensitivity	timepoints	3	1	20262727	55	1	0.5166242664	1	"{""model__C"":0.01}"
phase1-n64-sensitivity	timepoints	3	1	20262727	59	1	0.3442673208	0	"{""model__C"":0.01}"
phase1-n64-sensitivity	timepoints	3	1	20262727	60	1	0.5166242664	1	"{""model__C"":0.01}"
phase1-n64-sensitivity	timepoints	3	1	20262727	62	1	0.5166242664	1	"{""model__C"":0.01}"
phase1-n64-sensitivity	timepoints	3	1	20262727	67	1	0.5166242664	1	"{""model__C"":0.01}"
phase1-n64-sensitivity	timepoints	3	2	20262727	07	0	0.4398596107	0	"{""model__C"":0.01}"
phase1-n64-sensitivity	timepoints	3	2	20262727	13	0	0.5113989867	1	"{""model__C"":0.01}"
phase1-n64-sensitivity	timepoints	3	2	20262727	17	0	0.5113989867	1	"{""model__C"":0.01}"
phase1-n64-sensitivity	timepoints	3	2	20262727	19	0	0.5113989867	1	"{""model__C"":0.01}"
phase1-n64-sensitivity	timepoints	3	2	20262727	23	1	0.5113989867	1	"{""model__C"":0.01}"
phase1-n64-sensitivity	timepoints	3	2	20262727	37	1	0.5113989867	1	"{""model__C"":0.01}"
phase1-n64-sensitivity	timepoints	3	2	20262727	39	1	0.5113989867	1	"{""model__C"":0.01}"
phase1-n64-sensitivity	timepoints	3	2	20262727	43	1	0.5113989867	1	"{""model__C"":0.01}"
phase1-n64-sensitivity	timepoints	3	2	20262727	47	1	0.5113989867	1	"{""model__C"":0.01}"
phase1-n64-sensitivity	timepoints	3	2	20262727	63	1	0.5113989867	1	"{""model__C"":0.01}"
phase1-n64-sensitivity	timepoints	3	2	20262727	64	1	0.5113989867	1	"{""model__C"":0.01}"
phase1-n64-sensitivity	timepoints	3	2	20262727	65	1	0.5113989867	1	"{""model__C"":0.01}"
phase1-n64-sensitivity	timepoints	3	2	20262727	75	1	0.5113989867	1	"{""model__C"":0.01}"
phase1-n64-sensitivity	timepoints	3	3	20262727	01	0	0.4578910053	0	"{""model__C"":0.01}"
phase1-n64-sensitivity	timepoints	3	3	20262727	02	0	0.4578910053	0	"{""model__C"":0.01}"
phase1-n64-sensitivity	timepoints	3	3	20262727	04	0	0.4578910053	0	"{""model__C"":0.01}"
phase1-n64-sensitivity	timepoints	3	3	20262727	08	0	0.4578910053	0	"{""model__C"":0.01}"
phase1-n64-sensitivity	timepoints	3	3	20262727	26	1	0.5044057374	1	"{""model__C"":0.01}"
phase1-n64-sensitivity	timepoints	3	3	20262727	27	1	0.5044057374	1	"{""model__C"":0.01}"
phase1-n64-sensitivity	timepoints	3	3	20262727	36	1	0.5044057374	1	"{""model__C"":0.01}"
phase1-n64-sensitivity	timepoints	3	3	20262727	42	1	0.5044057374	1	"{""model__C"":0.01}"
phase1-n64-sensitivity	timepoints	3	3	20262727	45	1	0.5044057374	1	"{""model__C"":0.01}"
phase1-n64-sensitivity	timepoints	3	3	20262727	46	1	0.5044057374	1	"{""model__C"":0.01}"
phase1-n64-sensitivity	timepoints	3	3	20262727	49	1	0.5044057374	1	"{""model__C"":0.01}"
phase1-n64-sensitivity	timepoints	3	3	20262727	69	1	0.5044057374	1	"{""model__C"":0.01}"
phase1-n64-sensitivity	timepoints	3	3	20262727	72	1	0.5044057374	1	"{""model__C"":0.01}"
phase1-n64-sensitivity	timepoints	3	4	20262727	03	0	0.4440015862	0	"{""model__C"":0.01}"
phase1-n64-sensitivity	timepoints	3	4	20262727	16	0	0.510486478	1	"{""model__C"":0.01}"
phase1-n64-sensitivity	timepoints	3	4	20262727	20	0	0.510486478	1	"{""model__C"":0.01}"
phase1-n64-sensitivity	timepoints	3	4	20262727	22	1	0.510486478	1	"{""model__C"":0.01}"
phase1-n64-sensitivity	timepoints	3	4	20262727	28	1	0.510486478	1	"{""model__C"":0.01}"
phase1-n64-sensitivity	timepoints	3	4	20262727	32	1	0.510486478	1	"{""model__C"":0.01}"
phase1-n64-sensitivity	timepoints	3	4	20262727	35	1	0.510486478	1	"{""model__C"":0.01}"
phase1-n64-sensitivity	timepoints	3	4	20262727	38	1	0.510486478	1	"{""model__C"":0.01}"
phase1-n64-sensitivity	timepoints	3	4	20262727	40	1	0.510486478	1	"{""model__C"":0.01}"
phase1-n64-sensitivity	timepoints	3	4	20262727	57	1	0.510486478	1	"{""model__C"":0.01}"
phase1-n64-sensitivity	timepoints	3	4	20262727	66	1	0.510486478	1	"{""model__C"":0.01}"
phase1-n64-sensitivity	timepoints	3	4	20262727	68	1	0.510486478	1	"{""model__C"":0.01}"
phase1-n64-sensitivity	timepoints	3	4	20262727	74	1	0.510486478	1	"{""model__C"":0.01}"
phase1-n64-sensitivity	timepoints	3	5	20262727	05	0	0.4418879036	0	"{""model__C"":0.01}"
phase1-n64-sensitivity	timepoints	3	5	20262727	09	0	0.5106832771	1	"{""model__C"":0.01}"
phase1-n64-sensitivity	timepoints	3	5	20262727	11	0	0.5106832771	1	"{""model__C"":0.01}"
phase1-n64-sensitivity	timepoints	3	5	20262727	24	1	0.5106832771	1	"{""model__C"":0.01}"
phase1-n64-sensitivity	timepoints	3	5	20262727	25	1	0.5106832771	1	"{""model__C"":0.01}"
phase1-n64-sensitivity	timepoints	3	5	20262727	34	1	0.5106832771	1	"{""model__C"":0.01}"
phase1-n64-sensitivity	timepoints	3	5	20262727	51	1	0.5106832771	1	"{""model__C"":0.01}"
phase1-n64-sensitivity	timepoints	3	5	20262727	53	1	0.5106832771	1	"{""model__C"":0.01}"
phase1-n64-sensitivity	timepoints	3	5	20262727	56	1	0.5106832771	1	"{""model__C"":0.01}"
phase1-n64-sensitivity	timepoints	3	5	20262727	58	1	0.5106832771	1	"{""model__C"":0.01}"
phase1-n64-sensitivity	timepoints	3	5	20262727	61	1	0.5106832771	1	"{""model__C"":0.01}"
phase1-n64-sensitivity	timepoints	3	5	20262727	71	1	0.5106832771	1	"{""model__C"":0.01}"
phase1-n64-sensitivity	pipeline_source	1	1	20260727	03	0	0.4929738947	0	"{""model__C"":0.01}"
phase1-n64-sensitivity	pipeline_source	1	1	20260727	09	0	0.5190006228	1	"{""model__C"":0.01}"
phase1-n64-sensitivity	pipeline_source	1	1	20260727	11	0	0.5190006228	1	"{""model__C"":0.01}"
phase1-n64-sensitivity	pipeline_source	1	1	20260727	20	0	0.5190006228	1	"{""model__C"":0.01}"
phase1-n64-sensitivity	pipeline_source	1	1	20260727	25	1	0.4929738947	0	"{""model__C"":0.01}"
phase1-n64-sensitivity	pipeline_source	1	1	20260727	41	1	0.4929738947	0	"{""model__C"":0.01}"
phase1-n64-sensitivity	pipeline_source	1	1	20260727	42	1	0.5190006228	1	"{""model__C"":0.01}"
phase1-n64-sensitivity	pipeline_source	1	1	20260727	51	1	0.4929738947	0	"{""model__C"":0.01}"
phase1-n64-sensitivity	pipeline_source	1	1	20260727	52	1	0.5190006228	1	"{""model__C"":0.01}"
phase1-n64-sensitivity	pipeline_source	1	1	20260727	53	1	0.4929738947	0	"{""model__C"":0.01}"
phase1-n64-sensitivity	pipeline_source	1	1	20260727	66	1	0.5190006228	1	"{""model__C"":0.01}"
phase1-n64-sensitivity	pipeline_source	1	1	20260727	67	1	0.4929738947	0	"{""model__C"":0.01}"
phase1-n64-sensitivity	pipeline_source	1	1	20260727	69	1	0.4929738947	0	"{""model__C"":0.01}"
phase1-n64-sensitivity	pipeline_source	1	2	20260727	04	0	0.4984117818	0	"{""model__C"":0.01}"
phase1-n64-sensitivity	pipeline_source	1	2	20260727	10	0	0.503490124	1	"{""model__C"":0.01}"
phase1-n64-sensitivity	pipeline_source	1	2	20260727	16	0	0.4984117818	0	"{""model__C"":0.01}"
phase1-n64-sensitivity	pipeline_source	1	2	20260727	17	0	0.4984117818	0	"{""model__C"":0.01}"
phase1-n64-sensitivity	pipeline_source	1	2	20260727	22	1	0.4984117818	0	"{""model__C"":0.01}"
phase1-n64-sensitivity	pipeline_source	1	2	20260727	26	1	0.503490124	1	"{""model__C"":0.01}"
phase1-n64-sensitivity	pipeline_source	1	2	20260727	39	1	0.4984117818	0	"{""model__C"":0.01}"
phase1-n64-sensitivity	pipeline_source	1	2	20260727	46	1	0.4984117818	0	"{""model__C"":0.01}"
phase1-n64-sensitivity	pipeline_source	1	2	20260727	47	1	0.503490124	1	"{""model__C"":0.01}"
phase1-n64-sensitivity	pipeline_source	1	2	20260727	64	1	0.503490124	1	"{""model__C"":0.01}"
phase1-n64-sensitivity	pipeline_source	1	2	20260727	71	1	0.4984117818	0	"{""model__C"":0.01}"
phase1-n64-sensitivity	pipeline_source	1	2	20260727	72	1	0.4984117818	0	"{""model__C"":0.01}"
phase1-n64-sensitivity	pipeline_source	1	2	20260727	75	1	0.4984117818	0	"{""model__C"":0.01}"
phase1-n64-sensitivity	pipeline_source	1	3	20260727	01	0	0.5024707379	1	"{""model__C"":0.01}"
phase1-n64-sensitivity	pipeline_source	1	3	20260727	07	0	0.5024707379	1	"{""model__C"":0.01}"
phase1-n64-sensitivity	pipeline_source	1	3	20260727	12	0	0.5024707379	1	"{""model__C"":0.01}"
phase1-n64-sensitivity	pipeline_source	1	3	20260727	13	0	0.5024707379	1	"{""model__C"":0.01}"
phase1-n64-sensitivity	pipeline_source	1	3	20260727	23	1	0.4946335259	0	"{""model__C"":0.01}"
phase1-n64-sensitivity	pipeline_source	1	3	20260727	24	1	0.4946335259	0	"{""model__C"":0.01}"
phase1-n64-sensitivity	pipeline_source	1	3	20260727	28	1	0.4946335259	0	"{""model__C"":0.01}"
phase1-n64-sensitivity	pipeline_source	1	3	20260727	36	1	0.4946335259	0	"{""model__C"":0.01}"
phase1-n64-sensitivity	pipeline_source	1	3	20260727	37	1	0.5024707379	1	"{""model__C"":0.01}"
phase1-n64-sensitivity	pipeline_source	1	3	20260727	38	1	0.5024707379	1	"{""model__C"":0.01}"
phase1-n64-sensitivity	pipeline_source	1	3	20260727	56	1	0.5024707379	1	"{""model__C"":0.01}"
phase1-n64-sensitivity	pipeline_source	1	3	20260727	61	1	0.5024707379	1	"{""model__C"":0.01}"
phase1-n64-sensitivity	pipeline_source	1	3	20260727	65	1	0.5024707379	1	"{""model__C"":0.01}"
phase1-n64-sensitivity	pipeline_source	1	4	20260727	02	0	0.4987875831	0	"{""model__C"":0.01}"
phase1-n64-sensitivity	pipeline_source	1	4	20260727	08	0	0.4987875831	0	"{""model__C"":0.01}"
phase1-n64-sensitivity	pipeline_source	1	4	20260727	19	0	0.4987875831	0	"{""model__C"":0.01}"
phase1-n64-sensitivity	pipeline_source	1	4	20260727	34	1	0.5022290611	1	"{""model__C"":0.01}"
phase1-n64-sensitivity	pipeline_source	1	4	20260727	35	1	0.4987875831	0	"{""model__C"":0.01}"
phase1-n64-sensitivity	pipeline_source	1	4	20260727	40	1	0.5022290611	1	"{""model__C"":0.01}"
phase1-n64-sensitivity	pipeline_source	1	4	20260727	49	1	0.4987875831	0	"{""model__C"":0.01}"
phase1-n64-sensitivity	pipeline_source	1	4	20260727	55	1	0.4987875831	0	"{""model__C"":0.01}"
phase1-n64-sensitivity	pipeline_source	1	4	20260727	57	1	0.4987875831	0	"{""model__C"":0.01}"
phase1-n64-sensitivity	pipeline_source	1	4	20260727	58	1	0.4987875831	0	"{""model__C"":0.01}"
phase1-n64-sensitivity	pipeline_source	1	4	20260727	59	1	0.4987875831	0	"{""model__C"":0.01}"
phase1-n64-sensitivity	pipeline_source	1	4	20260727	62	1	0.4987875831	0	"{""model__C"":0.01}"
phase1-n64-sensitivity	pipeline_source	1	4	20260727	68	1	0.4987875831	0	"{""model__C"":0.01}"
phase1-n64-sensitivity	pipeline_source	1	5	20260727	05	0	0.5054139121	1	"{""model__C"":0.01}"
phase1-n64-sensitivity	pipeline_source	1	5	20260727	14	0	0.4976095677	0	"{""model__C"":0.01}"
phase1-n64-sensitivity	pipeline_source	1	5	20260727	18	0	0.4976095677	0	"{""model__C"":0.01}"
phase1-n64-sensitivity	pipeline_source	1	5	20260727	27	1	0.4976095677	0	"{""model__C"":0.01}"
phase1-n64-sensitivity	pipeline_source	1	5	20260727	31	1	0.5054139121	1	"{""model__C"":0.01}"
phase1-n64-sensitivity	pipeline_source	1	5	20260727	32	1	0.5054139121	1	"{""model__C"":0.01}"
phase1-n64-sensitivity	pipeline_source	1	5	20260727	43	1	0.5054139121	1	"{""model__C"":0.01}"
phase1-n64-sensitivity	pipeline_source	1	5	20260727	45	1	0.4976095677	0	"{""model__C"":0.01}"
phase1-n64-sensitivity	pipeline_source	1	5	20260727	50	1	0.4976095677	0	"{""model__C"":0.01}"
phase1-n64-sensitivity	pipeline_source	1	5	20260727	60	1	0.4976095677	0	"{""model__C"":0.01}"
phase1-n64-sensitivity	pipeline_source	1	5	20260727	63	1	0.4976095677	0	"{""model__C"":0.01}"
phase1-n64-sensitivity	pipeline_source	1	5	20260727	74	1	0.4976095677	0	"{""model__C"":0.01}"
phase1-n64-sensitivity	pipeline_source	2	1	20261727	04	0	0.4956105124	0	"{""model__C"":0.01}"
phase1-n64-sensitivity	pipeline_source	2	1	20261727	10	0	0.5106773011	1	"{""model__C"":0.01}"
phase1-n64-sensitivity	pipeline_source	2	1	20261727	18	0	0.4956105124	0	"{""model__C"":0.01}"
phase1-n64-sensitivity	pipeline_source	2	1	20261727	20	0	0.5106773011	1	"{""model__C"":0.01}"
phase1-n64-sensitivity	pipeline_source	2	1	20261727	24	1	0.5106773011	1	"{""model__C"":0.01}"
phase1-n64-sensitivity	pipeline_source	2	1	20261727	25	1	0.4956105124	0	"{""model__C"":0.01}"
phase1-n64-sensitivity	pipeline_source	2	1	20261727	27	1	0.4956105124	0	"{""model__C"":0.01}"
phase1-n64-sensitivity	pipeline_source	2	1	20261727	34	1	0.5106773011	1	"{""model__C"":0.01}"
phase1-n64-sensitivity	pipeline_source	2	1	20261727	38	1	0.4956105124	0	"{""model__C"":0.01}"
phase1-n64-sensitivity	pipeline_source	2	1	20261727	39	1	0.4956105124	0	"{""model__C"":0.01}"
phase1-n64-sensitivity	pipeline_source	2	1	20261727	59	1	0.4956105124	0	"{""model__C"":0.01}"
phase1-n64-sensitivity	pipeline_source	2	1	20261727	64	1	0.5106773011	1	"{""model__C"":0.01}"
phase1-n64-sensitivity	pipeline_source	2	1	20261727	65	1	0.4956105124	0	"{""model__C"":0.01}"
phase1-n64-sensitivity	pipeline_source	2	2	20261727	03	0	0.4972236407	0	"{""model__C"":0.01}"
phase1-n64-sensitivity	pipeline_source	2	2	20261727	11	0	0.5055945929	1	"{""model__C"":0.01}"
phase1-n64-sensitivity	pipeline_source	2	2	20261727	13	0	0.4972236407	0	"{""model__C"":0.01}"
phase1-n64-sensitivity	pipeline_source	2	2	20261727	16	0	0.4972236407	0	"{""model__C"":0.01}"
phase1-n64-sensitivity	pipeline_source	2	2	20261727	35	1	0.4972236407	0	"{""model__C"":0.01}"
phase1-n64-sensitivity	pipeline_source	2	2	20261727	36	1	0.5055945929	1	"{""model__C"":0.01}"
phase1-n64-sensitivity	pipeline_source	2	2	20261727	41	1	0.4972236407	0	"{""model__C"":0.01}"
phase1-n64-sensitivity	pipeline_source	2	2	20261727	42	1	0.5055945929	1	"{""model__C"":0.01}"
phase1-n64-sensitivity	pipeline_source	2	2	20261727	51	1	0.4972236407	0	"{""model__C"":0.01}"
phase1-n64-sensitivity	pipeline_source	2	2	20261727	53	1	0.4972236407	0	"{""model__C"":0.01}"
phase1-n64-sensitivity	pipeline_source	2	2	20261727	55	1	0.4972236407	0	"{""model__C"":0.01}"
phase1-n64-sensitivity	pipeline_source	2	2	20261727	60	1	0.4972236407	0	"{""model__C"":0.01}"
phase1-n64-sensitivity	pipeline_source	2	2	20261727	61	1	0.4972236407	0	"{""model__C"":0.01}"
phase1-n64-sensitivity	pipeline_source	2	3	20261727	02	0	0.5024707379	1	"{""model__C"":0.01}"
phase1-n64-sensitivity	pipeline_source	2	3	20261727	07	0	0.5024707379	1	"{""model__C"":0.01}"
phase1-n64-sensitivity	pipeline_source	2	3	20261727	08	0	0.5024707379	1	"{""model__C"":0.01}"
phase1-n64-sensitivity	pipeline_source	2	3	20261727	17	0	0.5024707379	1	"{""model__C"":0.01}"
phase1-n64-sensitivity	pipeline_source	2	3	20261727	23	1	0.4946335259	0	"{""model__C"":0.01}"
phase1-n64-sensitivity	pipeline_source	2	3	20261727	26	1	0.4946335259	0	"{""model__C"":0.01}"
phase1-n64-sensitivity	pipeline_source	2	3	20261727	37	1	0.5024707379	1	"{""model__C"":0.01}"
phase1-n64-sensitivity	pipeline_source	2	3	20261727	46	1	0.5024707379	1	"{""model__C"":0.01}"
phase1-n64-sensitivity	pipeline_source	2	3	20261727	49	1	0.5024707379	1	"{""model__C"":0.01}"
phase1-n64-sensitivity	pipeline_source	2	3	20261727	52	1	0.4946335259	0	"{""model__C"":0.01}"
phase1-n64-sensitivity	pipeline_source	2	3	20261727	58	1	0.5024707379	1	"{""model__C"":0.01}"
phase1-n64-sensitivity	pipeline_source	2	3	20261727	66	1	0.4946335259	0	"{""model__C"":0.01}"
phase1-n64-sensitivity	pipeline_source	2	3	20261727	69	1	0.5024707379	1	"{""model__C"":0.01}"
phase1-n64-sensitivity	pipeline_source	2	4	20261727	12	0	0.5	1	"{""model__C"":0.01}"
phase1-n64-sensitivity	pipeline_source	2	4	20261727	14	0	0.5	1	"{""model__C"":0.01}"
phase1-n64-sensitivity	pipeline_source	2	4	20261727	19	0	0.5	1	"{""model__C"":0.01}"
phase1-n64-sensitivity	pipeline_source	2	4	20261727	22	1	0.5	1	"{""model__C"":0.01}"
phase1-n64-sensitivity	pipeline_source	2	4	20261727	28	1	0.5	1	"{""model__C"":0.01}"
phase1-n64-sensitivity	pipeline_source	2	4	20261727	32	1	0.5	1	"{""model__C"":0.01}"
phase1-n64-sensitivity	pipeline_source	2	4	20261727	45	1	0.5	1	"{""model__C"":0.01}"
phase1-n64-sensitivity	pipeline_source	2	4	20261727	47	1	0.5	1	"{""model__C"":0.01}"
phase1-n64-sensitivity	pipeline_source	2	4	20261727	50	1	0.5	1	"{""model__C"":0.01}"
phase1-n64-sensitivity	pipeline_source	2	4	20261727	57	1	0.5	1	"{""model__C"":0.01}"
phase1-n64-sensitivity	pipeline_source	2	4	20261727	68	1	0.5	1	"{""model__C"":0.01}"
phase1-n64-sensitivity	pipeline_source	2	4	20261727	71	1	0.5	1	"{""model__C"":0.01}"
phase1-n64-sensitivity	pipeline_source	2	4	20261727	75	1	0.5	1	"{""model__C"":0.01}"
phase1-n64-sensitivity	pipeline_source	2	5	20261727	01	0	0.4949961153	0	"{""model__C"":0.01}"
phase1-n64-sensitivity	pipeline_source	2	5	20261727	05	0	0.5125248061	1	"{""model__C"":0.01}"
phase1-n64-sensitivity	pipeline_source	2	5	20261727	09	0	0.5125248061	1	"{""model__C"":0.01}"
phase1-n64-sensitivity	pipeline_source	2	5	20261727	31	1	0.5125248061	1	"{""model__C"":0.01}"
phase1-n64-sensitivity	pipeline_source	2	5	20261727	40	1	0.5125248061	1	"{""model__C"":0.01}"
phase1-n64-sensitivity	pipeline_source	2	5	20261727	43	1	0.5125248061	1	"{""model__C"":0.01}"
phase1-n64-sensitivity	pipeline_source	2	5	20261727	56	1	0.4949961153	0	"{""model__C"":0.01}"
phase1-n64-sensitivity	pipeline_source	2	5	20261727	62	1	0.4949961153	0	"{""model__C"":0.01}"
phase1-n64-sensitivity	pipeline_source	2	5	20261727	63	1	0.4949961153	0	"{""model__C"":0.01}"
phase1-n64-sensitivity	pipeline_source	2	5	20261727	67	1	0.4949961153	0	"{""model__C"":0.01}"
phase1-n64-sensitivity	pipeline_source	2	5	20261727	72	1	0.4949961153	0	"{""model__C"":0.01}"
phase1-n64-sensitivity	pipeline_source	2	5	20261727	74	1	0.4949961153	0	"{""model__C"":0.01}"
phase1-n64-sensitivity	pipeline_source	3	1	20262727	10	0	0.5055945929	1	"{""model__C"":0.01}"
phase1-n64-sensitivity	pipeline_source	3	1	20262727	12	0	0.4972236407	0	"{""model__C"":0.01}"
phase1-n64-sensitivity	pipeline_source	3	1	20262727	14	0	0.4972236407	0	"{""model__C"":0.01}"
phase1-n64-sensitivity	pipeline_source	3	1	20262727	18	0	0.4972236407	0	"{""model__C"":0.01}"
phase1-n64-sensitivity	pipeline_source	3	1	20262727	31	1	0.5055945929	1	"{""model__C"":0.01}"
phase1-n64-sensitivity	pipeline_source	3	1	20262727	41	1	0.4972236407	0	"{""model__C"":0.01}"
phase1-n64-sensitivity	pipeline_source	3	1	20262727	50	1	0.4972236407	0	"{""model__C"":0.01}"
phase1-n64-sensitivity	pipeline_source	3	1	20262727	52	1	0.5055945929	1	"{""model__C"":0.01}"
phase1-n64-sensitivity	pipeline_source	3	1	20262727	55	1	0.4972236407	0	"{""model__C"":0.01}"
phase1-n64-sensitivity	pipeline_source	3	1	20262727	59	1	0.4972236407	0	"{""model__C"":0.01}"
phase1-n64-sensitivity	pipeline_source	3	1	20262727	60	1	0.4972236407	0	"{""model__C"":0.01}"
phase1-n64-sensitivity	pipeline_source	3	1	20262727	62	1	0.4972236407	0	"{""model__C"":0.01}"
phase1-n64-sensitivity	pipeline_source	3	1	20262727	67	1	0.4972236407	0	"{""model__C"":0.01}"
phase1-n64-sensitivity	pipeline_source	3	2	20262727	07	0	0.5024707379	1	"{""model__C"":0.01}"
phase1-n64-sensitivity	pipeline_source	3	2	20262727	13	0	0.5024707379	1	"{""model__C"":0.01}"
phase1-n64-sensitivity	pipeline_source	3	2	20262727	17	0	0.5024707379	1	"{""model__C"":0.01}"
phase1-n64-sensitivity	pipeline_source	3	2	20262727	19	0	0.5024707379	1	"{""model__C"":0.01}"
phase1-n64-sensitivity	pipeline_source	3	2	20262727	23	1	0.4946335259	0	"{""model__C"":0.01}"
phase1-n64-sensitivity	pipeline_source	3	2	20262727	37	1	0.5024707379	1	"{""model__C"":0.01}"
phase1-n64-sensitivity	pipeline_source	3	2	20262727	39	1	0.5024707379	1	"{""model__C"":0.01}"
phase1-n64-sensitivity	pipeline_source	3	2	20262727	43	1	0.4946335259	0	"{""model__C"":0.01}"
phase1-n64-sensitivity	pipeline_source	3	2	20262727	47	1	0.4946335259	0	"{""model__C"":0.01}"
phase1-n64-sensitivity	pipeline_source	3	2	20262727	63	1	0.5024707379	1	"{""model__C"":0.01}"
phase1-n64-sensitivity	pipeline_source	3	2	20262727	64	1	0.4946335259	0	"{""model__C"":0.01}"
phase1-n64-sensitivity	pipeline_source	3	2	20262727	65	1	0.5024707379	1	"{""model__C"":0.01}"
phase1-n64-sensitivity	pipeline_source	3	2	20262727	75	1	0.5024707379	1	"{""model__C"":0.01}"
phase1-n64-sensitivity	pipeline_source	3	3	20262727	01	0	0.5013934365	1	"{""model__C"":0.01}"
phase1-n64-sensitivity	pipeline_source	3	3	20262727	02	0	0.5013934365	1	"{""model__C"":0.01}"
phase1-n64-sensitivity	pipeline_source	3	3	20262727	04	0	0.5013934365	1	"{""model__C"":0.01}"
phase1-n64-sensitivity	pipeline_source	3	3	20262727	08	0	0.5013934365	1	"{""model__C"":0.01}"
phase1-n64-sensitivity	pipeline_source	3	3	20262727	26	1	0.4972236142	0	"{""model__C"":0.01}"
phase1-n64-sensitivity	pipeline_source	3	3	20262727	27	1	0.5013934365	1	"{""model__C"":0.01}"
phase1-n64-sensitivity	pipeline_source	3	3	20262727	36	1	0.4972236142	0	"{""model__C"":0.01}"
phase1-n64-sensitivity	pipeline_source	3	3	20262727	42	1	0.4972236142	0	"{""model__C"":0.01}"
phase1-n64-sensitivity	pipeline_source	3	3	20262727	45	1	0.5013934365	1	"{""model__C"":0.01}"
phase1-n64-sensitivity	pipeline_source	3	3	20262727	46	1	0.5013934365	1	"{""model__C"":0.01}"
phase1-n64-sensitivity	pipeline_source	3	3	20262727	49	1	0.5013934365	1	"{""model__C"":0.01}"
phase1-n64-sensitivity	pipeline_source	3	3	20262727	69	1	0.5013934365	1	"{""model__C"":0.01}"
phase1-n64-sensitivity	pipeline_source	3	3	20262727	72	1	0.5013934365	1	"{""model__C"":0.01}"
phase1-n64-sensitivity	pipeline_source	3	4	20262727	03	0	0.4984445101	0	"{""model__C"":0.01}"
phase1-n64-sensitivity	pipeline_source	3	4	20262727	16	0	0.4984445101	0	"{""model__C"":0.01}"
phase1-n64-sensitivity	pipeline_source	3	4	20262727	20	0	0.5037494546	1	"{""model__C"":0.01}"
phase1-n64-sensitivity	pipeline_source	3	4	20262727	22	1	0.4984445101	0	"{""model__C"":0.01}"
phase1-n64-sensitivity	pipeline_source	3	4	20262727	28	1	0.5037494546	1	"{""model__C"":0.01}"
phase1-n64-sensitivity	pipeline_source	3	4	20262727	32	1	0.5037494546	1	"{""model__C"":0.01}"
phase1-n64-sensitivity	pipeline_source	3	4	20262727	35	1	0.4984445101	0	"{""model__C"":0.01}"
phase1-n64-sensitivity	pipeline_source	3	4	20262727	38	1	0.4984445101	0	"{""model__C"":0.01}"
phase1-n64-sensitivity	pipeline_source	3	4	20262727	40	1	0.5037494546	1	"{""model__C"":0.01}"
phase1-n64-sensitivity	pipeline_source	3	4	20262727	57	1	0.4984445101	0	"{""model__C"":0.01}"
phase1-n64-sensitivity	pipeline_source	3	4	20262727	66	1	0.5037494546	1	"{""model__C"":0.01}"
phase1-n64-sensitivity	pipeline_source	3	4	20262727	68	1	0.4984445101	0	"{""model__C"":0.01}"
phase1-n64-sensitivity	pipeline_source	3	4	20262727	74	1	0.4984445101	0	"{""model__C"":0.01}"
phase1-n64-sensitivity	pipeline_source	3	5	20262727	05	0	0.522131735	1	"{""model__C"":0.01}"
phase1-n64-sensitivity	pipeline_source	3	5	20262727	09	0	0.522131735	1	"{""model__C"":0.01}"
phase1-n64-sensitivity	pipeline_source	3	5	20262727	11	0	0.522131735	1	"{""model__C"":0.01}"
phase1-n64-sensitivity	pipeline_source	3	5	20262727	24	1	0.522131735	1	"{""model__C"":0.01}"
phase1-n64-sensitivity	pipeline_source	3	5	20262727	25	1	0.491253491	0	"{""model__C"":0.01}"
phase1-n64-sensitivity	pipeline_source	3	5	20262727	34	1	0.522131735	1	"{""model__C"":0.01}"
phase1-n64-sensitivity	pipeline_source	3	5	20262727	51	1	0.491253491	0	"{""model__C"":0.01}"
phase1-n64-sensitivity	pipeline_source	3	5	20262727	53	1	0.491253491	0	"{""model__C"":0.01}"
phase1-n64-sensitivity	pipeline_source	3	5	20262727	56	1	0.491253491	0	"{""model__C"":0.01}"
phase1-n64-sensitivity	pipeline_source	3	5	20262727	58	1	0.491253491	0	"{""model__C"":0.01}"
phase1-n64-sensitivity	pipeline_source	3	5	20262727	61	1	0.491253491	0	"{""model__C"":0.01}"
phase1-n64-sensitivity	pipeline_source	3	5	20262727	71	1	0.491253491	0	"{""model__C"":0.01}"
phase1-n64-sensitivity	nuisance_combined	1	1	20260727	03	0	0.4245191339	0	"{""model__C"":0.01}"
phase1-n64-sensitivity	nuisance_combined	1	1	20260727	09	0	0.5393422469	1	"{""model__C"":0.01}"
phase1-n64-sensitivity	nuisance_combined	1	1	20260727	11	0	0.5422622784	1	"{""model__C"":0.01}"
phase1-n64-sensitivity	nuisance_combined	1	1	20260727	20	0	0.5389248743	1	"{""model__C"":0.01}"
phase1-n64-sensitivity	nuisance_combined	1	1	20260727	25	1	0.5160210212	1	"{""model__C"":0.01}"
phase1-n64-sensitivity	nuisance_combined	1	1	20260727	41	1	0.5147623804	1	"{""model__C"":0.01}"
phase1-n64-sensitivity	nuisance_combined	1	1	20260727	42	1	0.5185541898	1	"{""model__C"":0.01}"
phase1-n64-sensitivity	nuisance_combined	1	1	20260727	51	1	0.513083904	1	"{""model__C"":0.01}"
phase1-n64-sensitivity	nuisance_combined	1	1	20260727	52	1	0.5393422469	1	"{""model__C"":0.01}"
phase1-n64-sensitivity	nuisance_combined	1	1	20260727	53	1	0.4909670101	0	"{""model__C"":0.01}"
phase1-n64-sensitivity	nuisance_combined	1	1	20260727	66	1	0.5172959742	1	"{""model__C"":0.01}"
phase1-n64-sensitivity	nuisance_combined	1	1	20260727	67	1	0.4960054537	0	"{""model__C"":0.01}"
phase1-n64-sensitivity	nuisance_combined	1	1	20260727	69	1	0.5126642373	1	"{""model__C"":0.01}"
phase1-n64-sensitivity	nuisance_combined	1	2	20260727	04	0	0.156824867	0	"{""model__C"":1.0}"
phase1-n64-sensitivity	nuisance_combined	1	2	20260727	10	0	0.6431140254	1	"{""model__C"":1.0}"
phase1-n64-sensitivity	nuisance_combined	1	2	20260727	16	0	0.5791559603	1	"{""model__C"":1.0}"
phase1-n64-sensitivity	nuisance_combined	1	2	20260727	17	0	0.6824913683	1	"{""model__C"":1.0}"
phase1-n64-sensitivity	nuisance_combined	1	2	20260727	22	1	0.5909249464	1	"{""model__C"":1.0}"
phase1-n64-sensitivity	nuisance_combined	1	2	20260727	26	1	0.5356818221	1	"{""model__C"":1.0}"
phase1-n64-sensitivity	nuisance_combined	1	2	20260727	39	1	0.6567604547	1	"{""model__C"":1.0}"
phase1-n64-sensitivity	nuisance_combined	1	2	20260727	46	1	0.6210107757	1	"{""model__C"":1.0}"
phase1-n64-sensitivity	nuisance_combined	1	2	20260727	47	1	0.6475524694	1	"{""model__C"":1.0}"
phase1-n64-sensitivity	nuisance_combined	1	2	20260727	64	1	0.5620850014	1	"{""model__C"":1.0}"
phase1-n64-sensitivity	nuisance_combined	1	2	20260727	71	1	0.6025906498	1	"{""model__C"":1.0}"
phase1-n64-sensitivity	nuisance_combined	1	2	20260727	72	1	0.6824913683	1	"{""model__C"":1.0}"
phase1-n64-sensitivity	nuisance_combined	1	2	20260727	75	1	0.56014242	1	"{""model__C"":1.0}"
phase1-n64-sensitivity	nuisance_combined	1	3	20260727	01	0	0.4550630175	0	"{""model__C"":0.01}"
phase1-n64-sensitivity	nuisance_combined	1	3	20260727	07	0	0.4389102982	0	"{""model__C"":0.01}"
phase1-n64-sensitivity	nuisance_combined	1	3	20260727	12	0	0.5193822753	1	"{""model__C"":0.01}"
phase1-n64-sensitivity	nuisance_combined	1	3	20260727	13	0	0.5195426571	1	"{""model__C"":0.01}"
phase1-n64-sensitivity	nuisance_combined	1	3	20260727	23	1	0.4934822825	0	"{""model__C"":0.01}"
phase1-n64-sensitivity	nuisance_combined	1	3	20260727	24	1	0.5109424118	1	"{""model__C"":0.01}"
phase1-n64-sensitivity	nuisance_combined	1	3	20260727	28	1	0.5109424118	1	"{""model__C"":0.01}"
phase1-n64-sensitivity	nuisance_combined	1	3	20260727	36	1	0.5112635038	1	"{""model__C"":0.01}"
phase1-n64-sensitivity	nuisance_combined	1	3	20260727	37	1	0.5198634087	1	"{""model__C"":0.01}"
phase1-n64-sensitivity	nuisance_combined	1	3	20260727	38	1	0.5028934655	1	"{""model__C"":0.01}"
phase1-n64-sensitivity	nuisance_combined	1	3	20260727	56	1	0.5177782429	1	"{""model__C"":0.01}"
phase1-n64-sensitivity	nuisance_combined	1	3	20260727	61	1	0.5192218895	1	"{""model__C"":0.01}"
phase1-n64-sensitivity	nuisance_combined	1	3	20260727	65	1	0.5006447448	1	"{""model__C"":0.01}"
phase1-n64-sensitivity	nuisance_combined	1	4	20260727	02	0	0.402444957	0	"{""model__C"":0.01}"
phase1-n64-sensitivity	nuisance_combined	1	4	20260727	08	0	0.4191161499	0	"{""model__C"":0.01}"
phase1-n64-sensitivity	nuisance_combined	1	4	20260727	19	0	0.5169355122	1	"{""model__C"":0.01}"
phase1-n64-sensitivity	nuisance_combined	1	4	20260727	34	1	0.5192177061	1	"{""model__C"":0.01}"
phase1-n64-sensitivity	nuisance_combined	1	4	20260727	35	1	0.4999013259	0	"{""model__C"":0.01}"
phase1-n64-sensitivity	nuisance_combined	1	4	20260727	40	1	0.5015993405	1	"{""model__C"":0.01}"
phase1-n64-sensitivity	nuisance_combined	1	4	20260727	49	1	0.4997206599	0	"{""model__C"":0.01}"
phase1-n64-sensitivity	nuisance_combined	1	4	20260727	55	1	0.4992689951	0	"{""model__C"":0.01}"
phase1-n64-sensitivity	nuisance_combined	1	4	20260727	57	1	0.5170257411	1	"{""model__C"":0.01}"
phase1-n64-sensitivity	nuisance_combined	1	4	20260727	58	1	0.5163038796	1	"{""model__C"":0.01}"
phase1-n64-sensitivity	nuisance_combined	1	4	20260727	59	1	0.362900591	0	"{""model__C"":0.01}"
phase1-n64-sensitivity	nuisance_combined	1	4	20260727	62	1	0.4999916589	0	"{""model__C"":0.01}"
phase1-n64-sensitivity	nuisance_combined	1	4	20260727	68	1	0.5168452822	1	"{""model__C"":0.01}"
phase1-n64-sensitivity	nuisance_combined	1	5	20260727	05	0	0.2941532297	0	"{""model__C"":1.0}"
phase1-n64-sensitivity	nuisance_combined	1	5	20260727	14	0	0.7322153901	1	"{""model__C"":1.0}"
phase1-n64-sensitivity	nuisance_combined	1	5	20260727	18	0	0.7036288869	1	"{""model__C"":1.0}"
phase1-n64-sensitivity	nuisance_combined	1	5	20260727	27	1	0.6733520956	1	"{""model__C"":1.0}"
phase1-n64-sensitivity	nuisance_combined	1	5	20260727	31	1	0.4962500433	0	"{""model__C"":1.0}"
phase1-n64-sensitivity	nuisance_combined	1	5	20260727	32	1	0.6258650538	1	"{""model__C"":1.0}"
phase1-n64-sensitivity	nuisance_combined	1	5	20260727	43	1	0.6449918049	1	"{""model__C"":1.0}"
phase1-n64-sensitivity	nuisance_combined	1	5	20260727	45	1	0.7322153901	1	"{""model__C"":1.0}"
phase1-n64-sensitivity	nuisance_combined	1	5	20260727	50	1	0.5483155645	1	"{""model__C"":1.0}"
phase1-n64-sensitivity	nuisance_combined	1	5	20260727	60	1	0.4778547345	0	"{""model__C"":1.0}"
phase1-n64-sensitivity	nuisance_combined	1	5	20260727	63	1	0.4427787496	0	"{""model__C"":1.0}"
phase1-n64-sensitivity	nuisance_combined	1	5	20260727	74	1	0.6496785496	1	"{""model__C"":1.0}"
phase1-n64-sensitivity	nuisance_combined	2	1	20261727	04	0	0.4052798063	0	"{""model__C"":0.01}"
phase1-n64-sensitivity	nuisance_combined	2	1	20261727	10	0	0.5218507509	1	"{""model__C"":0.01}"
phase1-n64-sensitivity	nuisance_combined	2	1	20261727	18	0	0.5080564987	1	"{""model__C"":0.01}"
phase1-n64-sensitivity	nuisance_combined	2	1	20261727	20	0	0.5245326252	1	"{""model__C"":0.01}"
phase1-n64-sensitivity	nuisance_combined	2	1	20261727	24	1	0.5253591911	1	"{""model__C"":0.01}"
phase1-n64-sensitivity	nuisance_combined	2	1	20261727	25	1	0.5132276581	1	"{""model__C"":0.01}"
phase1-n64-sensitivity	nuisance_combined	2	1	20261727	27	1	0.5092990668	1	"{""model__C"":0.01}"
phase1-n64-sensitivity	nuisance_combined	2	1	20261727	34	1	0.5220521388	1	"{""model__C"":0.01}"
phase1-n64-sensitivity	nuisance_combined	2	1	20261727	38	1	0.5101273826	1	"{""model__C"":0.01}"
phase1-n64-sensitivity	nuisance_combined	2	1	20261727	39	1	0.506399589	1	"{""model__C"":0.01}"
phase1-n64-sensitivity	nuisance_combined	2	1	20261727	59	1	0.343875148	0	"{""model__C"":0.01}"
phase1-n64-sensitivity	nuisance_combined	2	1	20261727	64	1	0.5241192915	1	"{""model__C"":0.01}"
phase1-n64-sensitivity	nuisance_combined	2	1	20261727	65	1	0.5043282586	1	"{""model__C"":0.01}"
phase1-n64-sensitivity	nuisance_combined	2	2	20261727	03	0	0.2241036521	0	"{""model__C"":0.1}"
phase1-n64-sensitivity	nuisance_combined	2	2	20261727	11	0	0.6073679039	1	"{""model__C"":0.1}"
phase1-n64-sensitivity	nuisance_combined	2	2	20261727	13	0	0.5961380256	1	"{""model__C"":0.1}"
phase1-n64-sensitivity	nuisance_combined	2	2	20261727	16	0	0.5952467956	1	"{""model__C"":0.1}"
phase1-n64-sensitivity	nuisance_combined	2	2	20261727	35	1	0.5058860934	1	"{""model__C"":0.1}"
phase1-n64-sensitivity	nuisance_combined	2	2	20261727	36	1	0.6064850971	1	"{""model__C"":0.1}"
phase1-n64-sensitivity	nuisance_combined	2	2	20261727	41	1	0.5968060324	1	"{""model__C"":0.1}"
phase1-n64-sensitivity	nuisance_combined	2	2	20261727	42	1	0.5175947533	1	"{""model__C"":0.1}"
phase1-n64-sensitivity	nuisance_combined	2	2	20261727	51	1	0.5959152773	1	"{""model__C"":0.1}"
phase1-n64-sensitivity	nuisance_combined	2	2	20261727	53	1	0.5065798221	1	"{""model__C"":0.1}"
phase1-n64-sensitivity	nuisance_combined	2	2	20261727	55	1	0.5091232571	1	"{""model__C"":0.1}"
phase1-n64-sensitivity	nuisance_combined	2	2	20261727	60	1	0.5983633155	1	"{""model__C"":0.1}"
phase1-n64-sensitivity	nuisance_combined	2	2	20261727	61	1	0.5956924895	1	"{""model__C"":0.1}"
phase1-n64-sensitivity	nuisance_combined	2	3	20261727	02	0	0.4510170888	0	"{""model__C"":0.01}"
phase1-n64-sensitivity	nuisance_combined	2	3	20261727	07	0	0.4541520231	0	"{""model__C"":0.01}"
phase1-n64-sensitivity	nuisance_combined	2	3	20261727	08	0	0.4531107611	0	"{""model__C"":0.01}"
phase1-n64-sensitivity	nuisance_combined	2	3	20261727	17	0	0.5116358982	1	"{""model__C"":0.01}"
phase1-n64-sensitivity	nuisance_combined	2	3	20261727	23	1	0.5009800397	1	"{""model__C"":0.01}"
phase1-n64-sensitivity	nuisance_combined	2	3	20261727	26	1	0.4967663979	0	"{""model__C"":0.01}"
phase1-n64-sensitivity	nuisance_combined	2	3	20261727	37	1	0.5105861222	1	"{""model__C"":0.01}"
phase1-n64-sensitivity	nuisance_combined	2	3	20261727	46	1	0.5153279896	1	"{""model__C"":0.01}"
phase1-n64-sensitivity	nuisance_combined	2	3	20261727	49	1	0.5072878178	1	"{""model__C"":0.01}"
phase1-n64-sensitivity	nuisance_combined	2	3	20261727	52	1	0.5019068573	1	"{""model__C"":0.01}"
phase1-n64-sensitivity	nuisance_combined	2	3	20261727	58	1	0.5149329276	1	"{""model__C"":0.01}"
phase1-n64-sensitivity	nuisance_combined	2	3	20261727	66	1	0.4993983447	0	"{""model__C"":0.01}"
phase1-n64-sensitivity	nuisance_combined	2	3	20261727	69	1	0.509005034	1	"{""model__C"":0.01}"
phase1-n64-sensitivity	nuisance_combined	2	4	20261727	12	0	0.7292499351	1	"{""model__C"":10.0}"
phase1-n64-sensitivity	nuisance_combined	2	4	20261727	14	0	0.7048042338	1	"{""model__C"":10.0}"
phase1-n64-sensitivity	nuisance_combined	2	4	20261727	19	0	0.7292499351	1	"{""model__C"":10.0}"
phase1-n64-sensitivity	nuisance_combined	2	4	20261727	22	1	0.7156433069	1	"{""model__C"":10.0}"
phase1-n64-sensitivity	nuisance_combined	2	4	20261727	28	1	0.5439725078	1	"{""model__C"":10.0}"
phase1-n64-sensitivity	nuisance_combined	2	4	20261727	32	1	0.5054679268	1	"{""model__C"":10.0}"
phase1-n64-sensitivity	nuisance_combined	2	4	20261727	45	1	0.7048042338	1	"{""model__C"":10.0}"
phase1-n64-sensitivity	nuisance_combined	2	4	20261727	47	1	0.4969846891	0	"{""model__C"":10.0}"
phase1-n64-sensitivity	nuisance_combined	2	4	20261727	50	1	0.6944805153	1	"{""model__C"":10.0}"
phase1-n64-sensitivity	nuisance_combined	2	4	20261727	57	1	0.742439804	1	"{""model__C"":10.0}"
phase1-n64-sensitivity	nuisance_combined	2	4	20261727	68	1	0.7156433069	1	"{""model__C"":10.0}"
phase1-n64-sensitivity	nuisance_combined	2	4	20261727	71	1	0.6798935428	1	"{""model__C"":10.0}"
phase1-n64-sensitivity	nuisance_combined	2	4	20261727	75	1	0.7964242826	1	"{""model__C"":10.0}"
phase1-n64-sensitivity	nuisance_combined	2	5	20261727	01	0	0.453036413	0	"{""model__C"":0.01}"
phase1-n64-sensitivity	nuisance_combined	2	5	20261727	05	0	0.4746743941	0	"{""model__C"":0.01}"
phase1-n64-sensitivity	nuisance_combined	2	5	20261727	09	0	0.5265802064	1	"{""model__C"":0.01}"
phase1-n64-sensitivity	nuisance_combined	2	5	20261727	31	1	0.5253895551	1	"{""model__C"":0.01}"
phase1-n64-sensitivity	nuisance_combined	2	5	20261727	40	1	0.5089348311	1	"{""model__C"":0.01}"
phase1-n64-sensitivity	nuisance_combined	2	5	20261727	43	1	0.5408406113	1	"{""model__C"":0.01}"
phase1-n64-sensitivity	nuisance_combined	2	5	20261727	56	1	0.5253629028	1	"{""model__C"":0.01}"
phase1-n64-sensitivity	nuisance_combined	2	5	20261727	62	1	0.5053272306	1	"{""model__C"":0.01}"
phase1-n64-sensitivity	nuisance_combined	2	5	20261727	63	1	0.4967317049	0	"{""model__C"":0.01}"
phase1-n64-sensitivity	nuisance_combined	2	5	20261727	67	1	0.4850360047	0	"{""model__C"":0.01}"
phase1-n64-sensitivity	nuisance_combined	2	5	20261727	72	1	0.4850360047	0	"{""model__C"":0.01}"
phase1-n64-sensitivity	nuisance_combined	2	5	20261727	74	1	0.51821337	1	"{""model__C"":0.01}"
phase1-n64-sensitivity	nuisance_combined	3	1	20262727	10	0	0.8248785485	1	"{""model__C"":10.0}"
phase1-n64-sensitivity	nuisance_combined	3	1	20262727	12	0	0.6323702655	1	"{""model__C"":10.0}"
phase1-n64-sensitivity	nuisance_combined	3	1	20262727	14	0	0.8852119743	1	"{""model__C"":10.0}"
phase1-n64-sensitivity	nuisance_combined	3	1	20262727	18	0	0.8647109067	1	"{""model__C"":10.0}"
phase1-n64-sensitivity	nuisance_combined	3	1	20262727	31	1	0.5123513037	1	"{""model__C"":10.0}"
phase1-n64-sensitivity	nuisance_combined	3	1	20262727	41	1	0.5724988997	1	"{""model__C"":10.0}"
phase1-n64-sensitivity	nuisance_combined	3	1	20262727	50	1	0.5571165291	1	"{""model__C"":10.0}"
phase1-n64-sensitivity	nuisance_combined	3	1	20262727	52	1	0.5279711368	1	"{""model__C"":10.0}"
phase1-n64-sensitivity	nuisance_combined	3	1	20262727	55	1	0.8048484896	1	"{""model__C"":10.0}"
phase1-n64-sensitivity	nuisance_combined	3	1	20262727	59	1	2.963549885e-05	0	"{""model__C"":10.0}"
phase1-n64-sensitivity	nuisance_combined	3	1	20262727	60	1	0.463552376	0	"{""model__C"":10.0}"
phase1-n64-sensitivity	nuisance_combined	3	1	20262727	62	1	0.9182089573	1	"{""model__C"":10.0}"
phase1-n64-sensitivity	nuisance_combined	3	1	20262727	67	1	0.7948303667	1	"{""model__C"":10.0}"
phase1-n64-sensitivity	nuisance_combined	3	2	20262727	07	0	0.2688397306	0	"{""model__C"":0.1}"
phase1-n64-sensitivity	nuisance_combined	3	2	20262727	13	0	0.6003960968	1	"{""model__C"":0.1}"
phase1-n64-sensitivity	nuisance_combined	3	2	20262727	17	0	0.5859498678	1	"{""model__C"":0.1}"
phase1-n64-sensitivity	nuisance_combined	3	2	20262727	19	0	0.597131258	1	"{""model__C"":0.1}"
phase1-n64-sensitivity	nuisance_combined	3	2	20262727	23	1	0.4946541642	0	"{""model__C"":0.1}"
phase1-n64-sensitivity	nuisance_combined	3	2	20262727	37	1	0.6068988219	1	"{""model__C"":0.1}"
phase1-n64-sensitivity	nuisance_combined	3	2	20262727	39	1	0.5459131727	1	"{""model__C"":0.1}"
phase1-n64-sensitivity	nuisance_combined	3	2	20262727	43	1	0.4926345963	0	"{""model__C"":0.1}"
phase1-n64-sensitivity	nuisance_combined	3	2	20262727	47	1	0.4946541642	0	"{""model__C"":0.1}"
phase1-n64-sensitivity	nuisance_combined	3	2	20262727	63	1	0.6419369705	1	"{""model__C"":0.1}"
phase1-n64-sensitivity	nuisance_combined	3	2	20262727	64	1	0.5265830715	1	"{""model__C"":0.1}"
phase1-n64-sensitivity	nuisance_combined	3	2	20262727	65	1	0.5290231659	1	"{""model__C"":0.1}"
phase1-n64-sensitivity	nuisance_combined	3	2	20262727	75	1	0.560709031	1	"{""model__C"":0.1}"
phase1-n64-sensitivity	nuisance_combined	3	3	20262727	01	0	0.4665927667	0	"{""model__C"":0.01}"
phase1-n64-sensitivity	nuisance_combined	3	3	20262727	02	0	0.4502758144	0	"{""model__C"":0.01}"
phase1-n64-sensitivity	nuisance_combined	3	3	20262727	04	0	0.4507410621	0	"{""model__C"":0.01}"
phase1-n64-sensitivity	nuisance_combined	3	3	20262727	08	0	0.46663529	0	"{""model__C"":0.01}"
phase1-n64-sensitivity	nuisance_combined	3	3	20262727	26	1	0.5073680796	1	"{""model__C"":0.01}"
phase1-n64-sensitivity	nuisance_combined	3	3	20262727	27	1	0.496010539	0	"{""model__C"":0.01}"
phase1-n64-sensitivity	nuisance_combined	3	3	20262727	36	1	0.5080513368	1	"{""model__C"":0.01}"
phase1-n64-sensitivity	nuisance_combined	3	3	20262727	42	1	0.491535404	0	"{""model__C"":0.01}"
phase1-n64-sensitivity	nuisance_combined	3	3	20262727	45	1	0.495754274	0	"{""model__C"":0.01}"
phase1-n64-sensitivity	nuisance_combined	3	3	20262727	46	1	0.5128667606	1	"{""model__C"":0.01}"
phase1-n64-sensitivity	nuisance_combined	3	3	20262727	49	1	0.495754274	0	"{""model__C"":0.01}"
phase1-n64-sensitivity	nuisance_combined	3	3	20262727	69	1	0.5121837697	1	"{""model__C"":0.01}"
phase1-n64-sensitivity	nuisance_combined	3	3	20262727	72	1	0.4962240948	0	"{""model__C"":0.01}"
phase1-n64-sensitivity	nuisance_combined	3	4	20262727	03	0	0.4328581373	0	"{""model__C"":0.01}"
phase1-n64-sensitivity	nuisance_combined	3	4	20262727	16	0	0.5166933716	1	"{""model__C"":0.01}"
phase1-n64-sensitivity	nuisance_combined	3	4	20262727	20	0	0.5210158415	1	"{""model__C"":0.01}"
phase1-n64-sensitivity	nuisance_combined	3	4	20262727	22	1	0.5170695737	1	"{""model__C"":0.01}"
phase1-n64-sensitivity	nuisance_combined	3	4	20262727	28	1	0.521166226	1	"{""model__C"":0.01}"
phase1-n64-sensitivity	nuisance_combined	3	4	20262727	32	1	0.5022784904	1	"{""model__C"":0.01}"
phase1-n64-sensitivity	nuisance_combined	3	4	20262727	35	1	0.497648566	0	"{""model__C"":0.01}"
phase1-n64-sensitivity	nuisance_combined	3	4	20262727	38	1	0.4985524683	0	"{""model__C"":0.01}"
phase1-n64-sensitivity	nuisance_combined	3	4	20262727	40	1	0.5022784904	1	"{""model__C"":0.01}"
phase1-n64-sensitivity	nuisance_combined	3	4	20262727	57	1	0.5167686135	1	"{""model__C"":0.01}"
phase1-n64-sensitivity	nuisance_combined	3	4	20262727	66	1	0.5020525157	1	"{""model__C"":0.01}"
phase1-n64-sensitivity	nuisance_combined	3	4	20262727	68	1	0.5170695737	1	"{""model__C"":0.01}"
phase1-n64-sensitivity	nuisance_combined	3	4	20262727	74	1	0.5166181289	1	"{""model__C"":0.01}"
phase1-n64-sensitivity	nuisance_combined	3	5	20262727	05	0	0.4716727331	0	"{""model__C"":0.01}"
phase1-n64-sensitivity	nuisance_combined	3	5	20262727	09	0	0.5345307989	1	"{""model__C"":0.01}"
phase1-n64-sensitivity	nuisance_combined	3	5	20262727	11	0	0.5305359401	1	"{""model__C"":0.01}"
phase1-n64-sensitivity	nuisance_combined	3	5	20262727	24	1	0.5339603639	1	"{""model__C"":0.01}"
phase1-n64-sensitivity	nuisance_combined	3	5	20262727	25	1	0.5031098768	1	"{""model__C"":0.01}"
phase1-n64-sensitivity	nuisance_combined	3	5	20262727	34	1	0.538521233	1	"{""model__C"":0.01}"
phase1-n64-sensitivity	nuisance_combined	3	5	20262727	51	1	0.5071213009	1	"{""model__C"":0.01}"
phase1-n64-sensitivity	nuisance_combined	3	5	20262727	53	1	0.5007759153	1	"{""model__C"":0.01}"
phase1-n64-sensitivity	nuisance_combined	3	5	20262727	56	1	0.5128501886	1	"{""model__C"":0.01}"
phase1-n64-sensitivity	nuisance_combined	3	5	20262727	58	1	0.4990980524	0	"{""model__C"":0.01}"
phase1-n64-sensitivity	nuisance_combined	3	5	20262727	61	1	0.5076942987	1	"{""model__C"":0.01}"
phase1-n64-sensitivity	nuisance_combined	3	5	20262727	71	1	0.5031098768	1	"{""model__C"":0.01}"
phase1-n64-sensitivity	fc	1	1	20260727	03	0	0.6347989066	1	"{""model__C"":1.0,""select__k"":64}"
phase1-n64-sensitivity	fc	1	1	20260727	09	0	0.9969501505	1	"{""model__C"":1.0,""select__k"":64}"
phase1-n64-sensitivity	fc	1	1	20260727	11	0	0.9928249508	1	"{""model__C"":1.0,""select__k"":64}"
phase1-n64-sensitivity	fc	1	1	20260727	20	0	0.9705910519	1	"{""model__C"":1.0,""select__k"":64}"
phase1-n64-sensitivity	fc	1	1	20260727	25	1	0.9722589065	1	"{""model__C"":1.0,""select__k"":64}"
phase1-n64-sensitivity	fc	1	1	20260727	41	1	0.9896312482	1	"{""model__C"":1.0,""select__k"":64}"
phase1-n64-sensitivity	fc	1	1	20260727	42	1	0.9983742686	1	"{""model__C"":1.0,""select__k"":64}"
phase1-n64-sensitivity	fc	1	1	20260727	51	1	0.4289486097	0	"{""model__C"":1.0,""select__k"":64}"
phase1-n64-sensitivity	fc	1	1	20260727	52	1	0.9991093	1	"{""model__C"":1.0,""select__k"":64}"
phase1-n64-sensitivity	fc	1	1	20260727	53	1	0.9921204825	1	"{""model__C"":1.0,""select__k"":64}"
phase1-n64-sensitivity	fc	1	1	20260727	66	1	0.910855638	1	"{""model__C"":1.0,""select__k"":64}"
phase1-n64-sensitivity	fc	1	1	20260727	67	1	0.9920487429	1	"{""model__C"":1.0,""select__k"":64}"
phase1-n64-sensitivity	fc	1	1	20260727	69	1	0.1599267553	0	"{""model__C"":1.0,""select__k"":64}"
phase1-n64-sensitivity	fc	1	2	20260727	04	0	0.2291132255	0	"{""model__C"":0.1,""select__k"":16}"
phase1-n64-sensitivity	fc	1	2	20260727	10	0	0.2167345944	0	"{""model__C"":0.1,""select__k"":16}"
phase1-n64-sensitivity	fc	1	2	20260727	16	0	0.1302284906	0	"{""model__C"":0.1,""select__k"":16}"
phase1-n64-sensitivity	fc	1	2	20260727	17	0	0.1887472321	0	"{""model__C"":0.1,""select__k"":16}"
phase1-n64-sensitivity	fc	1	2	20260727	22	1	0.2773340673	0	"{""model__C"":0.1,""select__k"":16}"
phase1-n64-sensitivity	fc	1	2	20260727	26	1	0.2296102801	0	"{""model__C"":0.1,""select__k"":16}"
phase1-n64-sensitivity	fc	1	2	20260727	39	1	0.7682152355	1	"{""model__C"":0.1,""select__k"":16}"
phase1-n64-sensitivity	fc	1	2	20260727	46	1	0.2100555786	0	"{""model__C"":0.1,""select__k"":16}"
phase1-n64-sensitivity	fc	1	2	20260727	47	1	0.6002138434	1	"{""model__C"":0.1,""select__k"":16}"
phase1-n64-sensitivity	fc	1	2	20260727	64	1	0.3625256512	0	"{""model__C"":0.1,""select__k"":16}"
phase1-n64-sensitivity	fc	1	2	20260727	71	1	0.977342985	1	"{""model__C"":0.1,""select__k"":16}"
phase1-n64-sensitivity	fc	1	2	20260727	72	1	0.9942000041	1	"{""model__C"":0.1,""select__k"":16}"
phase1-n64-sensitivity	fc	1	2	20260727	75	1	0.416220761	0	"{""model__C"":0.1,""select__k"":16}"
phase1-n64-sensitivity	fc	1	3	20260727	01	0	0.3151665316	0	"{""model__C"":1.0,""select__k"":128}"
phase1-n64-sensitivity	fc	1	3	20260727	07	0	0.4313557075	0	"{""model__C"":1.0,""select__k"":128}"
phase1-n64-sensitivity	fc	1	3	20260727	12	0	0.2115935173	0	"{""model__C"":1.0,""select__k"":128}"
phase1-n64-sensitivity	fc	1	3	20260727	13	0	0.9886185677	1	"{""model__C"":1.0,""select__k"":128}"
phase1-n64-sensitivity	fc	1	3	20260727	23	1	0.5425696812	1	"{""model__C"":1.0,""select__k"":128}"
phase1-n64-sensitivity	fc	1	3	20260727	24	1	0.9945152178	1	"{""model__C"":1.0,""select__k"":128}"
phase1-n64-sensitivity	fc	1	3	20260727	28	1	0.9414800431	1	"{""model__C"":1.0,""select__k"":128}"
phase1-n64-sensitivity	fc	1	3	20260727	36	1	0.3367709512	0	"{""model__C"":1.0,""select__k"":128}"
phase1-n64-sensitivity	fc	1	3	20260727	37	1	0.1924374489	0	"{""model__C"":1.0,""select__k"":128}"
phase1-n64-sensitivity	fc	1	3	20260727	38	1	0.6243142409	1	"{""model__C"":1.0,""select__k"":128}"
phase1-n64-sensitivity	fc	1	3	20260727	56	1	0.9994408061	1	"{""model__C"":1.0,""select__k"":128}"
phase1-n64-sensitivity	fc	1	3	20260727	61	1	0.2695245659	0	"{""model__C"":1.0,""select__k"":128}"
phase1-n64-sensitivity	fc	1	3	20260727	65	1	0.9941634542	1	"{""model__C"":1.0,""select__k"":128}"
phase1-n64-sensitivity	fc	1	4	20260727	02	0	0.3758205705	0	"{""model__C"":0.01,""select__k"":128}"
phase1-n64-sensitivity	fc	1	4	20260727	08	0	0.1586294224	0	"{""model__C"":0.01,""select__k"":128}"
phase1-n64-sensitivity	fc	1	4	20260727	19	0	0.4172650487	0	"{""model__C"":0.01,""select__k"":128}"
phase1-n64-sensitivity	fc	1	4	20260727	34	1	0.5149247044	1	"{""model__C"":0.01,""select__k"":128}"
phase1-n64-sensitivity	fc	1	4	20260727	35	1	0.5887135466	1	"{""model__C"":0.01,""select__k"":128}"
phase1-n64-sensitivity	fc	1	4	20260727	40	1	0.6554025453	1	"{""model__C"":0.01,""select__k"":128}"
phase1-n64-sensitivity	fc	1	4	20260727	49	1	0.6160313848	1	"{""model__C"":0.01,""select__k"":128}"
phase1-n64-sensitivity	fc	1	4	20260727	55	1	0.2496265271	0	"{""model__C"":0.01,""select__k"":128}"
phase1-n64-sensitivity	fc	1	4	20260727	57	1	0.6363387902	1	"{""model__C"":0.01,""select__k"":128}"
phase1-n64-sensitivity	fc	1	4	20260727	58	1	0.672716466	1	"{""model__C"":0.01,""select__k"":128}"
phase1-n64-sensitivity	fc	1	4	20260727	59	1	0.4159614635	0	"{""model__C"":0.01,""select__k"":128}"
phase1-n64-sensitivity	fc	1	4	20260727	62	1	0.2894364089	0	"{""model__C"":0.01,""select__k"":128}"
phase1-n64-sensitivity	fc	1	4	20260727	68	1	0.7891787772	1	"{""model__C"":0.01,""select__k"":128}"
phase1-n64-sensitivity	fc	1	5	20260727	05	0	0.7622700643	1	"{""model__C"":10.0,""select__k"":64}"
phase1-n64-sensitivity	fc	1	5	20260727	14	0	0.3968821749	0	"{""model__C"":10.0,""select__k"":64}"
phase1-n64-sensitivity	fc	1	5	20260727	18	0	0.4941967787	0	"{""model__C"":10.0,""select__k"":64}"
phase1-n64-sensitivity	fc	1	5	20260727	27	1	0.9833819759	1	"{""model__C"":10.0,""select__k"":64}"
phase1-n64-sensitivity	fc	1	5	20260727	31	1	0.9210044159	1	"{""model__C"":10.0,""select__k"":64}"
phase1-n64-sensitivity	fc	1	5	20260727	32	1	0.999993831	1	"{""model__C"":10.0,""select__k"":64}"
phase1-n64-sensitivity	fc	1	5	20260727	43	1	0.987974138	1	"{""model__C"":10.0,""select__k"":64}"
phase1-n64-sensitivity	fc	1	5	20260727	45	1	0.2236848854	0	"{""model__C"":10.0,""select__k"":64}"
phase1-n64-sensitivity	fc	1	5	20260727	50	1	0.9998475671	1	"{""model__C"":10.0,""select__k"":64}"
phase1-n64-sensitivity	fc	1	5	20260727	60	1	0.9971240533	1	"{""model__C"":10.0,""select__k"":64}"
phase1-n64-sensitivity	fc	1	5	20260727	63	1	0.9992637817	1	"{""model__C"":10.0,""select__k"":64}"
phase1-n64-sensitivity	fc	1	5	20260727	74	1	0.992867894	1	"{""model__C"":10.0,""select__k"":64}"
phase1-n64-sensitivity	fc	2	1	20261727	04	0	0.5210020899	1	"{""model__C"":10.0,""select__k"":64}"
phase1-n64-sensitivity	fc	2	1	20261727	10	0	0.5616068475	1	"{""model__C"":10.0,""select__k"":64}"
phase1-n64-sensitivity	fc	2	1	20261727	18	0	0.7008180793	1	"{""model__C"":10.0,""select__k"":64}"
phase1-n64-sensitivity	fc	2	1	20261727	20	0	0.6513306797	1	"{""model__C"":10.0,""select__k"":64}"
phase1-n64-sensitivity	fc	2	1	20261727	24	1	0.9859696866	1	"{""model__C"":10.0,""select__k"":64}"
phase1-n64-sensitivity	fc	2	1	20261727	25	1	0.9982065919	1	"{""model__C"":10.0,""select__k"":64}"
phase1-n64-sensitivity	fc	2	1	20261727	27	1	0.4394806885	0	"{""model__C"":10.0,""select__k"":64}"
phase1-n64-sensitivity	fc	2	1	20261727	34	1	0.9909335336	1	"{""model__C"":10.0,""select__k"":64}"
phase1-n64-sensitivity	fc	2	1	20261727	38	1	0.9975836025	1	"{""model__C"":10.0,""select__k"":64}"
phase1-n64-sensitivity	fc	2	1	20261727	39	1	0.9710040253	1	"{""model__C"":10.0,""select__k"":64}"
phase1-n64-sensitivity	fc	2	1	20261727	59	1	0.109265038	0	"{""model__C"":10.0,""select__k"":64}"
phase1-n64-sensitivity	fc	2	1	20261727	64	1	0.991091716	1	"{""model__C"":10.0,""select__k"":64}"
phase1-n64-sensitivity	fc	2	1	20261727	65	1	0.9891100809	1	"{""model__C"":10.0,""select__k"":64}"
phase1-n64-sensitivity	fc	2	2	20261727	03	0	0.5756832505	1	"{""model__C"":0.01,""select__k"":128}"
phase1-n64-sensitivity	fc	2	2	20261727	11	0	0.5169829449	1	"{""model__C"":0.01,""select__k"":128}"
phase1-n64-sensitivity	fc	2	2	20261727	13	0	0.6771906281	1	"{""model__C"":0.01,""select__k"":128}"
phase1-n64-sensitivity	fc	2	2	20261727	16	0	0.153580265	0	"{""model__C"":0.01,""select__k"":128}"
phase1-n64-sensitivity	fc	2	2	20261727	35	1	0.6017290557	1	"{""model__C"":0.01,""select__k"":128}"
phase1-n64-sensitivity	fc	2	2	20261727	36	1	0.3199913459	0	"{""model__C"":0.01,""select__k"":128}"
phase1-n64-sensitivity	fc	2	2	20261727	41	1	0.7191308647	1	"{""model__C"":0.01,""select__k"":128}"
phase1-n64-sensitivity	fc	2	2	20261727	42	1	0.4124372854	0	"{""model__C"":0.01,""select__k"":128}"
phase1-n64-sensitivity	fc	2	2	20261727	51	1	0.2385322563	0	"{""model__C"":0.01,""select__k"":128}"
phase1-n64-sensitivity	fc	2	2	20261727	53	1	0.7904833995	1	"{""model__C"":0.01,""select__k"":128}"
phase1-n64-sensitivity	fc	2	2	20261727	55	1	0.1556255173	0	"{""model__C"":0.01,""select__k"":128}"
phase1-n64-sensitivity	fc	2	2	20261727	60	1	0.3910425268	0	"{""model__C"":0.01,""select__k"":128}"
phase1-n64-sensitivity	fc	2	2	20261727	61	1	0.3872544415	0	"{""model__C"":0.01,""select__k"":128}"
phase1-n64-sensitivity	fc	2	3	20261727	02	0	0.513537006	1	"{""model__C"":0.01,""select__k"":128}"
phase1-n64-sensitivity	fc	2	3	20261727	07	0	0.4147472421	0	"{""model__C"":0.01,""select__k"":128}"
phase1-n64-sensitivity	fc	2	3	20261727	08	0	0.2284499459	0	"{""model__C"":0.01,""select__k"":128}"
phase1-n64-sensitivity	fc	2	3	20261727	17	0	0.2024526245	0	"{""model__C"":0.01,""select__k"":128}"
phase1-n64-sensitivity	fc	2	3	20261727	23	1	0.3091678439	0	"{""model__C"":0.01,""select__k"":128}"
phase1-n64-sensitivity	fc	2	3	20261727	26	1	0.2886644125	0	"{""model__C"":0.01,""select__k"":128}"
phase1-n64-sensitivity	fc	2	3	20261727	37	1	0.3353453686	0	"{""model__C"":0.01,""select__k"":128}"
phase1-n64-sensitivity	fc	2	3	20261727	46	1	0.3171091012	0	"{""model__C"":0.01,""select__k"":128}"
phase1-n64-sensitivity	fc	2	3	20261727	49	1	0.6820296406	1	"{""model__C"":0.01,""select__k"":128}"
phase1-n64-sensitivity	fc	2	3	20261727	52	1	0.8324835901	1	"{""model__C"":0.01,""select__k"":128}"
phase1-n64-sensitivity	fc	2	3	20261727	58	1	0.6679546827	1	"{""model__C"":0.01,""select__k"":128}"
phase1-n64-sensitivity	fc	2	3	20261727	66	1	0.420593207	0	"{""model__C"":0.01,""select__k"":128}"
phase1-n64-sensitivity	fc	2	3	20261727	69	1	0.3412727839	0	"{""model__C"":0.01,""select__k"":128}"
phase1-n64-sensitivity	fc	2	4	20261727	12	0	0.685848501	1	"{""model__C"":1.0,""select__k"":128}"
phase1-n64-sensitivity	fc	2	4	20261727	14	0	0.2625742289	0	"{""model__C"":1.0,""select__k"":128}"
phase1-n64-sensitivity	fc	2	4	20261727	19	0	0.971192137	1	"{""model__C"":1.0,""select__k"":128}"
phase1-n64-sensitivity	fc	2	4	20261727	22	1	0.4885196029	0	"{""model__C"":1.0,""select__k"":128}"
phase1-n64-sensitivity	fc	2	4	20261727	28	1	0.4070322279	0	"{""model__C"":1.0,""select__k"":128}"
phase1-n64-sensitivity	fc	2	4	20261727	32	1	0.8439166947	1	"{""model__C"":1.0,""select__k"":128}"
phase1-n64-sensitivity	fc	2	4	20261727	45	1	0.9233933108	1	"{""model__C"":1.0,""select__k"":128}"
phase1-n64-sensitivity	fc	2	4	20261727	47	1	0.7055573526	1	"{""model__C"":1.0,""select__k"":128}"
phase1-n64-sensitivity	fc	2	4	20261727	50	1	0.9969719173	1	"{""model__C"":1.0,""select__k"":128}"
phase1-n64-sensitivity	fc	2	4	20261727	57	1	0.8986947747	1	"{""model__C"":1.0,""select__k"":128}"
phase1-n64-sensitivity	fc	2	4	20261727	68	1	0.9154392848	1	"{""model__C"":1.0,""select__k"":128}"
phase1-n64-sensitivity	fc	2	4	20261727	71	1	0.9990210272	1	"{""model__C"":1.0,""select__k"":128}"
phase1-n64-sensitivity	fc	2	4	20261727	75	1	0.5412698158	1	"{""model__C"":1.0,""select__k"":128}"
phase1-n64-sensitivity	fc	2	5	20261727	01	0	0.3797084419	0	"{""model__C"":0.01,""select__k"":32}"
phase1-n64-sensitivity	fc	2	5	20261727	05	0	0.7093541131	1	"{""model__C"":0.01,""select__k"":32}"
phase1-n64-sensitivity	fc	2	5	20261727	09	0	0.7401043193	1	"{""model__C"":0.01,""select__k"":32}"
phase1-n64-sensitivity	fc	2	5	20261727	31	1	0.6764114424	1	"{""model__C"":0.01,""select__k"":32}"
phase1-n64-sensitivity	fc	2	5	20261727	40	1	0.7788640583	1	"{""model__C"":0.01,""select__k"":32}"
phase1-n64-sensitivity	fc	2	5	20261727	43	1	0.5089438973	1	"{""model__C"":0.01,""select__k"":32}"
phase1-n64-sensitivity	fc	2	5	20261727	56	1	0.652450391	1	"{""model__C"":0.01,""select__k"":32}"
phase1-n64-sensitivity	fc	2	5	20261727	62	1	0.3629839746	0	"{""model__C"":0.01,""select__k"":32}"
phase1-n64-sensitivity	fc	2	5	20261727	63	1	0.4567961471	0	"{""model__C"":0.01,""select__k"":32}"
phase1-n64-sensitivity	fc	2	5	20261727	67	1	0.2621710914	0	"{""model__C"":0.01,""select__k"":32}"
phase1-n64-sensitivity	fc	2	5	20261727	72	1	0.779685217	1	"{""model__C"":0.01,""select__k"":32}"
phase1-n64-sensitivity	fc	2	5	20261727	74	1	0.3724204943	0	"{""model__C"":0.01,""select__k"":32}"
phase1-n64-sensitivity	fc	3	1	20262727	10	0	0.7898344391	1	"{""model__C"":0.1,""select__k"":128}"
phase1-n64-sensitivity	fc	3	1	20262727	12	0	0.4761875611	0	"{""model__C"":0.1,""select__k"":128}"
phase1-n64-sensitivity	fc	3	1	20262727	14	0	0.4705616934	0	"{""model__C"":0.1,""select__k"":128}"
phase1-n64-sensitivity	fc	3	1	20262727	18	0	0.2772177037	0	"{""model__C"":0.1,""select__k"":128}"
phase1-n64-sensitivity	fc	3	1	20262727	31	1	0.5833925322	1	"{""model__C"":0.1,""select__k"":128}"
phase1-n64-sensitivity	fc	3	1	20262727	41	1	0.8394628634	1	"{""model__C"":0.1,""select__k"":128}"
phase1-n64-sensitivity	fc	3	1	20262727	50	1	0.8579488681	1	"{""model__C"":0.1,""select__k"":128}"
phase1-n64-sensitivity	fc	3	1	20262727	52	1	0.9512985399	1	"{""model__C"":0.1,""select__k"":128}"
phase1-n64-sensitivity	fc	3	1	20262727	55	1	0.0448865331	0	"{""model__C"":0.1,""select__k"":128}"
phase1-n64-sensitivity	fc	3	1	20262727	59	1	0.09811891827	0	"{""model__C"":0.1,""select__k"":128}"
phase1-n64-sensitivity	fc	3	1	20262727	60	1	0.5396848253	1	"{""model__C"":0.1,""select__k"":128}"
phase1-n64-sensitivity	fc	3	1	20262727	62	1	0.2560890641	0	"{""model__C"":0.1,""select__k"":128}"
phase1-n64-sensitivity	fc	3	1	20262727	67	1	0.3089338742	0	"{""model__C"":0.1,""select__k"":128}"
phase1-n64-sensitivity	fc	3	2	20262727	07	0	0.3846993896	0	"{""model__C"":0.01,""select__k"":128}"
phase1-n64-sensitivity	fc	3	2	20262727	13	0	0.6944556599	1	"{""model__C"":0.01,""select__k"":128}"
phase1-n64-sensitivity	fc	3	2	20262727	17	0	0.2181201598	0	"{""model__C"":0.01,""select__k"":128}"
phase1-n64-sensitivity	fc	3	2	20262727	19	0	0.476229974	0	"{""model__C"":0.01,""select__k"":128}"
phase1-n64-sensitivity	fc	3	2	20262727	23	1	0.3591349984	0	"{""model__C"":0.01,""select__k"":128}"
phase1-n64-sensitivity	fc	3	2	20262727	37	1	0.3353406714	0	"{""model__C"":0.01,""select__k"":128}"
phase1-n64-sensitivity	fc	3	2	20262727	39	1	0.6696996298	1	"{""model__C"":0.01,""select__k"":128}"
phase1-n64-sensitivity	fc	3	2	20262727	43	1	0.2693967819	0	"{""model__C"":0.01,""select__k"":128}"
phase1-n64-sensitivity	fc	3	2	20262727	47	1	0.4418089208	0	"{""model__C"":0.01,""select__k"":128}"
phase1-n64-sensitivity	fc	3	2	20262727	63	1	0.5283196657	1	"{""model__C"":0.01,""select__k"":128}"
phase1-n64-sensitivity	fc	3	2	20262727	64	1	0.444522743	0	"{""model__C"":0.01,""select__k"":128}"
phase1-n64-sensitivity	fc	3	2	20262727	65	1	0.5242859151	1	"{""model__C"":0.01,""select__k"":128}"
phase1-n64-sensitivity	fc	3	2	20262727	75	1	0.3609977785	0	"{""model__C"":0.01,""select__k"":128}"
phase1-n64-sensitivity	fc	3	3	20262727	01	0	0.9832954514	1	"{""model__C"":10.0,""select__k"":64}"
phase1-n64-sensitivity	fc	3	3	20262727	02	0	0.882281214	1	"{""model__C"":10.0,""select__k"":64}"
phase1-n64-sensitivity	fc	3	3	20262727	04	0	0.5632738962	1	"{""model__C"":10.0,""select__k"":64}"
phase1-n64-sensitivity	fc	3	3	20262727	08	0	0.01511203306	0	"{""model__C"":10.0,""select__k"":64}"
phase1-n64-sensitivity	fc	3	3	20262727	26	1	0.491829957	0	"{""model__C"":10.0,""select__k"":64}"
phase1-n64-sensitivity	fc	3	3	20262727	27	1	0.9941532726	1	"{""model__C"":10.0,""select__k"":64}"
phase1-n64-sensitivity	fc	3	3	20262727	36	1	0.2563004456	0	"{""model__C"":10.0,""select__k"":64}"
phase1-n64-sensitivity	fc	3	3	20262727	42	1	0.1617279936	0	"{""model__C"":10.0,""select__k"":64}"
phase1-n64-sensitivity	fc	3	3	20262727	45	1	0.8992741741	1	"{""model__C"":10.0,""select__k"":64}"
phase1-n64-sensitivity	fc	3	3	20262727	46	1	0.2128013939	0	"{""model__C"":10.0,""select__k"":64}"
phase1-n64-sensitivity	fc	3	3	20262727	49	1	0.9958999864	1	"{""model__C"":10.0,""select__k"":64}"
phase1-n64-sensitivity	fc	3	3	20262727	69	1	0.9379743148	1	"{""model__C"":10.0,""select__k"":64}"
phase1-n64-sensitivity	fc	3	3	20262727	72	1	0.9999999488	1	"{""model__C"":10.0,""select__k"":64}"
phase1-n64-sensitivity	fc	3	4	20262727	03	0	0.5262016934	1	"{""model__C"":0.01,""select__k"":128}"
phase1-n64-sensitivity	fc	3	4	20262727	16	0	0.2329952993	0	"{""model__C"":0.01,""select__k"":128}"
phase1-n64-sensitivity	fc	3	4	20262727	20	0	0.428120283	0	"{""model__C"":0.01,""select__k"":128}"
phase1-n64-sensitivity	fc	3	4	20262727	22	1	0.4079411756	0	"{""model__C"":0.01,""select__k"":128}"
phase1-n64-sensitivity	fc	3	4	20262727	28	1	0.6770980083	1	"{""model__C"":0.01,""select__k"":128}"
phase1-n64-sensitivity	fc	3	4	20262727	32	1	0.8058690098	1	"{""model__C"":0.01,""select__k"":128}"
phase1-n64-sensitivity	fc	3	4	20262727	35	1	0.5667958051	1	"{""model__C"":0.01,""select__k"":128}"
phase1-n64-sensitivity	fc	3	4	20262727	38	1	0.3681059269	0	"{""model__C"":0.01,""select__k"":128}"
phase1-n64-sensitivity	fc	3	4	20262727	40	1	0.6312279048	1	"{""model__C"":0.01,""select__k"":128}"
phase1-n64-sensitivity	fc	3	4	20262727	57	1	0.624277076	1	"{""model__C"":0.01,""select__k"":128}"
phase1-n64-sensitivity	fc	3	4	20262727	66	1	0.5832461191	1	"{""model__C"":0.01,""select__k"":128}"
phase1-n64-sensitivity	fc	3	4	20262727	68	1	0.8297963106	1	"{""model__C"":0.01,""select__k"":128}"
phase1-n64-sensitivity	fc	3	4	20262727	74	1	0.2983099918	0	"{""model__C"":0.01,""select__k"":128}"
phase1-n64-sensitivity	fc	3	5	20262727	05	0	0.9642590776	1	"{""model__C"":0.1,""select__k"":64}"
phase1-n64-sensitivity	fc	3	5	20262727	09	0	0.9499579846	1	"{""model__C"":0.1,""select__k"":64}"
phase1-n64-sensitivity	fc	3	5	20262727	11	0	0.8790752936	1	"{""model__C"":0.1,""select__k"":64}"
phase1-n64-sensitivity	fc	3	5	20262727	24	1	0.9312307132	1	"{""model__C"":0.1,""select__k"":64}"
phase1-n64-sensitivity	fc	3	5	20262727	25	1	0.4398046682	0	"{""model__C"":0.1,""select__k"":64}"
phase1-n64-sensitivity	fc	3	5	20262727	34	1	0.9522653609	1	"{""model__C"":0.1,""select__k"":64}"
phase1-n64-sensitivity	fc	3	5	20262727	51	1	0.2097186415	0	"{""model__C"":0.1,""select__k"":64}"
phase1-n64-sensitivity	fc	3	5	20262727	53	1	0.7356813399	1	"{""model__C"":0.1,""select__k"":64}"
phase1-n64-sensitivity	fc	3	5	20262727	56	1	0.7892548076	1	"{""model__C"":0.1,""select__k"":64}"
phase1-n64-sensitivity	fc	3	5	20262727	58	1	0.4446081251	0	"{""model__C"":0.1,""select__k"":64}"
phase1-n64-sensitivity	fc	3	5	20262727	61	1	0.3801587384	0	"{""model__C"":0.1,""select__k"":64}"
phase1-n64-sensitivity	fc	3	5	20262727	71	1	0.9395039772	1	"{""model__C"":0.1,""select__k"":64}"
phase1-n64-sensitivity	nodes	1	1	20260727	03	0	0.4565881649	0	"{""model__C"":0.1,""select__k"":16}"
phase1-n64-sensitivity	nodes	1	1	20260727	09	0	0.6293706286	1	"{""model__C"":0.1,""select__k"":16}"
phase1-n64-sensitivity	nodes	1	1	20260727	11	0	0.805719292	1	"{""model__C"":0.1,""select__k"":16}"
phase1-n64-sensitivity	nodes	1	1	20260727	20	0	0.8086506336	1	"{""model__C"":0.1,""select__k"":16}"
phase1-n64-sensitivity	nodes	1	1	20260727	25	1	0.8574927239	1	"{""model__C"":0.1,""select__k"":16}"
phase1-n64-sensitivity	nodes	1	1	20260727	41	1	0.8722552085	1	"{""model__C"":0.1,""select__k"":16}"
phase1-n64-sensitivity	nodes	1	1	20260727	42	1	0.8597351394	1	"{""model__C"":0.1,""select__k"":16}"
phase1-n64-sensitivity	nodes	1	1	20260727	51	1	0.4499276698	0	"{""model__C"":0.1,""select__k"":16}"
phase1-n64-sensitivity	nodes	1	1	20260727	52	1	0.9414563318	1	"{""model__C"":0.1,""select__k"":16}"
phase1-n64-sensitivity	nodes	1	1	20260727	53	1	0.8952313943	1	"{""model__C"":0.1,""select__k"":16}"
phase1-n64-sensitivity	nodes	1	1	20260727	66	1	0.6027689107	1	"{""model__C"":0.1,""select__k"":16}"
phase1-n64-sensitivity	nodes	1	1	20260727	67	1	0.7163557485	1	"{""model__C"":0.1,""select__k"":16}"
phase1-n64-sensitivity	nodes	1	1	20260727	69	1	0.2260690905	0	"{""model__C"":0.1,""select__k"":16}"
phase1-n64-sensitivity	nodes	1	2	20260727	04	0	0.27859816	0	"{""model__C"":0.1,""select__k"":128}"
phase1-n64-sensitivity	nodes	1	2	20260727	10	0	0.850248368	1	"{""model__C"":0.1,""select__k"":128}"
phase1-n64-sensitivity	nodes	1	2	20260727	16	0	0.08572473207	0	"{""model__C"":0.1,""select__k"":128}"
phase1-n64-sensitivity	nodes	1	2	20260727	17	0	0.2618279699	0	"{""model__C"":0.1,""select__k"":128}"
phase1-n64-sensitivity	nodes	1	2	20260727	22	1	0.471658417	0	"{""model__C"":0.1,""select__k"":128}"
phase1-n64-sensitivity	nodes	1	2	20260727	26	1	0.6346823534	1	"{""model__C"":0.1,""select__k"":128}"
phase1-n64-sensitivity	nodes	1	2	20260727	39	1	0.5158536906	1	"{""model__C"":0.1,""select__k"":128}"
phase1-n64-sensitivity	nodes	1	2	20260727	46	1	0.4472877743	0	"{""model__C"":0.1,""select__k"":128}"
phase1-n64-sensitivity	nodes	1	2	20260727	47	1	0.1273530781	0	"{""model__C"":0.1,""select__k"":128}"
phase1-n64-sensitivity	nodes	1	2	20260727	64	1	0.4231650316	0	"{""model__C"":0.1,""select__k"":128}"
phase1-n64-sensitivity	nodes	1	2	20260727	71	1	0.7775162336	1	"{""model__C"":0.1,""select__k"":128}"
phase1-n64-sensitivity	nodes	1	2	20260727	72	1	0.9743639404	1	"{""model__C"":0.1,""select__k"":128}"
phase1-n64-sensitivity	nodes	1	2	20260727	75	1	0.2321667939	0	"{""model__C"":0.1,""select__k"":128}"
phase1-n64-sensitivity	nodes	1	3	20260727	01	0	0.9559186663	1	"{""model__C"":10.0,""select__k"":128}"
phase1-n64-sensitivity	nodes	1	3	20260727	07	0	0.003379403218	0	"{""model__C"":10.0,""select__k"":128}"
phase1-n64-sensitivity	nodes	1	3	20260727	12	0	0.2490913612	0	"{""model__C"":10.0,""select__k"":128}"
phase1-n64-sensitivity	nodes	1	3	20260727	13	0	0.9998347813	1	"{""model__C"":10.0,""select__k"":128}"
phase1-n64-sensitivity	nodes	1	3	20260727	23	1	0.06227621696	0	"{""model__C"":10.0,""select__k"":128}"
phase1-n64-sensitivity	nodes	1	3	20260727	24	1	0.9959089114	1	"{""model__C"":10.0,""select__k"":128}"
phase1-n64-sensitivity	nodes	1	3	20260727	28	1	0.5645446137	1	"{""model__C"":10.0,""select__k"":128}"
phase1-n64-sensitivity	nodes	1	3	20260727	36	1	0.9960174856	1	"{""model__C"":10.0,""select__k"":128}"
phase1-n64-sensitivity	nodes	1	3	20260727	37	1	0.04940443089	0	"{""model__C"":10.0,""select__k"":128}"
phase1-n64-sensitivity	nodes	1	3	20260727	38	1	0.9307883214	1	"{""model__C"":10.0,""select__k"":128}"
phase1-n64-sensitivity	nodes	1	3	20260727	56	1	0.9999495852	1	"{""model__C"":10.0,""select__k"":128}"
phase1-n64-sensitivity	nodes	1	3	20260727	61	1	0.9999283661	1	"{""model__C"":10.0,""select__k"":128}"
phase1-n64-sensitivity	nodes	1	3	20260727	65	1	0.9300697104	1	"{""model__C"":10.0,""select__k"":128}"
phase1-n64-sensitivity	nodes	1	4	20260727	02	0	0.2872538371	0	"{""model__C"":0.01,""select__k"":32}"
phase1-n64-sensitivity	nodes	1	4	20260727	08	0	0.2486201359	0	"{""model__C"":0.01,""select__k"":32}"
phase1-n64-sensitivity	nodes	1	4	20260727	19	0	0.2188134466	0	"{""model__C"":0.01,""select__k"":32}"
phase1-n64-sensitivity	nodes	1	4	20260727	34	1	0.6945245092	1	"{""model__C"":0.01,""select__k"":32}"
phase1-n64-sensitivity	nodes	1	4	20260727	35	1	0.7612780175	1	"{""model__C"":0.01,""select__k"":32}"
phase1-n64-sensitivity	nodes	1	4	20260727	40	1	0.6675594157	1	"{""model__C"":0.01,""select__k"":32}"
phase1-n64-sensitivity	nodes	1	4	20260727	49	1	0.4339797116	0	"{""model__C"":0.01,""select__k"":32}"
phase1-n64-sensitivity	nodes	1	4	20260727	55	1	0.4006723064	0	"{""model__C"":0.01,""select__k"":32}"
phase1-n64-sensitivity	nodes	1	4	20260727	57	1	0.7038497388	1	"{""model__C"":0.01,""select__k"":32}"
phase1-n64-sensitivity	nodes	1	4	20260727	58	1	0.5236729795	1	"{""model__C"":0.01,""select__k"":32}"
phase1-n64-sensitivity	nodes	1	4	20260727	59	1	0.2288479438	0	"{""model__C"":0.01,""select__k"":32}"
phase1-n64-sensitivity	nodes	1	4	20260727	62	1	0.3093028407	0	"{""model__C"":0.01,""select__k"":32}"
phase1-n64-sensitivity	nodes	1	4	20260727	68	1	0.6362179806	1	"{""model__C"":0.01,""select__k"":32}"
phase1-n64-sensitivity	nodes	1	5	20260727	05	0	0.3312223436	0	"{""model__C"":0.01,""select__k"":64}"
phase1-n64-sensitivity	nodes	1	5	20260727	14	0	0.2651866879	0	"{""model__C"":0.01,""select__k"":64}"
phase1-n64-sensitivity	nodes	1	5	20260727	18	0	0.2969870961	0	"{""model__C"":0.01,""select__k"":64}"
phase1-n64-sensitivity	nodes	1	5	20260727	27	1	0.682111779	1	"{""model__C"":0.01,""select__k"":64}"
phase1-n64-sensitivity	nodes	1	5	20260727	31	1	0.4844525321	0	"{""model__C"":0.01,""select__k"":64}"
phase1-n64-sensitivity	nodes	1	5	20260727	32	1	0.7543900877	1	"{""model__C"":0.01,""select__k"":64}"
phase1-n64-sensitivity	nodes	1	5	20260727	43	1	0.4588088229	0	"{""model__C"":0.01,""select__k"":64}"
phase1-n64-sensitivity	nodes	1	5	20260727	45	1	0.6019805	1	"{""model__C"":0.01,""select__k"":64}"
phase1-n64-sensitivity	nodes	1	5	20260727	50	1	0.6497921925	1	"{""model__C"":0.01,""select__k"":64}"
phase1-n64-sensitivity	nodes	1	5	20260727	60	1	0.4507751936	0	"{""model__C"":0.01,""select__k"":64}"
phase1-n64-sensitivity	nodes	1	5	20260727	63	1	0.3704838296	0	"{""model__C"":0.01,""select__k"":64}"
phase1-n64-sensitivity	nodes	1	5	20260727	74	1	0.4961981553	0	"{""model__C"":0.01,""select__k"":64}"
phase1-n64-sensitivity	nodes	2	1	20261727	04	0	0.003564748961	0	"{""model__C"":10.0,""select__k"":128}"
phase1-n64-sensitivity	nodes	2	1	20261727	10	0	0.9993798418	1	"{""model__C"":10.0,""select__k"":128}"
phase1-n64-sensitivity	nodes	2	1	20261727	18	0	0.003013768872	0	"{""model__C"":10.0,""select__k"":128}"
phase1-n64-sensitivity	nodes	2	1	20261727	20	0	0.9952542948	1	"{""model__C"":10.0,""select__k"":128}"
phase1-n64-sensitivity	nodes	2	1	20261727	24	1	0.9987993397	1	"{""model__C"":10.0,""select__k"":128}"
phase1-n64-sensitivity	nodes	2	1	20261727	25	1	0.9461701116	1	"{""model__C"":10.0,""select__k"":128}"
phase1-n64-sensitivity	nodes	2	1	20261727	27	1	0.7140927813	1	"{""model__C"":10.0,""select__k"":128}"
phase1-n64-sensitivity	nodes	2	1	20261727	34	1	0.974398324	1	"{""model__C"":10.0,""select__k"":128}"
phase1-n64-sensitivity	nodes	2	1	20261727	38	1	0.1769216058	0	"{""model__C"":10.0,""select__k"":128}"
phase1-n64-sensitivity	nodes	2	1	20261727	39	1	0.4329068996	0	"{""model__C"":10.0,""select__k"":128}"
phase1-n64-sensitivity	nodes	2	1	20261727	59	1	0.5546784137	1	"{""model__C"":10.0,""select__k"":128}"
phase1-n64-sensitivity	nodes	2	1	20261727	64	1	0.0523787292	0	"{""model__C"":10.0,""select__k"":128}"
phase1-n64-sensitivity	nodes	2	1	20261727	65	1	0.5587763449	1	"{""model__C"":10.0,""select__k"":128}"
phase1-n64-sensitivity	nodes	2	2	20261727	03	0	0.5349792867	1	"{""model__C"":0.01,""select__k"":128}"
phase1-n64-sensitivity	nodes	2	2	20261727	11	0	0.4170038281	0	"{""model__C"":0.01,""select__k"":128}"
phase1-n64-sensitivity	nodes	2	2	20261727	13	0	0.8029361262	1	"{""model__C"":0.01,""select__k"":128}"
phase1-n64-sensitivity	nodes	2	2	20261727	16	0	0.2231205188	0	"{""model__C"":0.01,""select__k"":128}"
phase1-n64-sensitivity	nodes	2	2	20261727	35	1	0.8360892727	1	"{""model__C"":0.01,""select__k"":128}"
phase1-n64-sensitivity	nodes	2	2	20261727	36	1	0.488692723	0	"{""model__C"":0.01,""select__k"":128}"
phase1-n64-sensitivity	nodes	2	2	20261727	41	1	0.7823277734	1	"{""model__C"":0.01,""select__k"":128}"
phase1-n64-sensitivity	nodes	2	2	20261727	42	1	0.8678777757	1	"{""model__C"":0.01,""select__k"":128}"
phase1-n64-sensitivity	nodes	2	2	20261727	51	1	0.2509116454	0	"{""model__C"":0.01,""select__k"":128}"
phase1-n64-sensitivity	nodes	2	2	20261727	53	1	0.7000605674	1	"{""model__C"":0.01,""select__k"":128}"
phase1-n64-sensitivity	nodes	2	2	20261727	55	1	0.4100697513	0	"{""model__C"":0.01,""select__k"":128}"
phase1-n64-sensitivity	nodes	2	2	20261727	60	1	0.4373965349	0	"{""model__C"":0.01,""select__k"":128}"
phase1-n64-sensitivity	nodes	2	2	20261727	61	1	0.5091596022	1	"{""model__C"":0.01,""select__k"":128}"
phase1-n64-sensitivity	nodes	2	3	20261727	02	0	0.2363662175	0	"{""model__C"":0.01,""select__k"":64}"
phase1-n64-sensitivity	nodes	2	3	20261727	07	0	0.2826708333	0	"{""model__C"":0.01,""select__k"":64}"
phase1-n64-sensitivity	nodes	2	3	20261727	08	0	0.1847123338	0	"{""model__C"":0.01,""select__k"":64}"
phase1-n64-sensitivity	nodes	2	3	20261727	17	0	0.2476880093	0	"{""model__C"":0.01,""select__k"":64}"
phase1-n64-sensitivity	nodes	2	3	20261727	23	1	0.1907031154	0	"{""model__C"":0.01,""select__k"":64}"
phase1-n64-sensitivity	nodes	2	3	20261727	26	1	0.5466719411	1	"{""model__C"":0.01,""select__k"":64}"
phase1-n64-sensitivity	nodes	2	3	20261727	37	1	0.3553033023	0	"{""model__C"":0.01,""select__k"":64}"
phase1-n64-sensitivity	nodes	2	3	20261727	46	1	0.3907416118	0	"{""model__C"":0.01,""select__k"":64}"
phase1-n64-sensitivity	nodes	2	3	20261727	49	1	0.4938636146	0	"{""model__C"":0.01,""select__k"":64}"
phase1-n64-sensitivity	nodes	2	3	20261727	52	1	0.709701618	1	"{""model__C"":0.01,""select__k"":64}"
phase1-n64-sensitivity	nodes	2	3	20261727	58	1	0.525461078	1	"{""model__C"":0.01,""select__k"":64}"
phase1-n64-sensitivity	nodes	2	3	20261727	66	1	0.4949211373	0	"{""model__C"":0.01,""select__k"":64}"
phase1-n64-sensitivity	nodes	2	3	20261727	69	1	0.2504399133	0	"{""model__C"":0.01,""select__k"":64}"
phase1-n64-sensitivity	nodes	2	4	20261727	12	0	0.06220593278	0	"{""model__C"":1.0,""select__k"":64}"
phase1-n64-sensitivity	nodes	2	4	20261727	14	0	0.004214111234	0	"{""model__C"":1.0,""select__k"":64}"
phase1-n64-sensitivity	nodes	2	4	20261727	19	0	0.0003617304578	0	"{""model__C"":1.0,""select__k"":64}"
phase1-n64-sensitivity	nodes	2	4	20261727	22	1	0.2262567849	0	"{""model__C"":1.0,""select__k"":64}"
phase1-n64-sensitivity	nodes	2	4	20261727	28	1	0.6224257434	1	"{""model__C"":1.0,""select__k"":64}"
phase1-n64-sensitivity	nodes	2	4	20261727	32	1	0.9545202816	1	"{""model__C"":1.0,""select__k"":64}"
phase1-n64-sensitivity	nodes	2	4	20261727	45	1	0.9810315528	1	"{""model__C"":1.0,""select__k"":64}"
phase1-n64-sensitivity	nodes	2	4	20261727	47	1	0.3680511712	0	"{""model__C"":1.0,""select__k"":64}"
phase1-n64-sensitivity	nodes	2	4	20261727	50	1	0.7198137945	1	"{""model__C"":1.0,""select__k"":64}"
phase1-n64-sensitivity	nodes	2	4	20261727	57	1	0.9964266326	1	"{""model__C"":1.0,""select__k"":64}"
phase1-n64-sensitivity	nodes	2	4	20261727	68	1	0.2270611344	0	"{""model__C"":1.0,""select__k"":64}"
phase1-n64-sensitivity	nodes	2	4	20261727	71	1	0.7706338012	1	"{""model__C"":1.0,""select__k"":64}"
phase1-n64-sensitivity	nodes	2	4	20261727	75	1	0.1310476179	0	"{""model__C"":1.0,""select__k"":64}"
phase1-n64-sensitivity	nodes	2	5	20261727	01	0	0.5598064083	1	"{""model__C"":0.1,""select__k"":128}"
phase1-n64-sensitivity	nodes	2	5	20261727	05	0	0.3046982529	0	"{""model__C"":0.1,""select__k"":128}"
phase1-n64-sensitivity	nodes	2	5	20261727	09	0	0.4961095892	0	"{""model__C"":0.1,""select__k"":128}"
phase1-n64-sensitivity	nodes	2	5	20261727	31	1	0.6587666767	1	"{""model__C"":0.1,""select__k"":128}"
phase1-n64-sensitivity	nodes	2	5	20261727	40	1	0.9711724539	1	"{""model__C"":0.1,""select__k"":128}"
phase1-n64-sensitivity	nodes	2	5	20261727	43	1	0.5260854909	1	"{""model__C"":0.1,""select__k"":128}"
phase1-n64-sensitivity	nodes	2	5	20261727	56	1	0.9868590979	1	"{""model__C"":0.1,""select__k"":128}"
phase1-n64-sensitivity	nodes	2	5	20261727	62	1	0.4093284444	0	"{""model__C"":0.1,""select__k"":128}"
phase1-n64-sensitivity	nodes	2	5	20261727	63	1	0.3894454424	0	"{""model__C"":0.1,""select__k"":128}"
phase1-n64-sensitivity	nodes	2	5	20261727	67	1	0.9321577533	1	"{""model__C"":0.1,""select__k"":128}"
phase1-n64-sensitivity	nodes	2	5	20261727	72	1	0.9616436937	1	"{""model__C"":0.1,""select__k"":128}"
phase1-n64-sensitivity	nodes	2	5	20261727	74	1	0.7744294942	1	"{""model__C"":0.1,""select__k"":128}"
phase1-n64-sensitivity	nodes	3	1	20262727	10	0	0.5216690487	1	"{""model__C"":0.1,""select__k"":64}"
phase1-n64-sensitivity	nodes	3	1	20262727	12	0	0.438264469	0	"{""model__C"":0.1,""select__k"":64}"
phase1-n64-sensitivity	nodes	3	1	20262727	14	0	0.07744596549	0	"{""model__C"":0.1,""select__k"":64}"
phase1-n64-sensitivity	nodes	3	1	20262727	18	0	0.4133403975	0	"{""model__C"":0.1,""select__k"":64}"
phase1-n64-sensitivity	nodes	3	1	20262727	31	1	0.6345292907	1	"{""model__C"":0.1,""select__k"":64}"
phase1-n64-sensitivity	nodes	3	1	20262727	41	1	0.6785593818	1	"{""model__C"":0.1,""select__k"":64}"
phase1-n64-sensitivity	nodes	3	1	20262727	50	1	0.3677624837	0	"{""model__C"":0.1,""select__k"":64}"
phase1-n64-sensitivity	nodes	3	1	20262727	52	1	0.9176396729	1	"{""model__C"":0.1,""select__k"":64}"
phase1-n64-sensitivity	nodes	3	1	20262727	55	1	0.1686104787	0	"{""model__C"":0.1,""select__k"":64}"
phase1-n64-sensitivity	nodes	3	1	20262727	59	1	0.04114832539	0	"{""model__C"":0.1,""select__k"":64}"
phase1-n64-sensitivity	nodes	3	1	20262727	60	1	0.5425525066	1	"{""model__C"":0.1,""select__k"":64}"
phase1-n64-sensitivity	nodes	3	1	20262727	62	1	0.2437257567	0	"{""model__C"":0.1,""select__k"":64}"
phase1-n64-sensitivity	nodes	3	1	20262727	67	1	0.8279399036	1	"{""model__C"":0.1,""select__k"":64}"
phase1-n64-sensitivity	nodes	3	2	20262727	07	0	0.0782972657	0	"{""model__C"":0.1,""select__k"":128}"
phase1-n64-sensitivity	nodes	3	2	20262727	13	0	0.9034188486	1	"{""model__C"":0.1,""select__k"":128}"
phase1-n64-sensitivity	nodes	3	2	20262727	17	0	0.07762843851	0	"{""model__C"":0.1,""select__k"":128}"
phase1-n64-sensitivity	nodes	3	2	20262727	19	0	0.008158635803	0	"{""model__C"":0.1,""select__k"":128}"
phase1-n64-sensitivity	nodes	3	2	20262727	23	1	0.1024292163	0	"{""model__C"":0.1,""select__k"":128}"
phase1-n64-sensitivity	nodes	3	2	20262727	37	1	0.06330609659	0	"{""model__C"":0.1,""select__k"":128}"
phase1-n64-sensitivity	nodes	3	2	20262727	39	1	0.4291598226	0	"{""model__C"":0.1,""select__k"":128}"
phase1-n64-sensitivity	nodes	3	2	20262727	43	1	0.2368314415	0	"{""model__C"":0.1,""select__k"":128}"
phase1-n64-sensitivity	nodes	3	2	20262727	47	1	0.2633359343	0	"{""model__C"":0.1,""select__k"":128}"
phase1-n64-sensitivity	nodes	3	2	20262727	63	1	0.1468025295	0	"{""model__C"":0.1,""select__k"":128}"
phase1-n64-sensitivity	nodes	3	2	20262727	64	1	0.4346415047	0	"{""model__C"":0.1,""select__k"":128}"
phase1-n64-sensitivity	nodes	3	2	20262727	65	1	0.4767122151	0	"{""model__C"":0.1,""select__k"":128}"
phase1-n64-sensitivity	nodes	3	2	20262727	75	1	0.6253549731	1	"{""model__C"":0.1,""select__k"":128}"
phase1-n64-sensitivity	nodes	3	3	20262727	01	0	0.5625689891	1	"{""model__C"":0.1,""select__k"":128}"
phase1-n64-sensitivity	nodes	3	3	20262727	02	0	0.1436566465	0	"{""model__C"":0.1,""select__k"":128}"
phase1-n64-sensitivity	nodes	3	3	20262727	04	0	0.1128718162	0	"{""model__C"":0.1,""select__k"":128}"
phase1-n64-sensitivity	nodes	3	3	20262727	08	0	0.04283892023	0	"{""model__C"":0.1,""select__k"":128}"
phase1-n64-sensitivity	nodes	3	3	20262727	26	1	0.4559688797	0	"{""model__C"":0.1,""select__k"":128}"
phase1-n64-sensitivity	nodes	3	3	20262727	27	1	0.9354330091	1	"{""model__C"":0.1,""select__k"":128}"
phase1-n64-sensitivity	nodes	3	3	20262727	36	1	0.6041119879	1	"{""model__C"":0.1,""select__k"":128}"
phase1-n64-sensitivity	nodes	3	3	20262727	42	1	0.9069724859	1	"{""model__C"":0.1,""select__k"":128}"
phase1-n64-sensitivity	nodes	3	3	20262727	45	1	0.8516643551	1	"{""model__C"":0.1,""select__k"":128}"
phase1-n64-sensitivity	nodes	3	3	20262727	46	1	0.3758754018	0	"{""model__C"":0.1,""select__k"":128}"
phase1-n64-sensitivity	nodes	3	3	20262727	49	1	0.7245316244	1	"{""model__C"":0.1,""select__k"":128}"
phase1-n64-sensitivity	nodes	3	3	20262727	69	1	0.1765735842	0	"{""model__C"":0.1,""select__k"":128}"
phase1-n64-sensitivity	nodes	3	3	20262727	72	1	0.9522608351	1	"{""model__C"":0.1,""select__k"":128}"
phase1-n64-sensitivity	nodes	3	4	20262727	03	0	0.9835866951	1	"{""model__C"":10.0,""select__k"":16}"
phase1-n64-sensitivity	nodes	3	4	20262727	16	0	0.009000239692	0	"{""model__C"":10.0,""select__k"":16}"
phase1-n64-sensitivity	nodes	3	4	20262727	20	0	0.986927889	1	"{""model__C"":10.0,""select__k"":16}"
phase1-n64-sensitivity	nodes	3	4	20262727	22	1	0.8637520996	1	"{""model__C"":10.0,""select__k"":16}"
phase1-n64-sensitivity	nodes	3	4	20262727	28	1	0.9999649432	1	"{""model__C"":10.0,""select__k"":16}"
phase1-n64-sensitivity	nodes	3	4	20262727	32	1	0.8219153914	1	"{""model__C"":10.0,""select__k"":16}"
phase1-n64-sensitivity	nodes	3	4	20262727	35	1	0.9999930161	1	"{""model__C"":10.0,""select__k"":16}"
phase1-n64-sensitivity	nodes	3	4	20262727	38	1	0.007357309634	0	"{""model__C"":10.0,""select__k"":16}"
phase1-n64-sensitivity	nodes	3	4	20262727	40	1	0.9999911912	1	"{""model__C"":10.0,""select__k"":16}"
phase1-n64-sensitivity	nodes	3	4	20262727	57	1	0.9998982394	1	"{""model__C"":10.0,""select__k"":16}"
phase1-n64-sensitivity	nodes	3	4	20262727	66	1	0.9903946807	1	"{""model__C"":10.0,""select__k"":16}"
phase1-n64-sensitivity	nodes	3	4	20262727	68	1	0.5929035827	1	"{""model__C"":10.0,""select__k"":16}"
phase1-n64-sensitivity	nodes	3	4	20262727	74	1	0.0273336949	0	"{""model__C"":10.0,""select__k"":16}"
phase1-n64-sensitivity	nodes	3	5	20262727	05	0	0.4126783879	0	"{""model__C"":0.01,""select__k"":64}"
phase1-n64-sensitivity	nodes	3	5	20262727	09	0	0.6032821568	1	"{""model__C"":0.01,""select__k"":64}"
phase1-n64-sensitivity	nodes	3	5	20262727	11	0	0.505213176	1	"{""model__C"":0.01,""select__k"":64}"
phase1-n64-sensitivity	nodes	3	5	20262727	24	1	0.8938130844	1	"{""model__C"":0.01,""select__k"":64}"
phase1-n64-sensitivity	nodes	3	5	20262727	25	1	0.7183970534	1	"{""model__C"":0.01,""select__k"":64}"
phase1-n64-sensitivity	nodes	3	5	20262727	34	1	0.635359391	1	"{""model__C"":0.01,""select__k"":64}"
phase1-n64-sensitivity	nodes	3	5	20262727	51	1	0.4236473411	0	"{""model__C"":0.01,""select__k"":64}"
phase1-n64-sensitivity	nodes	3	5	20262727	53	1	0.506684589	1	"{""model__C"":0.01,""select__k"":64}"
phase1-n64-sensitivity	nodes	3	5	20262727	56	1	0.8837524381	1	"{""model__C"":0.01,""select__k"":64}"
phase1-n64-sensitivity	nodes	3	5	20262727	58	1	0.6903705189	1	"{""model__C"":0.01,""select__k"":64}"
phase1-n64-sensitivity	nodes	3	5	20262727	61	1	0.3911246624	0	"{""model__C"":0.01,""select__k"":64}"
phase1-n64-sensitivity	nodes	3	5	20262727	71	1	0.7707399282	1	"{""model__C"":0.01,""select__k"":64}"
phase1-n64-sensitivity	combined	1	1	20260727	03	0	0.3626548183	0	"{""model__C"":0.1,""select__k"":128}"
phase1-n64-sensitivity	combined	1	1	20260727	09	0	0.9120219042	1	"{""model__C"":0.1,""select__k"":128}"
phase1-n64-sensitivity	combined	1	1	20260727	11	0	0.9483854516	1	"{""model__C"":0.1,""select__k"":128}"
phase1-n64-sensitivity	combined	1	1	20260727	20	0	0.8909048925	1	"{""model__C"":0.1,""select__k"":128}"
phase1-n64-sensitivity	combined	1	1	20260727	25	1	0.8399307124	1	"{""model__C"":0.1,""select__k"":128}"
phase1-n64-sensitivity	combined	1	1	20260727	41	1	0.8542964666	1	"{""model__C"":0.1,""select__k"":128}"
phase1-n64-sensitivity	combined	1	1	20260727	42	1	0.9655618013	1	"{""model__C"":0.1,""select__k"":128}"
phase1-n64-sensitivity	combined	1	1	20260727	51	1	0.2484211533	0	"{""model__C"":0.1,""select__k"":128}"
phase1-n64-sensitivity	combined	1	1	20260727	52	1	0.9822707688	1	"{""model__C"":0.1,""select__k"":128}"
phase1-n64-sensitivity	combined	1	1	20260727	53	1	0.9109045089	1	"{""model__C"":0.1,""select__k"":128}"
phase1-n64-sensitivity	combined	1	1	20260727	66	1	0.7098830469	1	"{""model__C"":0.1,""select__k"":128}"
phase1-n64-sensitivity	combined	1	1	20260727	67	1	0.868280553	1	"{""model__C"":0.1,""select__k"":128}"
phase1-n64-sensitivity	combined	1	1	20260727	69	1	0.09202679685	0	"{""model__C"":0.1,""select__k"":128}"
phase1-n64-sensitivity	combined	1	2	20260727	04	0	0.0962180458	0	"{""model__C"":10.0,""select__k"":128}"
phase1-n64-sensitivity	combined	1	2	20260727	10	0	0.9564966554	1	"{""model__C"":10.0,""select__k"":128}"
phase1-n64-sensitivity	combined	1	2	20260727	16	0	0.09880719059	0	"{""model__C"":10.0,""select__k"":128}"
phase1-n64-sensitivity	combined	1	2	20260727	17	0	0.5973415606	1	"{""model__C"":10.0,""select__k"":128}"
phase1-n64-sensitivity	combined	1	2	20260727	22	1	0.7155464311	1	"{""model__C"":10.0,""select__k"":128}"
phase1-n64-sensitivity	combined	1	2	20260727	26	1	0.754755723	1	"{""model__C"":10.0,""select__k"":128}"
phase1-n64-sensitivity	combined	1	2	20260727	39	1	0.8485386995	1	"{""model__C"":10.0,""select__k"":128}"
phase1-n64-sensitivity	combined	1	2	20260727	46	1	0.2135317706	0	"{""model__C"":10.0,""select__k"":128}"
phase1-n64-sensitivity	combined	1	2	20260727	47	1	0.4870356268	0	"{""model__C"":10.0,""select__k"":128}"
phase1-n64-sensitivity	combined	1	2	20260727	64	1	0.986989065	1	"{""model__C"":10.0,""select__k"":128}"
phase1-n64-sensitivity	combined	1	2	20260727	71	1	0.9997985234	1	"{""model__C"":10.0,""select__k"":128}"
phase1-n64-sensitivity	combined	1	2	20260727	72	1	0.9999828247	1	"{""model__C"":10.0,""select__k"":128}"
phase1-n64-sensitivity	combined	1	2	20260727	75	1	0.06744580015	0	"{""model__C"":10.0,""select__k"":128}"
phase1-n64-sensitivity	combined	1	3	20260727	01	0	0.5138008448	1	"{""model__C"":1.0,""select__k"":128}"
phase1-n64-sensitivity	combined	1	3	20260727	07	0	0.1578173726	0	"{""model__C"":1.0,""select__k"":128}"
phase1-n64-sensitivity	combined	1	3	20260727	12	0	0.08293209331	0	"{""model__C"":1.0,""select__k"":128}"
phase1-n64-sensitivity	combined	1	3	20260727	13	0	0.9934048426	1	"{""model__C"":1.0,""select__k"":128}"
phase1-n64-sensitivity	combined	1	3	20260727	23	1	0.2146766191	0	"{""model__C"":1.0,""select__k"":128}"
phase1-n64-sensitivity	combined	1	3	20260727	24	1	0.9965184405	1	"{""model__C"":1.0,""select__k"":128}"
phase1-n64-sensitivity	combined	1	3	20260727	28	1	0.5021084463	1	"{""model__C"":1.0,""select__k"":128}"
phase1-n64-sensitivity	combined	1	3	20260727	36	1	0.7069320402	1	"{""model__C"":1.0,""select__k"":128}"
phase1-n64-sensitivity	combined	1	3	20260727	37	1	0.09238535631	0	"{""model__C"":1.0,""select__k"":128}"
phase1-n64-sensitivity	combined	1	3	20260727	38	1	0.5675753328	1	"{""model__C"":1.0,""select__k"":128}"
phase1-n64-sensitivity	combined	1	3	20260727	56	1	0.9983833643	1	"{""model__C"":1.0,""select__k"":128}"
phase1-n64-sensitivity	combined	1	3	20260727	61	1	0.9572328504	1	"{""model__C"":1.0,""select__k"":128}"
phase1-n64-sensitivity	combined	1	3	20260727	65	1	0.9437469181	1	"{""model__C"":1.0,""select__k"":128}"
phase1-n64-sensitivity	combined	1	4	20260727	02	0	0.1250904428	0	"{""model__C"":1.0,""select__k"":128}"
phase1-n64-sensitivity	combined	1	4	20260727	08	0	0.00846514948	0	"{""model__C"":1.0,""select__k"":128}"
phase1-n64-sensitivity	combined	1	4	20260727	19	0	0.5326491146	1	"{""model__C"":1.0,""select__k"":128}"
phase1-n64-sensitivity	combined	1	4	20260727	34	1	0.6952605557	1	"{""model__C"":1.0,""select__k"":128}"
phase1-n64-sensitivity	combined	1	4	20260727	35	1	0.9909885934	1	"{""model__C"":1.0,""select__k"":128}"
phase1-n64-sensitivity	combined	1	4	20260727	40	1	0.9719146529	1	"{""model__C"":1.0,""select__k"":128}"
phase1-n64-sensitivity	combined	1	4	20260727	49	1	0.9331180728	1	"{""model__C"":1.0,""select__k"":128}"
phase1-n64-sensitivity	combined	1	4	20260727	55	1	0.3492231434	0	"{""model__C"":1.0,""select__k"":128}"
phase1-n64-sensitivity	combined	1	4	20260727	57	1	0.8099238869	1	"{""model__C"":1.0,""select__k"":128}"
phase1-n64-sensitivity	combined	1	4	20260727	58	1	0.8866697944	1	"{""model__C"":1.0,""select__k"":128}"
phase1-n64-sensitivity	combined	1	4	20260727	59	1	0.2411272827	0	"{""model__C"":1.0,""select__k"":128}"
phase1-n64-sensitivity	combined	1	4	20260727	62	1	0.1134712147	0	"{""model__C"":1.0,""select__k"":128}"
phase1-n64-sensitivity	combined	1	4	20260727	68	1	0.7864358654	1	"{""model__C"":1.0,""select__k"":128}"
phase1-n64-sensitivity	combined	1	5	20260727	05	0	0.5333647005	1	"{""model__C"":1.0,""select__k"":64}"
phase1-n64-sensitivity	combined	1	5	20260727	14	0	0.03502101892	0	"{""model__C"":1.0,""select__k"":64}"
phase1-n64-sensitivity	combined	1	5	20260727	18	0	0.2225546669	0	"{""model__C"":1.0,""select__k"":64}"
phase1-n64-sensitivity	combined	1	5	20260727	27	1	0.9710867282	1	"{""model__C"":1.0,""select__k"":64}"
phase1-n64-sensitivity	combined	1	5	20260727	31	1	0.7933332273	1	"{""model__C"":1.0,""select__k"":64}"
phase1-n64-sensitivity	combined	1	5	20260727	32	1	0.9946369944	1	"{""model__C"":1.0,""select__k"":64}"
phase1-n64-sensitivity	combined	1	5	20260727	43	1	0.6510665878	1	"{""model__C"":1.0,""select__k"":64}"
phase1-n64-sensitivity	combined	1	5	20260727	45	1	0.9043954022	1	"{""model__C"":1.0,""select__k"":64}"
phase1-n64-sensitivity	combined	1	5	20260727	50	1	0.99983332	1	"{""model__C"":1.0,""select__k"":64}"
phase1-n64-sensitivity	combined	1	5	20260727	60	1	0.6962130258	1	"{""model__C"":1.0,""select__k"":64}"
phase1-n64-sensitivity	combined	1	5	20260727	63	1	0.7817402517	1	"{""model__C"":1.0,""select__k"":64}"
phase1-n64-sensitivity	combined	1	5	20260727	74	1	0.5774558379	1	"{""model__C"":1.0,""select__k"":64}"
phase1-n64-sensitivity	combined	2	1	20261727	04	0	0.1514548561	0	"{""model__C"":1.0,""select__k"":128}"
phase1-n64-sensitivity	combined	2	1	20261727	10	0	0.9541987501	1	"{""model__C"":1.0,""select__k"":128}"
phase1-n64-sensitivity	combined	2	1	20261727	18	0	0.1341793706	0	"{""model__C"":1.0,""select__k"":128}"
phase1-n64-sensitivity	combined	2	1	20261727	20	0	0.8699527245	1	"{""model__C"":1.0,""select__k"":128}"
phase1-n64-sensitivity	combined	2	1	20261727	24	1	0.9555889396	1	"{""model__C"":1.0,""select__k"":128}"
phase1-n64-sensitivity	combined	2	1	20261727	25	1	0.9553547246	1	"{""model__C"":1.0,""select__k"":128}"
phase1-n64-sensitivity	combined	2	1	20261727	27	1	0.8450408703	1	"{""model__C"":1.0,""select__k"":128}"
phase1-n64-sensitivity	combined	2	1	20261727	34	1	0.9362586148	1	"{""model__C"":1.0,""select__k"":128}"
phase1-n64-sensitivity	combined	2	1	20261727	38	1	0.4603488952	0	"{""model__C"":1.0,""select__k"":128}"
phase1-n64-sensitivity	combined	2	1	20261727	39	1	0.5928845204	1	"{""model__C"":1.0,""select__k"":128}"
phase1-n64-sensitivity	combined	2	1	20261727	59	1	0.4596068968	0	"{""model__C"":1.0,""select__k"":128}"
phase1-n64-sensitivity	combined	2	1	20261727	64	1	0.3849170638	0	"{""model__C"":1.0,""select__k"":128}"
phase1-n64-sensitivity	combined	2	1	20261727	65	1	0.7960722028	1	"{""model__C"":1.0,""select__k"":128}"
phase1-n64-sensitivity	combined	2	2	20261727	03	0	0.6355671053	1	"{""model__C"":0.1,""select__k"":128}"
phase1-n64-sensitivity	combined	2	2	20261727	11	0	0.423242141	0	"{""model__C"":0.1,""select__k"":128}"
phase1-n64-sensitivity	combined	2	2	20261727	13	0	0.9416623807	1	"{""model__C"":0.1,""select__k"":128}"
phase1-n64-sensitivity	combined	2	2	20261727	16	0	0.08751550489	0	"{""model__C"":0.1,""select__k"":128}"
phase1-n64-sensitivity	combined	2	2	20261727	35	1	0.8117843199	1	"{""model__C"":0.1,""select__k"":128}"
phase1-n64-sensitivity	combined	2	2	20261727	36	1	0.3695753734	0	"{""model__C"":0.1,""select__k"":128}"
phase1-n64-sensitivity	combined	2	2	20261727	41	1	0.9156166189	1	"{""model__C"":0.1,""select__k"":128}"
phase1-n64-sensitivity	combined	2	2	20261727	42	1	0.6697127792	1	"{""model__C"":0.1,""select__k"":128}"
phase1-n64-sensitivity	combined	2	2	20261727	51	1	0.3201283553	0	"{""model__C"":0.1,""select__k"":128}"
phase1-n64-sensitivity	combined	2	2	20261727	53	1	0.9376038253	1	"{""model__C"":0.1,""select__k"":128}"
phase1-n64-sensitivity	combined	2	2	20261727	55	1	0.186708178	0	"{""model__C"":0.1,""select__k"":128}"
phase1-n64-sensitivity	combined	2	2	20261727	60	1	0.4485662955	0	"{""model__C"":0.1,""select__k"":128}"
phase1-n64-sensitivity	combined	2	2	20261727	61	1	0.40328356	0	"{""model__C"":0.1,""select__k"":128}"
phase1-n64-sensitivity	combined	2	3	20261727	02	0	0.4334126741	0	"{""model__C"":0.01,""select__k"":32}"
phase1-n64-sensitivity	combined	2	3	20261727	07	0	0.3898533962	0	"{""model__C"":0.01,""select__k"":32}"
phase1-n64-sensitivity	combined	2	3	20261727	08	0	0.2490718631	0	"{""model__C"":0.01,""select__k"":32}"
phase1-n64-sensitivity	combined	2	3	20261727	17	0	0.2874631495	0	"{""model__C"":0.01,""select__k"":32}"
phase1-n64-sensitivity	combined	2	3	20261727	23	1	0.3616472124	0	"{""model__C"":0.01,""select__k"":32}"
phase1-n64-sensitivity	combined	2	3	20261727	26	1	0.3108556428	0	"{""model__C"":0.01,""select__k"":32}"
phase1-n64-sensitivity	combined	2	3	20261727	37	1	0.4290527981	0	"{""model__C"":0.01,""select__k"":32}"
phase1-n64-sensitivity	combined	2	3	20261727	46	1	0.351098524	0	"{""model__C"":0.01,""select__k"":32}"
phase1-n64-sensitivity	combined	2	3	20261727	49	1	0.7338974739	1	"{""model__C"":0.01,""select__k"":32}"
phase1-n64-sensitivity	combined	2	3	20261727	52	1	0.7135574759	1	"{""model__C"":0.01,""select__k"":32}"
phase1-n64-sensitivity	combined	2	3	20261727	58	1	0.6281701683	1	"{""model__C"":0.01,""select__k"":32}"
phase1-n64-sensitivity	combined	2	3	20261727	66	1	0.3835402955	0	"{""model__C"":0.01,""select__k"":32}"
phase1-n64-sensitivity	combined	2	3	20261727	69	1	0.3915328169	0	"{""model__C"":0.01,""select__k"":32}"
phase1-n64-sensitivity	combined	2	4	20261727	12	0	0.4102659026	0	"{""model__C"":0.1,""select__k"":128}"
phase1-n64-sensitivity	combined	2	4	20261727	14	0	0.2025334901	0	"{""model__C"":0.1,""select__k"":128}"
phase1-n64-sensitivity	combined	2	4	20261727	19	0	0.4125939019	0	"{""model__C"":0.1,""select__k"":128}"
phase1-n64-sensitivity	combined	2	4	20261727	22	1	0.53317828	1	"{""model__C"":0.1,""select__k"":128}"
phase1-n64-sensitivity	combined	2	4	20261727	28	1	0.3398486064	0	"{""model__C"":0.1,""select__k"":128}"
phase1-n64-sensitivity	combined	2	4	20261727	32	1	0.7292527511	1	"{""model__C"":0.1,""select__k"":128}"
phase1-n64-sensitivity	combined	2	4	20261727	45	1	0.8729728314	1	"{""model__C"":0.1,""select__k"":128}"
phase1-n64-sensitivity	combined	2	4	20261727	47	1	0.3677699022	0	"{""model__C"":0.1,""select__k"":128}"
phase1-n64-sensitivity	combined	2	4	20261727	50	1	0.9411816924	1	"{""model__C"":0.1,""select__k"":128}"
phase1-n64-sensitivity	combined	2	4	20261727	57	1	0.7916979268	1	"{""model__C"":0.1,""select__k"":128}"
phase1-n64-sensitivity	combined	2	4	20261727	68	1	0.7752800577	1	"{""model__C"":0.1,""select__k"":128}"
phase1-n64-sensitivity	combined	2	4	20261727	71	1	0.9472705811	1	"{""model__C"":0.1,""select__k"":128}"
phase1-n64-sensitivity	combined	2	4	20261727	75	1	0.2215794863	0	"{""model__C"":0.1,""select__k"":128}"
phase1-n64-sensitivity	combined	2	5	20261727	01	0	0.397976848	0	"{""model__C"":0.1,""select__k"":32}"
phase1-n64-sensitivity	combined	2	5	20261727	05	0	0.5316672323	1	"{""model__C"":0.1,""select__k"":32}"
phase1-n64-sensitivity	combined	2	5	20261727	09	0	0.676297437	1	"{""model__C"":0.1,""select__k"":32}"
phase1-n64-sensitivity	combined	2	5	20261727	31	1	0.6535405056	1	"{""model__C"":0.1,""select__k"":32}"
phase1-n64-sensitivity	combined	2	5	20261727	40	1	0.9859886544	1	"{""model__C"":0.1,""select__k"":32}"
phase1-n64-sensitivity	combined	2	5	20261727	43	1	0.4340768925	0	"{""model__C"":0.1,""select__k"":32}"
phase1-n64-sensitivity	combined	2	5	20261727	56	1	0.8834010235	1	"{""model__C"":0.1,""select__k"":32}"
phase1-n64-sensitivity	combined	2	5	20261727	62	1	0.2739337979	0	"{""model__C"":0.1,""select__k"":32}"
phase1-n64-sensitivity	combined	2	5	20261727	63	1	0.5411909295	1	"{""model__C"":0.1,""select__k"":32}"
phase1-n64-sensitivity	combined	2	5	20261727	67	1	0.4499567805	0	"{""model__C"":0.1,""select__k"":32}"
phase1-n64-sensitivity	combined	2	5	20261727	72	1	0.9832982474	1	"{""model__C"":0.1,""select__k"":32}"
phase1-n64-sensitivity	combined	2	5	20261727	74	1	0.4019810097	0	"{""model__C"":0.1,""select__k"":32}"
phase1-n64-sensitivity	combined	3	1	20262727	10	0	0.9848880805	1	"{""model__C"":10.0,""select__k"":128}"
phase1-n64-sensitivity	combined	3	1	20262727	12	0	0.9042349792	1	"{""model__C"":10.0,""select__k"":128}"
phase1-n64-sensitivity	combined	3	1	20262727	14	0	0.00795248502	0	"{""model__C"":10.0,""select__k"":128}"
phase1-n64-sensitivity	combined	3	1	20262727	18	0	0.2697295069	0	"{""model__C"":10.0,""select__k"":128}"
phase1-n64-sensitivity	combined	3	1	20262727	31	1	0.9866334105	1	"{""model__C"":10.0,""select__k"":128}"
phase1-n64-sensitivity	combined	3	1	20262727	41	1	0.9556106557	1	"{""model__C"":10.0,""select__k"":128}"
phase1-n64-sensitivity	combined	3	1	20262727	50	1	0.8787451123	1	"{""model__C"":10.0,""select__k"":128}"
phase1-n64-sensitivity	combined	3	1	20262727	52	1	0.9997711973	1	"{""model__C"":10.0,""select__k"":128}"
phase1-n64-sensitivity	combined	3	1	20262727	55	1	0.0008308096208	0	"{""model__C"":10.0,""select__k"":128}"
phase1-n64-sensitivity	combined	3	1	20262727	59	1	0.0001604105164	0	"{""model__C"":10.0,""select__k"":128}"
phase1-n64-sensitivity	combined	3	1	20262727	60	1	0.95378714	1	"{""model__C"":10.0,""select__k"":128}"
phase1-n64-sensitivity	combined	3	1	20262727	62	1	0.1306597998	0	"{""model__C"":10.0,""select__k"":128}"
phase1-n64-sensitivity	combined	3	1	20262727	67	1	0.8109947846	1	"{""model__C"":10.0,""select__k"":128}"
phase1-n64-sensitivity	combined	3	2	20262727	07	0	0.3400692964	0	"{""model__C"":0.01,""select__k"":128}"
phase1-n64-sensitivity	combined	3	2	20262727	13	0	0.7350501022	1	"{""model__C"":0.01,""select__k"":128}"
phase1-n64-sensitivity	combined	3	2	20262727	17	0	0.1918080904	0	"{""model__C"":0.01,""select__k"":128}"
phase1-n64-sensitivity	combined	3	2	20262727	19	0	0.2355851413	0	"{""model__C"":0.01,""select__k"":128}"
phase1-n64-sensitivity	combined	3	2	20262727	23	1	0.2524562038	0	"{""model__C"":0.01,""select__k"":128}"
phase1-n64-sensitivity	combined	3	2	20262727	37	1	0.3117715928	0	"{""model__C"":0.01,""select__k"":128}"
phase1-n64-sensitivity	combined	3	2	20262727	39	1	0.6565640193	1	"{""model__C"":0.01,""select__k"":128}"
phase1-n64-sensitivity	combined	3	2	20262727	43	1	0.2478902923	0	"{""model__C"":0.01,""select__k"":128}"
phase1-n64-sensitivity	combined	3	2	20262727	47	1	0.410927545	0	"{""model__C"":0.01,""select__k"":128}"
phase1-n64-sensitivity	combined	3	2	20262727	63	1	0.3885662571	0	"{""model__C"":0.01,""select__k"":128}"
phase1-n64-sensitivity	combined	3	2	20262727	64	1	0.3489414694	0	"{""model__C"":0.01,""select__k"":128}"
phase1-n64-sensitivity	combined	3	2	20262727	65	1	0.4775213459	0	"{""model__C"":0.01,""select__k"":128}"
phase1-n64-sensitivity	combined	3	2	20262727	75	1	0.3514553687	0	"{""model__C"":0.01,""select__k"":128}"
phase1-n64-sensitivity	combined	3	3	20262727	01	0	0.9773908043	1	"{""model__C"":10.0,""select__k"":16}"
phase1-n64-sensitivity	combined	3	3	20262727	02	0	0.1314062853	0	"{""model__C"":10.0,""select__k"":16}"
phase1-n64-sensitivity	combined	3	3	20262727	04	0	0.01378512399	0	"{""model__C"":10.0,""select__k"":16}"
phase1-n64-sensitivity	combined	3	3	20262727	08	0	0.001783702985	0	"{""model__C"":10.0,""select__k"":16}"
phase1-n64-sensitivity	combined	3	3	20262727	26	1	0.5565680797	1	"{""model__C"":10.0,""select__k"":16}"
phase1-n64-sensitivity	combined	3	3	20262727	27	1	0.9974364724	1	"{""model__C"":10.0,""select__k"":16}"
phase1-n64-sensitivity	combined	3	3	20262727	36	1	0.6802663697	1	"{""model__C"":10.0,""select__k"":16}"
phase1-n64-sensitivity	combined	3	3	20262727	42	1	0.8699920749	1	"{""model__C"":10.0,""select__k"":16}"
phase1-n64-sensitivity	combined	3	3	20262727	45	1	0.9998466562	1	"{""model__C"":10.0,""select__k"":16}"
phase1-n64-sensitivity	combined	3	3	20262727	46	1	0.5454667231	1	"{""model__C"":10.0,""select__k"":16}"
phase1-n64-sensitivity	combined	3	3	20262727	49	1	0.9999940025	1	"{""model__C"":10.0,""select__k"":16}"
phase1-n64-sensitivity	combined	3	3	20262727	69	1	0.8859479491	1	"{""model__C"":10.0,""select__k"":16}"
phase1-n64-sensitivity	combined	3	3	20262727	72	1	0.9999999201	1	"{""model__C"":10.0,""select__k"":16}"
phase1-n64-sensitivity	combined	3	4	20262727	03	0	0.3881392206	0	"{""model__C"":0.1,""select__k"":64}"
phase1-n64-sensitivity	combined	3	4	20262727	16	0	0.09742642626	0	"{""model__C"":0.1,""select__k"":64}"
phase1-n64-sensitivity	combined	3	4	20262727	20	0	0.5368063864	1	"{""model__C"":0.1,""select__k"":64}"
phase1-n64-sensitivity	combined	3	4	20262727	22	1	0.3125273244	0	"{""model__C"":0.1,""select__k"":64}"
phase1-n64-sensitivity	combined	3	4	20262727	28	1	0.8259774553	1	"{""model__C"":0.1,""select__k"":64}"
phase1-n64-sensitivity	combined	3	4	20262727	32	1	0.8871710442	1	"{""model__C"":0.1,""select__k"":64}"
phase1-n64-sensitivity	combined	3	4	20262727	35	1	0.8555935509	1	"{""model__C"":0.1,""select__k"":64}"
phase1-n64-sensitivity	combined	3	4	20262727	38	1	0.2143973966	0	"{""model__C"":0.1,""select__k"":64}"
phase1-n64-sensitivity	combined	3	4	20262727	40	1	0.8626563312	1	"{""model__C"":0.1,""select__k"":64}"
phase1-n64-sensitivity	combined	3	4	20262727	57	1	0.8850364805	1	"{""model__C"":0.1,""select__k"":64}"
phase1-n64-sensitivity	combined	3	4	20262727	66	1	0.6341873301	1	"{""model__C"":0.1,""select__k"":64}"
phase1-n64-sensitivity	combined	3	4	20262727	68	1	0.9000384246	1	"{""model__C"":0.1,""select__k"":64}"
phase1-n64-sensitivity	combined	3	4	20262727	74	1	0.2987705565	0	"{""model__C"":0.1,""select__k"":64}"
phase1-n64-sensitivity	combined	3	5	20262727	05	0	0.7614531584	1	"{""model__C"":0.01,""select__k"":128}"
phase1-n64-sensitivity	combined	3	5	20262727	09	0	0.8340803015	1	"{""model__C"":0.01,""select__k"":128}"
phase1-n64-sensitivity	combined	3	5	20262727	11	0	0.7632761791	1	"{""model__C"":0.01,""select__k"":128}"
phase1-n64-sensitivity	combined	3	5	20262727	24	1	0.8889810549	1	"{""model__C"":0.01,""select__k"":128}"
phase1-n64-sensitivity	combined	3	5	20262727	25	1	0.5698775006	1	"{""model__C"":0.01,""select__k"":128}"
phase1-n64-sensitivity	combined	3	5	20262727	34	1	0.8600430694	1	"{""model__C"":0.01,""select__k"":128}"
phase1-n64-sensitivity	combined	3	5	20262727	51	1	0.2556501545	0	"{""model__C"":0.01,""select__k"":128}"
phase1-n64-sensitivity	combined	3	5	20262727	53	1	0.5419496001	1	"{""model__C"":0.01,""select__k"":128}"
phase1-n64-sensitivity	combined	3	5	20262727	56	1	0.69800952	1	"{""model__C"":0.01,""select__k"":128}"
phase1-n64-sensitivity	combined	3	5	20262727	58	1	0.5170941586	1	"{""model__C"":0.01,""select__k"":128}"
phase1-n64-sensitivity	combined	3	5	20262727	61	1	0.3231520669	0	"{""model__C"":0.01,""select__k"":128}"
phase1-n64-sensitivity	combined	3	5	20262727	71	1	0.8017273874	1	"{""model__C"":0.01,""select__k"":128}"
