artifact,metric_path,value
results/CIN-to-OSU/repeat1-fold1/audit.json,models/age_sex/candidates/0/mean_inner_auc,0.646969696969697
results/CIN-to-OSU/repeat1-fold1/audit.json,models/age_sex/candidates/0/fold_auc/0,0.6363636363636365
results/CIN-to-OSU/repeat1-fold1/audit.json,models/age_sex/candidates/0/fold_auc/1,0.5227272727272727
results/CIN-to-OSU/repeat1-fold1/audit.json,models/age_sex/candidates/0/fold_auc/2,0.7818181818181819
results/CIN-to-OSU/repeat1-fold1/audit.json,models/age_sex/candidates/1/mean_inner_auc,0.646969696969697
results/CIN-to-OSU/repeat1-fold1/audit.json,models/age_sex/candidates/1/fold_auc/0,0.6363636363636365
results/CIN-to-OSU/repeat1-fold1/audit.json,models/age_sex/candidates/1/fold_auc/1,0.5227272727272727
results/CIN-to-OSU/repeat1-fold1/audit.json,models/age_sex/candidates/1/fold_auc/2,0.7818181818181819
results/CIN-to-OSU/repeat1-fold1/audit.json,models/age_sex/candidates/2/mean_inner_auc,0.6348484848484849
results/CIN-to-OSU/repeat1-fold1/audit.json,models/age_sex/candidates/2/fold_auc/0,0.6363636363636365
results/CIN-to-OSU/repeat1-fold1/audit.json,models/age_sex/candidates/2/fold_auc/1,0.5227272727272727
results/CIN-to-OSU/repeat1-fold1/audit.json,models/age_sex/candidates/2/fold_auc/2,0.7454545454545455
results/CIN-to-OSU/repeat1-fold1/audit.json,models/age_sex/candidates/3/mean_inner_auc,0.6287878787878788
results/CIN-to-OSU/repeat1-fold1/audit.json,models/age_sex/candidates/3/fold_auc/0,0.6363636363636365
results/CIN-to-OSU/repeat1-fold1/audit.json,models/age_sex/candidates/3/fold_auc/1,0.5227272727272727
results/CIN-to-OSU/repeat1-fold1/audit.json,models/age_sex/candidates/3/fold_auc/2,0.7272727272727273
results/CIN-to-OSU/repeat1-fold1/audit.json,models/age_sex/chosen/mean_inner_auc,0.646969696969697
results/CIN-to-OSU/repeat1-fold1/audit.json,models/age_sex/chosen/fold_auc/0,0.6363636363636365
results/CIN-to-OSU/repeat1-fold1/audit.json,models/age_sex/chosen/fold_auc/1,0.5227272727272727
results/CIN-to-OSU/repeat1-fold1/audit.json,models/age_sex/chosen/fold_auc/2,0.7818181818181819
results/CIN-to-OSU/repeat1-fold1/audit.json,models/age_sex_motion/candidates/0/mean_inner_auc,0.6141414141414141
results/CIN-to-OSU/repeat1-fold1/audit.json,models/age_sex_motion/candidates/0/fold_auc/0,0.5909090909090909
results/CIN-to-OSU/repeat1-fold1/audit.json,models/age_sex_motion/candidates/0/fold_auc/1,0.46969696969696967
results/CIN-to-OSU/repeat1-fold1/audit.json,models/age_sex_motion/candidates/0/fold_auc/2,0.7818181818181819
results/CIN-to-OSU/repeat1-fold1/audit.json,models/age_sex_motion/candidates/1/mean_inner_auc,0.6191919191919192
results/CIN-to-OSU/repeat1-fold1/audit.json,models/age_sex_motion/candidates/1/fold_auc/0,0.6060606060606061
results/CIN-to-OSU/repeat1-fold1/audit.json,models/age_sex_motion/candidates/1/fold_auc/1,0.46969696969696967
results/CIN-to-OSU/repeat1-fold1/audit.json,models/age_sex_motion/candidates/1/fold_auc/2,0.7818181818181819
results/CIN-to-OSU/repeat1-fold1/audit.json,models/age_sex_motion/candidates/2/mean_inner_auc,0.602020202020202
results/CIN-to-OSU/repeat1-fold1/audit.json,models/age_sex_motion/candidates/2/fold_auc/0,0.5757575757575758
results/CIN-to-OSU/repeat1-fold1/audit.json,models/age_sex_motion/candidates/2/fold_auc/1,0.48484848484848486
results/CIN-to-OSU/repeat1-fold1/audit.json,models/age_sex_motion/candidates/2/fold_auc/2,0.7454545454545455
results/CIN-to-OSU/repeat1-fold1/audit.json,models/age_sex_motion/candidates/3/mean_inner_auc,0.5696969696969697
results/CIN-to-OSU/repeat1-fold1/audit.json,models/age_sex_motion/candidates/3/fold_auc/0,0.5757575757575757
results/CIN-to-OSU/repeat1-fold1/audit.json,models/age_sex_motion/candidates/3/fold_auc/1,0.4242424242424242
results/CIN-to-OSU/repeat1-fold1/audit.json,models/age_sex_motion/candidates/3/fold_auc/2,0.7090909090909091
results/CIN-to-OSU/repeat1-fold1/audit.json,models/age_sex_motion/chosen/mean_inner_auc,0.6191919191919192
results/CIN-to-OSU/repeat1-fold1/audit.json,models/age_sex_motion/chosen/fold_auc/0,0.6060606060606061
results/CIN-to-OSU/repeat1-fold1/audit.json,models/age_sex_motion/chosen/fold_auc/1,0.46969696969696967
results/CIN-to-OSU/repeat1-fold1/audit.json,models/age_sex_motion/chosen/fold_auc/2,0.7818181818181819
results/CIN-to-OSU/repeat2-fold1/audit.json,models/age_sex/candidates/0/mean_inner_auc,0.6111111111111112
results/CIN-to-OSU/repeat2-fold1/audit.json,models/age_sex/candidates/0/fold_auc/0,0.7424242424242424
results/CIN-to-OSU/repeat2-fold1/audit.json,models/age_sex/candidates/0/fold_auc/1,0.6363636363636364
results/CIN-to-OSU/repeat2-fold1/audit.json,models/age_sex/candidates/0/fold_auc/2,0.4545454545454546
results/CIN-to-OSU/repeat2-fold1/audit.json,models/age_sex/candidates/1/mean_inner_auc,0.6050505050505052
results/CIN-to-OSU/repeat2-fold1/audit.json,models/age_sex/candidates/1/fold_auc/0,0.7424242424242424
results/CIN-to-OSU/repeat2-fold1/audit.json,models/age_sex/candidates/1/fold_auc/1,0.6363636363636364
results/CIN-to-OSU/repeat2-fold1/audit.json,models/age_sex/candidates/1/fold_auc/2,0.4363636363636364
results/CIN-to-OSU/repeat2-fold1/audit.json,models/age_sex/candidates/2/mean_inner_auc,0.6050505050505052
results/CIN-to-OSU/repeat2-fold1/audit.json,models/age_sex/candidates/2/fold_auc/0,0.7424242424242424
results/CIN-to-OSU/repeat2-fold1/audit.json,models/age_sex/candidates/2/fold_auc/1,0.6363636363636364
results/CIN-to-OSU/repeat2-fold1/audit.json,models/age_sex/candidates/2/fold_auc/2,0.4363636363636364
results/CIN-to-OSU/repeat2-fold1/audit.json,models/age_sex/candidates/3/mean_inner_auc,0.5878787878787879
results/CIN-to-OSU/repeat2-fold1/audit.json,models/age_sex/candidates/3/fold_auc/0,0.7424242424242424
results/CIN-to-OSU/repeat2-fold1/audit.json,models/age_sex/candidates/3/fold_auc/1,0.6212121212121212
results/CIN-to-OSU/repeat2-fold1/audit.json,models/age_sex/candidates/3/fold_auc/2,0.4
results/CIN-to-OSU/repeat2-fold1/audit.json,models/age_sex/chosen/mean_inner_auc,0.6111111111111112
results/CIN-to-OSU/repeat2-fold1/audit.json,models/age_sex/chosen/fold_auc/0,0.7424242424242424
results/CIN-to-OSU/repeat2-fold1/audit.json,models/age_sex/chosen/fold_auc/1,0.6363636363636364
results/CIN-to-OSU/repeat2-fold1/audit.json,models/age_sex/chosen/fold_auc/2,0.4545454545454546
results/CIN-to-OSU/repeat2-fold1/audit.json,models/age_sex_motion/candidates/0/mean_inner_auc,0.592929292929293
results/CIN-to-OSU/repeat2-fold1/audit.json,models/age_sex_motion/candidates/0/fold_auc/0,0.6818181818181818
results/CIN-to-OSU/repeat2-fold1/audit.json,models/age_sex_motion/candidates/0/fold_auc/1,0.6060606060606061
results/CIN-to-OSU/repeat2-fold1/audit.json,models/age_sex_motion/candidates/0/fold_auc/2,0.49090909090909096
results/CIN-to-OSU/repeat2-fold1/audit.json,models/age_sex_motion/candidates/1/mean_inner_auc,0.5878787878787879
results/CIN-to-OSU/repeat2-fold1/audit.json,models/age_sex_motion/candidates/1/fold_auc/0,0.6818181818181818
results/CIN-to-OSU/repeat2-fold1/audit.json,models/age_sex_motion/candidates/1/fold_auc/1,0.5909090909090909
results/CIN-to-OSU/repeat2-fold1/audit.json,models/age_sex_motion/candidates/1/fold_auc/2,0.49090909090909096
results/CIN-to-OSU/repeat2-fold1/audit.json,models/age_sex_motion/candidates/2/mean_inner_auc,0.597979797979798
results/CIN-to-OSU/repeat2-fold1/audit.json,models/age_sex_motion/candidates/2/fold_auc/0,0.6818181818181818
results/CIN-to-OSU/repeat2-fold1/audit.json,models/age_sex_motion/candidates/2/fold_auc/1,0.6212121212121211
results/CIN-to-OSU/repeat2-fold1/audit.json,models/age_sex_motion/candidates/2/fold_auc/2,0.49090909090909096
results/CIN-to-OSU/repeat2-fold1/audit.json,models/age_sex_motion/candidates/3/mean_inner_auc,0.5393939393939394
results/CIN-to-OSU/repeat2-fold1/audit.json,models/age_sex_motion/candidates/3/fold_auc/0,0.6212121212121212
results/CIN-to-OSU/repeat2-fold1/audit.json,models/age_sex_motion/candidates/3/fold_auc/1,0.5606060606060606
results/CIN-to-OSU/repeat2-fold1/audit.json,models/age_sex_motion/candidates/3/fold_auc/2,0.4363636363636364
results/CIN-to-OSU/repeat2-fold1/audit.json,models/age_sex_motion/chosen/mean_inner_auc,0.597979797979798
results/CIN-to-OSU/repeat2-fold1/audit.json,models/age_sex_motion/chosen/fold_auc/0,0.6818181818181818
results/CIN-to-OSU/repeat2-fold1/audit.json,models/age_sex_motion/chosen/fold_auc/1,0.6212121212121211
results/CIN-to-OSU/repeat2-fold1/audit.json,models/age_sex_motion/chosen/fold_auc/2,0.49090909090909096
results/CIN-to-OSU/repeat3-fold1/audit.json,models/age_sex/candidates/0/mean_inner_auc,0.5616161616161616
results/CIN-to-OSU/repeat3-fold1/audit.json,models/age_sex/candidates/0/fold_auc/0,0.5303030303030303
results/CIN-to-OSU/repeat3-fold1/audit.json,models/age_sex/candidates/0/fold_auc/1,0.5454545454545454
results/CIN-to-OSU/repeat3-fold1/audit.json,models/age_sex/candidates/0/fold_auc/2,0.6090909090909091
results/CIN-to-OSU/repeat3-fold1/audit.json,models/age_sex/candidates/1/mean_inner_auc,0.5666666666666667
results/CIN-to-OSU/repeat3-fold1/audit.json,models/age_sex/candidates/1/fold_auc/0,0.5454545454545454
results/CIN-to-OSU/repeat3-fold1/audit.json,models/age_sex/candidates/1/fold_auc/1,0.5454545454545454
results/CIN-to-OSU/repeat3-fold1/audit.json,models/age_sex/candidates/1/fold_auc/2,0.6090909090909091
results/CIN-to-OSU/repeat3-fold1/audit.json,models/age_sex/candidates/2/mean_inner_auc,0.5606060606060606
results/CIN-to-OSU/repeat3-fold1/audit.json,models/age_sex/candidates/2/fold_auc/0,0.5454545454545454
results/CIN-to-OSU/repeat3-fold1/audit.json,models/age_sex/candidates/2/fold_auc/1,0.5454545454545454
results/CIN-to-OSU/repeat3-fold1/audit.json,models/age_sex/candidates/2/fold_auc/2,0.5909090909090909
results/CIN-to-OSU/repeat3-fold1/audit.json,models/age_sex/candidates/3/mean_inner_auc,0.5424242424242424
results/CIN-to-OSU/repeat3-fold1/audit.json,models/age_sex/candidates/3/fold_auc/0,0.5454545454545454
results/CIN-to-OSU/repeat3-fold1/audit.json,models/age_sex/candidates/3/fold_auc/1,0.5454545454545454
results/CIN-to-OSU/repeat3-fold1/audit.json,models/age_sex/candidates/3/fold_auc/2,0.5363636363636364
results/CIN-to-OSU/repeat3-fold1/audit.json,models/age_sex/chosen/mean_inner_auc,0.5666666666666667
results/CIN-to-OSU/repeat3-fold1/audit.json,models/age_sex/chosen/fold_auc/0,0.5454545454545454
results/CIN-to-OSU/repeat3-fold1/audit.json,models/age_sex/chosen/fold_auc/1,0.5454545454545454
results/CIN-to-OSU/repeat3-fold1/audit.json,models/age_sex/chosen/fold_auc/2,0.6090909090909091
results/CIN-to-OSU/repeat3-fold1/audit.json,models/age_sex_motion/candidates/0/mean_inner_auc,0.4696969696969697
results/CIN-to-OSU/repeat3-fold1/audit.json,models/age_sex_motion/candidates/0/fold_auc/0,0.5909090909090909
results/CIN-to-OSU/repeat3-fold1/audit.json,models/age_sex_motion/candidates/0/fold_auc/1,0.36363636363636365
results/CIN-to-OSU/repeat3-fold1/audit.json,models/age_sex_motion/candidates/0/fold_auc/2,0.45454545454545453
results/CIN-to-OSU/repeat3-fold1/audit.json,models/age_sex_motion/candidates/1/mean_inner_auc,0.4646464646464646
results/CIN-to-OSU/repeat3-fold1/audit.json,models/age_sex_motion/candidates/1/fold_auc/0,0.5757575757575757
results/CIN-to-OSU/repeat3-fold1/audit.json,models/age_sex_motion/candidates/1/fold_auc/1,0.36363636363636365
results/CIN-to-OSU/repeat3-fold1/audit.json,models/age_sex_motion/candidates/1/fold_auc/2,0.45454545454545453
results/CIN-to-OSU/repeat3-fold1/audit.json,models/age_sex_motion/candidates/2/mean_inner_auc,0.4202020202020202
results/CIN-to-OSU/repeat3-fold1/audit.json,models/age_sex_motion/candidates/2/fold_auc/0,0.5606060606060606
results/CIN-to-OSU/repeat3-fold1/audit.json,models/age_sex_motion/candidates/2/fold_auc/1,0.3181818181818182
results/CIN-to-OSU/repeat3-fold1/audit.json,models/age_sex_motion/candidates/2/fold_auc/2,0.38181818181818183
results/CIN-to-OSU/repeat3-fold1/audit.json,models/age_sex_motion/candidates/3/mean_inner_auc,0.3898989898989898
results/CIN-to-OSU/repeat3-fold1/audit.json,models/age_sex_motion/candidates/3/fold_auc/0,0.5757575757575757
results/CIN-to-OSU/repeat3-fold1/audit.json,models/age_sex_motion/candidates/3/fold_auc/1,0.30303030303030304
results/CIN-to-OSU/repeat3-fold1/audit.json,models/age_sex_motion/candidates/3/fold_auc/2,0.2909090909090909
results/CIN-to-OSU/repeat3-fold1/audit.json,models/age_sex_motion/chosen/mean_inner_auc,0.4696969696969697
results/CIN-to-OSU/repeat3-fold1/audit.json,models/age_sex_motion/chosen/fold_auc/0,0.5909090909090909
results/CIN-to-OSU/repeat3-fold1/audit.json,models/age_sex_motion/chosen/fold_auc/1,0.36363636363636365
results/CIN-to-OSU/repeat3-fold1/audit.json,models/age_sex_motion/chosen/fold_auc/2,0.45454545454545453
results/CIN-to-OSU/repeat4-fold1/audit.json,models/age_sex/candidates/0/mean_inner_auc,0.6161616161616162
results/CIN-to-OSU/repeat4-fold1/audit.json,models/age_sex/candidates/0/fold_auc/0,0.696969696969697
results/CIN-to-OSU/repeat4-fold1/audit.json,models/age_sex/candidates/0/fold_auc/1,0.5151515151515151
results/CIN-to-OSU/repeat4-fold1/audit.json,models/age_sex/candidates/0/fold_auc/2,0.6363636363636364
results/CIN-to-OSU/repeat4-fold1/audit.json,models/age_sex/candidates/1/mean_inner_auc,0.611111111111111
results/CIN-to-OSU/repeat4-fold1/audit.json,models/age_sex/candidates/1/fold_auc/0,0.6818181818181818
results/CIN-to-OSU/repeat4-fold1/audit.json,models/age_sex/candidates/1/fold_auc/1,0.5151515151515151
results/CIN-to-OSU/repeat4-fold1/audit.json,models/age_sex/candidates/1/fold_auc/2,0.6363636363636364
results/CIN-to-OSU/repeat4-fold1/audit.json,models/age_sex/candidates/2/mean_inner_auc,0.611111111111111
results/CIN-to-OSU/repeat4-fold1/audit.json,models/age_sex/candidates/2/fold_auc/0,0.6818181818181818
results/CIN-to-OSU/repeat4-fold1/audit.json,models/age_sex/candidates/2/fold_auc/1,0.5151515151515151
results/CIN-to-OSU/repeat4-fold1/audit.json,models/age_sex/candidates/2/fold_auc/2,0.6363636363636364
results/CIN-to-OSU/repeat4-fold1/audit.json,models/age_sex/candidates/3/mean_inner_auc,0.611111111111111
results/CIN-to-OSU/repeat4-fold1/audit.json,models/age_sex/candidates/3/fold_auc/0,0.6818181818181818
results/CIN-to-OSU/repeat4-fold1/audit.json,models/age_sex/candidates/3/fold_auc/1,0.5151515151515151
results/CIN-to-OSU/repeat4-fold1/audit.json,models/age_sex/candidates/3/fold_auc/2,0.6363636363636364
results/CIN-to-OSU/repeat4-fold1/audit.json,models/age_sex/chosen/mean_inner_auc,0.6161616161616162
results/CIN-to-OSU/repeat4-fold1/audit.json,models/age_sex/chosen/fold_auc/0,0.696969696969697
results/CIN-to-OSU/repeat4-fold1/audit.json,models/age_sex/chosen/fold_auc/1,0.5151515151515151
results/CIN-to-OSU/repeat4-fold1/audit.json,models/age_sex/chosen/fold_auc/2,0.6363636363636364
results/CIN-to-OSU/repeat4-fold1/audit.json,models/age_sex_motion/candidates/0/mean_inner_auc,0.6060606060606061
results/CIN-to-OSU/repeat4-fold1/audit.json,models/age_sex_motion/candidates/0/fold_auc/0,0.6666666666666666
results/CIN-to-OSU/repeat4-fold1/audit.json,models/age_sex_motion/candidates/0/fold_auc/1,0.5151515151515151
results/CIN-to-OSU/repeat4-fold1/audit.json,models/age_sex_motion/candidates/0/fold_auc/2,0.6363636363636365
results/CIN-to-OSU/repeat4-fold1/audit.json,models/age_sex_motion/candidates/1/mean_inner_auc,0.6060606060606061
results/CIN-to-OSU/repeat4-fold1/audit.json,models/age_sex_motion/candidates/1/fold_auc/0,0.6666666666666666
results/CIN-to-OSU/repeat4-fold1/audit.json,models/age_sex_motion/candidates/1/fold_auc/1,0.5151515151515151
results/CIN-to-OSU/repeat4-fold1/audit.json,models/age_sex_motion/candidates/1/fold_auc/2,0.6363636363636365
results/CIN-to-OSU/repeat4-fold1/audit.json,models/age_sex_motion/candidates/2/mean_inner_auc,0.611111111111111
results/CIN-to-OSU/repeat4-fold1/audit.json,models/age_sex_motion/candidates/2/fold_auc/0,0.6969696969696969
results/CIN-to-OSU/repeat4-fold1/audit.json,models/age_sex_motion/candidates/2/fold_auc/1,0.5
results/CIN-to-OSU/repeat4-fold1/audit.json,models/age_sex_motion/candidates/2/fold_auc/2,0.6363636363636364
results/CIN-to-OSU/repeat4-fold1/audit.json,models/age_sex_motion/candidates/3/mean_inner_auc,0.5747474747474747
results/CIN-to-OSU/repeat4-fold1/audit.json,models/age_sex_motion/candidates/3/fold_auc/0,0.6969696969696969
results/CIN-to-OSU/repeat4-fold1/audit.json,models/age_sex_motion/candidates/3/fold_auc/1,0.5
results/CIN-to-OSU/repeat4-fold1/audit.json,models/age_sex_motion/candidates/3/fold_auc/2,0.5272727272727273
results/CIN-to-OSU/repeat4-fold1/audit.json,models/age_sex_motion/chosen/mean_inner_auc,0.611111111111111
results/CIN-to-OSU/repeat4-fold1/audit.json,models/age_sex_motion/chosen/fold_auc/0,0.6969696969696969
results/CIN-to-OSU/repeat4-fold1/audit.json,models/age_sex_motion/chosen/fold_auc/1,0.5
results/CIN-to-OSU/repeat4-fold1/audit.json,models/age_sex_motion/chosen/fold_auc/2,0.6363636363636364
results/CIN-to-OSU/repeat5-fold1/audit.json,models/age_sex/candidates/0/mean_inner_auc,0.5671717171717171
results/CIN-to-OSU/repeat5-fold1/audit.json,models/age_sex/candidates/0/fold_auc/0,0.7196969696969697
results/CIN-to-OSU/repeat5-fold1/audit.json,models/age_sex/candidates/0/fold_auc/1,0.6818181818181818
results/CIN-to-OSU/repeat5-fold1/audit.json,models/age_sex/candidates/0/fold_auc/2,0.30000000000000004
results/CIN-to-OSU/repeat5-fold1/audit.json,models/age_sex/candidates/1/mean_inner_auc,0.5671717171717171
results/CIN-to-OSU/repeat5-fold1/audit.json,models/age_sex/candidates/1/fold_auc/0,0.7196969696969697
results/CIN-to-OSU/repeat5-fold1/audit.json,models/age_sex/candidates/1/fold_auc/1,0.6818181818181818
results/CIN-to-OSU/repeat5-fold1/audit.json,models/age_sex/candidates/1/fold_auc/2,0.30000000000000004
results/CIN-to-OSU/repeat5-fold1/audit.json,models/age_sex/candidates/2/mean_inner_auc,0.552020202020202
results/CIN-to-OSU/repeat5-fold1/audit.json,models/age_sex/candidates/2/fold_auc/0,0.7196969696969697
results/CIN-to-OSU/repeat5-fold1/audit.json,models/age_sex/candidates/2/fold_auc/1,0.6363636363636364
results/CIN-to-OSU/repeat5-fold1/audit.json,models/age_sex/candidates/2/fold_auc/2,0.30000000000000004
results/CIN-to-OSU/repeat5-fold1/audit.json,models/age_sex/candidates/3/mean_inner_auc,0.5419191919191919
results/CIN-to-OSU/repeat5-fold1/audit.json,models/age_sex/candidates/3/fold_auc/0,0.7196969696969697
results/CIN-to-OSU/repeat5-fold1/audit.json,models/age_sex/candidates/3/fold_auc/1,0.6060606060606061
results/CIN-to-OSU/repeat5-fold1/audit.json,models/age_sex/candidates/3/fold_auc/2,0.30000000000000004
results/CIN-to-OSU/repeat5-fold1/audit.json,models/age_sex/chosen/mean_inner_auc,0.5671717171717171
results/CIN-to-OSU/repeat5-fold1/audit.json,models/age_sex/chosen/fold_auc/0,0.7196969696969697
results/CIN-to-OSU/repeat5-fold1/audit.json,models/age_sex/chosen/fold_auc/1,0.6818181818181818
results/CIN-to-OSU/repeat5-fold1/audit.json,models/age_sex/chosen/fold_auc/2,0.30000000000000004
results/CIN-to-OSU/repeat5-fold1/audit.json,models/age_sex_motion/candidates/0/mean_inner_auc,0.24141414141414144
results/CIN-to-OSU/repeat5-fold1/audit.json,models/age_sex_motion/candidates/0/fold_auc/0,0.24242424242424243
results/CIN-to-OSU/repeat5-fold1/audit.json,models/age_sex_motion/candidates/0/fold_auc/1,0.2272727272727273
results/CIN-to-OSU/repeat5-fold1/audit.json,models/age_sex_motion/candidates/0/fold_auc/2,0.2545454545454546
results/CIN-to-OSU/repeat5-fold1/audit.json,models/age_sex_motion/candidates/1/mean_inner_auc,0.2515151515151515
results/CIN-to-OSU/repeat5-fold1/audit.json,models/age_sex_motion/candidates/1/fold_auc/0,0.2727272727272727
results/CIN-to-OSU/repeat5-fold1/audit.json,models/age_sex_motion/candidates/1/fold_auc/1,0.2272727272727273
results/CIN-to-OSU/repeat5-fold1/audit.json,models/age_sex_motion/candidates/1/fold_auc/2,0.2545454545454546
results/CIN-to-OSU/repeat5-fold1/audit.json,models/age_sex_motion/candidates/2/mean_inner_auc,0.2676767676767677
results/CIN-to-OSU/repeat5-fold1/audit.json,models/age_sex_motion/candidates/2/fold_auc/0,0.3484848484848485
results/CIN-to-OSU/repeat5-fold1/audit.json,models/age_sex_motion/candidates/2/fold_auc/1,0.18181818181818182
results/CIN-to-OSU/repeat5-fold1/audit.json,models/age_sex_motion/candidates/2/fold_auc/2,0.2727272727272727
results/CIN-to-OSU/repeat5-fold1/audit.json,models/age_sex_motion/candidates/3/mean_inner_auc,0.30303030303030304
results/CIN-to-OSU/repeat5-fold1/audit.json,models/age_sex_motion/candidates/3/fold_auc/0,0.4242424242424242
results/CIN-to-OSU/repeat5-fold1/audit.json,models/age_sex_motion/candidates/3/fold_auc/1,0.21212121212121213
results/CIN-to-OSU/repeat5-fold1/audit.json,models/age_sex_motion/candidates/3/fold_auc/2,0.2727272727272727
results/CIN-to-OSU/repeat5-fold1/audit.json,models/age_sex_motion/chosen/mean_inner_auc,0.30303030303030304
results/CIN-to-OSU/repeat5-fold1/audit.json,models/age_sex_motion/chosen/fold_auc/0,0.4242424242424242
results/CIN-to-OSU/repeat5-fold1/audit.json,models/age_sex_motion/chosen/fold_auc/1,0.21212121212121213
results/CIN-to-OSU/repeat5-fold1/audit.json,models/age_sex_motion/chosen/fold_auc/2,0.2727272727272727
results/OSU-to-CIN/repeat1-fold1/audit.json,models/age_sex/candidates/0/mean_inner_auc,0.5758377425044091
results/OSU-to-CIN/repeat1-fold1/audit.json,models/age_sex/candidates/0/fold_auc/0,0.6349206349206349
results/OSU-to-CIN/repeat1-fold1/audit.json,models/age_sex/candidates/0/fold_auc/1,0.4351851851851852
results/OSU-to-CIN/repeat1-fold1/audit.json,models/age_sex/candidates/0/fold_auc/2,0.6574074074074074
results/OSU-to-CIN/repeat1-fold1/audit.json,models/age_sex/candidates/1/mean_inner_auc,0.5758377425044091
results/OSU-to-CIN/repeat1-fold1/audit.json,models/age_sex/candidates/1/fold_auc/0,0.6349206349206349
results/OSU-to-CIN/repeat1-fold1/audit.json,models/age_sex/candidates/1/fold_auc/1,0.4351851851851852
results/OSU-to-CIN/repeat1-fold1/audit.json,models/age_sex/candidates/1/fold_auc/2,0.6574074074074074
results/OSU-to-CIN/repeat1-fold1/audit.json,models/age_sex/candidates/2/mean_inner_auc,0.5811287477954145
results/OSU-to-CIN/repeat1-fold1/audit.json,models/age_sex/candidates/2/fold_auc/0,0.6507936507936507
results/OSU-to-CIN/repeat1-fold1/audit.json,models/age_sex/candidates/2/fold_auc/1,0.4351851851851852
results/OSU-to-CIN/repeat1-fold1/audit.json,models/age_sex/candidates/2/fold_auc/2,0.6574074074074074
results/OSU-to-CIN/repeat1-fold1/audit.json,models/age_sex/candidates/3/mean_inner_auc,0.5873015873015873
results/OSU-to-CIN/repeat1-fold1/audit.json,models/age_sex/candidates/3/fold_auc/0,0.6507936507936507
results/OSU-to-CIN/repeat1-fold1/audit.json,models/age_sex/candidates/3/fold_auc/1,0.4351851851851852
results/OSU-to-CIN/repeat1-fold1/audit.json,models/age_sex/candidates/3/fold_auc/2,0.6759259259259259
results/OSU-to-CIN/repeat1-fold1/audit.json,models/age_sex/chosen/mean_inner_auc,0.5873015873015873
results/OSU-to-CIN/repeat1-fold1/audit.json,models/age_sex/chosen/fold_auc/0,0.6507936507936507
results/OSU-to-CIN/repeat1-fold1/audit.json,models/age_sex/chosen/fold_auc/1,0.4351851851851852
results/OSU-to-CIN/repeat1-fold1/audit.json,models/age_sex/chosen/fold_auc/2,0.6759259259259259
results/OSU-to-CIN/repeat1-fold1/audit.json,models/age_sex_motion/candidates/0/mean_inner_auc,0.5088183421516755
results/OSU-to-CIN/repeat1-fold1/audit.json,models/age_sex_motion/candidates/0/fold_auc/0,0.6190476190476191
results/OSU-to-CIN/repeat1-fold1/audit.json,models/age_sex_motion/candidates/0/fold_auc/1,0.4074074074074074
results/OSU-to-CIN/repeat1-fold1/audit.json,models/age_sex_motion/candidates/0/fold_auc/2,0.5
results/OSU-to-CIN/repeat1-fold1/audit.json,models/age_sex_motion/candidates/1/mean_inner_auc,0.5088183421516755
results/OSU-to-CIN/repeat1-fold1/audit.json,models/age_sex_motion/candidates/1/fold_auc/0,0.6190476190476191
results/OSU-to-CIN/repeat1-fold1/audit.json,models/age_sex_motion/candidates/1/fold_auc/1,0.4074074074074074
results/OSU-to-CIN/repeat1-fold1/audit.json,models/age_sex_motion/candidates/1/fold_auc/2,0.5
results/OSU-to-CIN/repeat1-fold1/audit.json,models/age_sex_motion/candidates/2/mean_inner_auc,0.5088183421516755
results/OSU-to-CIN/repeat1-fold1/audit.json,models/age_sex_motion/candidates/2/fold_auc/0,0.6190476190476191
results/OSU-to-CIN/repeat1-fold1/audit.json,models/age_sex_motion/candidates/2/fold_auc/1,0.3888888888888889
results/OSU-to-CIN/repeat1-fold1/audit.json,models/age_sex_motion/candidates/2/fold_auc/2,0.5185185185185185
results/OSU-to-CIN/repeat1-fold1/audit.json,models/age_sex_motion/candidates/3/mean_inner_auc,0.5317460317460317
results/OSU-to-CIN/repeat1-fold1/audit.json,models/age_sex_motion/candidates/3/fold_auc/0,0.6507936507936508
results/OSU-to-CIN/repeat1-fold1/audit.json,models/age_sex_motion/candidates/3/fold_auc/1,0.42592592592592593
results/OSU-to-CIN/repeat1-fold1/audit.json,models/age_sex_motion/candidates/3/fold_auc/2,0.5185185185185185
results/OSU-to-CIN/repeat1-fold1/audit.json,models/age_sex_motion/chosen/mean_inner_auc,0.5317460317460317
results/OSU-to-CIN/repeat1-fold1/audit.json,models/age_sex_motion/chosen/fold_auc/0,0.6507936507936508
results/OSU-to-CIN/repeat1-fold1/audit.json,models/age_sex_motion/chosen/fold_auc/1,0.42592592592592593
results/OSU-to-CIN/repeat1-fold1/audit.json,models/age_sex_motion/chosen/fold_auc/2,0.5185185185185185
results/OSU-to-CIN/repeat2-fold1/audit.json,models/age_sex/candidates/0/mean_inner_auc,0.5022045855379189
results/OSU-to-CIN/repeat2-fold1/audit.json,models/age_sex/candidates/0/fold_auc/0,0.46031746031746035
results/OSU-to-CIN/repeat2-fold1/audit.json,models/age_sex/candidates/0/fold_auc/1,0.5925925925925926
results/OSU-to-CIN/repeat2-fold1/audit.json,models/age_sex/candidates/0/fold_auc/2,0.4537037037037037
results/OSU-to-CIN/repeat2-fold1/audit.json,models/age_sex/candidates/1/mean_inner_auc,0.5022045855379189
results/OSU-to-CIN/repeat2-fold1/audit.json,models/age_sex/candidates/1/fold_auc/0,0.46031746031746035
results/OSU-to-CIN/repeat2-fold1/audit.json,models/age_sex/candidates/1/fold_auc/1,0.5925925925925926
results/OSU-to-CIN/repeat2-fold1/audit.json,models/age_sex/candidates/1/fold_auc/2,0.4537037037037037
results/OSU-to-CIN/repeat2-fold1/audit.json,models/age_sex/candidates/2/mean_inner_auc,0.49603174603174605
results/OSU-to-CIN/repeat2-fold1/audit.json,models/age_sex/candidates/2/fold_auc/0,0.46031746031746035
results/OSU-to-CIN/repeat2-fold1/audit.json,models/age_sex/candidates/2/fold_auc/1,0.5740740740740741
results/OSU-to-CIN/repeat2-fold1/audit.json,models/age_sex/candidates/2/fold_auc/2,0.4537037037037037
results/OSU-to-CIN/repeat2-fold1/audit.json,models/age_sex/candidates/3/mean_inner_auc,0.49603174603174605
results/OSU-to-CIN/repeat2-fold1/audit.json,models/age_sex/candidates/3/fold_auc/0,0.46031746031746035
results/OSU-to-CIN/repeat2-fold1/audit.json,models/age_sex/candidates/3/fold_auc/1,0.5740740740740741
results/OSU-to-CIN/repeat2-fold1/audit.json,models/age_sex/candidates/3/fold_auc/2,0.4537037037037037
results/OSU-to-CIN/repeat2-fold1/audit.json,models/age_sex/chosen/mean_inner_auc,0.5022045855379189
results/OSU-to-CIN/repeat2-fold1/audit.json,models/age_sex/chosen/fold_auc/0,0.46031746031746035
results/OSU-to-CIN/repeat2-fold1/audit.json,models/age_sex/chosen/fold_auc/1,0.5925925925925926
results/OSU-to-CIN/repeat2-fold1/audit.json,models/age_sex/chosen/fold_auc/2,0.4537037037037037
results/OSU-to-CIN/repeat2-fold1/audit.json,models/age_sex_motion/candidates/0/mean_inner_auc,0.3968253968253968
results/OSU-to-CIN/repeat2-fold1/audit.json,models/age_sex_motion/candidates/0/fold_auc/0,0.3015873015873016
results/OSU-to-CIN/repeat2-fold1/audit.json,models/age_sex_motion/candidates/0/fold_auc/1,0.5185185185185185
results/OSU-to-CIN/repeat2-fold1/audit.json,models/age_sex_motion/candidates/0/fold_auc/2,0.37037037037037035
results/OSU-to-CIN/repeat2-fold1/audit.json,models/age_sex_motion/candidates/1/mean_inner_auc,0.40299823633156967
results/OSU-to-CIN/repeat2-fold1/audit.json,models/age_sex_motion/candidates/1/fold_auc/0,0.3015873015873016
results/OSU-to-CIN/repeat2-fold1/audit.json,models/age_sex_motion/candidates/1/fold_auc/1,0.5370370370370371
results/OSU-to-CIN/repeat2-fold1/audit.json,models/age_sex_motion/candidates/1/fold_auc/2,0.37037037037037035
results/OSU-to-CIN/repeat2-fold1/audit.json,models/age_sex_motion/candidates/2/mean_inner_auc,0.4365079365079365
results/OSU-to-CIN/repeat2-fold1/audit.json,models/age_sex_motion/candidates/2/fold_auc/0,0.3650793650793651
results/OSU-to-CIN/repeat2-fold1/audit.json,models/age_sex_motion/candidates/2/fold_auc/1,0.5370370370370371
results/OSU-to-CIN/repeat2-fold1/audit.json,models/age_sex_motion/candidates/2/fold_auc/2,0.4074074074074074
results/OSU-to-CIN/repeat2-fold1/audit.json,models/age_sex_motion/candidates/3/mean_inner_auc,0.472663139329806
results/OSU-to-CIN/repeat2-fold1/audit.json,models/age_sex_motion/candidates/3/fold_auc/0,0.380952380952381
results/OSU-to-CIN/repeat2-fold1/audit.json,models/age_sex_motion/candidates/3/fold_auc/1,0.5555555555555556
results/OSU-to-CIN/repeat2-fold1/audit.json,models/age_sex_motion/candidates/3/fold_auc/2,0.4814814814814815
results/OSU-to-CIN/repeat2-fold1/audit.json,models/age_sex_motion/chosen/mean_inner_auc,0.472663139329806
results/OSU-to-CIN/repeat2-fold1/audit.json,models/age_sex_motion/chosen/fold_auc/0,0.380952380952381
results/OSU-to-CIN/repeat2-fold1/audit.json,models/age_sex_motion/chosen/fold_auc/1,0.5555555555555556
results/OSU-to-CIN/repeat2-fold1/audit.json,models/age_sex_motion/chosen/fold_auc/2,0.4814814814814815
results/OSU-to-CIN/repeat3-fold1/audit.json,models/age_sex/candidates/0/mean_inner_auc,0.4268077601410935
results/OSU-to-CIN/repeat3-fold1/audit.json,models/age_sex/candidates/0/fold_auc/0,0.4285714285714286
results/OSU-to-CIN/repeat3-fold1/audit.json,models/age_sex/candidates/0/fold_auc/1,0.4444444444444445
results/OSU-to-CIN/repeat3-fold1/audit.json,models/age_sex/candidates/0/fold_auc/2,0.4074074074074074
results/OSU-to-CIN/repeat3-fold1/audit.json,models/age_sex/candidates/1/mean_inner_auc,0.4268077601410935
results/OSU-to-CIN/repeat3-fold1/audit.json,models/age_sex/candidates/1/fold_auc/0,0.4285714285714286
results/OSU-to-CIN/repeat3-fold1/audit.json,models/age_sex/candidates/1/fold_auc/1,0.4444444444444445
results/OSU-to-CIN/repeat3-fold1/audit.json,models/age_sex/candidates/1/fold_auc/2,0.4074074074074074
results/OSU-to-CIN/repeat3-fold1/audit.json,models/age_sex/candidates/2/mean_inner_auc,0.43915343915343913
results/OSU-to-CIN/repeat3-fold1/audit.json,models/age_sex/candidates/2/fold_auc/0,0.4285714285714286
results/OSU-to-CIN/repeat3-fold1/audit.json,models/age_sex/candidates/2/fold_auc/1,0.4444444444444445
results/OSU-to-CIN/repeat3-fold1/audit.json,models/age_sex/candidates/2/fold_auc/2,0.4444444444444444
results/OSU-to-CIN/repeat3-fold1/audit.json,models/age_sex/candidates/3/mean_inner_auc,0.445326278659612
results/OSU-to-CIN/repeat3-fold1/audit.json,models/age_sex/candidates/3/fold_auc/0,0.4285714285714286
results/OSU-to-CIN/repeat3-fold1/audit.json,models/age_sex/candidates/3/fold_auc/1,0.4444444444444444
results/OSU-to-CIN/repeat3-fold1/audit.json,models/age_sex/candidates/3/fold_auc/2,0.46296296296296297
results/OSU-to-CIN/repeat3-fold1/audit.json,models/age_sex/chosen/mean_inner_auc,0.445326278659612
results/OSU-to-CIN/repeat3-fold1/audit.json,models/age_sex/chosen/fold_auc/0,0.4285714285714286
results/OSU-to-CIN/repeat3-fold1/audit.json,models/age_sex/chosen/fold_auc/1,0.4444444444444444
results/OSU-to-CIN/repeat3-fold1/audit.json,models/age_sex/chosen/fold_auc/2,0.46296296296296297
results/OSU-to-CIN/repeat3-fold1/audit.json,models/age_sex_motion/candidates/0/mean_inner_auc,0.37654320987654327
results/OSU-to-CIN/repeat3-fold1/audit.json,models/age_sex_motion/candidates/0/fold_auc/0,0.4444444444444445
results/OSU-to-CIN/repeat3-fold1/audit.json,models/age_sex_motion/candidates/0/fold_auc/1,0.33333333333333337
results/OSU-to-CIN/repeat3-fold1/audit.json,models/age_sex_motion/candidates/0/fold_auc/2,0.35185185185185186
results/OSU-to-CIN/repeat3-fold1/audit.json,models/age_sex_motion/candidates/1/mean_inner_auc,0.37654320987654316
results/OSU-to-CIN/repeat3-fold1/audit.json,models/age_sex_motion/candidates/1/fold_auc/0,0.4444444444444445
results/OSU-to-CIN/repeat3-fold1/audit.json,models/age_sex_motion/candidates/1/fold_auc/1,0.35185185185185186
results/OSU-to-CIN/repeat3-fold1/audit.json,models/age_sex_motion/candidates/1/fold_auc/2,0.3333333333333333
results/OSU-to-CIN/repeat3-fold1/audit.json,models/age_sex_motion/candidates/2/mean_inner_auc,0.3465608465608465
results/OSU-to-CIN/repeat3-fold1/audit.json,models/age_sex_motion/candidates/2/fold_auc/0,0.4285714285714286
results/OSU-to-CIN/repeat3-fold1/audit.json,models/age_sex_motion/candidates/2/fold_auc/1,0.3333333333333333
results/OSU-to-CIN/repeat3-fold1/audit.json,models/age_sex_motion/candidates/2/fold_auc/2,0.2777777777777778
results/OSU-to-CIN/repeat3-fold1/audit.json,models/age_sex_motion/candidates/3/mean_inner_auc,0.3694885361552028
results/OSU-to-CIN/repeat3-fold1/audit.json,models/age_sex_motion/candidates/3/fold_auc/0,0.46031746031746035
results/OSU-to-CIN/repeat3-fold1/audit.json,models/age_sex_motion/candidates/3/fold_auc/1,0.3148148148148148
results/OSU-to-CIN/repeat3-fold1/audit.json,models/age_sex_motion/candidates/3/fold_auc/2,0.3333333333333333
results/OSU-to-CIN/repeat3-fold1/audit.json,models/age_sex_motion/chosen/mean_inner_auc,0.37654320987654327
results/OSU-to-CIN/repeat3-fold1/audit.json,models/age_sex_motion/chosen/fold_auc/0,0.4444444444444445
results/OSU-to-CIN/repeat3-fold1/audit.json,models/age_sex_motion/chosen/fold_auc/1,0.33333333333333337
results/OSU-to-CIN/repeat3-fold1/audit.json,models/age_sex_motion/chosen/fold_auc/2,0.35185185185185186
results/OSU-to-CIN/repeat4-fold1/audit.json,models/age_sex/candidates/0/mean_inner_auc,0.44841269841269843
results/OSU-to-CIN/repeat4-fold1/audit.json,models/age_sex/candidates/0/fold_auc/0,0.261904761904762
results/OSU-to-CIN/repeat4-fold1/audit.json,models/age_sex/candidates/0/fold_auc/1,0.43518518518518523
results/OSU-to-CIN/repeat4-fold1/audit.json,models/age_sex/candidates/0/fold_auc/2,0.6481481481481481
results/OSU-to-CIN/repeat4-fold1/audit.json,models/age_sex/candidates/1/mean_inner_auc,0.44841269841269843
results/OSU-to-CIN/repeat4-fold1/audit.json,models/age_sex/candidates/1/fold_auc/0,0.261904761904762
results/OSU-to-CIN/repeat4-fold1/audit.json,models/age_sex/candidates/1/fold_auc/1,0.43518518518518523
results/OSU-to-CIN/repeat4-fold1/audit.json,models/age_sex/candidates/1/fold_auc/2,0.6481481481481481
results/OSU-to-CIN/repeat4-fold1/audit.json,models/age_sex/candidates/2/mean_inner_auc,0.44841269841269843
results/OSU-to-CIN/repeat4-fold1/audit.json,models/age_sex/candidates/2/fold_auc/0,0.261904761904762
results/OSU-to-CIN/repeat4-fold1/audit.json,models/age_sex/candidates/2/fold_auc/1,0.43518518518518523
results/OSU-to-CIN/repeat4-fold1/audit.json,models/age_sex/candidates/2/fold_auc/2,0.6481481481481481
results/OSU-to-CIN/repeat4-fold1/audit.json,models/age_sex/candidates/3/mean_inner_auc,0.44841269841269843
results/OSU-to-CIN/repeat4-fold1/audit.json,models/age_sex/candidates/3/fold_auc/0,0.261904761904762
results/OSU-to-CIN/repeat4-fold1/audit.json,models/age_sex/candidates/3/fold_auc/1,0.43518518518518523
results/OSU-to-CIN/repeat4-fold1/audit.json,models/age_sex/candidates/3/fold_auc/2,0.6481481481481481
results/OSU-to-CIN/repeat4-fold1/audit.json,models/age_sex/chosen/mean_inner_auc,0.44841269841269843
results/OSU-to-CIN/repeat4-fold1/audit.json,models/age_sex/chosen/fold_auc/0,0.261904761904762
results/OSU-to-CIN/repeat4-fold1/audit.json,models/age_sex/chosen/fold_auc/1,0.43518518518518523
results/OSU-to-CIN/repeat4-fold1/audit.json,models/age_sex/chosen/fold_auc/2,0.6481481481481481
results/OSU-to-CIN/repeat4-fold1/audit.json,models/age_sex_motion/candidates/0/mean_inner_auc,0.3544973544973545
results/OSU-to-CIN/repeat4-fold1/audit.json,models/age_sex_motion/candidates/0/fold_auc/0,0.1746031746031746
results/OSU-to-CIN/repeat4-fold1/audit.json,models/age_sex_motion/candidates/0/fold_auc/1,0.2222222222222222
results/OSU-to-CIN/repeat4-fold1/audit.json,models/age_sex_motion/candidates/0/fold_auc/2,0.6666666666666667
results/OSU-to-CIN/repeat4-fold1/audit.json,models/age_sex_motion/candidates/1/mean_inner_auc,0.335978835978836
results/OSU-to-CIN/repeat4-fold1/audit.json,models/age_sex_motion/candidates/1/fold_auc/0,0.1746031746031746
results/OSU-to-CIN/repeat4-fold1/audit.json,models/age_sex_motion/candidates/1/fold_auc/1,0.1851851851851852
results/OSU-to-CIN/repeat4-fold1/audit.json,models/age_sex_motion/candidates/1/fold_auc/2,0.6481481481481481
results/OSU-to-CIN/repeat4-fold1/audit.json,models/age_sex_motion/candidates/2/mean_inner_auc,0.3236331569664903
results/OSU-to-CIN/repeat4-fold1/audit.json,models/age_sex_motion/candidates/2/fold_auc/0,0.17460317460317462
results/OSU-to-CIN/repeat4-fold1/audit.json,models/age_sex_motion/candidates/2/fold_auc/1,0.1851851851851852
results/OSU-to-CIN/repeat4-fold1/audit.json,models/age_sex_motion/candidates/2/fold_auc/2,0.6111111111111112
results/OSU-to-CIN/repeat4-fold1/audit.json,models/age_sex_motion/candidates/3/mean_inner_auc,0.32275132275132273
results/OSU-to-CIN/repeat4-fold1/audit.json,models/age_sex_motion/candidates/3/fold_auc/0,0.19047619047619047
results/OSU-to-CIN/repeat4-fold1/audit.json,models/age_sex_motion/candidates/3/fold_auc/1,0.22222222222222224
results/OSU-to-CIN/repeat4-fold1/audit.json,models/age_sex_motion/candidates/3/fold_auc/2,0.5555555555555556
results/OSU-to-CIN/repeat4-fold1/audit.json,models/age_sex_motion/chosen/mean_inner_auc,0.3544973544973545
results/OSU-to-CIN/repeat4-fold1/audit.json,models/age_sex_motion/chosen/fold_auc/0,0.1746031746031746
results/OSU-to-CIN/repeat4-fold1/audit.json,models/age_sex_motion/chosen/fold_auc/1,0.2222222222222222
results/OSU-to-CIN/repeat4-fold1/audit.json,models/age_sex_motion/chosen/fold_auc/2,0.6666666666666667
results/OSU-to-CIN/repeat5-fold1/audit.json,models/age_sex/candidates/0/mean_inner_auc,0.42328042328042326
results/OSU-to-CIN/repeat5-fold1/audit.json,models/age_sex/candidates/0/fold_auc/0,0.49206349206349204
results/OSU-to-CIN/repeat5-fold1/audit.json,models/age_sex/candidates/0/fold_auc/1,0.37037037037037035
results/OSU-to-CIN/repeat5-fold1/audit.json,models/age_sex/candidates/0/fold_auc/2,0.4074074074074074
results/OSU-to-CIN/repeat5-fold1/audit.json,models/age_sex/candidates/1/mean_inner_auc,0.4417989417989418
results/OSU-to-CIN/repeat5-fold1/audit.json,models/age_sex/candidates/1/fold_auc/0,0.49206349206349204
results/OSU-to-CIN/repeat5-fold1/audit.json,models/age_sex/candidates/1/fold_auc/1,0.42592592592592593
results/OSU-to-CIN/repeat5-fold1/audit.json,models/age_sex/candidates/1/fold_auc/2,0.4074074074074074
results/OSU-to-CIN/repeat5-fold1/audit.json,models/age_sex/candidates/2/mean_inner_auc,0.5343915343915344
results/OSU-to-CIN/repeat5-fold1/audit.json,models/age_sex/candidates/2/fold_auc/0,0.49206349206349204
results/OSU-to-CIN/repeat5-fold1/audit.json,models/age_sex/candidates/2/fold_auc/1,0.46296296296296297
results/OSU-to-CIN/repeat5-fold1/audit.json,models/age_sex/candidates/2/fold_auc/2,0.6481481481481481
results/OSU-to-CIN/repeat5-fold1/audit.json,models/age_sex/candidates/3/mean_inner_auc,0.5343915343915344
results/OSU-to-CIN/repeat5-fold1/audit.json,models/age_sex/candidates/3/fold_auc/0,0.49206349206349204
results/OSU-to-CIN/repeat5-fold1/audit.json,models/age_sex/candidates/3/fold_auc/1,0.462962962962963
results/OSU-to-CIN/repeat5-fold1/audit.json,models/age_sex/candidates/3/fold_auc/2,0.6481481481481481
results/OSU-to-CIN/repeat5-fold1/audit.json,models/age_sex/chosen/mean_inner_auc,0.5343915343915344
results/OSU-to-CIN/repeat5-fold1/audit.json,models/age_sex/chosen/fold_auc/0,0.49206349206349204
results/OSU-to-CIN/repeat5-fold1/audit.json,models/age_sex/chosen/fold_auc/1,0.46296296296296297
results/OSU-to-CIN/repeat5-fold1/audit.json,models/age_sex/chosen/fold_auc/2,0.6481481481481481
results/OSU-to-CIN/repeat5-fold1/audit.json,models/age_sex_motion/candidates/0/mean_inner_auc,0.41534391534391535
results/OSU-to-CIN/repeat5-fold1/audit.json,models/age_sex_motion/candidates/0/fold_auc/0,0.41269841269841273
results/OSU-to-CIN/repeat5-fold1/audit.json,models/age_sex_motion/candidates/0/fold_auc/1,0.42592592592592593
results/OSU-to-CIN/repeat5-fold1/audit.json,models/age_sex_motion/candidates/0/fold_auc/2,0.4074074074074074
results/OSU-to-CIN/repeat5-fold1/audit.json,models/age_sex_motion/candidates/1/mean_inner_auc,0.42063492063492064
results/OSU-to-CIN/repeat5-fold1/audit.json,models/age_sex_motion/candidates/1/fold_auc/0,0.4285714285714286
results/OSU-to-CIN/repeat5-fold1/audit.json,models/age_sex_motion/candidates/1/fold_auc/1,0.42592592592592593
results/OSU-to-CIN/repeat5-fold1/audit.json,models/age_sex_motion/candidates/1/fold_auc/2,0.4074074074074074
results/OSU-to-CIN/repeat5-fold1/audit.json,models/age_sex_motion/candidates/2/mean_inner_auc,0.445326278659612
results/OSU-to-CIN/repeat5-fold1/audit.json,models/age_sex_motion/candidates/2/fold_auc/0,0.4285714285714286
results/OSU-to-CIN/repeat5-fold1/audit.json,models/age_sex_motion/candidates/2/fold_auc/1,0.4814814814814815
results/OSU-to-CIN/repeat5-fold1/audit.json,models/age_sex_motion/candidates/2/fold_auc/2,0.42592592592592593
results/OSU-to-CIN/repeat5-fold1/audit.json,models/age_sex_motion/candidates/3/mean_inner_auc,0.4303350970017637
results/OSU-to-CIN/repeat5-fold1/audit.json,models/age_sex_motion/candidates/3/fold_auc/0,0.3650793650793651
results/OSU-to-CIN/repeat5-fold1/audit.json,models/age_sex_motion/candidates/3/fold_auc/1,0.5555555555555556
results/OSU-to-CIN/repeat5-fold1/audit.json,models/age_sex_motion/candidates/3/fold_auc/2,0.37037037037037035
results/OSU-to-CIN/repeat5-fold1/audit.json,models/age_sex_motion/chosen/mean_inner_auc,0.445326278659612
results/OSU-to-CIN/repeat5-fold1/audit.json,models/age_sex_motion/chosen/fold_auc/0,0.4285714285714286
results/OSU-to-CIN/repeat5-fold1/audit.json,models/age_sex_motion/chosen/fold_auc/1,0.4814814814814815
results/OSU-to-CIN/repeat5-fold1/audit.json,models/age_sex_motion/chosen/fold_auc/2,0.42592592592592593
results/primary99/repeat1-fold1/audit.json,models/age_sex/candidates/0/mean_inner_auc,0.4682539682539682
results/primary99/repeat1-fold1/audit.json,models/age_sex/candidates/0/fold_auc/0,0.4285714285714286
results/primary99/repeat1-fold1/audit.json,models/age_sex/candidates/0/fold_auc/1,0.40476190476190477
results/primary99/repeat1-fold1/audit.json,models/age_sex/candidates/0/fold_auc/2,0.5714285714285714
results/primary99/repeat1-fold1/audit.json,models/age_sex/candidates/1/mean_inner_auc,0.4682539682539682
results/primary99/repeat1-fold1/audit.json,models/age_sex/candidates/1/fold_auc/0,0.4285714285714286
results/primary99/repeat1-fold1/audit.json,models/age_sex/candidates/1/fold_auc/1,0.40476190476190477
results/primary99/repeat1-fold1/audit.json,models/age_sex/candidates/1/fold_auc/2,0.5714285714285714
results/primary99/repeat1-fold1/audit.json,models/age_sex/candidates/2/mean_inner_auc,0.47420634920634913
results/primary99/repeat1-fold1/audit.json,models/age_sex/candidates/2/fold_auc/0,0.4285714285714286
results/primary99/repeat1-fold1/audit.json,models/age_sex/candidates/2/fold_auc/1,0.41666666666666663
results/primary99/repeat1-fold1/audit.json,models/age_sex/candidates/2/fold_auc/2,0.5773809523809523
results/primary99/repeat1-fold1/audit.json,models/age_sex/candidates/3/mean_inner_auc,0.47420634920634913
results/primary99/repeat1-fold1/audit.json,models/age_sex/candidates/3/fold_auc/0,0.4285714285714286
results/primary99/repeat1-fold1/audit.json,models/age_sex/candidates/3/fold_auc/1,0.42261904761904756
results/primary99/repeat1-fold1/audit.json,models/age_sex/candidates/3/fold_auc/2,0.5714285714285714
results/primary99/repeat1-fold1/audit.json,models/age_sex/chosen/mean_inner_auc,0.47420634920634913
results/primary99/repeat1-fold1/audit.json,models/age_sex/chosen/fold_auc/0,0.4285714285714286
results/primary99/repeat1-fold1/audit.json,models/age_sex/chosen/fold_auc/1,0.41666666666666663
results/primary99/repeat1-fold1/audit.json,models/age_sex/chosen/fold_auc/2,0.5773809523809523
results/primary99/repeat1-fold1/audit.json,models/age_sex_motion/candidates/0/mean_inner_auc,0.47130647130647124
results/primary99/repeat1-fold1/audit.json,models/age_sex_motion/candidates/0/fold_auc/0,0.46153846153846156
results/primary99/repeat1-fold1/audit.json,models/age_sex_motion/candidates/0/fold_auc/1,0.3928571428571428
results/primary99/repeat1-fold1/audit.json,models/age_sex_motion/candidates/0/fold_auc/2,0.5595238095238095
results/primary99/repeat1-fold1/audit.json,models/age_sex_motion/candidates/1/mean_inner_auc,0.47512210012210004
results/primary99/repeat1-fold1/audit.json,models/age_sex_motion/candidates/1/fold_auc/0,0.46703296703296704
results/primary99/repeat1-fold1/audit.json,models/age_sex_motion/candidates/1/fold_auc/1,0.3988095238095237
results/primary99/repeat1-fold1/audit.json,models/age_sex_motion/candidates/1/fold_auc/2,0.5595238095238095
results/primary99/repeat1-fold1/audit.json,models/age_sex_motion/candidates/2/mean_inner_auc,0.48122710622710624
results/primary99/repeat1-fold1/audit.json,models/age_sex_motion/candidates/2/fold_auc/0,0.46153846153846156
results/primary99/repeat1-fold1/audit.json,models/age_sex_motion/candidates/2/fold_auc/1,0.4047619047619047
results/primary99/repeat1-fold1/audit.json,models/age_sex_motion/candidates/2/fold_auc/2,0.5773809523809523
results/primary99/repeat1-fold1/audit.json,models/age_sex_motion/candidates/3/mean_inner_auc,0.4867216117216117
results/primary99/repeat1-fold1/audit.json,models/age_sex_motion/candidates/3/fold_auc/0,0.478021978021978
results/primary99/repeat1-fold1/audit.json,models/age_sex_motion/candidates/3/fold_auc/1,0.4047619047619047
results/primary99/repeat1-fold1/audit.json,models/age_sex_motion/candidates/3/fold_auc/2,0.5773809523809523
results/primary99/repeat1-fold1/audit.json,models/age_sex_motion/chosen/mean_inner_auc,0.4867216117216117
results/primary99/repeat1-fold1/audit.json,models/age_sex_motion/chosen/fold_auc/0,0.478021978021978
results/primary99/repeat1-fold1/audit.json,models/age_sex_motion/chosen/fold_auc/1,0.4047619047619047
results/primary99/repeat1-fold1/audit.json,models/age_sex_motion/chosen/fold_auc/2,0.5773809523809523
results/primary99/repeat1-fold2/audit.json,models/age_sex/candidates/0/mean_inner_auc,0.6281288156288155
results/primary99/repeat1-fold2/audit.json,models/age_sex/candidates/0/fold_auc/0,0.7087912087912088
results/primary99/repeat1-fold2/audit.json,models/age_sex/candidates/0/fold_auc/1,0.5327380952380951
results/primary99/repeat1-fold2/audit.json,models/age_sex/candidates/0/fold_auc/2,0.6428571428571428
results/primary99/repeat1-fold2/audit.json,models/age_sex/candidates/1/mean_inner_auc,0.6301129426129426
results/primary99/repeat1-fold2/audit.json,models/age_sex/candidates/1/fold_auc/0,0.7087912087912088
results/primary99/repeat1-fold2/audit.json,models/age_sex/candidates/1/fold_auc/1,0.5386904761904762
results/primary99/repeat1-fold2/audit.json,models/age_sex/candidates/1/fold_auc/2,0.6428571428571428
results/primary99/repeat1-fold2/audit.json,models/age_sex/candidates/2/mean_inner_auc,0.6279761904761905
results/primary99/repeat1-fold2/audit.json,models/age_sex/candidates/2/fold_auc/0,0.7142857142857143
results/primary99/repeat1-fold2/audit.json,models/age_sex/candidates/2/fold_auc/1,0.5267857142857143
results/primary99/repeat1-fold2/audit.json,models/age_sex/candidates/2/fold_auc/2,0.6428571428571428
results/primary99/repeat1-fold2/audit.json,models/age_sex/candidates/3/mean_inner_auc,0.6296550671550671
results/primary99/repeat1-fold2/audit.json,models/age_sex/candidates/3/fold_auc/0,0.7252747252747253
results/primary99/repeat1-fold2/audit.json,models/age_sex/candidates/3/fold_auc/1,0.5327380952380952
results/primary99/repeat1-fold2/audit.json,models/age_sex/candidates/3/fold_auc/2,0.6309523809523809
results/primary99/repeat1-fold2/audit.json,models/age_sex/chosen/mean_inner_auc,0.6301129426129426
results/primary99/repeat1-fold2/audit.json,models/age_sex/chosen/fold_auc/0,0.7087912087912088
results/primary99/repeat1-fold2/audit.json,models/age_sex/chosen/fold_auc/1,0.5386904761904762
results/primary99/repeat1-fold2/audit.json,models/age_sex/chosen/fold_auc/2,0.6428571428571428
results/primary99/repeat1-fold2/audit.json,models/age_sex_motion/candidates/0/mean_inner_auc,0.5344932844932845
results/primary99/repeat1-fold2/audit.json,models/age_sex_motion/candidates/0/fold_auc/0,0.4725274725274726
results/primary99/repeat1-fold2/audit.json,models/age_sex_motion/candidates/0/fold_auc/1,0.5416666666666666
results/primary99/repeat1-fold2/audit.json,models/age_sex_motion/candidates/0/fold_auc/2,0.5892857142857143
results/primary99/repeat1-fold2/audit.json,models/age_sex_motion/candidates/1/mean_inner_auc,0.5381562881562881
results/primary99/repeat1-fold2/audit.json,models/age_sex_motion/candidates/1/fold_auc/0,0.4835164835164836
results/primary99/repeat1-fold2/audit.json,models/age_sex_motion/candidates/1/fold_auc/1,0.5416666666666666
results/primary99/repeat1-fold2/audit.json,models/age_sex_motion/candidates/1/fold_auc/2,0.5892857142857143
results/primary99/repeat1-fold2/audit.json,models/age_sex_motion/candidates/2/mean_inner_auc,0.5550976800976801
results/primary99/repeat1-fold2/audit.json,models/age_sex_motion/candidates/2/fold_auc/0,0.5164835164835165
results/primary99/repeat1-fold2/audit.json,models/age_sex_motion/candidates/2/fold_auc/1,0.5238095238095238
results/primary99/repeat1-fold2/audit.json,models/age_sex_motion/candidates/2/fold_auc/2,0.625
results/primary99/repeat1-fold2/audit.json,models/age_sex_motion/candidates/3/mean_inner_auc,0.5550976800976801
results/primary99/repeat1-fold2/audit.json,models/age_sex_motion/candidates/3/fold_auc/0,0.5164835164835165
results/primary99/repeat1-fold2/audit.json,models/age_sex_motion/candidates/3/fold_auc/1,0.5297619047619048
results/primary99/repeat1-fold2/audit.json,models/age_sex_motion/candidates/3/fold_auc/2,0.6190476190476191
results/primary99/repeat1-fold2/audit.json,models/age_sex_motion/chosen/mean_inner_auc,0.5550976800976801
results/primary99/repeat1-fold2/audit.json,models/age_sex_motion/chosen/fold_auc/0,0.5164835164835165
results/primary99/repeat1-fold2/audit.json,models/age_sex_motion/chosen/fold_auc/1,0.5238095238095238
results/primary99/repeat1-fold2/audit.json,models/age_sex_motion/chosen/fold_auc/2,0.625
results/primary99/repeat1-fold3/audit.json,models/age_sex/candidates/0/mean_inner_auc,0.7072649572649573
results/primary99/repeat1-fold3/audit.json,models/age_sex/candidates/0/fold_auc/0,0.7527472527472527
results/primary99/repeat1-fold3/audit.json,models/age_sex/candidates/0/fold_auc/1,0.6815476190476191
results/primary99/repeat1-fold3/audit.json,models/age_sex/candidates/0/fold_auc/2,0.6875
results/primary99/repeat1-fold3/audit.json,models/age_sex/candidates/1/mean_inner_auc,0.7072649572649573
results/primary99/repeat1-fold3/audit.json,models/age_sex/candidates/1/fold_auc/0,0.7527472527472527
results/primary99/repeat1-fold3/audit.json,models/age_sex/candidates/1/fold_auc/1,0.6815476190476191
results/primary99/repeat1-fold3/audit.json,models/age_sex/candidates/1/fold_auc/2,0.6875
results/primary99/repeat1-fold3/audit.json,models/age_sex/candidates/2/mean_inner_auc,0.7072649572649573
results/primary99/repeat1-fold3/audit.json,models/age_sex/candidates/2/fold_auc/0,0.7527472527472527
results/primary99/repeat1-fold3/audit.json,models/age_sex/candidates/2/fold_auc/1,0.6815476190476191
results/primary99/repeat1-fold3/audit.json,models/age_sex/candidates/2/fold_auc/2,0.6875
results/primary99/repeat1-fold3/audit.json,models/age_sex/candidates/3/mean_inner_auc,0.7016178266178267
results/primary99/repeat1-fold3/audit.json,models/age_sex/candidates/3/fold_auc/0,0.7417582417582418
results/primary99/repeat1-fold3/audit.json,models/age_sex/candidates/3/fold_auc/1,0.6815476190476191
results/primary99/repeat1-fold3/audit.json,models/age_sex/candidates/3/fold_auc/2,0.6815476190476191
results/primary99/repeat1-fold3/audit.json,models/age_sex/chosen/mean_inner_auc,0.7072649572649573
results/primary99/repeat1-fold3/audit.json,models/age_sex/chosen/fold_auc/0,0.7527472527472527
results/primary99/repeat1-fold3/audit.json,models/age_sex/chosen/fold_auc/1,0.6815476190476191
results/primary99/repeat1-fold3/audit.json,models/age_sex/chosen/fold_auc/2,0.6875
results/primary99/repeat1-fold3/audit.json,models/age_sex_motion/candidates/0/mean_inner_auc,0.6854395604395606
results/primary99/repeat1-fold3/audit.json,models/age_sex_motion/candidates/0/fold_auc/0,0.6813186813186813
results/primary99/repeat1-fold3/audit.json,models/age_sex_motion/candidates/0/fold_auc/1,0.6785714285714286
results/primary99/repeat1-fold3/audit.json,models/age_sex_motion/candidates/0/fold_auc/2,0.6964285714285714
results/primary99/repeat1-fold3/audit.json,models/age_sex_motion/candidates/1/mean_inner_auc,0.6836080586080587
results/primary99/repeat1-fold3/audit.json,models/age_sex_motion/candidates/1/fold_auc/0,0.6758241758241759
results/primary99/repeat1-fold3/audit.json,models/age_sex_motion/candidates/1/fold_auc/1,0.6785714285714286
results/primary99/repeat1-fold3/audit.json,models/age_sex_motion/candidates/1/fold_auc/2,0.6964285714285714
results/primary99/repeat1-fold3/audit.json,models/age_sex_motion/candidates/2/mean_inner_auc,0.6950549450549449
results/primary99/repeat1-fold3/audit.json,models/age_sex_motion/candidates/2/fold_auc/0,0.6923076923076923
results/primary99/repeat1-fold3/audit.json,models/age_sex_motion/candidates/2/fold_auc/1,0.6904761904761905
results/primary99/repeat1-fold3/audit.json,models/age_sex_motion/candidates/2/fold_auc/2,0.7023809523809523
results/primary99/repeat1-fold3/audit.json,models/age_sex_motion/candidates/3/mean_inner_auc,0.6904761904761904
results/primary99/repeat1-fold3/audit.json,models/age_sex_motion/candidates/3/fold_auc/0,0.7142857142857143
results/primary99/repeat1-fold3/audit.json,models/age_sex_motion/candidates/3/fold_auc/1,0.6666666666666666
results/primary99/repeat1-fold3/audit.json,models/age_sex_motion/candidates/3/fold_auc/2,0.6904761904761905
results/primary99/repeat1-fold3/audit.json,models/age_sex_motion/chosen/mean_inner_auc,0.6950549450549449
results/primary99/repeat1-fold3/audit.json,models/age_sex_motion/chosen/fold_auc/0,0.6923076923076923
results/primary99/repeat1-fold3/audit.json,models/age_sex_motion/chosen/fold_auc/1,0.6904761904761905
results/primary99/repeat1-fold3/audit.json,models/age_sex_motion/chosen/fold_auc/2,0.7023809523809523
results/primary99/repeat1-fold4/audit.json,models/age_sex/candidates/0/mean_inner_auc,0.6279100529100529
results/primary99/repeat1-fold4/audit.json,models/age_sex/candidates/0/fold_auc/0,0.6277777777777778
results/primary99/repeat1-fold4/audit.json,models/age_sex/candidates/0/fold_auc/1,0.5446428571428571
results/primary99/repeat1-fold4/audit.json,models/age_sex/candidates/0/fold_auc/2,0.7113095238095238
results/primary99/repeat1-fold4/audit.json,models/age_sex/candidates/1/mean_inner_auc,0.6279100529100529
results/primary99/repeat1-fold4/audit.json,models/age_sex/candidates/1/fold_auc/0,0.6277777777777778
results/primary99/repeat1-fold4/audit.json,models/age_sex/candidates/1/fold_auc/1,0.5446428571428571
results/primary99/repeat1-fold4/audit.json,models/age_sex/candidates/1/fold_auc/2,0.7113095238095238
results/primary99/repeat1-fold4/audit.json,models/age_sex/candidates/2/mean_inner_auc,0.6276455026455027
results/primary99/repeat1-fold4/audit.json,models/age_sex/candidates/2/fold_auc/0,0.638888888888889
results/primary99/repeat1-fold4/audit.json,models/age_sex/candidates/2/fold_auc/1,0.5327380952380952
results/primary99/repeat1-fold4/audit.json,models/age_sex/candidates/2/fold_auc/2,0.7113095238095238
results/primary99/repeat1-fold4/audit.json,models/age_sex/candidates/3/mean_inner_auc,0.6158730158730159
results/primary99/repeat1-fold4/audit.json,models/age_sex/candidates/3/fold_auc/0,0.6333333333333333
results/primary99/repeat1-fold4/audit.json,models/age_sex/candidates/3/fold_auc/1,0.5148809523809524
results/primary99/repeat1-fold4/audit.json,models/age_sex/candidates/3/fold_auc/2,0.6994047619047619
results/primary99/repeat1-fold4/audit.json,models/age_sex/chosen/mean_inner_auc,0.6279100529100529
results/primary99/repeat1-fold4/audit.json,models/age_sex/chosen/fold_auc/0,0.6277777777777778
results/primary99/repeat1-fold4/audit.json,models/age_sex/chosen/fold_auc/1,0.5446428571428571
results/primary99/repeat1-fold4/audit.json,models/age_sex/chosen/fold_auc/2,0.7113095238095238
results/primary99/repeat1-fold4/audit.json,models/age_sex_motion/candidates/0/mean_inner_auc,0.5775132275132275
results/primary99/repeat1-fold4/audit.json,models/age_sex_motion/candidates/0/fold_auc/0,0.5777777777777777
results/primary99/repeat1-fold4/audit.json,models/age_sex_motion/candidates/0/fold_auc/1,0.5476190476190476
results/primary99/repeat1-fold4/audit.json,models/age_sex_motion/candidates/0/fold_auc/2,0.6071428571428572
results/primary99/repeat1-fold4/audit.json,models/age_sex_motion/candidates/1/mean_inner_auc,0.5833333333333334
results/primary99/repeat1-fold4/audit.json,models/age_sex_motion/candidates/1/fold_auc/0,0.5833333333333333
results/primary99/repeat1-fold4/audit.json,models/age_sex_motion/candidates/1/fold_auc/1,0.5357142857142857
results/primary99/repeat1-fold4/audit.json,models/age_sex_motion/candidates/1/fold_auc/2,0.6309523809523809
results/primary99/repeat1-fold4/audit.json,models/age_sex_motion/candidates/2/mean_inner_auc,0.5813492063492064
results/primary99/repeat1-fold4/audit.json,models/age_sex_motion/candidates/2/fold_auc/0,0.5833333333333334
results/primary99/repeat1-fold4/audit.json,models/age_sex_motion/candidates/2/fold_auc/1,0.5297619047619048
results/primary99/repeat1-fold4/audit.json,models/age_sex_motion/candidates/2/fold_auc/2,0.6309523809523809
results/primary99/repeat1-fold4/audit.json,models/age_sex_motion/candidates/3/mean_inner_auc,0.5874338624338624
results/primary99/repeat1-fold4/audit.json,models/age_sex_motion/candidates/3/fold_auc/0,0.5777777777777777
results/primary99/repeat1-fold4/audit.json,models/age_sex_motion/candidates/3/fold_auc/1,0.5297619047619048
results/primary99/repeat1-fold4/audit.json,models/age_sex_motion/candidates/3/fold_auc/2,0.6547619047619048
results/primary99/repeat1-fold4/audit.json,models/age_sex_motion/chosen/mean_inner_auc,0.5874338624338624
results/primary99/repeat1-fold4/audit.json,models/age_sex_motion/chosen/fold_auc/0,0.5777777777777777
results/primary99/repeat1-fold4/audit.json,models/age_sex_motion/chosen/fold_auc/1,0.5297619047619048
results/primary99/repeat1-fold4/audit.json,models/age_sex_motion/chosen/fold_auc/2,0.6547619047619048
results/primary99/repeat1-fold5/audit.json,models/age_sex/candidates/0/mean_inner_auc,0.6202380952380951
results/primary99/repeat1-fold5/audit.json,models/age_sex/candidates/0/fold_auc/0,0.7
results/primary99/repeat1-fold5/audit.json,models/age_sex/candidates/0/fold_auc/1,0.7142857142857143
results/primary99/repeat1-fold5/audit.json,models/age_sex/candidates/0/fold_auc/2,0.4464285714285714
results/primary99/repeat1-fold5/audit.json,models/age_sex/candidates/1/mean_inner_auc,0.6184065934065933
results/primary99/repeat1-fold5/audit.json,models/age_sex/candidates/1/fold_auc/0,0.7
results/primary99/repeat1-fold5/audit.json,models/age_sex/candidates/1/fold_auc/1,0.7087912087912088
results/primary99/repeat1-fold5/audit.json,models/age_sex/candidates/1/fold_auc/2,0.4464285714285714
results/primary99/repeat1-fold5/audit.json,models/age_sex/candidates/2/mean_inner_auc,0.6187321937321937
results/primary99/repeat1-fold5/audit.json,models/age_sex/candidates/2/fold_auc/0,0.7055555555555555
results/primary99/repeat1-fold5/audit.json,models/age_sex/candidates/2/fold_auc/1,0.6923076923076923
results/primary99/repeat1-fold5/audit.json,models/age_sex/candidates/2/fold_auc/2,0.4583333333333333
results/primary99/repeat1-fold5/audit.json,models/age_sex/candidates/3/mean_inner_auc,0.624969474969475
results/primary99/repeat1-fold5/audit.json,models/age_sex/candidates/3/fold_auc/0,0.7
results/primary99/repeat1-fold5/audit.json,models/age_sex/candidates/3/fold_auc/1,0.6868131868131868
results/primary99/repeat1-fold5/audit.json,models/age_sex/candidates/3/fold_auc/2,0.4880952380952381
results/primary99/repeat1-fold5/audit.json,models/age_sex/chosen/mean_inner_auc,0.624969474969475
results/primary99/repeat1-fold5/audit.json,models/age_sex/chosen/fold_auc/0,0.7
results/primary99/repeat1-fold5/audit.json,models/age_sex/chosen/fold_auc/1,0.6868131868131868
results/primary99/repeat1-fold5/audit.json,models/age_sex/chosen/fold_auc/2,0.4880952380952381
results/primary99/repeat1-fold5/audit.json,models/age_sex_motion/candidates/0/mean_inner_auc,0.6123728123728124
results/primary99/repeat1-fold5/audit.json,models/age_sex_motion/candidates/0/fold_auc/0,0.6777777777777778
results/primary99/repeat1-fold5/audit.json,models/age_sex_motion/candidates/0/fold_auc/1,0.7307692307692308
results/primary99/repeat1-fold5/audit.json,models/age_sex_motion/candidates/0/fold_auc/2,0.42857142857142855
results/primary99/repeat1-fold5/audit.json,models/age_sex_motion/candidates/1/mean_inner_auc,0.6086894586894588
results/primary99/repeat1-fold5/audit.json,models/age_sex_motion/candidates/1/fold_auc/0,0.6722222222222223
results/primary99/repeat1-fold5/audit.json,models/age_sex_motion/candidates/1/fold_auc/1,0.7252747252747254
results/primary99/repeat1-fold5/audit.json,models/age_sex_motion/candidates/1/fold_auc/2,0.42857142857142855
results/primary99/repeat1-fold5/audit.json,models/age_sex_motion/candidates/2/mean_inner_auc,0.6145807895807895
results/primary99/repeat1-fold5/audit.json,models/age_sex_motion/candidates/2/fold_auc/0,0.6555555555555556
results/primary99/repeat1-fold5/audit.json,models/age_sex_motion/candidates/2/fold_auc/1,0.7417582417582418
results/primary99/repeat1-fold5/audit.json,models/age_sex_motion/candidates/2/fold_auc/2,0.4464285714285714
results/primary99/repeat1-fold5/audit.json,models/age_sex_motion/candidates/3/mean_inner_auc,0.6036426536426537
results/primary99/repeat1-fold5/audit.json,models/age_sex_motion/candidates/3/fold_auc/0,0.6277777777777778
results/primary99/repeat1-fold5/audit.json,models/age_sex_motion/candidates/3/fold_auc/1,0.7307692307692308
results/primary99/repeat1-fold5/audit.json,models/age_sex_motion/candidates/3/fold_auc/2,0.45238095238095233
results/primary99/repeat1-fold5/audit.json,models/age_sex_motion/chosen/mean_inner_auc,0.6145807895807895
results/primary99/repeat1-fold5/audit.json,models/age_sex_motion/chosen/fold_auc/0,0.6555555555555556
results/primary99/repeat1-fold5/audit.json,models/age_sex_motion/chosen/fold_auc/1,0.7417582417582418
results/primary99/repeat1-fold5/audit.json,models/age_sex_motion/chosen/fold_auc/2,0.4464285714285714
results/primary99/repeat2-fold1/audit.json,models/age_sex/candidates/0/mean_inner_auc,0.47443528693528697
results/primary99/repeat2-fold1/audit.json,models/age_sex/candidates/0/fold_auc/0,0.2774725274725275
results/primary99/repeat2-fold1/audit.json,models/age_sex/candidates/0/fold_auc/1,0.7351190476190476
results/primary99/repeat2-fold1/audit.json,models/age_sex/candidates/0/fold_auc/2,0.4107142857142857
results/primary99/repeat2-fold1/audit.json,models/age_sex/candidates/1/mean_inner_auc,0.47443528693528697
results/primary99/repeat2-fold1/audit.json,models/age_sex/candidates/1/fold_auc/0,0.2774725274725275
results/primary99/repeat2-fold1/audit.json,models/age_sex/candidates/1/fold_auc/1,0.7351190476190476
results/primary99/repeat2-fold1/audit.json,models/age_sex/candidates/1/fold_auc/2,0.4107142857142857
results/primary99/repeat2-fold1/audit.json,models/age_sex/candidates/2/mean_inner_auc,0.4742826617826618
results/primary99/repeat2-fold1/audit.json,models/age_sex/candidates/2/fold_auc/0,0.28296703296703296
results/primary99/repeat2-fold1/audit.json,models/age_sex/candidates/2/fold_auc/1,0.7291666666666666
results/primary99/repeat2-fold1/audit.json,models/age_sex/candidates/2/fold_auc/2,0.4107142857142857
results/primary99/repeat2-fold1/audit.json,models/age_sex/candidates/3/mean_inner_auc,0.4762667887667888
results/primary99/repeat2-fold1/audit.json,models/age_sex/candidates/3/fold_auc/0,0.28296703296703296
results/primary99/repeat2-fold1/audit.json,models/age_sex/candidates/3/fold_auc/1,0.7351190476190476
results/primary99/repeat2-fold1/audit.json,models/age_sex/candidates/3/fold_auc/2,0.4107142857142857
results/primary99/repeat2-fold1/audit.json,models/age_sex/chosen/mean_inner_auc,0.4762667887667888
results/primary99/repeat2-fold1/audit.json,models/age_sex/chosen/fold_auc/0,0.28296703296703296
results/primary99/repeat2-fold1/audit.json,models/age_sex/chosen/fold_auc/1,0.7351190476190476
results/primary99/repeat2-fold1/audit.json,models/age_sex/chosen/fold_auc/2,0.4107142857142857
results/primary99/repeat2-fold1/audit.json,models/age_sex_motion/candidates/0/mean_inner_auc,0.4485653235653236
results/primary99/repeat2-fold1/audit.json,models/age_sex_motion/candidates/0/fold_auc/0,0.2802197802197802
results/primary99/repeat2-fold1/audit.json,models/age_sex_motion/candidates/0/fold_auc/1,0.6607142857142857
results/primary99/repeat2-fold1/audit.json,models/age_sex_motion/candidates/0/fold_auc/2,0.40476190476190477
results/primary99/repeat2-fold1/audit.json,models/age_sex_motion/candidates/1/mean_inner_auc,0.4485653235653236
results/primary99/repeat2-fold1/audit.json,models/age_sex_motion/candidates/1/fold_auc/0,0.2802197802197802
results/primary99/repeat2-fold1/audit.json,models/age_sex_motion/candidates/1/fold_auc/1,0.6607142857142857
results/primary99/repeat2-fold1/audit.json,models/age_sex_motion/candidates/1/fold_auc/2,0.40476190476190477
results/primary99/repeat2-fold1/audit.json,models/age_sex_motion/candidates/2/mean_inner_auc,0.4545177045177045
results/primary99/repeat2-fold1/audit.json,models/age_sex_motion/candidates/2/fold_auc/0,0.2802197802197802
results/primary99/repeat2-fold1/audit.json,models/age_sex_motion/candidates/2/fold_auc/1,0.6845238095238095
results/primary99/repeat2-fold1/audit.json,models/age_sex_motion/candidates/2/fold_auc/2,0.3988095238095238
results/primary99/repeat2-fold1/audit.json,models/age_sex_motion/candidates/3/mean_inner_auc,0.4384920634920635
results/primary99/repeat2-fold1/audit.json,models/age_sex_motion/candidates/3/fold_auc/0,0.2857142857142857
results/primary99/repeat2-fold1/audit.json,models/age_sex_motion/candidates/3/fold_auc/1,0.6488095238095238
results/primary99/repeat2-fold1/audit.json,models/age_sex_motion/candidates/3/fold_auc/2,0.380952380952381
results/primary99/repeat2-fold1/audit.json,models/age_sex_motion/chosen/mean_inner_auc,0.4545177045177045
results/primary99/repeat2-fold1/audit.json,models/age_sex_motion/chosen/fold_auc/0,0.2802197802197802
results/primary99/repeat2-fold1/audit.json,models/age_sex_motion/chosen/fold_auc/1,0.6845238095238095
results/primary99/repeat2-fold1/audit.json,models/age_sex_motion/chosen/fold_auc/2,0.3988095238095238
results/primary99/repeat2-fold2/audit.json,models/age_sex/candidates/0/mean_inner_auc,0.6380494505494505
results/primary99/repeat2-fold2/audit.json,models/age_sex/candidates/0/fold_auc/0,0.7087912087912087
results/primary99/repeat2-fold2/audit.json,models/age_sex/candidates/0/fold_auc/1,0.47321428571428575
results/primary99/repeat2-fold2/audit.json,models/age_sex/candidates/0/fold_auc/2,0.732142857142857
results/primary99/repeat2-fold2/audit.json,models/age_sex/candidates/1/mean_inner_auc,0.6362179487179487
results/primary99/repeat2-fold2/audit.json,models/age_sex/candidates/1/fold_auc/0,0.7032967032967032
results/primary99/repeat2-fold2/audit.json,models/age_sex/candidates/1/fold_auc/1,0.47321428571428575
results/primary99/repeat2-fold2/audit.json,models/age_sex/candidates/1/fold_auc/2,0.732142857142857
results/primary99/repeat2-fold2/audit.json,models/age_sex/candidates/2/mean_inner_auc,0.6458333333333334
results/primary99/repeat2-fold2/audit.json,models/age_sex/candidates/2/fold_auc/0,0.7142857142857143
results/primary99/repeat2-fold2/audit.json,models/age_sex/candidates/2/fold_auc/1,0.48511904761904756
results/primary99/repeat2-fold2/audit.json,models/age_sex/candidates/2/fold_auc/2,0.738095238095238
results/primary99/repeat2-fold2/audit.json,models/age_sex/candidates/3/mean_inner_auc,0.6575854700854701
results/primary99/repeat2-fold2/audit.json,models/age_sex/candidates/3/fold_auc/0,0.7197802197802198
results/primary99/repeat2-fold2/audit.json,models/age_sex/candidates/3/fold_auc/1,0.5148809523809523
results/primary99/repeat2-fold2/audit.json,models/age_sex/candidates/3/fold_auc/2,0.738095238095238
results/primary99/repeat2-fold2/audit.json,models/age_sex/chosen/mean_inner_auc,0.6575854700854701
results/primary99/repeat2-fold2/audit.json,models/age_sex/chosen/fold_auc/0,0.7197802197802198
results/primary99/repeat2-fold2/audit.json,models/age_sex/chosen/fold_auc/1,0.5148809523809523
results/primary99/repeat2-fold2/audit.json,models/age_sex/chosen/fold_auc/2,0.738095238095238
results/primary99/repeat2-fold2/audit.json,models/age_sex_motion/candidates/0/mean_inner_auc,0.5161782661782662
results/primary99/repeat2-fold2/audit.json,models/age_sex_motion/candidates/0/fold_auc/0,0.48901098901098905
results/primary99/repeat2-fold2/audit.json,models/age_sex_motion/candidates/0/fold_auc/1,0.3809523809523809
results/primary99/repeat2-fold2/audit.json,models/age_sex_motion/candidates/0/fold_auc/2,0.6785714285714286
results/primary99/repeat2-fold2/audit.json,models/age_sex_motion/candidates/1/mean_inner_auc,0.5236568986568987
results/primary99/repeat2-fold2/audit.json,models/age_sex_motion/candidates/1/fold_auc/0,0.5054945054945055
results/primary99/repeat2-fold2/audit.json,models/age_sex_motion/candidates/1/fold_auc/1,0.3809523809523809
results/primary99/repeat2-fold2/audit.json,models/age_sex_motion/candidates/1/fold_auc/2,0.6845238095238095
results/primary99/repeat2-fold2/audit.json,models/age_sex_motion/candidates/2/mean_inner_auc,0.5357142857142857
results/primary99/repeat2-fold2/audit.json,models/age_sex_motion/candidates/2/fold_auc/0,0.5
results/primary99/repeat2-fold2/audit.json,models/age_sex_motion/candidates/2/fold_auc/1,0.3809523809523809
results/primary99/repeat2-fold2/audit.json,models/age_sex_motion/candidates/2/fold_auc/2,0.7261904761904762
results/primary99/repeat2-fold2/audit.json,models/age_sex_motion/candidates/3/mean_inner_auc,0.5300671550671551
results/primary99/repeat2-fold2/audit.json,models/age_sex_motion/candidates/3/fold_auc/0,0.48901098901098905
results/primary99/repeat2-fold2/audit.json,models/age_sex_motion/candidates/3/fold_auc/1,0.375
results/primary99/repeat2-fold2/audit.json,models/age_sex_motion/candidates/3/fold_auc/2,0.7261904761904762
results/primary99/repeat2-fold2/audit.json,models/age_sex_motion/chosen/mean_inner_auc,0.5357142857142857
results/primary99/repeat2-fold2/audit.json,models/age_sex_motion/chosen/fold_auc/0,0.5
results/primary99/repeat2-fold2/audit.json,models/age_sex_motion/chosen/fold_auc/1,0.3809523809523809
results/primary99/repeat2-fold2/audit.json,models/age_sex_motion/chosen/fold_auc/2,0.7261904761904762
results/primary99/repeat2-fold3/audit.json,models/age_sex/candidates/0/mean_inner_auc,0.6449175824175825
results/primary99/repeat2-fold3/audit.json,models/age_sex/candidates/0/fold_auc/0,0.6401098901098901
results/primary99/repeat2-fold3/audit.json,models/age_sex/candidates/0/fold_auc/1,0.6845238095238095
results/primary99/repeat2-fold3/audit.json,models/age_sex/candidates/0/fold_auc/2,0.6101190476190477
results/primary99/repeat2-fold3/audit.json,models/age_sex/candidates/1/mean_inner_auc,0.6469017094017093
results/primary99/repeat2-fold3/audit.json,models/age_sex/candidates/1/fold_auc/0,0.6401098901098901
results/primary99/repeat2-fold3/audit.json,models/age_sex/candidates/1/fold_auc/1,0.6845238095238094
results/primary99/repeat2-fold3/audit.json,models/age_sex/candidates/1/fold_auc/2,0.6160714285714286
results/primary99/repeat2-fold3/audit.json,models/age_sex/candidates/2/mean_inner_auc,0.6577380952380952
results/primary99/repeat2-fold3/audit.json,models/age_sex/candidates/2/fold_auc/0,0.6785714285714286
results/primary99/repeat2-fold3/audit.json,models/age_sex/candidates/2/fold_auc/1,0.6845238095238094
results/primary99/repeat2-fold3/audit.json,models/age_sex/candidates/2/fold_auc/2,0.6101190476190477
results/primary99/repeat2-fold3/audit.json,models/age_sex/candidates/3/mean_inner_auc,0.6632326007326007
results/primary99/repeat2-fold3/audit.json,models/age_sex/candidates/3/fold_auc/0,0.695054945054945
results/primary99/repeat2-fold3/audit.json,models/age_sex/candidates/3/fold_auc/1,0.6845238095238094
results/primary99/repeat2-fold3/audit.json,models/age_sex/candidates/3/fold_auc/2,0.6101190476190477
results/primary99/repeat2-fold3/audit.json,models/age_sex/chosen/mean_inner_auc,0.6632326007326007
results/primary99/repeat2-fold3/audit.json,models/age_sex/chosen/fold_auc/0,0.695054945054945
results/primary99/repeat2-fold3/audit.json,models/age_sex/chosen/fold_auc/1,0.6845238095238094
results/primary99/repeat2-fold3/audit.json,models/age_sex/chosen/fold_auc/2,0.6101190476190477
results/primary99/repeat2-fold3/audit.json,models/age_sex_motion/candidates/0/mean_inner_auc,0.6034798534798534
results/primary99/repeat2-fold3/audit.json,models/age_sex_motion/candidates/0/fold_auc/0,0.6318681318681318
results/primary99/repeat2-fold3/audit.json,models/age_sex_motion/candidates/0/fold_auc/1,0.6964285714285714
results/primary99/repeat2-fold3/audit.json,models/age_sex_motion/candidates/0/fold_auc/2,0.48214285714285715
results/primary99/repeat2-fold3/audit.json,models/age_sex_motion/candidates/1/mean_inner_auc,0.6031746031746033
results/primary99/repeat2-fold3/audit.json,models/age_sex_motion/candidates/1/fold_auc/0,0.6428571428571429
results/primary99/repeat2-fold3/audit.json,models/age_sex_motion/candidates/1/fold_auc/1,0.6964285714285714
results/primary99/repeat2-fold3/audit.json,models/age_sex_motion/candidates/1/fold_auc/2,0.47023809523809523
results/primary99/repeat2-fold3/audit.json,models/age_sex_motion/candidates/2/mean_inner_auc,0.6048534798534799
results/primary99/repeat2-fold3/audit.json,models/age_sex_motion/candidates/2/fold_auc/0,0.6538461538461539
results/primary99/repeat2-fold3/audit.json,models/age_sex_motion/candidates/2/fold_auc/1,0.6785714285714286
results/primary99/repeat2-fold3/audit.json,models/age_sex_motion/candidates/2/fold_auc/2,0.4821428571428572
results/primary99/repeat2-fold3/audit.json,models/age_sex_motion/candidates/3/mean_inner_auc,0.623015873015873
results/primary99/repeat2-fold3/audit.json,models/age_sex_motion/candidates/3/fold_auc/0,0.6428571428571429
results/primary99/repeat2-fold3/audit.json,models/age_sex_motion/candidates/3/fold_auc/1,0.7083333333333333
results/primary99/repeat2-fold3/audit.json,models/age_sex_motion/candidates/3/fold_auc/2,0.5178571428571429
results/primary99/repeat2-fold3/audit.json,models/age_sex_motion/chosen/mean_inner_auc,0.623015873015873
results/primary99/repeat2-fold3/audit.json,models/age_sex_motion/chosen/fold_auc/0,0.6428571428571429
results/primary99/repeat2-fold3/audit.json,models/age_sex_motion/chosen/fold_auc/1,0.7083333333333333
results/primary99/repeat2-fold3/audit.json,models/age_sex_motion/chosen/fold_auc/2,0.5178571428571429
results/primary99/repeat2-fold4/audit.json,models/age_sex/candidates/0/mean_inner_auc,0.64755291005291
results/primary99/repeat2-fold4/audit.json,models/age_sex/candidates/0/fold_auc/0,0.6777777777777778
results/primary99/repeat2-fold4/audit.json,models/age_sex/candidates/0/fold_auc/1,0.5803571428571428
results/primary99/repeat2-fold4/audit.json,models/age_sex/candidates/0/fold_auc/2,0.6845238095238095
results/primary99/repeat2-fold4/audit.json,models/age_sex/candidates/1/mean_inner_auc,0.6435846560846561
results/primary99/repeat2-fold4/audit.json,models/age_sex/candidates/1/fold_auc/0,0.6777777777777778
results/primary99/repeat2-fold4/audit.json,models/age_sex/candidates/1/fold_auc/1,0.5803571428571428
results/primary99/repeat2-fold4/audit.json,models/age_sex/candidates/1/fold_auc/2,0.6726190476190476
results/primary99/repeat2-fold4/audit.json,models/age_sex/candidates/2/mean_inner_auc,0.6355158730158731
results/primary99/repeat2-fold4/audit.json,models/age_sex/candidates/2/fold_auc/0,0.6833333333333333
results/primary99/repeat2-fold4/audit.json,models/age_sex/candidates/2/fold_auc/1,0.5744047619047619
results/primary99/repeat2-fold4/audit.json,models/age_sex/candidates/2/fold_auc/2,0.6488095238095238
results/primary99/repeat2-fold4/audit.json,models/age_sex/candidates/3/mean_inner_auc,0.631547619047619
results/primary99/repeat2-fold4/audit.json,models/age_sex/candidates/3/fold_auc/0,0.6833333333333333
results/primary99/repeat2-fold4/audit.json,models/age_sex/candidates/3/fold_auc/1,0.5744047619047619
results/primary99/repeat2-fold4/audit.json,models/age_sex/candidates/3/fold_auc/2,0.6369047619047619
results/primary99/repeat2-fold4/audit.json,models/age_sex/chosen/mean_inner_auc,0.64755291005291
results/primary99/repeat2-fold4/audit.json,models/age_sex/chosen/fold_auc/0,0.6777777777777778
results/primary99/repeat2-fold4/audit.json,models/age_sex/chosen/fold_auc/1,0.5803571428571428
results/primary99/repeat2-fold4/audit.json,models/age_sex/chosen/fold_auc/2,0.6845238095238095
results/primary99/repeat2-fold4/audit.json,models/age_sex_motion/candidates/0/mean_inner_auc,0.6329365079365079
results/primary99/repeat2-fold4/audit.json,models/age_sex_motion/candidates/0/fold_auc/0,0.6666666666666666
results/primary99/repeat2-fold4/audit.json,models/age_sex_motion/candidates/0/fold_auc/1,0.5535714285714285
results/primary99/repeat2-fold4/audit.json,models/age_sex_motion/candidates/0/fold_auc/2,0.6785714285714285
results/primary99/repeat2-fold4/audit.json,models/age_sex_motion/candidates/1/mean_inner_auc,0.6388888888888888
results/primary99/repeat2-fold4/audit.json,models/age_sex_motion/candidates/1/fold_auc/0,0.6666666666666666
results/primary99/repeat2-fold4/audit.json,models/age_sex_motion/candidates/1/fold_auc/1,0.5714285714285714
results/primary99/repeat2-fold4/audit.json,models/age_sex_motion/candidates/1/fold_auc/2,0.6785714285714285
results/primary99/repeat2-fold4/audit.json,models/age_sex_motion/candidates/2/mean_inner_auc,0.6308201058201058
results/primary99/repeat2-fold4/audit.json,models/age_sex_motion/candidates/2/fold_auc/0,0.6722222222222222
results/primary99/repeat2-fold4/audit.json,models/age_sex_motion/candidates/2/fold_auc/1,0.5654761904761905
results/primary99/repeat2-fold4/audit.json,models/age_sex_motion/candidates/2/fold_auc/2,0.6547619047619048
results/primary99/repeat2-fold4/audit.json,models/age_sex_motion/candidates/3/mean_inner_auc,0.616931216931217
results/primary99/repeat2-fold4/audit.json,models/age_sex_motion/candidates/3/fold_auc/0,0.6722222222222222
results/primary99/repeat2-fold4/audit.json,models/age_sex_motion/candidates/3/fold_auc/1,0.5595238095238095
results/primary99/repeat2-fold4/audit.json,models/age_sex_motion/candidates/3/fold_auc/2,0.6190476190476191
results/primary99/repeat2-fold4/audit.json,models/age_sex_motion/chosen/mean_inner_auc,0.6388888888888888
results/primary99/repeat2-fold4/audit.json,models/age_sex_motion/chosen/fold_auc/0,0.6666666666666666
results/primary99/repeat2-fold4/audit.json,models/age_sex_motion/chosen/fold_auc/1,0.5714285714285714
results/primary99/repeat2-fold4/audit.json,models/age_sex_motion/chosen/fold_auc/2,0.6785714285714285
results/primary99/repeat2-fold5/audit.json,models/age_sex/candidates/0/mean_inner_auc,0.6237179487179487
results/primary99/repeat2-fold5/audit.json,models/age_sex/candidates/0/fold_auc/0,0.6916666666666667
results/primary99/repeat2-fold5/audit.json,models/age_sex/candidates/0/fold_auc/1,0.6318681318681318
results/primary99/repeat2-fold5/audit.json,models/age_sex/candidates/0/fold_auc/2,0.5476190476190476
results/primary99/repeat2-fold5/audit.json,models/age_sex/candidates/1/mean_inner_auc,0.6237179487179487
results/primary99/repeat2-fold5/audit.json,models/age_sex/candidates/1/fold_auc/0,0.6916666666666667
results/primary99/repeat2-fold5/audit.json,models/age_sex/candidates/1/fold_auc/1,0.6318681318681318
results/primary99/repeat2-fold5/audit.json,models/age_sex/candidates/1/fold_auc/2,0.5476190476190476
results/primary99/repeat2-fold5/audit.json,models/age_sex/candidates/2/mean_inner_auc,0.6218864468864469
results/primary99/repeat2-fold5/audit.json,models/age_sex/candidates/2/fold_auc/0,0.6916666666666667
results/primary99/repeat2-fold5/audit.json,models/age_sex/candidates/2/fold_auc/1,0.6263736263736264
results/primary99/repeat2-fold5/audit.json,models/age_sex/candidates/2/fold_auc/2,0.5476190476190476
results/primary99/repeat2-fold5/audit.json,models/age_sex/candidates/3/mean_inner_auc,0.6240231990231989
results/primary99/repeat2-fold5/audit.json,models/age_sex/candidates/3/fold_auc/0,0.6916666666666667
results/primary99/repeat2-fold5/audit.json,models/age_sex/candidates/3/fold_auc/1,0.6208791208791208
results/primary99/repeat2-fold5/audit.json,models/age_sex/candidates/3/fold_auc/2,0.5595238095238095
results/primary99/repeat2-fold5/audit.json,models/age_sex/chosen/mean_inner_auc,0.6240231990231989
results/primary99/repeat2-fold5/audit.json,models/age_sex/chosen/fold_auc/0,0.6916666666666667
results/primary99/repeat2-fold5/audit.json,models/age_sex/chosen/fold_auc/1,0.6208791208791208
results/primary99/repeat2-fold5/audit.json,models/age_sex/chosen/fold_auc/2,0.5595238095238095
results/primary99/repeat2-fold5/audit.json,models/age_sex_motion/candidates/0/mean_inner_auc,0.6001831501831502
results/primary99/repeat2-fold5/audit.json,models/age_sex_motion/candidates/0/fold_auc/0,0.6833333333333333
results/primary99/repeat2-fold5/audit.json,models/age_sex_motion/candidates/0/fold_auc/1,0.5934065934065934
results/primary99/repeat2-fold5/audit.json,models/age_sex_motion/candidates/0/fold_auc/2,0.5238095238095238
results/primary99/repeat2-fold5/audit.json,models/age_sex_motion/candidates/1/mean_inner_auc,0.5984839234839234
results/primary99/repeat2-fold5/audit.json,models/age_sex_motion/candidates/1/fold_auc/0,0.6777777777777777
results/primary99/repeat2-fold5/audit.json,models/age_sex_motion/candidates/1/fold_auc/1,0.5879120879120879
results/primary99/repeat2-fold5/audit.json,models/age_sex_motion/candidates/1/fold_auc/2,0.5297619047619048
results/primary99/repeat2-fold5/audit.json,models/age_sex_motion/candidates/2/mean_inner_auc,0.5895299145299145
results/primary99/repeat2-fold5/audit.json,models/age_sex_motion/candidates/2/fold_auc/0,0.65
results/primary99/repeat2-fold5/audit.json,models/age_sex_motion/candidates/2/fold_auc/1,0.5769230769230769
results/primary99/repeat2-fold5/audit.json,models/age_sex_motion/candidates/2/fold_auc/2,0.5416666666666666
results/primary99/repeat2-fold5/audit.json,models/age_sex_motion/candidates/3/mean_inner_auc,0.5767806267806268
results/primary99/repeat2-fold5/audit.json,models/age_sex_motion/candidates/3/fold_auc/0,0.6277777777777778
results/primary99/repeat2-fold5/audit.json,models/age_sex_motion/candidates/3/fold_auc/1,0.554945054945055
results/primary99/repeat2-fold5/audit.json,models/age_sex_motion/candidates/3/fold_auc/2,0.5476190476190477
results/primary99/repeat2-fold5/audit.json,models/age_sex_motion/chosen/mean_inner_auc,0.6001831501831502
results/primary99/repeat2-fold5/audit.json,models/age_sex_motion/chosen/fold_auc/0,0.6833333333333333
results/primary99/repeat2-fold5/audit.json,models/age_sex_motion/chosen/fold_auc/1,0.5934065934065934
results/primary99/repeat2-fold5/audit.json,models/age_sex_motion/chosen/fold_auc/2,0.5238095238095238
results/primary99/repeat3-fold1/audit.json,models/age_sex/candidates/0/mean_inner_auc,0.6594169719169719
results/primary99/repeat3-fold1/audit.json,models/age_sex/candidates/0/fold_auc/0,0.6895604395604396
results/primary99/repeat3-fold1/audit.json,models/age_sex/candidates/0/fold_auc/1,0.5803571428571428
results/primary99/repeat3-fold1/audit.json,models/age_sex/candidates/0/fold_auc/2,0.7083333333333334
results/primary99/repeat3-fold1/audit.json,models/age_sex/candidates/1/mean_inner_auc,0.6672008547008548
results/primary99/repeat3-fold1/audit.json,models/age_sex/candidates/1/fold_auc/0,0.695054945054945
results/primary99/repeat3-fold1/audit.json,models/age_sex/candidates/1/fold_auc/1,0.5982142857142857
results/primary99/repeat3-fold1/audit.json,models/age_sex/candidates/1/fold_auc/2,0.7083333333333334
results/primary99/repeat3-fold1/audit.json,models/age_sex/candidates/2/mean_inner_auc,0.6769688644688645
results/primary99/repeat3-fold1/audit.json,models/age_sex/candidates/2/fold_auc/0,0.7005494505494506
results/primary99/repeat3-fold1/audit.json,models/age_sex/candidates/2/fold_auc/1,0.6220238095238095
results/primary99/repeat3-fold1/audit.json,models/age_sex/candidates/2/fold_auc/2,0.7083333333333334
results/primary99/repeat3-fold1/audit.json,models/age_sex/candidates/3/mean_inner_auc,0.6810897435897436
results/primary99/repeat3-fold1/audit.json,models/age_sex/candidates/3/fold_auc/0,0.695054945054945
results/primary99/repeat3-fold1/audit.json,models/age_sex/candidates/3/fold_auc/1,0.6398809523809523
results/primary99/repeat3-fold1/audit.json,models/age_sex/candidates/3/fold_auc/2,0.7083333333333334
results/primary99/repeat3-fold1/audit.json,models/age_sex/chosen/mean_inner_auc,0.6810897435897436
results/primary99/repeat3-fold1/audit.json,models/age_sex/chosen/fold_auc/0,0.695054945054945
results/primary99/repeat3-fold1/audit.json,models/age_sex/chosen/fold_auc/1,0.6398809523809523
results/primary99/repeat3-fold1/audit.json,models/age_sex/chosen/fold_auc/2,0.7083333333333334
results/primary99/repeat3-fold1/audit.json,models/age_sex_motion/candidates/0/mean_inner_auc,0.6175213675213675
results/primary99/repeat3-fold1/audit.json,models/age_sex_motion/candidates/0/fold_auc/0,0.6263736263736264
results/primary99/repeat3-fold1/audit.json,models/age_sex_motion/candidates/0/fold_auc/1,0.5654761904761905
results/primary99/repeat3-fold1/audit.json,models/age_sex_motion/candidates/0/fold_auc/2,0.6607142857142857
results/primary99/repeat3-fold1/audit.json,models/age_sex_motion/candidates/1/mean_inner_auc,0.6286630036630036
results/primary99/repeat3-fold1/audit.json,models/age_sex_motion/candidates/1/fold_auc/0,0.6538461538461539
results/primary99/repeat3-fold1/audit.json,models/age_sex_motion/candidates/1/fold_auc/1,0.5714285714285714
results/primary99/repeat3-fold1/audit.json,models/age_sex_motion/candidates/1/fold_auc/2,0.6607142857142857
results/primary99/repeat3-fold1/audit.json,models/age_sex_motion/candidates/2/mean_inner_auc,0.6384310134310135
results/primary99/repeat3-fold1/audit.json,models/age_sex_motion/candidates/2/fold_auc/0,0.6593406593406593
results/primary99/repeat3-fold1/audit.json,models/age_sex_motion/candidates/2/fold_auc/1,0.5833333333333334
results/primary99/repeat3-fold1/audit.json,models/age_sex_motion/candidates/2/fold_auc/2,0.6726190476190477
results/primary99/repeat3-fold1/audit.json,models/age_sex_motion/candidates/3/mean_inner_auc,0.6448412698412699
results/primary99/repeat3-fold1/audit.json,models/age_sex_motion/candidates/3/fold_auc/0,0.6428571428571429
results/primary99/repeat3-fold1/audit.json,models/age_sex_motion/candidates/3/fold_auc/1,0.6071428571428571
results/primary99/repeat3-fold1/audit.json,models/age_sex_motion/candidates/3/fold_auc/2,0.6845238095238095
results/primary99/repeat3-fold1/audit.json,models/age_sex_motion/chosen/mean_inner_auc,0.6448412698412699
results/primary99/repeat3-fold1/audit.json,models/age_sex_motion/chosen/fold_auc/0,0.6428571428571429
results/primary99/repeat3-fold1/audit.json,models/age_sex_motion/chosen/fold_auc/1,0.6071428571428571
results/primary99/repeat3-fold1/audit.json,models/age_sex_motion/chosen/fold_auc/2,0.6845238095238095
results/primary99/repeat3-fold2/audit.json,models/age_sex/candidates/0/mean_inner_auc,0.6817002442002442
results/primary99/repeat3-fold2/audit.json,models/age_sex/candidates/0/fold_auc/0,0.5659340659340659
results/primary99/repeat3-fold2/audit.json,models/age_sex/candidates/0/fold_auc/1,0.8303571428571429
results/primary99/repeat3-fold2/audit.json,models/age_sex/candidates/0/fold_auc/2,0.6488095238095238
results/primary99/repeat3-fold2/audit.json,models/age_sex/candidates/1/mean_inner_auc,0.6817002442002442
results/primary99/repeat3-fold2/audit.json,models/age_sex/candidates/1/fold_auc/0,0.5659340659340659
results/primary99/repeat3-fold2/audit.json,models/age_sex/candidates/1/fold_auc/1,0.8303571428571429
results/primary99/repeat3-fold2/audit.json,models/age_sex/candidates/1/fold_auc/2,0.6488095238095238
results/primary99/repeat3-fold2/audit.json,models/age_sex/candidates/2/mean_inner_auc,0.6797161172161172
results/primary99/repeat3-fold2/audit.json,models/age_sex/candidates/2/fold_auc/0,0.5659340659340659
results/primary99/repeat3-fold2/audit.json,models/age_sex/candidates/2/fold_auc/1,0.8303571428571429
results/primary99/repeat3-fold2/audit.json,models/age_sex/candidates/2/fold_auc/2,0.6428571428571429
results/primary99/repeat3-fold2/audit.json,models/age_sex/candidates/3/mean_inner_auc,0.6740689865689866
results/primary99/repeat3-fold2/audit.json,models/age_sex/candidates/3/fold_auc/0,0.554945054945055
results/primary99/repeat3-fold2/audit.json,models/age_sex/candidates/3/fold_auc/1,0.8303571428571429
results/primary99/repeat3-fold2/audit.json,models/age_sex/candidates/3/fold_auc/2,0.6369047619047619
results/primary99/repeat3-fold2/audit.json,models/age_sex/chosen/mean_inner_auc,0.6817002442002442
results/primary99/repeat3-fold2/audit.json,models/age_sex/chosen/fold_auc/0,0.5659340659340659
results/primary99/repeat3-fold2/audit.json,models/age_sex/chosen/fold_auc/1,0.8303571428571429
results/primary99/repeat3-fold2/audit.json,models/age_sex/chosen/fold_auc/2,0.6488095238095238
results/primary99/repeat3-fold2/audit.json,models/age_sex_motion/candidates/0/mean_inner_auc,0.6558302808302808
results/primary99/repeat3-fold2/audit.json,models/age_sex_motion/candidates/0/fold_auc/0,0.532967032967033
results/primary99/repeat3-fold2/audit.json,models/age_sex_motion/candidates/0/fold_auc/1,0.8154761904761905
results/primary99/repeat3-fold2/audit.json,models/age_sex_motion/candidates/0/fold_auc/2,0.6190476190476191
results/primary99/repeat3-fold2/audit.json,models/age_sex_motion/candidates/1/mean_inner_auc,0.655982905982906
results/primary99/repeat3-fold2/audit.json,models/age_sex_motion/candidates/1/fold_auc/0,0.5274725274725275
results/primary99/repeat3-fold2/audit.json,models/age_sex_motion/candidates/1/fold_auc/1,0.8154761904761905
results/primary99/repeat3-fold2/audit.json,models/age_sex_motion/candidates/1/fold_auc/2,0.625
results/primary99/repeat3-fold2/audit.json,models/age_sex_motion/candidates/2/mean_inner_auc,0.648962148962149
results/primary99/repeat3-fold2/audit.json,models/age_sex_motion/candidates/2/fold_auc/0,0.4945054945054945
results/primary99/repeat3-fold2/audit.json,models/age_sex_motion/candidates/2/fold_auc/1,0.8095238095238095
results/primary99/repeat3-fold2/audit.json,models/age_sex_motion/candidates/2/fold_auc/2,0.6428571428571428
results/primary99/repeat3-fold2/audit.json,models/age_sex_motion/candidates/3/mean_inner_auc,0.6356837606837606
results/primary99/repeat3-fold2/audit.json,models/age_sex_motion/candidates/3/fold_auc/0,0.4725274725274725
results/primary99/repeat3-fold2/audit.json,models/age_sex_motion/candidates/3/fold_auc/1,0.8035714285714285
results/primary99/repeat3-fold2/audit.json,models/age_sex_motion/candidates/3/fold_auc/2,0.6309523809523809
results/primary99/repeat3-fold2/audit.json,models/age_sex_motion/chosen/mean_inner_auc,0.655982905982906
results/primary99/repeat3-fold2/audit.json,models/age_sex_motion/chosen/fold_auc/0,0.5274725274725275
results/primary99/repeat3-fold2/audit.json,models/age_sex_motion/chosen/fold_auc/1,0.8154761904761905
results/primary99/repeat3-fold2/audit.json,models/age_sex_motion/chosen/fold_auc/2,0.625
results/primary99/repeat3-fold3/audit.json,models/age_sex/candidates/0/mean_inner_auc,0.4462759462759463
results/primary99/repeat3-fold3/audit.json,models/age_sex/candidates/0/fold_auc/0,0.3983516483516484
results/primary99/repeat3-fold3/audit.json,models/age_sex/candidates/0/fold_auc/1,0.48809523809523814
results/primary99/repeat3-fold3/audit.json,models/age_sex/candidates/0/fold_auc/2,0.4523809523809524
results/primary99/repeat3-fold3/audit.json,models/age_sex/candidates/1/mean_inner_auc,0.4462759462759463
results/primary99/repeat3-fold3/audit.json,models/age_sex/candidates/1/fold_auc/0,0.3983516483516484
results/primary99/repeat3-fold3/audit.json,models/age_sex/candidates/1/fold_auc/1,0.48809523809523814
results/primary99/repeat3-fold3/audit.json,models/age_sex/candidates/1/fold_auc/2,0.4523809523809524
results/primary99/repeat3-fold3/audit.json,models/age_sex/candidates/2/mean_inner_auc,0.4500915750915751
results/primary99/repeat3-fold3/audit.json,models/age_sex/candidates/2/fold_auc/0,0.40384615384615385
results/primary99/repeat3-fold3/audit.json,models/age_sex/candidates/2/fold_auc/1,0.49404761904761907
results/primary99/repeat3-fold3/audit.json,models/age_sex/candidates/2/fold_auc/2,0.4523809523809524
results/primary99/repeat3-fold3/audit.json,models/age_sex/candidates/3/mean_inner_auc,0.4594017094017094
results/primary99/repeat3-fold3/audit.json,models/age_sex/candidates/3/fold_auc/0,0.42582417582417587
results/primary99/repeat3-fold3/audit.json,models/age_sex/candidates/3/fold_auc/1,0.5
results/primary99/repeat3-fold3/audit.json,models/age_sex/candidates/3/fold_auc/2,0.4523809523809524
results/primary99/repeat3-fold3/audit.json,models/age_sex/chosen/mean_inner_auc,0.4594017094017094
results/primary99/repeat3-fold3/audit.json,models/age_sex/chosen/fold_auc/0,0.42582417582417587
results/primary99/repeat3-fold3/audit.json,models/age_sex/chosen/fold_auc/1,0.5
results/primary99/repeat3-fold3/audit.json,models/age_sex/chosen/fold_auc/2,0.4523809523809524
results/primary99/repeat3-fold3/audit.json,models/age_sex_motion/candidates/0/mean_inner_auc,0.3765262515262515
results/primary99/repeat3-fold3/audit.json,models/age_sex_motion/candidates/0/fold_auc/0,0.37362637362637363
results/primary99/repeat3-fold3/audit.json,models/age_sex_motion/candidates/0/fold_auc/1,0.42261904761904767
results/primary99/repeat3-fold3/audit.json,models/age_sex_motion/candidates/0/fold_auc/2,0.3333333333333333
results/primary99/repeat3-fold3/audit.json,models/age_sex_motion/candidates/1/mean_inner_auc,0.3762210012210012
results/primary99/repeat3-fold3/audit.json,models/age_sex_motion/candidates/1/fold_auc/0,0.3846153846153846
results/primary99/repeat3-fold3/audit.json,models/age_sex_motion/candidates/1/fold_auc/1,0.42261904761904767
results/primary99/repeat3-fold3/audit.json,models/age_sex_motion/candidates/1/fold_auc/2,0.32142857142857145
results/primary99/repeat3-fold3/audit.json,models/age_sex_motion/candidates/2/mean_inner_auc,0.37194749694749696
results/primary99/repeat3-fold3/audit.json,models/age_sex_motion/candidates/2/fold_auc/0,0.3956043956043956
results/primary99/repeat3-fold3/audit.json,models/age_sex_motion/candidates/2/fold_auc/1,0.42261904761904756
results/primary99/repeat3-fold3/audit.json,models/age_sex_motion/candidates/2/fold_auc/2,0.2976190476190476
results/primary99/repeat3-fold3/audit.json,models/age_sex_motion/candidates/3/mean_inner_auc,0.3753052503052503
results/primary99/repeat3-fold3/audit.json,models/age_sex_motion/candidates/3/fold_auc/0,0.4175824175824176
results/primary99/repeat3-fold3/audit.json,models/age_sex_motion/candidates/3/fold_auc/1,0.4226190476190476
results/primary99/repeat3-fold3/audit.json,models/age_sex_motion/candidates/3/fold_auc/2,0.2857142857142857
results/primary99/repeat3-fold3/audit.json,models/age_sex_motion/chosen/mean_inner_auc,0.3765262515262515
results/primary99/repeat3-fold3/audit.json,models/age_sex_motion/chosen/fold_auc/0,0.37362637362637363
results/primary99/repeat3-fold3/audit.json,models/age_sex_motion/chosen/fold_auc/1,0.42261904761904767
results/primary99/repeat3-fold3/audit.json,models/age_sex_motion/chosen/fold_auc/2,0.3333333333333333
results/primary99/repeat3-fold4/audit.json,models/age_sex/candidates/0/mean_inner_auc,0.5950396825396825
results/primary99/repeat3-fold4/audit.json,models/age_sex/candidates/0/fold_auc/0,0.4666666666666667
results/primary99/repeat3-fold4/audit.json,models/age_sex/candidates/0/fold_auc/1,0.6785714285714286
results/primary99/repeat3-fold4/audit.json,models/age_sex/candidates/0/fold_auc/2,0.6398809523809523
results/primary99/repeat3-fold4/audit.json,models/age_sex/candidates/1/mean_inner_auc,0.5950396825396825
results/primary99/repeat3-fold4/audit.json,models/age_sex/candidates/1/fold_auc/0,0.4666666666666667
results/primary99/repeat3-fold4/audit.json,models/age_sex/candidates/1/fold_auc/1,0.6785714285714286
results/primary99/repeat3-fold4/audit.json,models/age_sex/candidates/1/fold_auc/2,0.6398809523809523
results/primary99/repeat3-fold4/audit.json,models/age_sex/candidates/2/mean_inner_auc,0.5950396825396825
results/primary99/repeat3-fold4/audit.json,models/age_sex/candidates/2/fold_auc/0,0.4666666666666667
results/primary99/repeat3-fold4/audit.json,models/age_sex/candidates/2/fold_auc/1,0.6785714285714286
results/primary99/repeat3-fold4/audit.json,models/age_sex/candidates/2/fold_auc/2,0.6398809523809523
results/primary99/repeat3-fold4/audit.json,models/age_sex/candidates/3/mean_inner_auc,0.5967592592592592
results/primary99/repeat3-fold4/audit.json,models/age_sex/candidates/3/fold_auc/0,0.47777777777777775
results/primary99/repeat3-fold4/audit.json,models/age_sex/candidates/3/fold_auc/1,0.6785714285714286
results/primary99/repeat3-fold4/audit.json,models/age_sex/candidates/3/fold_auc/2,0.6339285714285714
results/primary99/repeat3-fold4/audit.json,models/age_sex/chosen/mean_inner_auc,0.5967592592592592
results/primary99/repeat3-fold4/audit.json,models/age_sex/chosen/fold_auc/0,0.47777777777777775
results/primary99/repeat3-fold4/audit.json,models/age_sex/chosen/fold_auc/1,0.6785714285714286
results/primary99/repeat3-fold4/audit.json,models/age_sex/chosen/fold_auc/2,0.6339285714285714
results/primary99/repeat3-fold4/audit.json,models/age_sex_motion/candidates/0/mean_inner_auc,0.5927248677248677
results/primary99/repeat3-fold4/audit.json,models/age_sex_motion/candidates/0/fold_auc/0,0.4388888888888889
results/primary99/repeat3-fold4/audit.json,models/age_sex_motion/candidates/0/fold_auc/1,0.6726190476190476
results/primary99/repeat3-fold4/audit.json,models/age_sex_motion/candidates/0/fold_auc/2,0.6666666666666666
results/primary99/repeat3-fold4/audit.json,models/age_sex_motion/candidates/1/mean_inner_auc,0.591005291005291
results/primary99/repeat3-fold4/audit.json,models/age_sex_motion/candidates/1/fold_auc/0,0.42777777777777776
results/primary99/repeat3-fold4/audit.json,models/age_sex_motion/candidates/1/fold_auc/1,0.6726190476190476
results/primary99/repeat3-fold4/audit.json,models/age_sex_motion/candidates/1/fold_auc/2,0.6726190476190476
results/primary99/repeat3-fold4/audit.json,models/age_sex_motion/candidates/2/mean_inner_auc,0.5888888888888889
results/primary99/repeat3-fold4/audit.json,models/age_sex_motion/candidates/2/fold_auc/0,0.4333333333333333
results/primary99/repeat3-fold4/audit.json,models/age_sex_motion/candidates/2/fold_auc/1,0.6785714285714285
results/primary99/repeat3-fold4/audit.json,models/age_sex_motion/candidates/2/fold_auc/2,0.6547619047619048
results/primary99/repeat3-fold4/audit.json,models/age_sex_motion/candidates/3/mean_inner_auc,0.5808201058201058
results/primary99/repeat3-fold4/audit.json,models/age_sex_motion/candidates/3/fold_auc/0,0.43888888888888883
results/primary99/repeat3-fold4/audit.json,models/age_sex_motion/candidates/3/fold_auc/1,0.6785714285714285
results/primary99/repeat3-fold4/audit.json,models/age_sex_motion/candidates/3/fold_auc/2,0.625
results/primary99/repeat3-fold4/audit.json,models/age_sex_motion/chosen/mean_inner_auc,0.5927248677248677
results/primary99/repeat3-fold4/audit.json,models/age_sex_motion/chosen/fold_auc/0,0.4388888888888889
results/primary99/repeat3-fold4/audit.json,models/age_sex_motion/chosen/fold_auc/1,0.6726190476190476
results/primary99/repeat3-fold4/audit.json,models/age_sex_motion/chosen/fold_auc/2,0.6666666666666666
results/primary99/repeat3-fold5/audit.json,models/age_sex/candidates/0/mean_inner_auc,0.6823972323972324
results/primary99/repeat3-fold5/audit.json,models/age_sex/candidates/0/fold_auc/0,0.7111111111111111
results/primary99/repeat3-fold5/audit.json,models/age_sex/candidates/0/fold_auc/1,0.5384615384615385
results/primary99/repeat3-fold5/audit.json,models/age_sex/candidates/0/fold_auc/2,0.7976190476190476
results/primary99/repeat3-fold5/audit.json,models/age_sex/candidates/1/mean_inner_auc,0.6823972323972324
results/primary99/repeat3-fold5/audit.json,models/age_sex/candidates/1/fold_auc/0,0.7111111111111111
results/primary99/repeat3-fold5/audit.json,models/age_sex/candidates/1/fold_auc/1,0.5384615384615385
results/primary99/repeat3-fold5/audit.json,models/age_sex/candidates/1/fold_auc/2,0.7976190476190476
results/primary99/repeat3-fold5/audit.json,models/age_sex/candidates/2/mean_inner_auc,0.6825091575091576
results/primary99/repeat3-fold5/audit.json,models/age_sex/candidates/2/fold_auc/0,0.7
results/primary99/repeat3-fold5/audit.json,models/age_sex/candidates/2/fold_auc/1,0.543956043956044
results/primary99/repeat3-fold5/audit.json,models/age_sex/candidates/2/fold_auc/2,0.8035714285714286
results/primary99/repeat3-fold5/audit.json,models/age_sex/candidates/3/mean_inner_auc,0.6861721611721613
results/primary99/repeat3-fold5/audit.json,models/age_sex/candidates/3/fold_auc/0,0.7
results/primary99/repeat3-fold5/audit.json,models/age_sex/candidates/3/fold_auc/1,0.554945054945055
results/primary99/repeat3-fold5/audit.json,models/age_sex/candidates/3/fold_auc/2,0.8035714285714286
results/primary99/repeat3-fold5/audit.json,models/age_sex/chosen/mean_inner_auc,0.6861721611721613
results/primary99/repeat3-fold5/audit.json,models/age_sex/chosen/fold_auc/0,0.7
results/primary99/repeat3-fold5/audit.json,models/age_sex/chosen/fold_auc/1,0.554945054945055
results/primary99/repeat3-fold5/audit.json,models/age_sex/chosen/fold_auc/2,0.8035714285714286
results/primary99/repeat3-fold5/audit.json,models/age_sex_motion/candidates/0/mean_inner_auc,0.5668192918192918
results/primary99/repeat3-fold5/audit.json,models/age_sex_motion/candidates/0/fold_auc/0,0.7
results/primary99/repeat3-fold5/audit.json,models/age_sex_motion/candidates/0/fold_auc/1,0.4945054945054945
results/primary99/repeat3-fold5/audit.json,models/age_sex_motion/candidates/0/fold_auc/2,0.5059523809523809
results/primary99/repeat3-fold5/audit.json,models/age_sex_motion/candidates/1/mean_inner_auc,0.5706349206349207
results/primary99/repeat3-fold5/audit.json,models/age_sex_motion/candidates/1/fold_auc/0,0.7
results/primary99/repeat3-fold5/audit.json,models/age_sex_motion/candidates/1/fold_auc/1,0.5
results/primary99/repeat3-fold5/audit.json,models/age_sex_motion/candidates/1/fold_auc/2,0.511904761904762
results/primary99/repeat3-fold5/audit.json,models/age_sex_motion/candidates/2/mean_inner_auc,0.5864875864875865
results/primary99/repeat3-fold5/audit.json,models/age_sex_motion/candidates/2/fold_auc/0,0.6944444444444444
results/primary99/repeat3-fold5/audit.json,models/age_sex_motion/candidates/2/fold_auc/1,0.5054945054945055
results/primary99/repeat3-fold5/audit.json,models/age_sex_motion/candidates/2/fold_auc/2,0.5595238095238095
results/primary99/repeat3-fold5/audit.json,models/age_sex_motion/candidates/3/mean_inner_auc,0.5905881155881155
results/primary99/repeat3-fold5/audit.json,models/age_sex_motion/candidates/3/fold_auc/0,0.6888888888888889
results/primary99/repeat3-fold5/audit.json,models/age_sex_motion/candidates/3/fold_auc/1,0.5054945054945055
results/primary99/repeat3-fold5/audit.json,models/age_sex_motion/candidates/3/fold_auc/2,0.5773809523809523
results/primary99/repeat3-fold5/audit.json,models/age_sex_motion/chosen/mean_inner_auc,0.5905881155881155
results/primary99/repeat3-fold5/audit.json,models/age_sex_motion/chosen/fold_auc/0,0.6888888888888889
results/primary99/repeat3-fold5/audit.json,models/age_sex_motion/chosen/fold_auc/1,0.5054945054945055
results/primary99/repeat3-fold5/audit.json,models/age_sex_motion/chosen/fold_auc/2,0.5773809523809523
results/primary99/repeat4-fold1/audit.json,models/age_sex/candidates/0/mean_inner_auc,0.6189713064713065
results/primary99/repeat4-fold1/audit.json,models/age_sex/candidates/0/fold_auc/0,0.6098901098901099
results/primary99/repeat4-fold1/audit.json,models/age_sex/candidates/0/fold_auc/1,0.6279761904761905
results/primary99/repeat4-fold1/audit.json,models/age_sex/candidates/0/fold_auc/2,0.6190476190476191
results/primary99/repeat4-fold1/audit.json,models/age_sex/candidates/1/mean_inner_auc,0.6211080586080585
results/primary99/repeat4-fold1/audit.json,models/age_sex/candidates/1/fold_auc/0,0.6043956043956044
results/primary99/repeat4-fold1/audit.json,models/age_sex/candidates/1/fold_auc/1,0.6279761904761905
results/primary99/repeat4-fold1/audit.json,models/age_sex/candidates/1/fold_auc/2,0.6309523809523809
results/primary99/repeat4-fold1/audit.json,models/age_sex/candidates/2/mean_inner_auc,0.6253815628815628
results/primary99/repeat4-fold1/audit.json,models/age_sex/candidates/2/fold_auc/0,0.5934065934065934
results/primary99/repeat4-fold1/audit.json,models/age_sex/candidates/2/fold_auc/1,0.6220238095238095
results/primary99/repeat4-fold1/audit.json,models/age_sex/candidates/2/fold_auc/2,0.6607142857142857
results/primary99/repeat4-fold1/audit.json,models/age_sex/candidates/3/mean_inner_auc,0.6253815628815628
results/primary99/repeat4-fold1/audit.json,models/age_sex/candidates/3/fold_auc/0,0.5934065934065934
results/primary99/repeat4-fold1/audit.json,models/age_sex/candidates/3/fold_auc/1,0.6279761904761905
results/primary99/repeat4-fold1/audit.json,models/age_sex/candidates/3/fold_auc/2,0.6547619047619048
results/primary99/repeat4-fold1/audit.json,models/age_sex/chosen/mean_inner_auc,0.6253815628815628
results/primary99/repeat4-fold1/audit.json,models/age_sex/chosen/fold_auc/0,0.5934065934065934
results/primary99/repeat4-fold1/audit.json,models/age_sex/chosen/fold_auc/1,0.6220238095238095
results/primary99/repeat4-fold1/audit.json,models/age_sex/chosen/fold_auc/2,0.6607142857142857
results/primary99/repeat4-fold1/audit.json,models/age_sex_motion/candidates/0/mean_inner_auc,0.594017094017094
results/primary99/repeat4-fold1/audit.json,models/age_sex_motion/candidates/0/fold_auc/0,0.6153846153846154
results/primary99/repeat4-fold1/audit.json,models/age_sex_motion/candidates/0/fold_auc/1,0.6071428571428572
results/primary99/repeat4-fold1/audit.json,models/age_sex_motion/candidates/0/fold_auc/2,0.5595238095238095
results/primary99/repeat4-fold1/audit.json,models/age_sex_motion/candidates/1/mean_inner_auc,0.5902014652014652
results/primary99/repeat4-fold1/audit.json,models/age_sex_motion/candidates/1/fold_auc/0,0.6098901098901099
results/primary99/repeat4-fold1/audit.json,models/age_sex_motion/candidates/1/fold_auc/1,0.6011904761904762
results/primary99/repeat4-fold1/audit.json,models/age_sex_motion/candidates/1/fold_auc/2,0.5595238095238095
results/primary99/repeat4-fold1/audit.json,models/age_sex_motion/candidates/2/mean_inner_auc,0.5982905982905984
results/primary99/repeat4-fold1/audit.json,models/age_sex_motion/candidates/2/fold_auc/0,0.6043956043956045
results/primary99/repeat4-fold1/audit.json,models/age_sex_motion/candidates/2/fold_auc/1,0.6011904761904762
results/primary99/repeat4-fold1/audit.json,models/age_sex_motion/candidates/2/fold_auc/2,0.5892857142857143
results/primary99/repeat4-fold1/audit.json,models/age_sex_motion/candidates/3/mean_inner_auc,0.5851648351648352
results/primary99/repeat4-fold1/audit.json,models/age_sex_motion/candidates/3/fold_auc/0,0.5769230769230769
results/primary99/repeat4-fold1/audit.json,models/age_sex_motion/candidates/3/fold_auc/1,0.5654761904761905
results/primary99/repeat4-fold1/audit.json,models/age_sex_motion/candidates/3/fold_auc/2,0.6130952380952381
results/primary99/repeat4-fold1/audit.json,models/age_sex_motion/chosen/mean_inner_auc,0.5982905982905984
results/primary99/repeat4-fold1/audit.json,models/age_sex_motion/chosen/fold_auc/0,0.6043956043956045
results/primary99/repeat4-fold1/audit.json,models/age_sex_motion/chosen/fold_auc/1,0.6011904761904762
results/primary99/repeat4-fold1/audit.json,models/age_sex_motion/chosen/fold_auc/2,0.5892857142857143
results/primary99/repeat4-fold2/audit.json,models/age_sex/candidates/0/mean_inner_auc,0.7343559218559218
results/primary99/repeat4-fold2/audit.json,models/age_sex/candidates/0/fold_auc/0,0.8489010989010989
results/primary99/repeat4-fold2/audit.json,models/age_sex/candidates/0/fold_auc/1,0.48809523809523814
results/primary99/repeat4-fold2/audit.json,models/age_sex/candidates/0/fold_auc/2,0.8660714285714286
results/primary99/repeat4-fold2/audit.json,models/age_sex/candidates/1/mean_inner_auc,0.7343559218559218
results/primary99/repeat4-fold2/audit.json,models/age_sex/candidates/1/fold_auc/0,0.8489010989010989
results/primary99/repeat4-fold2/audit.json,models/age_sex/candidates/1/fold_auc/1,0.48809523809523814
results/primary99/repeat4-fold2/audit.json,models/age_sex/candidates/1/fold_auc/2,0.8660714285714286
results/primary99/repeat4-fold2/audit.json,models/age_sex/candidates/2/mean_inner_auc,0.7284035409035409
results/primary99/repeat4-fold2/audit.json,models/age_sex/candidates/2/fold_auc/0,0.848901098901099
results/primary99/repeat4-fold2/audit.json,models/age_sex/candidates/2/fold_auc/1,0.49404761904761907
results/primary99/repeat4-fold2/audit.json,models/age_sex/candidates/2/fold_auc/2,0.8422619047619048
results/primary99/repeat4-fold2/audit.json,models/age_sex/candidates/3/mean_inner_auc,0.7303876678876678
results/primary99/repeat4-fold2/audit.json,models/age_sex/candidates/3/fold_auc/0,0.848901098901099
results/primary99/repeat4-fold2/audit.json,models/age_sex/candidates/3/fold_auc/1,0.49404761904761907
results/primary99/repeat4-fold2/audit.json,models/age_sex/candidates/3/fold_auc/2,0.8482142857142857
results/primary99/repeat4-fold2/audit.json,models/age_sex/chosen/mean_inner_auc,0.7343559218559218
results/primary99/repeat4-fold2/audit.json,models/age_sex/chosen/fold_auc/0,0.8489010989010989
results/primary99/repeat4-fold2/audit.json,models/age_sex/chosen/fold_auc/1,0.48809523809523814
results/primary99/repeat4-fold2/audit.json,models/age_sex/chosen/fold_auc/2,0.8660714285714286
results/primary99/repeat4-fold2/audit.json,models/age_sex_motion/candidates/0/mean_inner_auc,0.6602564102564102
results/primary99/repeat4-fold2/audit.json,models/age_sex_motion/candidates/0/fold_auc/0,0.8021978021978021
results/primary99/repeat4-fold2/audit.json,models/age_sex_motion/candidates/0/fold_auc/1,0.45833333333333337
results/primary99/repeat4-fold2/audit.json,models/age_sex_motion/candidates/0/fold_auc/2,0.7202380952380952
results/primary99/repeat4-fold2/audit.json,models/age_sex_motion/candidates/1/mean_inner_auc,0.6604090354090354
results/primary99/repeat4-fold2/audit.json,models/age_sex_motion/candidates/1/fold_auc/0,0.7967032967032966
results/primary99/repeat4-fold2/audit.json,models/age_sex_motion/candidates/1/fold_auc/1,0.4523809523809524
results/primary99/repeat4-fold2/audit.json,models/age_sex_motion/candidates/1/fold_auc/2,0.7321428571428572
results/primary99/repeat4-fold2/audit.json,models/age_sex_motion/candidates/2/mean_inner_auc,0.6776556776556776
results/primary99/repeat4-fold2/audit.json,models/age_sex_motion/candidates/2/fold_auc/0,0.8186813186813187
results/primary99/repeat4-fold2/audit.json,models/age_sex_motion/candidates/2/fold_auc/1,0.47023809523809523
results/primary99/repeat4-fold2/audit.json,models/age_sex_motion/candidates/2/fold_auc/2,0.7440476190476191
results/primary99/repeat4-fold2/audit.json,models/age_sex_motion/candidates/3/mean_inner_auc,0.666056166056166
results/primary99/repeat4-fold2/audit.json,models/age_sex_motion/candidates/3/fold_auc/0,0.8076923076923077
results/primary99/repeat4-fold2/audit.json,models/age_sex_motion/candidates/3/fold_auc/1,0.4880952380952381
results/primary99/repeat4-fold2/audit.json,models/age_sex_motion/candidates/3/fold_auc/2,0.7023809523809523
results/primary99/repeat4-fold2/audit.json,models/age_sex_motion/chosen/mean_inner_auc,0.6776556776556776
results/primary99/repeat4-fold2/audit.json,models/age_sex_motion/chosen/fold_auc/0,0.8186813186813187
results/primary99/repeat4-fold2/audit.json,models/age_sex_motion/chosen/fold_auc/1,0.47023809523809523
results/primary99/repeat4-fold2/audit.json,models/age_sex_motion/chosen/fold_auc/2,0.7440476190476191
results/primary99/repeat4-fold3/audit.json,models/age_sex/candidates/0/mean_inner_auc,0.6541514041514042
results/primary99/repeat4-fold3/audit.json,models/age_sex/candidates/0/fold_auc/0,0.6648351648351649
results/primary99/repeat4-fold3/audit.json,models/age_sex/candidates/0/fold_auc/1,0.6815476190476191
results/primary99/repeat4-fold3/audit.json,models/age_sex/candidates/0/fold_auc/2,0.6160714285714286
results/primary99/repeat4-fold3/audit.json,models/age_sex/candidates/1/mean_inner_auc,0.6541514041514042
results/primary99/repeat4-fold3/audit.json,models/age_sex/candidates/1/fold_auc/0,0.6648351648351649
results/primary99/repeat4-fold3/audit.json,models/age_sex/candidates/1/fold_auc/1,0.6815476190476191
results/primary99/repeat4-fold3/audit.json,models/age_sex/candidates/1/fold_auc/2,0.6160714285714286
results/primary99/repeat4-fold3/audit.json,models/age_sex/candidates/2/mean_inner_auc,0.6614774114774115
results/primary99/repeat4-fold3/audit.json,models/age_sex/candidates/2/fold_auc/0,0.6868131868131868
results/primary99/repeat4-fold3/audit.json,models/age_sex/candidates/2/fold_auc/1,0.6815476190476191
results/primary99/repeat4-fold3/audit.json,models/age_sex/candidates/2/fold_auc/2,0.6160714285714286
results/primary99/repeat4-fold3/audit.json,models/age_sex/candidates/3/mean_inner_auc,0.6654456654456654
results/primary99/repeat4-fold3/audit.json,models/age_sex/candidates/3/fold_auc/0,0.6868131868131868
results/primary99/repeat4-fold3/audit.json,models/age_sex/candidates/3/fold_auc/1,0.6815476190476191
results/primary99/repeat4-fold3/audit.json,models/age_sex/candidates/3/fold_auc/2,0.6279761904761905
results/primary99/repeat4-fold3/audit.json,models/age_sex/chosen/mean_inner_auc,0.6654456654456654
results/primary99/repeat4-fold3/audit.json,models/age_sex/chosen/fold_auc/0,0.6868131868131868
results/primary99/repeat4-fold3/audit.json,models/age_sex/chosen/fold_auc/1,0.6815476190476191
results/primary99/repeat4-fold3/audit.json,models/age_sex/chosen/fold_auc/2,0.6279761904761905
results/primary99/repeat4-fold3/audit.json,models/age_sex_motion/candidates/0/mean_inner_auc,0.6266788766788767
results/primary99/repeat4-fold3/audit.json,models/age_sex_motion/candidates/0/fold_auc/0,0.6538461538461539
results/primary99/repeat4-fold3/audit.json,models/age_sex_motion/candidates/0/fold_auc/1,0.6369047619047619
results/primary99/repeat4-fold3/audit.json,models/age_sex_motion/candidates/0/fold_auc/2,0.5892857142857143
results/primary99/repeat4-fold3/audit.json,models/age_sex_motion/candidates/1/mean_inner_auc,0.6285103785103785
results/primary99/repeat4-fold3/audit.json,models/age_sex_motion/candidates/1/fold_auc/0,0.6593406593406594
results/primary99/repeat4-fold3/audit.json,models/age_sex_motion/candidates/1/fold_auc/1,0.6369047619047619
results/primary99/repeat4-fold3/audit.json,models/age_sex_motion/candidates/1/fold_auc/2,0.5892857142857143
results/primary99/repeat4-fold3/audit.json,models/age_sex_motion/candidates/2/mean_inner_auc,0.6152319902319902
results/primary99/repeat4-fold3/audit.json,models/age_sex_motion/candidates/2/fold_auc/0,0.6373626373626373
results/primary99/repeat4-fold3/audit.json,models/age_sex_motion/candidates/2/fold_auc/1,0.6309523809523809
results/primary99/repeat4-fold3/audit.json,models/age_sex_motion/candidates/2/fold_auc/2,0.5773809523809523
results/primary99/repeat4-fold3/audit.json,models/age_sex_motion/candidates/3/mean_inner_auc,0.5969169719169719
results/primary99/repeat4-fold3/audit.json,models/age_sex_motion/candidates/3/fold_auc/0,0.5824175824175823
results/primary99/repeat4-fold3/audit.json,models/age_sex_motion/candidates/3/fold_auc/1,0.6309523809523809
results/primary99/repeat4-fold3/audit.json,models/age_sex_motion/candidates/3/fold_auc/2,0.5773809523809523
results/primary99/repeat4-fold3/audit.json,models/age_sex_motion/chosen/mean_inner_auc,0.6285103785103785
results/primary99/repeat4-fold3/audit.json,models/age_sex_motion/chosen/fold_auc/0,0.6593406593406594
results/primary99/repeat4-fold3/audit.json,models/age_sex_motion/chosen/fold_auc/1,0.6369047619047619
results/primary99/repeat4-fold3/audit.json,models/age_sex_motion/chosen/fold_auc/2,0.5892857142857143
results/primary99/repeat4-fold4/audit.json,models/age_sex/candidates/0/mean_inner_auc,0.613558201058201
results/primary99/repeat4-fold4/audit.json,models/age_sex/candidates/0/fold_auc/0,0.5222222222222221
results/primary99/repeat4-fold4/audit.json,models/age_sex/candidates/0/fold_auc/1,0.7470238095238095
results/primary99/repeat4-fold4/audit.json,models/age_sex/candidates/0/fold_auc/2,0.5714285714285714
results/primary99/repeat4-fold4/audit.json,models/age_sex/candidates/1/mean_inner_auc,0.611574074074074
results/primary99/repeat4-fold4/audit.json,models/age_sex/candidates/1/fold_auc/0,0.5222222222222221
results/primary99/repeat4-fold4/audit.json,models/age_sex/candidates/1/fold_auc/1,0.7410714285714286
results/primary99/repeat4-fold4/audit.json,models/age_sex/candidates/1/fold_auc/2,0.5714285714285714
results/primary99/repeat4-fold4/audit.json,models/age_sex/candidates/2/mean_inner_auc,0.6151455026455027
results/primary99/repeat4-fold4/audit.json,models/age_sex/candidates/2/fold_auc/0,0.5388888888888889
results/primary99/repeat4-fold4/audit.json,models/age_sex/candidates/2/fold_auc/1,0.7291666666666667
results/primary99/repeat4-fold4/audit.json,models/age_sex/candidates/2/fold_auc/2,0.5773809523809523
results/primary99/repeat4-fold4/audit.json,models/age_sex/candidates/3/mean_inner_auc,0.6130291005291005
results/primary99/repeat4-fold4/audit.json,models/age_sex/candidates/3/fold_auc/0,0.5444444444444445
results/primary99/repeat4-fold4/audit.json,models/age_sex/candidates/3/fold_auc/1,0.7232142857142857
results/primary99/repeat4-fold4/audit.json,models/age_sex/candidates/3/fold_auc/2,0.5714285714285714
results/primary99/repeat4-fold4/audit.json,models/age_sex/chosen/mean_inner_auc,0.6151455026455027
results/primary99/repeat4-fold4/audit.json,models/age_sex/chosen/fold_auc/0,0.5388888888888889
results/primary99/repeat4-fold4/audit.json,models/age_sex/chosen/fold_auc/1,0.7291666666666667
results/primary99/repeat4-fold4/audit.json,models/age_sex/chosen/fold_auc/2,0.5773809523809523
results/primary99/repeat4-fold4/audit.json,models/age_sex_motion/candidates/0/mean_inner_auc,0.45383597883597887
results/primary99/repeat4-fold4/audit.json,models/age_sex_motion/candidates/0/fold_auc/0,0.3555555555555555
results/primary99/repeat4-fold4/audit.json,models/age_sex_motion/candidates/0/fold_auc/1,0.4583333333333333
results/primary99/repeat4-fold4/audit.json,models/age_sex_motion/candidates/0/fold_auc/2,0.5476190476190477
results/primary99/repeat4-fold4/audit.json,models/age_sex_motion/candidates/1/mean_inner_auc,0.4599206349206349
results/primary99/repeat4-fold4/audit.json,models/age_sex_motion/candidates/1/fold_auc/0,0.35
results/primary99/repeat4-fold4/audit.json,models/age_sex_motion/candidates/1/fold_auc/1,0.47023809523809523
results/primary99/repeat4-fold4/audit.json,models/age_sex_motion/candidates/1/fold_auc/2,0.5595238095238095
results/primary99/repeat4-fold4/audit.json,models/age_sex_motion/candidates/2/mean_inner_auc,0.46759259259259256
results/primary99/repeat4-fold4/audit.json,models/age_sex_motion/candidates/2/fold_auc/0,0.3611111111111111
results/primary99/repeat4-fold4/audit.json,models/age_sex_motion/candidates/2/fold_auc/1,0.48214285714285715
results/primary99/repeat4-fold4/audit.json,models/age_sex_motion/candidates/2/fold_auc/2,0.5595238095238095
results/primary99/repeat4-fold4/audit.json,models/age_sex_motion/candidates/3/mean_inner_auc,0.4755291005291005
results/primary99/repeat4-fold4/audit.json,models/age_sex_motion/candidates/3/fold_auc/0,0.3611111111111111
results/primary99/repeat4-fold4/audit.json,models/age_sex_motion/candidates/3/fold_auc/1,0.5
results/primary99/repeat4-fold4/audit.json,models/age_sex_motion/candidates/3/fold_auc/2,0.5654761904761905
results/primary99/repeat4-fold4/audit.json,models/age_sex_motion/chosen/mean_inner_auc,0.4755291005291005
results/primary99/repeat4-fold4/audit.json,models/age_sex_motion/chosen/fold_auc/0,0.3611111111111111
results/primary99/repeat4-fold4/audit.json,models/age_sex_motion/chosen/fold_auc/1,0.5
results/primary99/repeat4-fold4/audit.json,models/age_sex_motion/chosen/fold_auc/2,0.5654761904761905
results/primary99/repeat4-fold5/audit.json,models/age_sex/candidates/0/mean_inner_auc,0.652599715099715
results/primary99/repeat4-fold5/audit.json,models/age_sex/candidates/0/fold_auc/0,0.6805555555555556
results/primary99/repeat4-fold5/audit.json,models/age_sex/candidates/0/fold_auc/1,0.6373626373626373
results/primary99/repeat4-fold5/audit.json,models/age_sex/candidates/0/fold_auc/2,0.6398809523809523
results/primary99/repeat4-fold5/audit.json,models/age_sex/candidates/1/mean_inner_auc,0.6490486365486365
results/primary99/repeat4-fold5/audit.json,models/age_sex/candidates/1/fold_auc/0,0.6694444444444445
results/primary99/repeat4-fold5/audit.json,models/age_sex/candidates/1/fold_auc/1,0.6318681318681318
results/primary99/repeat4-fold5/audit.json,models/age_sex/candidates/1/fold_auc/2,0.6458333333333333
results/primary99/repeat4-fold5/audit.json,models/age_sex/candidates/2/mean_inner_auc,0.6545634920634921
results/primary99/repeat4-fold5/audit.json,models/age_sex/candidates/2/fold_auc/0,0.675
results/primary99/repeat4-fold5/audit.json,models/age_sex/candidates/2/fold_auc/1,0.6428571428571429
results/primary99/repeat4-fold5/audit.json,models/age_sex/candidates/2/fold_auc/2,0.6458333333333333
results/primary99/repeat4-fold5/audit.json,models/age_sex/candidates/3/mean_inner_auc,0.6530575905575905
results/primary99/repeat4-fold5/audit.json,models/age_sex/candidates/3/fold_auc/0,0.6805555555555555
results/primary99/repeat4-fold5/audit.json,models/age_sex/candidates/3/fold_auc/1,0.6208791208791209
results/primary99/repeat4-fold5/audit.json,models/age_sex/candidates/3/fold_auc/2,0.6577380952380952
results/primary99/repeat4-fold5/audit.json,models/age_sex/chosen/mean_inner_auc,0.6545634920634921
results/primary99/repeat4-fold5/audit.json,models/age_sex/chosen/fold_auc/0,0.675
results/primary99/repeat4-fold5/audit.json,models/age_sex/chosen/fold_auc/1,0.6428571428571429
results/primary99/repeat4-fold5/audit.json,models/age_sex/chosen/fold_auc/2,0.6458333333333333
results/primary99/repeat4-fold5/audit.json,models/age_sex_motion/candidates/0/mean_inner_auc,0.5706552706552707
results/primary99/repeat4-fold5/audit.json,models/age_sex_motion/candidates/0/fold_auc/0,0.6222222222222222
results/primary99/repeat4-fold5/audit.json,models/age_sex_motion/candidates/0/fold_auc/1,0.5659340659340659
results/primary99/repeat4-fold5/audit.json,models/age_sex_motion/candidates/0/fold_auc/2,0.5238095238095238
results/primary99/repeat4-fold5/audit.json,models/age_sex_motion/candidates/1/mean_inner_auc,0.5801383801383801
results/primary99/repeat4-fold5/audit.json,models/age_sex_motion/candidates/1/fold_auc/0,0.6277777777777778
results/primary99/repeat4-fold5/audit.json,models/age_sex_motion/candidates/1/fold_auc/1,0.576923076923077
results/primary99/repeat4-fold5/audit.json,models/age_sex_motion/candidates/1/fold_auc/2,0.5357142857142857
results/primary99/repeat4-fold5/audit.json,models/age_sex_motion/candidates/2/mean_inner_auc,0.5862433862433862
results/primary99/repeat4-fold5/audit.json,models/age_sex_motion/candidates/2/fold_auc/0,0.6277777777777778
results/primary99/repeat4-fold5/audit.json,models/age_sex_motion/candidates/2/fold_auc/1,0.5714285714285714
results/primary99/repeat4-fold5/audit.json,models/age_sex_motion/candidates/2/fold_auc/2,0.5595238095238095
results/primary99/repeat4-fold5/audit.json,models/age_sex_motion/candidates/3/mean_inner_auc,0.5840354090354091
results/primary99/repeat4-fold5/audit.json,models/age_sex_motion/candidates/3/fold_auc/0,0.6499999999999999
results/primary99/repeat4-fold5/audit.json,models/age_sex_motion/candidates/3/fold_auc/1,0.5604395604395604
results/primary99/repeat4-fold5/audit.json,models/age_sex_motion/candidates/3/fold_auc/2,0.5416666666666667
results/primary99/repeat4-fold5/audit.json,models/age_sex_motion/chosen/mean_inner_auc,0.5862433862433862
results/primary99/repeat4-fold5/audit.json,models/age_sex_motion/chosen/fold_auc/0,0.6277777777777778
results/primary99/repeat4-fold5/audit.json,models/age_sex_motion/chosen/fold_auc/1,0.5714285714285714
results/primary99/repeat4-fold5/audit.json,models/age_sex_motion/chosen/fold_auc/2,0.5595238095238095
results/primary99/repeat5-fold1/audit.json,models/age_sex/candidates/0/mean_inner_auc,0.6665140415140415
results/primary99/repeat5-fold1/audit.json,models/age_sex/candidates/0/fold_auc/0,0.576923076923077
results/primary99/repeat5-fold1/audit.json,models/age_sex/candidates/0/fold_auc/1,0.6666666666666666
results/primary99/repeat5-fold1/audit.json,models/age_sex/candidates/0/fold_auc/2,0.7559523809523809
results/primary99/repeat5-fold1/audit.json,models/age_sex/candidates/1/mean_inner_auc,0.6683455433455433
results/primary99/repeat5-fold1/audit.json,models/age_sex/candidates/1/fold_auc/0,0.5824175824175825
results/primary99/repeat5-fold1/audit.json,models/age_sex/candidates/1/fold_auc/1,0.6547619047619048
results/primary99/repeat5-fold1/audit.json,models/age_sex/candidates/1/fold_auc/2,0.7678571428571428
results/primary99/repeat5-fold1/audit.json,models/age_sex/candidates/2/mean_inner_auc,0.6628510378510378
results/primary99/repeat5-fold1/audit.json,models/age_sex/candidates/2/fold_auc/0,0.5659340659340659
results/primary99/repeat5-fold1/audit.json,models/age_sex/candidates/2/fold_auc/1,0.6607142857142857
results/primary99/repeat5-fold1/audit.json,models/age_sex/candidates/2/fold_auc/2,0.7619047619047619
results/primary99/repeat5-fold1/audit.json,models/age_sex/candidates/3/mean_inner_auc,0.6533882783882784
results/primary99/repeat5-fold1/audit.json,models/age_sex/candidates/3/fold_auc/0,0.5494505494505495
results/primary99/repeat5-fold1/audit.json,models/age_sex/candidates/3/fold_auc/1,0.6607142857142857
results/primary99/repeat5-fold1/audit.json,models/age_sex/candidates/3/fold_auc/2,0.7499999999999999
results/primary99/repeat5-fold1/audit.json,models/age_sex/chosen/mean_inner_auc,0.6683455433455433
results/primary99/repeat5-fold1/audit.json,models/age_sex/chosen/fold_auc/0,0.5824175824175825
results/primary99/repeat5-fold1/audit.json,models/age_sex/chosen/fold_auc/1,0.6547619047619048
results/primary99/repeat5-fold1/audit.json,models/age_sex/chosen/fold_auc/2,0.7678571428571428
results/primary99/repeat5-fold1/audit.json,models/age_sex_motion/candidates/0/mean_inner_auc,0.648962148962149
results/primary99/repeat5-fold1/audit.json,models/age_sex_motion/candidates/0/fold_auc/0,0.5659340659340659
results/primary99/repeat5-fold1/audit.json,models/age_sex_motion/candidates/0/fold_auc/1,0.6726190476190477
results/primary99/repeat5-fold1/audit.json,models/age_sex_motion/candidates/0/fold_auc/2,0.7083333333333333
results/primary99/repeat5-fold1/audit.json,models/age_sex_motion/candidates/1/mean_inner_auc,0.6529304029304029
results/primary99/repeat5-fold1/audit.json,models/age_sex_motion/candidates/1/fold_auc/0,0.5659340659340659
results/primary99/repeat5-fold1/audit.json,models/age_sex_motion/candidates/1/fold_auc/1,0.6785714285714286
results/primary99/repeat5-fold1/audit.json,models/age_sex_motion/candidates/1/fold_auc/2,0.7142857142857143
results/primary99/repeat5-fold1/audit.json,models/age_sex_motion/candidates/2/mean_inner_auc,0.6550671550671551
results/primary99/repeat5-fold1/audit.json,models/age_sex_motion/candidates/2/fold_auc/0,0.5604395604395604
results/primary99/repeat5-fold1/audit.json,models/age_sex_motion/candidates/2/fold_auc/1,0.6726190476190477
results/primary99/repeat5-fold1/audit.json,models/age_sex_motion/candidates/2/fold_auc/2,0.7321428571428571
results/primary99/repeat5-fold1/audit.json,models/age_sex_motion/candidates/3/mean_inner_auc,0.6514041514041514
results/primary99/repeat5-fold1/audit.json,models/age_sex_motion/candidates/3/fold_auc/0,0.5494505494505495
results/primary99/repeat5-fold1/audit.json,models/age_sex_motion/candidates/3/fold_auc/1,0.6726190476190477
results/primary99/repeat5-fold1/audit.json,models/age_sex_motion/candidates/3/fold_auc/2,0.7321428571428572
results/primary99/repeat5-fold1/audit.json,models/age_sex_motion/chosen/mean_inner_auc,0.6550671550671551
results/primary99/repeat5-fold1/audit.json,models/age_sex_motion/chosen/fold_auc/0,0.5604395604395604
results/primary99/repeat5-fold1/audit.json,models/age_sex_motion/chosen/fold_auc/1,0.6726190476190477
results/primary99/repeat5-fold1/audit.json,models/age_sex_motion/chosen/fold_auc/2,0.7321428571428571
results/primary99/repeat5-fold2/audit.json,models/age_sex/candidates/0/mean_inner_auc,0.576923076923077
results/primary99/repeat5-fold2/audit.json,models/age_sex/candidates/0/fold_auc/0,0.7307692307692308
results/primary99/repeat5-fold2/audit.json,models/age_sex/candidates/0/fold_auc/1,0.5803571428571428
results/primary99/repeat5-fold2/audit.json,models/age_sex/candidates/0/fold_auc/2,0.4196428571428571
results/primary99/repeat5-fold2/audit.json,models/age_sex/candidates/1/mean_inner_auc,0.576923076923077
results/primary99/repeat5-fold2/audit.json,models/age_sex/candidates/1/fold_auc/0,0.7307692307692308
results/primary99/repeat5-fold2/audit.json,models/age_sex/candidates/1/fold_auc/1,0.5803571428571428
results/primary99/repeat5-fold2/audit.json,models/age_sex/candidates/1/fold_auc/2,0.4196428571428571
results/primary99/repeat5-fold2/audit.json,models/age_sex/candidates/2/mean_inner_auc,0.5729548229548229
results/primary99/repeat5-fold2/audit.json,models/age_sex/candidates/2/fold_auc/0,0.7307692307692308
results/primary99/repeat5-fold2/audit.json,models/age_sex/candidates/2/fold_auc/1,0.5922619047619048
results/primary99/repeat5-fold2/audit.json,models/age_sex/candidates/2/fold_auc/2,0.3958333333333333
results/primary99/repeat5-fold2/audit.json,models/age_sex/candidates/3/mean_inner_auc,0.5749389499389499
results/primary99/repeat5-fold2/audit.json,models/age_sex/candidates/3/fold_auc/0,0.7307692307692308
results/primary99/repeat5-fold2/audit.json,models/age_sex/candidates/3/fold_auc/1,0.5982142857142857
results/primary99/repeat5-fold2/audit.json,models/age_sex/candidates/3/fold_auc/2,0.3958333333333333
results/primary99/repeat5-fold2/audit.json,models/age_sex/chosen/mean_inner_auc,0.576923076923077
results/primary99/repeat5-fold2/audit.json,models/age_sex/chosen/fold_auc/0,0.7307692307692308
results/primary99/repeat5-fold2/audit.json,models/age_sex/chosen/fold_auc/1,0.5803571428571428
results/primary99/repeat5-fold2/audit.json,models/age_sex/chosen/fold_auc/2,0.4196428571428571
results/primary99/repeat5-fold2/audit.json,models/age_sex_motion/candidates/0/mean_inner_auc,0.5393772893772893
results/primary99/repeat5-fold2/audit.json,models/age_sex_motion/candidates/0/fold_auc/0,0.6538461538461539
results/primary99/repeat5-fold2/audit.json,models/age_sex_motion/candidates/0/fold_auc/1,0.5297619047619048
results/primary99/repeat5-fold2/audit.json,models/age_sex_motion/candidates/0/fold_auc/2,0.43452380952380953
results/primary99/repeat5-fold2/audit.json,models/age_sex_motion/candidates/1/mean_inner_auc,0.5373931623931624
results/primary99/repeat5-fold2/audit.json,models/age_sex_motion/candidates/1/fold_auc/0,0.6538461538461539
results/primary99/repeat5-fold2/audit.json,models/age_sex_motion/candidates/1/fold_auc/1,0.5357142857142857
results/primary99/repeat5-fold2/audit.json,models/age_sex_motion/candidates/1/fold_auc/2,0.4226190476190476
results/primary99/repeat5-fold2/audit.json,models/age_sex_motion/candidates/2/mean_inner_auc,0.5413614163614163
results/primary99/repeat5-fold2/audit.json,models/age_sex_motion/candidates/2/fold_auc/0,0.6538461538461539
results/primary99/repeat5-fold2/audit.json,models/age_sex_motion/candidates/2/fold_auc/1,0.5595238095238095
results/primary99/repeat5-fold2/audit.json,models/age_sex_motion/candidates/2/fold_auc/2,0.4107142857142857
results/primary99/repeat5-fold2/audit.json,models/age_sex_motion/candidates/3/mean_inner_auc,0.518925518925519
results/primary99/repeat5-fold2/audit.json,models/age_sex_motion/candidates/3/fold_auc/0,0.6043956043956045
results/primary99/repeat5-fold2/audit.json,models/age_sex_motion/candidates/3/fold_auc/1,0.5535714285714286
results/primary99/repeat5-fold2/audit.json,models/age_sex_motion/candidates/3/fold_auc/2,0.3988095238095238
results/primary99/repeat5-fold2/audit.json,models/age_sex_motion/chosen/mean_inner_auc,0.5413614163614163
results/primary99/repeat5-fold2/audit.json,models/age_sex_motion/chosen/fold_auc/0,0.6538461538461539
results/primary99/repeat5-fold2/audit.json,models/age_sex_motion/chosen/fold_auc/1,0.5595238095238095
results/primary99/repeat5-fold2/audit.json,models/age_sex_motion/chosen/fold_auc/2,0.4107142857142857
results/primary99/repeat5-fold3/audit.json,models/age_sex/candidates/0/mean_inner_auc,0.6376678876678876
results/primary99/repeat5-fold3/audit.json,models/age_sex/candidates/0/fold_auc/0,0.6510989010989011
results/primary99/repeat5-fold3/audit.json,models/age_sex/candidates/0/fold_auc/1,0.5119047619047619
results/primary99/repeat5-fold3/audit.json,models/age_sex/candidates/0/fold_auc/2,0.75
results/primary99/repeat5-fold3/audit.json,models/age_sex/candidates/1/mean_inner_auc,0.6376678876678876
results/primary99/repeat5-fold3/audit.json,models/age_sex/candidates/1/fold_auc/0,0.6510989010989011
results/primary99/repeat5-fold3/audit.json,models/age_sex/candidates/1/fold_auc/1,0.5119047619047619
results/primary99/repeat5-fold3/audit.json,models/age_sex/candidates/1/fold_auc/2,0.75
results/primary99/repeat5-fold3/audit.json,models/age_sex/candidates/2/mean_inner_auc,0.6373626373626373
results/primary99/repeat5-fold3/audit.json,models/age_sex/candidates/2/fold_auc/0,0.6620879120879121
results/primary99/repeat5-fold3/audit.json,models/age_sex/candidates/2/fold_auc/1,0.5
results/primary99/repeat5-fold3/audit.json,models/age_sex/candidates/2/fold_auc/2,0.75
results/primary99/repeat5-fold3/audit.json,models/age_sex/candidates/3/mean_inner_auc,0.6369047619047619
results/primary99/repeat5-fold3/audit.json,models/age_sex/candidates/3/fold_auc/0,0.6785714285714286
results/primary99/repeat5-fold3/audit.json,models/age_sex/candidates/3/fold_auc/1,0.4821428571428571
results/primary99/repeat5-fold3/audit.json,models/age_sex/candidates/3/fold_auc/2,0.75
results/primary99/repeat5-fold3/audit.json,models/age_sex/chosen/mean_inner_auc,0.6376678876678876
results/primary99/repeat5-fold3/audit.json,models/age_sex/chosen/fold_auc/0,0.6510989010989011
results/primary99/repeat5-fold3/audit.json,models/age_sex/chosen/fold_auc/1,0.5119047619047619
results/primary99/repeat5-fold3/audit.json,models/age_sex/chosen/fold_auc/2,0.75
results/primary99/repeat5-fold3/audit.json,models/age_sex_motion/candidates/0/mean_inner_auc,0.5952380952380952
results/primary99/repeat5-fold3/audit.json,models/age_sex_motion/candidates/0/fold_auc/0,0.5714285714285714
results/primary99/repeat5-fold3/audit.json,models/age_sex_motion/candidates/0/fold_auc/1,0.48214285714285715
results/primary99/repeat5-fold3/audit.json,models/age_sex_motion/candidates/0/fold_auc/2,0.7321428571428572
results/primary99/repeat5-fold3/audit.json,models/age_sex_motion/candidates/1/mean_inner_auc,0.5914224664224664
results/primary99/repeat5-fold3/audit.json,models/age_sex_motion/candidates/1/fold_auc/0,0.5659340659340659
results/primary99/repeat5-fold3/audit.json,models/age_sex_motion/candidates/1/fold_auc/1,0.4880952380952381
results/primary99/repeat5-fold3/audit.json,models/age_sex_motion/candidates/1/fold_auc/2,0.7202380952380952
results/primary99/repeat5-fold3/audit.json,models/age_sex_motion/candidates/2/mean_inner_auc,0.5830280830280831
results/primary99/repeat5-fold3/audit.json,models/age_sex_motion/candidates/2/fold_auc/0,0.5824175824175825
results/primary99/repeat5-fold3/audit.json,models/age_sex_motion/candidates/2/fold_auc/1,0.5
results/primary99/repeat5-fold3/audit.json,models/age_sex_motion/candidates/2/fold_auc/2,0.6666666666666666
results/primary99/repeat5-fold3/audit.json,models/age_sex_motion/candidates/3/mean_inner_auc,0.5492979242979242
results/primary99/repeat5-fold3/audit.json,models/age_sex_motion/candidates/3/fold_auc/0,0.5824175824175823
results/primary99/repeat5-fold3/audit.json,models/age_sex_motion/candidates/3/fold_auc/1,0.488095238095238
results/primary99/repeat5-fold3/audit.json,models/age_sex_motion/candidates/3/fold_auc/2,0.5773809523809524
results/primary99/repeat5-fold3/audit.json,models/age_sex_motion/chosen/mean_inner_auc,0.5952380952380952
results/primary99/repeat5-fold3/audit.json,models/age_sex_motion/chosen/fold_auc/0,0.5714285714285714
results/primary99/repeat5-fold3/audit.json,models/age_sex_motion/chosen/fold_auc/1,0.48214285714285715
results/primary99/repeat5-fold3/audit.json,models/age_sex_motion/chosen/fold_auc/2,0.7321428571428572
results/primary99/repeat5-fold4/audit.json,models/age_sex/candidates/0/mean_inner_auc,0.6420634920634921
results/primary99/repeat5-fold4/audit.json,models/age_sex/candidates/0/fold_auc/0,0.7833333333333334
results/primary99/repeat5-fold4/audit.json,models/age_sex/candidates/0/fold_auc/1,0.6369047619047619
results/primary99/repeat5-fold4/audit.json,models/age_sex/candidates/0/fold_auc/2,0.5059523809523809
results/primary99/repeat5-fold4/audit.json,models/age_sex/candidates/1/mean_inner_auc,0.6420634920634921
results/primary99/repeat5-fold4/audit.json,models/age_sex/candidates/1/fold_auc/0,0.7833333333333334
results/primary99/repeat5-fold4/audit.json,models/age_sex/candidates/1/fold_auc/1,0.6369047619047619
results/primary99/repeat5-fold4/audit.json,models/age_sex/candidates/1/fold_auc/2,0.5059523809523809
results/primary99/repeat5-fold4/audit.json,models/age_sex/candidates/2/mean_inner_auc,0.6460317460317461
results/primary99/repeat5-fold4/audit.json,models/age_sex/candidates/2/fold_auc/0,0.7833333333333334
results/primary99/repeat5-fold4/audit.json,models/age_sex/candidates/2/fold_auc/1,0.6488095238095238
results/primary99/repeat5-fold4/audit.json,models/age_sex/candidates/2/fold_auc/2,0.5059523809523809
results/primary99/repeat5-fold4/audit.json,models/age_sex/candidates/3/mean_inner_auc,0.6498677248677248
results/primary99/repeat5-fold4/audit.json,models/age_sex/candidates/3/fold_auc/0,0.7888888888888889
results/primary99/repeat5-fold4/audit.json,models/age_sex/candidates/3/fold_auc/1,0.6488095238095238
results/primary99/repeat5-fold4/audit.json,models/age_sex/candidates/3/fold_auc/2,0.5119047619047619
results/primary99/repeat5-fold4/audit.json,models/age_sex/chosen/mean_inner_auc,0.6498677248677248
results/primary99/repeat5-fold4/audit.json,models/age_sex/chosen/fold_auc/0,0.7888888888888889
results/primary99/repeat5-fold4/audit.json,models/age_sex/chosen/fold_auc/1,0.6488095238095238
results/primary99/repeat5-fold4/audit.json,models/age_sex/chosen/fold_auc/2,0.5119047619047619
results/primary99/repeat5-fold4/audit.json,models/age_sex_motion/candidates/0/mean_inner_auc,0.5607142857142856
results/primary99/repeat5-fold4/audit.json,models/age_sex_motion/candidates/0/fold_auc/0,0.5333333333333333
results/primary99/repeat5-fold4/audit.json,models/age_sex_motion/candidates/0/fold_auc/1,0.625
results/primary99/repeat5-fold4/audit.json,models/age_sex_motion/candidates/0/fold_auc/2,0.5238095238095237
results/primary99/repeat5-fold4/audit.json,models/age_sex_motion/candidates/1/mean_inner_auc,0.5662698412698413
results/primary99/repeat5-fold4/audit.json,models/age_sex_motion/candidates/1/fold_auc/0,0.55
results/primary99/repeat5-fold4/audit.json,models/age_sex_motion/candidates/1/fold_auc/1,0.625
results/primary99/repeat5-fold4/audit.json,models/age_sex_motion/candidates/1/fold_auc/2,0.5238095238095237
results/primary99/repeat5-fold4/audit.json,models/age_sex_motion/candidates/2/mean_inner_auc,0.5791005291005291
results/primary99/repeat5-fold4/audit.json,models/age_sex_motion/candidates/2/fold_auc/0,0.5944444444444444
results/primary99/repeat5-fold4/audit.json,models/age_sex_motion/candidates/2/fold_auc/1,0.6369047619047619
results/primary99/repeat5-fold4/audit.json,models/age_sex_motion/candidates/2/fold_auc/2,0.5059523809523809
results/primary99/repeat5-fold4/audit.json,models/age_sex_motion/candidates/3/mean_inner_auc,0.5828042328042328
results/primary99/repeat5-fold4/audit.json,models/age_sex_motion/candidates/3/fold_auc/0,0.6055555555555556
results/primary99/repeat5-fold4/audit.json,models/age_sex_motion/candidates/3/fold_auc/1,0.6488095238095237
results/primary99/repeat5-fold4/audit.json,models/age_sex_motion/candidates/3/fold_auc/2,0.4940476190476191
results/primary99/repeat5-fold4/audit.json,models/age_sex_motion/chosen/mean_inner_auc,0.5828042328042328
results/primary99/repeat5-fold4/audit.json,models/age_sex_motion/chosen/fold_auc/0,0.6055555555555556
results/primary99/repeat5-fold4/audit.json,models/age_sex_motion/chosen/fold_auc/1,0.6488095238095237
results/primary99/repeat5-fold4/audit.json,models/age_sex_motion/chosen/fold_auc/2,0.4940476190476191
results/primary99/repeat5-fold5/audit.json,models/age_sex/candidates/0/mean_inner_auc,0.6453958078958079
results/primary99/repeat5-fold5/audit.json,models/age_sex/candidates/0/fold_auc/0,0.6722222222222222
results/primary99/repeat5-fold5/audit.json,models/age_sex/candidates/0/fold_auc/1,0.6181318681318682
results/primary99/repeat5-fold5/audit.json,models/age_sex/candidates/0/fold_auc/2,0.6458333333333334
results/primary99/repeat5-fold5/audit.json,models/age_sex/candidates/1/mean_inner_auc,0.6510429385429385
results/primary99/repeat5-fold5/audit.json,models/age_sex/candidates/1/fold_auc/0,0.6722222222222222
results/primary99/repeat5-fold5/audit.json,models/age_sex/candidates/1/fold_auc/1,0.6291208791208791
results/primary99/repeat5-fold5/audit.json,models/age_sex/candidates/1/fold_auc/2,0.6517857142857143
results/primary99/repeat5-fold5/audit.json,models/age_sex/candidates/2/mean_inner_auc,0.6507580382580382
results/primary99/repeat5-fold5/audit.json,models/age_sex/candidates/2/fold_auc/0,0.6777777777777778
results/primary99/repeat5-fold5/audit.json,models/age_sex/candidates/2/fold_auc/1,0.6346153846153846
results/primary99/repeat5-fold5/audit.json,models/age_sex/candidates/2/fold_auc/2,0.6398809523809524
results/primary99/repeat5-fold5/audit.json,models/age_sex/candidates/3/mean_inner_auc,0.6411426536426537
results/primary99/repeat5-fold5/audit.json,models/age_sex/candidates/3/fold_auc/0,0.6777777777777778
results/primary99/repeat5-fold5/audit.json,models/age_sex/candidates/3/fold_auc/1,0.6236263736263736
results/primary99/repeat5-fold5/audit.json,models/age_sex/candidates/3/fold_auc/2,0.6220238095238095
results/primary99/repeat5-fold5/audit.json,models/age_sex/chosen/mean_inner_auc,0.6510429385429385
results/primary99/repeat5-fold5/audit.json,models/age_sex/chosen/fold_auc/0,0.6722222222222222
results/primary99/repeat5-fold5/audit.json,models/age_sex/chosen/fold_auc/1,0.6291208791208791
results/primary99/repeat5-fold5/audit.json,models/age_sex/chosen/fold_auc/2,0.6517857142857143
results/primary99/repeat5-fold5/audit.json,models/age_sex_motion/candidates/0/mean_inner_auc,0.5070512820512821
results/primary99/repeat5-fold5/audit.json,models/age_sex_motion/candidates/0/fold_auc/0,0.4666666666666667
results/primary99/repeat5-fold5/audit.json,models/age_sex_motion/candidates/0/fold_auc/1,0.6318681318681318
results/primary99/repeat5-fold5/audit.json,models/age_sex_motion/candidates/0/fold_auc/2,0.4226190476190476
results/primary99/repeat5-fold5/audit.json,models/age_sex_motion/candidates/1/mean_inner_auc,0.5128713878713879
results/primary99/repeat5-fold5/audit.json,models/age_sex_motion/candidates/1/fold_auc/0,0.4722222222222222
results/primary99/repeat5-fold5/audit.json,models/age_sex_motion/candidates/1/fold_auc/1,0.6318681318681318
results/primary99/repeat5-fold5/audit.json,models/age_sex_motion/candidates/1/fold_auc/2,0.43452380952380953
results/primary99/repeat5-fold5/audit.json,models/age_sex_motion/candidates/2/mean_inner_auc,0.5430301180301179
results/primary99/repeat5-fold5/audit.json,models/age_sex_motion/candidates/2/fold_auc/0,0.5388888888888889
results/primary99/repeat5-fold5/audit.json,models/age_sex_motion/candidates/2/fold_auc/1,0.6318681318681318
results/primary99/repeat5-fold5/audit.json,models/age_sex_motion/candidates/2/fold_auc/2,0.4583333333333333
results/primary99/repeat5-fold5/audit.json,models/age_sex_motion/candidates/3/mean_inner_auc,0.546927146927147
results/primary99/repeat5-fold5/audit.json,models/age_sex_motion/candidates/3/fold_auc/0,0.5611111111111111
results/primary99/repeat5-fold5/audit.json,models/age_sex_motion/candidates/3/fold_auc/1,0.6153846153846154
results/primary99/repeat5-fold5/audit.json,models/age_sex_motion/candidates/3/fold_auc/2,0.4642857142857143
results/primary99/repeat5-fold5/audit.json,models/age_sex_motion/chosen/mean_inner_auc,0.546927146927147
results/primary99/repeat5-fold5/audit.json,models/age_sex_motion/chosen/fold_auc/0,0.5611111111111111
results/primary99/repeat5-fold5/audit.json,models/age_sex_motion/chosen/fold_auc/1,0.6153846153846154
results/primary99/repeat5-fold5/audit.json,models/age_sex_motion/chosen/fold_auc/2,0.4642857142857143
results/sensitivity96/repeat1-fold1/audit.json,models/age_sex/candidates/0/mean_inner_auc,0.6231060606060606
results/sensitivity96/repeat1-fold1/audit.json,models/age_sex/candidates/0/fold_auc/0,0.6160714285714286
results/sensitivity96/repeat1-fold1/audit.json,models/age_sex/candidates/0/fold_auc/1,0.6655844155844156
results/sensitivity96/repeat1-fold1/audit.json,models/age_sex/candidates/0/fold_auc/2,0.5876623376623377
results/sensitivity96/repeat1-fold1/audit.json,models/age_sex/candidates/1/mean_inner_auc,0.6209415584415584
results/sensitivity96/repeat1-fold1/audit.json,models/age_sex/candidates/1/fold_auc/0,0.6160714285714286
results/sensitivity96/repeat1-fold1/audit.json,models/age_sex/candidates/1/fold_auc/1,0.6590909090909091
results/sensitivity96/repeat1-fold1/audit.json,models/age_sex/candidates/1/fold_auc/2,0.5876623376623377
results/sensitivity96/repeat1-fold1/audit.json,models/age_sex/candidates/2/mean_inner_auc,0.6290584415584415
results/sensitivity96/repeat1-fold1/audit.json,models/age_sex/candidates/2/fold_auc/0,0.6339285714285714
results/sensitivity96/repeat1-fold1/audit.json,models/age_sex/candidates/2/fold_auc/1,0.6655844155844156
results/sensitivity96/repeat1-fold1/audit.json,models/age_sex/candidates/2/fold_auc/2,0.5876623376623377
results/sensitivity96/repeat1-fold1/audit.json,models/age_sex/candidates/3/mean_inner_auc,0.6373556998556998
results/sensitivity96/repeat1-fold1/audit.json,models/age_sex/candidates/3/fold_auc/0,0.6458333333333334
results/sensitivity96/repeat1-fold1/audit.json,models/age_sex/candidates/3/fold_auc/1,0.6720779220779222
results/sensitivity96/repeat1-fold1/audit.json,models/age_sex/candidates/3/fold_auc/2,0.5941558441558441
results/sensitivity96/repeat1-fold1/audit.json,models/age_sex/chosen/mean_inner_auc,0.6373556998556998
results/sensitivity96/repeat1-fold1/audit.json,models/age_sex/chosen/fold_auc/0,0.6458333333333334
results/sensitivity96/repeat1-fold1/audit.json,models/age_sex/chosen/fold_auc/1,0.6720779220779222
results/sensitivity96/repeat1-fold1/audit.json,models/age_sex/chosen/fold_auc/2,0.5941558441558441
results/sensitivity96/repeat1-fold1/audit.json,models/age_sex_motion/candidates/0/mean_inner_auc,0.5833333333333334
results/sensitivity96/repeat1-fold1/audit.json,models/age_sex_motion/candidates/0/fold_auc/0,0.5357142857142857
results/sensitivity96/repeat1-fold1/audit.json,models/age_sex_motion/candidates/0/fold_auc/1,0.6363636363636365
results/sensitivity96/repeat1-fold1/audit.json,models/age_sex_motion/candidates/0/fold_auc/2,0.577922077922078
results/sensitivity96/repeat1-fold1/audit.json,models/age_sex_motion/candidates/1/mean_inner_auc,0.5770202020202021
results/sensitivity96/repeat1-fold1/audit.json,models/age_sex_motion/candidates/1/fold_auc/0,0.5297619047619048
results/sensitivity96/repeat1-fold1/audit.json,models/age_sex_motion/candidates/1/fold_auc/1,0.6298701298701299
results/sensitivity96/repeat1-fold1/audit.json,models/age_sex_motion/candidates/1/fold_auc/2,0.5714285714285714
results/sensitivity96/repeat1-fold1/audit.json,models/age_sex_motion/candidates/2/mean_inner_auc,0.5815295815295816
results/sensitivity96/repeat1-fold1/audit.json,models/age_sex_motion/candidates/2/fold_auc/0,0.5238095238095238
results/sensitivity96/repeat1-fold1/audit.json,models/age_sex_motion/candidates/2/fold_auc/1,0.6233766233766234
results/sensitivity96/repeat1-fold1/audit.json,models/age_sex_motion/candidates/2/fold_auc/2,0.5974025974025974
results/sensitivity96/repeat1-fold1/audit.json,models/age_sex_motion/candidates/3/mean_inner_auc,0.573051948051948
results/sensitivity96/repeat1-fold1/audit.json,models/age_sex_motion/candidates/3/fold_auc/0,0.5178571428571428
results/sensitivity96/repeat1-fold1/audit.json,models/age_sex_motion/candidates/3/fold_auc/1,0.6233766233766234
results/sensitivity96/repeat1-fold1/audit.json,models/age_sex_motion/candidates/3/fold_auc/2,0.577922077922078
results/sensitivity96/repeat1-fold1/audit.json,models/age_sex_motion/chosen/mean_inner_auc,0.5833333333333334
results/sensitivity96/repeat1-fold1/audit.json,models/age_sex_motion/chosen/fold_auc/0,0.5357142857142857
results/sensitivity96/repeat1-fold1/audit.json,models/age_sex_motion/chosen/fold_auc/1,0.6363636363636365
results/sensitivity96/repeat1-fold1/audit.json,models/age_sex_motion/chosen/fold_auc/2,0.577922077922078
results/sensitivity96/repeat1-fold2/audit.json,models/age_sex/candidates/0/mean_inner_auc,0.5910387689233843
results/sensitivity96/repeat1-fold2/audit.json,models/age_sex/candidates/0/fold_auc/0,0.5710059171597632
results/sensitivity96/repeat1-fold2/audit.json,models/age_sex/candidates/0/fold_auc/1,0.6339285714285714
results/sensitivity96/repeat1-fold2/audit.json,models/age_sex/candidates/0/fold_auc/2,0.5681818181818181
results/sensitivity96/repeat1-fold2/audit.json,models/age_sex/candidates/1/mean_inner_auc,0.5910387689233843
results/sensitivity96/repeat1-fold2/audit.json,models/age_sex/candidates/1/fold_auc/0,0.5710059171597632
results/sensitivity96/repeat1-fold2/audit.json,models/age_sex/candidates/1/fold_auc/1,0.6339285714285714
results/sensitivity96/repeat1-fold2/audit.json,models/age_sex/candidates/1/fold_auc/2,0.5681818181818181
results/sensitivity96/repeat1-fold2/audit.json,models/age_sex/candidates/2/mean_inner_auc,0.5791340070186223
results/sensitivity96/repeat1-fold2/audit.json,models/age_sex/candidates/2/fold_auc/0,0.5710059171597632
results/sensitivity96/repeat1-fold2/audit.json,models/age_sex/candidates/2/fold_auc/1,0.5982142857142857
results/sensitivity96/repeat1-fold2/audit.json,models/age_sex/candidates/2/fold_auc/2,0.5681818181818181
results/sensitivity96/repeat1-fold2/audit.json,models/age_sex/candidates/3/mean_inner_auc,0.5832708957708957
results/sensitivity96/repeat1-fold2/audit.json,models/age_sex/candidates/3/fold_auc/0,0.5769230769230769
results/sensitivity96/repeat1-fold2/audit.json,models/age_sex/candidates/3/fold_auc/1,0.5982142857142857
results/sensitivity96/repeat1-fold2/audit.json,models/age_sex/candidates/3/fold_auc/2,0.5746753246753247
results/sensitivity96/repeat1-fold2/audit.json,models/age_sex/chosen/mean_inner_auc,0.5910387689233843
results/sensitivity96/repeat1-fold2/audit.json,models/age_sex/chosen/fold_auc/0,0.5710059171597632
results/sensitivity96/repeat1-fold2/audit.json,models/age_sex/chosen/fold_auc/1,0.6339285714285714
results/sensitivity96/repeat1-fold2/audit.json,models/age_sex/chosen/fold_auc/2,0.5681818181818181
results/sensitivity96/repeat1-fold2/audit.json,models/age_sex_motion/candidates/0/mean_inner_auc,0.5883037902268672
results/sensitivity96/repeat1-fold2/audit.json,models/age_sex_motion/candidates/0/fold_auc/0,0.5857988165680473
results/sensitivity96/repeat1-fold2/audit.json,models/age_sex_motion/candidates/0/fold_auc/1,0.6011904761904762
results/sensitivity96/repeat1-fold2/audit.json,models/age_sex_motion/candidates/0/fold_auc/2,0.577922077922078
results/sensitivity96/repeat1-fold2/audit.json,models/age_sex_motion/candidates/1/mean_inner_auc,0.5883037902268672
results/sensitivity96/repeat1-fold2/audit.json,models/age_sex_motion/candidates/1/fold_auc/0,0.5857988165680473
results/sensitivity96/repeat1-fold2/audit.json,models/age_sex_motion/candidates/1/fold_auc/1,0.6011904761904762
results/sensitivity96/repeat1-fold2/audit.json,models/age_sex_motion/candidates/1/fold_auc/2,0.577922077922078
results/sensitivity96/repeat1-fold2/audit.json,models/age_sex_motion/candidates/2/mean_inner_auc,0.5843355362586131
results/sensitivity96/repeat1-fold2/audit.json,models/age_sex_motion/candidates/2/fold_auc/0,0.5857988165680473
results/sensitivity96/repeat1-fold2/audit.json,models/age_sex_motion/candidates/2/fold_auc/1,0.5892857142857142
results/sensitivity96/repeat1-fold2/audit.json,models/age_sex_motion/candidates/2/fold_auc/2,0.577922077922078
results/sensitivity96/repeat1-fold2/audit.json,models/age_sex_motion/candidates/3/mean_inner_auc,0.5846962866193635
results/sensitivity96/repeat1-fold2/audit.json,models/age_sex_motion/candidates/3/fold_auc/0,0.5857988165680473
results/sensitivity96/repeat1-fold2/audit.json,models/age_sex_motion/candidates/3/fold_auc/1,0.5773809523809523
results/sensitivity96/repeat1-fold2/audit.json,models/age_sex_motion/candidates/3/fold_auc/2,0.5909090909090909
results/sensitivity96/repeat1-fold2/audit.json,models/age_sex_motion/chosen/mean_inner_auc,0.5883037902268672
results/sensitivity96/repeat1-fold2/audit.json,models/age_sex_motion/chosen/fold_auc/0,0.5857988165680473
results/sensitivity96/repeat1-fold2/audit.json,models/age_sex_motion/chosen/fold_auc/1,0.6011904761904762
results/sensitivity96/repeat1-fold2/audit.json,models/age_sex_motion/chosen/fold_auc/2,0.577922077922078
results/sensitivity96/repeat1-fold3/audit.json,models/age_sex/candidates/0/mean_inner_auc,0.6350252311790774
results/sensitivity96/repeat1-fold3/audit.json,models/age_sex/candidates/0/fold_auc/0,0.6745562130177515
results/sensitivity96/repeat1-fold3/audit.json,models/age_sex/candidates/0/fold_auc/1,0.5714285714285714
results/sensitivity96/repeat1-fold3/audit.json,models/age_sex/candidates/0/fold_auc/2,0.6590909090909091
results/sensitivity96/repeat1-fold3/audit.json,models/age_sex/candidates/1/mean_inner_auc,0.6350252311790774
results/sensitivity96/repeat1-fold3/audit.json,models/age_sex/candidates/1/fold_auc/0,0.6745562130177515
results/sensitivity96/repeat1-fold3/audit.json,models/age_sex/candidates/1/fold_auc/1,0.5714285714285714
results/sensitivity96/repeat1-fold3/audit.json,models/age_sex/candidates/1/fold_auc/2,0.6590909090909091
results/sensitivity96/repeat1-fold3/audit.json,models/age_sex/candidates/2/mean_inner_auc,0.6415187376725838
results/sensitivity96/repeat1-fold3/audit.json,models/age_sex/candidates/2/fold_auc/0,0.6745562130177515
results/sensitivity96/repeat1-fold3/audit.json,models/age_sex/candidates/2/fold_auc/1,0.5714285714285714
results/sensitivity96/repeat1-fold3/audit.json,models/age_sex/candidates/2/fold_auc/2,0.6785714285714286
results/sensitivity96/repeat1-fold3/audit.json,models/age_sex/candidates/3/mean_inner_auc,0.6480122441660904
results/sensitivity96/repeat1-fold3/audit.json,models/age_sex/candidates/3/fold_auc/0,0.6745562130177515
results/sensitivity96/repeat1-fold3/audit.json,models/age_sex/candidates/3/fold_auc/1,0.5714285714285714
results/sensitivity96/repeat1-fold3/audit.json,models/age_sex/candidates/3/fold_auc/2,0.698051948051948
results/sensitivity96/repeat1-fold3/audit.json,models/age_sex/chosen/mean_inner_auc,0.6480122441660904
results/sensitivity96/repeat1-fold3/audit.json,models/age_sex/chosen/fold_auc/0,0.6745562130177515
results/sensitivity96/repeat1-fold3/audit.json,models/age_sex/chosen/fold_auc/1,0.5714285714285714
results/sensitivity96/repeat1-fold3/audit.json,models/age_sex/chosen/fold_auc/2,0.698051948051948
results/sensitivity96/repeat1-fold3/audit.json,models/age_sex_motion/candidates/0/mean_inner_auc,0.5764812110965957
results/sensitivity96/repeat1-fold3/audit.json,models/age_sex_motion/candidates/0/fold_auc/0,0.544378698224852
results/sensitivity96/repeat1-fold3/audit.json,models/age_sex_motion/candidates/0/fold_auc/1,0.5357142857142857
results/sensitivity96/repeat1-fold3/audit.json,models/age_sex_motion/candidates/0/fold_auc/2,0.6493506493506493
results/sensitivity96/repeat1-fold3/audit.json,models/age_sex_motion/candidates/1/mean_inner_auc,0.5804377246684939
results/sensitivity96/repeat1-fold3/audit.json,models/age_sex_motion/candidates/1/fold_auc/0,0.5502958579881656
results/sensitivity96/repeat1-fold3/audit.json,models/age_sex_motion/candidates/1/fold_auc/1,0.5416666666666666
results/sensitivity96/repeat1-fold3/audit.json,models/age_sex_motion/candidates/1/fold_auc/2,0.6493506493506493
results/sensitivity96/repeat1-fold3/audit.json,models/age_sex_motion/candidates/2/mean_inner_auc,0.5926797561412945
results/sensitivity96/repeat1-fold3/audit.json,models/age_sex_motion/candidates/2/fold_auc/0,0.5621301775147929
results/sensitivity96/repeat1-fold3/audit.json,models/age_sex_motion/candidates/2/fold_auc/1,0.5535714285714286
results/sensitivity96/repeat1-fold3/audit.json,models/age_sex_motion/candidates/2/fold_auc/2,0.6623376623376623
results/sensitivity96/repeat1-fold3/audit.json,models/age_sex_motion/candidates/3/mean_inner_auc,0.6015181399796784
results/sensitivity96/repeat1-fold3/audit.json,models/age_sex_motion/candidates/3/fold_auc/0,0.5621301775147929
results/sensitivity96/repeat1-fold3/audit.json,models/age_sex_motion/candidates/3/fold_auc/1,0.5476190476190477
results/sensitivity96/repeat1-fold3/audit.json,models/age_sex_motion/candidates/3/fold_auc/2,0.6948051948051948
results/sensitivity96/repeat1-fold3/audit.json,models/age_sex_motion/chosen/mean_inner_auc,0.6015181399796784
results/sensitivity96/repeat1-fold3/audit.json,models/age_sex_motion/chosen/fold_auc/0,0.5621301775147929
results/sensitivity96/repeat1-fold3/audit.json,models/age_sex_motion/chosen/fold_auc/1,0.5476190476190477
results/sensitivity96/repeat1-fold3/audit.json,models/age_sex_motion/chosen/fold_auc/2,0.6948051948051948
results/sensitivity96/repeat1-fold4/audit.json,models/age_sex/candidates/0/mean_inner_auc,0.5169173774943006
results/sensitivity96/repeat1-fold4/audit.json,models/age_sex/candidates/0/fold_auc/0,0.33727810650887574
results/sensitivity96/repeat1-fold4/audit.json,models/age_sex/candidates/0/fold_auc/1,0.5803571428571429
results/sensitivity96/repeat1-fold4/audit.json,models/age_sex/candidates/0/fold_auc/2,0.6331168831168831
results/sensitivity96/repeat1-fold4/audit.json,models/age_sex/candidates/1/mean_inner_auc,0.5169173774943006
results/sensitivity96/repeat1-fold4/audit.json,models/age_sex/candidates/1/fold_auc/0,0.33727810650887574
results/sensitivity96/repeat1-fold4/audit.json,models/age_sex/candidates/1/fold_auc/1,0.5803571428571429
results/sensitivity96/repeat1-fold4/audit.json,models/age_sex/candidates/1/fold_auc/2,0.6331168831168831
results/sensitivity96/repeat1-fold4/audit.json,models/age_sex/candidates/2/mean_inner_auc,0.5166900407285023
results/sensitivity96/repeat1-fold4/audit.json,models/age_sex/candidates/2/fold_auc/0,0.36094674556213013
results/sensitivity96/repeat1-fold4/audit.json,models/age_sex/candidates/2/fold_auc/1,0.5625
results/sensitivity96/repeat1-fold4/audit.json,models/age_sex/candidates/2/fold_auc/2,0.6266233766233766
results/sensitivity96/repeat1-fold4/audit.json,models/age_sex/candidates/3/mean_inner_auc,0.5143099421945575
results/sensitivity96/repeat1-fold4/audit.json,models/age_sex/candidates/3/fold_auc/0,0.378698224852071
results/sensitivity96/repeat1-fold4/audit.json,models/age_sex/candidates/3/fold_auc/1,0.5505952380952381
results/sensitivity96/repeat1-fold4/audit.json,models/age_sex/candidates/3/fold_auc/2,0.6136363636363636
results/sensitivity96/repeat1-fold4/audit.json,models/age_sex/chosen/mean_inner_auc,0.5169173774943006
results/sensitivity96/repeat1-fold4/audit.json,models/age_sex/chosen/fold_auc/0,0.33727810650887574
results/sensitivity96/repeat1-fold4/audit.json,models/age_sex/chosen/fold_auc/1,0.5803571428571429
results/sensitivity96/repeat1-fold4/audit.json,models/age_sex/chosen/fold_auc/2,0.6331168831168831
results/sensitivity96/repeat1-fold4/audit.json,models/age_sex_motion/candidates/0/mean_inner_auc,0.490229855614471
results/sensitivity96/repeat1-fold4/audit.json,models/age_sex_motion/candidates/0/fold_auc/0,0.378698224852071
results/sensitivity96/repeat1-fold4/audit.json,models/age_sex_motion/candidates/0/fold_auc/1,0.48809523809523814
results/sensitivity96/repeat1-fold4/audit.json,models/age_sex_motion/candidates/0/fold_auc/2,0.6038961038961039
results/sensitivity96/repeat1-fold4/audit.json,models/age_sex_motion/candidates/1/mean_inner_auc,0.48212471289394365
results/sensitivity96/repeat1-fold4/audit.json,models/age_sex_motion/candidates/1/fold_auc/0,0.37278106508875736
results/sensitivity96/repeat1-fold4/audit.json,models/age_sex_motion/candidates/1/fold_auc/1,0.47619047619047616
results/sensitivity96/repeat1-fold4/audit.json,models/age_sex_motion/candidates/1/fold_auc/2,0.5974025974025974
results/sensitivity96/repeat1-fold4/audit.json,models/age_sex_motion/candidates/2/mean_inner_auc,0.46536156151540764
results/sensitivity96/repeat1-fold4/audit.json,models/age_sex_motion/candidates/2/fold_auc/0,0.3668639053254438
results/sensitivity96/repeat1-fold4/audit.json,models/age_sex_motion/candidates/2/fold_auc/1,0.4642857142857143
results/sensitivity96/repeat1-fold4/audit.json,models/age_sex_motion/candidates/2/fold_auc/2,0.564935064935065
results/sensitivity96/repeat1-fold4/audit.json,models/age_sex_motion/candidates/3/mean_inner_auc,0.4765096015096016
results/sensitivity96/repeat1-fold4/audit.json,models/age_sex_motion/candidates/3/fold_auc/0,0.38461538461538464
results/sensitivity96/repeat1-fold4/audit.json,models/age_sex_motion/candidates/3/fold_auc/1,0.505952380952381
results/sensitivity96/repeat1-fold4/audit.json,models/age_sex_motion/candidates/3/fold_auc/2,0.538961038961039
results/sensitivity96/repeat1-fold4/audit.json,models/age_sex_motion/chosen/mean_inner_auc,0.490229855614471
results/sensitivity96/repeat1-fold4/audit.json,models/age_sex_motion/chosen/fold_auc/0,0.378698224852071
results/sensitivity96/repeat1-fold4/audit.json,models/age_sex_motion/chosen/fold_auc/1,0.48809523809523814
results/sensitivity96/repeat1-fold4/audit.json,models/age_sex_motion/chosen/fold_auc/2,0.6038961038961039
results/sensitivity96/repeat1-fold5/audit.json,models/age_sex/candidates/0/mean_inner_auc,0.6304112554112554
results/sensitivity96/repeat1-fold5/audit.json,models/age_sex/candidates/0/fold_auc/0,0.7121212121212122
results/sensitivity96/repeat1-fold5/audit.json,models/age_sex/candidates/0/fold_auc/1,0.6369047619047619
results/sensitivity96/repeat1-fold5/audit.json,models/age_sex/candidates/0/fold_auc/2,0.5422077922077922
results/sensitivity96/repeat1-fold5/audit.json,models/age_sex/candidates/1/mean_inner_auc,0.6325757575757576
results/sensitivity96/repeat1-fold5/audit.json,models/age_sex/candidates/1/fold_auc/0,0.7121212121212122
results/sensitivity96/repeat1-fold5/audit.json,models/age_sex/candidates/1/fold_auc/1,0.6369047619047619
results/sensitivity96/repeat1-fold5/audit.json,models/age_sex/candidates/1/fold_auc/2,0.5487012987012987
results/sensitivity96/repeat1-fold5/audit.json,models/age_sex/candidates/2/mean_inner_auc,0.6285353535353536
results/sensitivity96/repeat1-fold5/audit.json,models/age_sex/candidates/2/fold_auc/0,0.7000000000000001
results/sensitivity96/repeat1-fold5/audit.json,models/age_sex/candidates/2/fold_auc/1,0.6369047619047619
results/sensitivity96/repeat1-fold5/audit.json,models/age_sex/candidates/2/fold_auc/2,0.5487012987012987
results/sensitivity96/repeat1-fold5/audit.json,models/age_sex/candidates/3/mean_inner_auc,0.6223304473304473
results/sensitivity96/repeat1-fold5/audit.json,models/age_sex/candidates/3/fold_auc/0,0.6878787878787879
results/sensitivity96/repeat1-fold5/audit.json,models/age_sex/candidates/3/fold_auc/1,0.6369047619047619
results/sensitivity96/repeat1-fold5/audit.json,models/age_sex/candidates/3/fold_auc/2,0.5422077922077921
results/sensitivity96/repeat1-fold5/audit.json,models/age_sex/chosen/mean_inner_auc,0.6325757575757576
results/sensitivity96/repeat1-fold5/audit.json,models/age_sex/chosen/fold_auc/0,0.7121212121212122
results/sensitivity96/repeat1-fold5/audit.json,models/age_sex/chosen/fold_auc/1,0.6369047619047619
results/sensitivity96/repeat1-fold5/audit.json,models/age_sex/chosen/fold_auc/2,0.5487012987012987
results/sensitivity96/repeat1-fold5/audit.json,models/age_sex_motion/candidates/0/mean_inner_auc,0.514069264069264
results/sensitivity96/repeat1-fold5/audit.json,models/age_sex_motion/candidates/0/fold_auc/0,0.4242424242424243
results/sensitivity96/repeat1-fold5/audit.json,models/age_sex_motion/candidates/0/fold_auc/1,0.5595238095238095
results/sensitivity96/repeat1-fold5/audit.json,models/age_sex_motion/candidates/0/fold_auc/2,0.5584415584415584
results/sensitivity96/repeat1-fold5/audit.json,models/age_sex_motion/candidates/1/mean_inner_auc,0.5121572871572871
results/sensitivity96/repeat1-fold5/audit.json,models/age_sex_motion/candidates/1/fold_auc/0,0.40606060606060607
results/sensitivity96/repeat1-fold5/audit.json,models/age_sex_motion/candidates/1/fold_auc/1,0.5654761904761905
results/sensitivity96/repeat1-fold5/audit.json,models/age_sex_motion/candidates/1/fold_auc/2,0.5649350649350648
results/sensitivity96/repeat1-fold5/audit.json,models/age_sex_motion/candidates/2/mean_inner_auc,0.49765512265512263
results/sensitivity96/repeat1-fold5/audit.json,models/age_sex_motion/candidates/2/fold_auc/0,0.36363636363636365
results/sensitivity96/repeat1-fold5/audit.json,models/age_sex_motion/candidates/2/fold_auc/1,0.5773809523809523
results/sensitivity96/repeat1-fold5/audit.json,models/age_sex_motion/candidates/2/fold_auc/2,0.551948051948052
results/sensitivity96/repeat1-fold5/audit.json,models/age_sex_motion/candidates/3/mean_inner_auc,0.4878427128427128
results/sensitivity96/repeat1-fold5/audit.json,models/age_sex_motion/candidates/3/fold_auc/0,0.32121212121212117
results/sensitivity96/repeat1-fold5/audit.json,models/age_sex_motion/candidates/3/fold_auc/1,0.5773809523809523
results/sensitivity96/repeat1-fold5/audit.json,models/age_sex_motion/candidates/3/fold_auc/2,0.5649350649350648
results/sensitivity96/repeat1-fold5/audit.json,models/age_sex_motion/chosen/mean_inner_auc,0.514069264069264
results/sensitivity96/repeat1-fold5/audit.json,models/age_sex_motion/chosen/fold_auc/0,0.4242424242424243
results/sensitivity96/repeat1-fold5/audit.json,models/age_sex_motion/chosen/fold_auc/1,0.5595238095238095
results/sensitivity96/repeat1-fold5/audit.json,models/age_sex_motion/chosen/fold_auc/2,0.5584415584415584
results/sensitivity96/repeat2-fold1/audit.json,models/age_sex/candidates/0/mean_inner_auc,0.5579004329004329
results/sensitivity96/repeat2-fold1/audit.json,models/age_sex/candidates/0/fold_auc/0,0.48214285714285715
results/sensitivity96/repeat2-fold1/audit.json,models/age_sex/candidates/0/fold_auc/1,0.711038961038961
results/sensitivity96/repeat2-fold1/audit.json,models/age_sex/candidates/0/fold_auc/2,0.4805194805194805
results/sensitivity96/repeat2-fold1/audit.json,models/age_sex/candidates/1/mean_inner_auc,0.5557359307359307
results/sensitivity96/repeat2-fold1/audit.json,models/age_sex/candidates/1/fold_auc/0,0.48214285714285715
results/sensitivity96/repeat2-fold1/audit.json,models/age_sex/candidates/1/fold_auc/1,0.7045454545454546
results/sensitivity96/repeat2-fold1/audit.json,models/age_sex/candidates/1/fold_auc/2,0.4805194805194805
results/sensitivity96/repeat2-fold1/audit.json,models/age_sex/candidates/2/mean_inner_auc,0.5517676767676768
results/sensitivity96/repeat2-fold1/audit.json,models/age_sex/candidates/2/fold_auc/0,0.47023809523809523
results/sensitivity96/repeat2-fold1/audit.json,models/age_sex/candidates/2/fold_auc/1,0.7045454545454546
results/sensitivity96/repeat2-fold1/audit.json,models/age_sex/candidates/2/fold_auc/2,0.4805194805194805
results/sensitivity96/repeat2-fold1/audit.json,models/age_sex/candidates/3/mean_inner_auc,0.5517676767676768
results/sensitivity96/repeat2-fold1/audit.json,models/age_sex/candidates/3/fold_auc/0,0.47023809523809523
results/sensitivity96/repeat2-fold1/audit.json,models/age_sex/candidates/3/fold_auc/1,0.7045454545454546
results/sensitivity96/repeat2-fold1/audit.json,models/age_sex/candidates/3/fold_auc/2,0.4805194805194805
results/sensitivity96/repeat2-fold1/audit.json,models/age_sex/chosen/mean_inner_auc,0.5579004329004329
results/sensitivity96/repeat2-fold1/audit.json,models/age_sex/chosen/fold_auc/0,0.48214285714285715
results/sensitivity96/repeat2-fold1/audit.json,models/age_sex/chosen/fold_auc/1,0.711038961038961
results/sensitivity96/repeat2-fold1/audit.json,models/age_sex/chosen/fold_auc/2,0.4805194805194805
results/sensitivity96/repeat2-fold1/audit.json,models/age_sex_motion/candidates/0/mean_inner_auc,0.5265151515151515
results/sensitivity96/repeat2-fold1/audit.json,models/age_sex_motion/candidates/0/fold_auc/0,0.4107142857142857
results/sensitivity96/repeat2-fold1/audit.json,models/age_sex_motion/candidates/0/fold_auc/1,0.7012987012987013
results/sensitivity96/repeat2-fold1/audit.json,models/age_sex_motion/candidates/0/fold_auc/2,0.4675324675324675
results/sensitivity96/repeat2-fold1/audit.json,models/age_sex_motion/candidates/1/mean_inner_auc,0.5303030303030303
results/sensitivity96/repeat2-fold1/audit.json,models/age_sex_motion/candidates/1/fold_auc/0,0.42857142857142855
results/sensitivity96/repeat2-fold1/audit.json,models/age_sex_motion/candidates/1/fold_auc/1,0.6948051948051949
results/sensitivity96/repeat2-fold1/audit.json,models/age_sex_motion/candidates/1/fold_auc/2,0.4675324675324675
results/sensitivity96/repeat2-fold1/audit.json,models/age_sex_motion/candidates/2/mean_inner_auc,0.5376984126984127
results/sensitivity96/repeat2-fold1/audit.json,models/age_sex_motion/candidates/2/fold_auc/0,0.47023809523809523
results/sensitivity96/repeat2-fold1/audit.json,models/age_sex_motion/candidates/2/fold_auc/1,0.6753246753246753
results/sensitivity96/repeat2-fold1/audit.json,models/age_sex_motion/candidates/2/fold_auc/2,0.4675324675324675
results/sensitivity96/repeat2-fold1/audit.json,models/age_sex_motion/candidates/3/mean_inner_auc,0.5247113997113997
results/sensitivity96/repeat2-fold1/audit.json,models/age_sex_motion/candidates/3/fold_auc/0,0.47023809523809523
results/sensitivity96/repeat2-fold1/audit.json,models/age_sex_motion/candidates/3/fold_auc/1,0.6363636363636364
results/sensitivity96/repeat2-fold1/audit.json,models/age_sex_motion/candidates/3/fold_auc/2,0.4675324675324675
results/sensitivity96/repeat2-fold1/audit.json,models/age_sex_motion/chosen/mean_inner_auc,0.5376984126984127
results/sensitivity96/repeat2-fold1/audit.json,models/age_sex_motion/chosen/fold_auc/0,0.47023809523809523
results/sensitivity96/repeat2-fold1/audit.json,models/age_sex_motion/chosen/fold_auc/1,0.6753246753246753
results/sensitivity96/repeat2-fold1/audit.json,models/age_sex_motion/chosen/fold_auc/2,0.4675324675324675
results/sensitivity96/repeat2-fold2/audit.json,models/age_sex/candidates/0/mean_inner_auc,0.6256105006105006
results/sensitivity96/repeat2-fold2/audit.json,models/age_sex/candidates/0/fold_auc/0,0.6923076923076923
results/sensitivity96/repeat2-fold2/audit.json,models/age_sex/candidates/0/fold_auc/1,0.6845238095238095
results/sensitivity96/repeat2-fold2/audit.json,models/age_sex/candidates/0/fold_auc/2,0.5
results/sensitivity96/repeat2-fold2/audit.json,models/age_sex/candidates/1/mean_inner_auc,0.6256105006105006
results/sensitivity96/repeat2-fold2/audit.json,models/age_sex/candidates/1/fold_auc/0,0.6923076923076923
results/sensitivity96/repeat2-fold2/audit.json,models/age_sex/candidates/1/fold_auc/1,0.6845238095238095
results/sensitivity96/repeat2-fold2/audit.json,models/age_sex/candidates/1/fold_auc/2,0.5
results/sensitivity96/repeat2-fold2/audit.json,models/age_sex/candidates/2/mean_inner_auc,0.6336921625383164
results/sensitivity96/repeat2-fold2/audit.json,models/age_sex/candidates/2/fold_auc/0,0.7100591715976332
results/sensitivity96/repeat2-fold2/audit.json,models/age_sex/candidates/2/fold_auc/1,0.6845238095238095
results/sensitivity96/repeat2-fold2/audit.json,models/age_sex/candidates/2/fold_auc/2,0.5064935064935064
results/sensitivity96/repeat2-fold2/audit.json,models/age_sex/candidates/3/mean_inner_auc,0.6297239085700624
results/sensitivity96/repeat2-fold2/audit.json,models/age_sex/candidates/3/fold_auc/0,0.7100591715976331
results/sensitivity96/repeat2-fold2/audit.json,models/age_sex/candidates/3/fold_auc/1,0.6726190476190476
results/sensitivity96/repeat2-fold2/audit.json,models/age_sex/candidates/3/fold_auc/2,0.5064935064935064
results/sensitivity96/repeat2-fold2/audit.json,models/age_sex/chosen/mean_inner_auc,0.6336921625383164
results/sensitivity96/repeat2-fold2/audit.json,models/age_sex/chosen/fold_auc/0,0.7100591715976332
results/sensitivity96/repeat2-fold2/audit.json,models/age_sex/chosen/fold_auc/1,0.6845238095238095
results/sensitivity96/repeat2-fold2/audit.json,models/age_sex/chosen/fold_auc/2,0.5064935064935064
results/sensitivity96/repeat2-fold2/audit.json,models/age_sex_motion/candidates/0/mean_inner_auc,0.6474358974358975
results/sensitivity96/repeat2-fold2/audit.json,models/age_sex_motion/candidates/0/fold_auc/0,0.6923076923076923
results/sensitivity96/repeat2-fold2/audit.json,models/age_sex_motion/candidates/0/fold_auc/1,0.75
results/sensitivity96/repeat2-fold2/audit.json,models/age_sex_motion/candidates/0/fold_auc/2,0.5
results/sensitivity96/repeat2-fold2/audit.json,models/age_sex_motion/candidates/1/mean_inner_auc,0.6411345065191218
results/sensitivity96/repeat2-fold2/audit.json,models/age_sex_motion/candidates/1/fold_auc/0,0.6863905325443787
results/sensitivity96/repeat2-fold2/audit.json,models/age_sex_motion/candidates/1/fold_auc/1,0.75
results/sensitivity96/repeat2-fold2/audit.json,models/age_sex_motion/candidates/1/fold_auc/2,0.487012987012987
results/sensitivity96/repeat2-fold2/audit.json,models/age_sex_motion/candidates/2/mean_inner_auc,0.6332097389789696
results/sensitivity96/repeat2-fold2/audit.json,models/age_sex_motion/candidates/2/fold_auc/0,0.680473372781065
results/sensitivity96/repeat2-fold2/audit.json,models/age_sex_motion/candidates/2/fold_auc/1,0.7321428571428571
results/sensitivity96/repeat2-fold2/audit.json,models/age_sex_motion/candidates/2/fold_auc/2,0.487012987012987
results/sensitivity96/repeat2-fold2/audit.json,models/age_sex_motion/candidates/3/mean_inner_auc,0.6375270029116183
results/sensitivity96/repeat2-fold2/audit.json,models/age_sex_motion/candidates/3/fold_auc/0,0.6863905325443787
results/sensitivity96/repeat2-fold2/audit.json,models/age_sex_motion/candidates/3/fold_auc/1,0.7261904761904762
results/sensitivity96/repeat2-fold2/audit.json,models/age_sex_motion/candidates/3/fold_auc/2,0.5
results/sensitivity96/repeat2-fold2/audit.json,models/age_sex_motion/chosen/mean_inner_auc,0.6474358974358975
results/sensitivity96/repeat2-fold2/audit.json,models/age_sex_motion/chosen/fold_auc/0,0.6923076923076923
results/sensitivity96/repeat2-fold2/audit.json,models/age_sex_motion/chosen/fold_auc/1,0.75
results/sensitivity96/repeat2-fold2/audit.json,models/age_sex_motion/chosen/fold_auc/2,0.5
results/sensitivity96/repeat2-fold3/audit.json,models/age_sex/candidates/0/mean_inner_auc,0.6233323300630993
results/sensitivity96/repeat2-fold3/audit.json,models/age_sex/candidates/0/fold_auc/0,0.7041420118343195
results/sensitivity96/repeat2-fold3/audit.json,models/age_sex/candidates/0/fold_auc/1,0.5327380952380952
results/sensitivity96/repeat2-fold3/audit.json,models/age_sex/candidates/0/fold_auc/2,0.6331168831168832
results/sensitivity96/repeat2-fold3/audit.json,models/age_sex/candidates/1/mean_inner_auc,0.6233323300630993
results/sensitivity96/repeat2-fold3/audit.json,models/age_sex/candidates/1/fold_auc/0,0.7041420118343195
results/sensitivity96/repeat2-fold3/audit.json,models/age_sex/candidates/1/fold_auc/1,0.5327380952380952
results/sensitivity96/repeat2-fold3/audit.json,models/age_sex/candidates/1/fold_auc/2,0.6331168831168832
results/sensitivity96/repeat2-fold3/audit.json,models/age_sex/candidates/2/mean_inner_auc,0.6276613343921036
results/sensitivity96/repeat2-fold3/audit.json,models/age_sex/candidates/2/fold_auc/0,0.7041420118343195
results/sensitivity96/repeat2-fold3/audit.json,models/age_sex/candidates/2/fold_auc/1,0.5327380952380952
results/sensitivity96/repeat2-fold3/audit.json,models/age_sex/candidates/2/fold_auc/2,0.6461038961038961
results/sensitivity96/repeat2-fold3/audit.json,models/age_sex/candidates/3/mean_inner_auc,0.6233323300630993
results/sensitivity96/repeat2-fold3/audit.json,models/age_sex/candidates/3/fold_auc/0,0.7041420118343195
results/sensitivity96/repeat2-fold3/audit.json,models/age_sex/candidates/3/fold_auc/1,0.5327380952380952
results/sensitivity96/repeat2-fold3/audit.json,models/age_sex/candidates/3/fold_auc/2,0.6331168831168832
results/sensitivity96/repeat2-fold3/audit.json,models/age_sex/chosen/mean_inner_auc,0.6276613343921036
results/sensitivity96/repeat2-fold3/audit.json,models/age_sex/chosen/fold_auc/0,0.7041420118343195
results/sensitivity96/repeat2-fold3/audit.json,models/age_sex/chosen/fold_auc/1,0.5327380952380952
results/sensitivity96/repeat2-fold3/audit.json,models/age_sex/chosen/fold_auc/2,0.6461038961038961
results/sensitivity96/repeat2-fold3/audit.json,models/age_sex_motion/candidates/0/mean_inner_auc,0.6147410282025666
results/sensitivity96/repeat2-fold3/audit.json,models/age_sex_motion/candidates/0/fold_auc/0,0.7159763313609467
results/sensitivity96/repeat2-fold3/audit.json,models/age_sex_motion/candidates/0/fold_auc/1,0.5178571428571429
results/sensitivity96/repeat2-fold3/audit.json,models/age_sex_motion/candidates/0/fold_auc/2,0.6103896103896104
results/sensitivity96/repeat2-fold3/audit.json,models/age_sex_motion/candidates/1/mean_inner_auc,0.6107845146306685
results/sensitivity96/repeat2-fold3/audit.json,models/age_sex_motion/candidates/1/fold_auc/0,0.7100591715976331
results/sensitivity96/repeat2-fold3/audit.json,models/age_sex_motion/candidates/1/fold_auc/1,0.5119047619047619
results/sensitivity96/repeat2-fold3/audit.json,models/age_sex_motion/candidates/1/fold_auc/2,0.6103896103896104
results/sensitivity96/repeat2-fold3/audit.json,models/age_sex_motion/candidates/2/mean_inner_auc,0.6123961508576893
results/sensitivity96/repeat2-fold3/audit.json,models/age_sex_motion/candidates/2/fold_auc/0,0.7159763313609467
results/sensitivity96/repeat2-fold3/audit.json,models/age_sex_motion/candidates/2/fold_auc/1,0.5238095238095238
results/sensitivity96/repeat2-fold3/audit.json,models/age_sex_motion/candidates/2/fold_auc/2,0.5974025974025974
results/sensitivity96/repeat2-fold3/audit.json,models/age_sex_motion/candidates/3/mean_inner_auc,0.6103650622881392
results/sensitivity96/repeat2-fold3/audit.json,models/age_sex_motion/candidates/3/fold_auc/0,0.7396449704142012
results/sensitivity96/repeat2-fold3/audit.json,models/age_sex_motion/candidates/3/fold_auc/1,0.49404761904761907
results/sensitivity96/repeat2-fold3/audit.json,models/age_sex_motion/candidates/3/fold_auc/2,0.5974025974025974
results/sensitivity96/repeat2-fold3/audit.json,models/age_sex_motion/chosen/mean_inner_auc,0.6147410282025666
results/sensitivity96/repeat2-fold3/audit.json,models/age_sex_motion/chosen/fold_auc/0,0.7159763313609467
results/sensitivity96/repeat2-fold3/audit.json,models/age_sex_motion/chosen/fold_auc/1,0.5178571428571429
results/sensitivity96/repeat2-fold3/audit.json,models/age_sex_motion/chosen/fold_auc/2,0.6103896103896104
results/sensitivity96/repeat2-fold4/audit.json,models/age_sex/candidates/0/mean_inner_auc,0.6425065319296089
results/sensitivity96/repeat2-fold4/audit.json,models/age_sex/candidates/0/fold_auc/0,0.5857988165680474
results/sensitivity96/repeat2-fold4/audit.json,models/age_sex/candidates/0/fold_auc/1,0.6696428571428571
results/sensitivity96/repeat2-fold4/audit.json,models/age_sex/candidates/0/fold_auc/2,0.672077922077922
results/sensitivity96/repeat2-fold4/audit.json,models/age_sex/candidates/1/mean_inner_auc,0.6381775276006046
results/sensitivity96/repeat2-fold4/audit.json,models/age_sex/candidates/1/fold_auc/0,0.5857988165680474
results/sensitivity96/repeat2-fold4/audit.json,models/age_sex/candidates/1/fold_auc/1,0.6696428571428571
results/sensitivity96/repeat2-fold4/audit.json,models/age_sex/candidates/1/fold_auc/2,0.6590909090909091
results/sensitivity96/repeat2-fold4/audit.json,models/age_sex/candidates/2/mean_inner_auc,0.6338367828752444
results/sensitivity96/repeat2-fold4/audit.json,models/age_sex/candidates/2/fold_auc/0,0.591715976331361
results/sensitivity96/repeat2-fold4/audit.json,models/age_sex/candidates/2/fold_auc/1,0.6636904761904762
results/sensitivity96/repeat2-fold4/audit.json,models/age_sex/candidates/2/fold_auc/2,0.6461038961038961
results/sensitivity96/repeat2-fold4/audit.json,models/age_sex/candidates/3/mean_inner_auc,0.6336211865058018
results/sensitivity96/repeat2-fold4/audit.json,models/age_sex/candidates/3/fold_auc/0,0.6094674556213018
results/sensitivity96/repeat2-fold4/audit.json,models/age_sex/candidates/3/fold_auc/1,0.6517857142857142
results/sensitivity96/repeat2-fold4/audit.json,models/age_sex/candidates/3/fold_auc/2,0.6396103896103896
results/sensitivity96/repeat2-fold4/audit.json,models/age_sex/chosen/mean_inner_auc,0.6425065319296089
results/sensitivity96/repeat2-fold4/audit.json,models/age_sex/chosen/fold_auc/0,0.5857988165680474
results/sensitivity96/repeat2-fold4/audit.json,models/age_sex/chosen/fold_auc/1,0.6696428571428571
results/sensitivity96/repeat2-fold4/audit.json,models/age_sex/chosen/fold_auc/2,0.672077922077922
results/sensitivity96/repeat2-fold4/audit.json,models/age_sex_motion/candidates/0/mean_inner_auc,0.6271079348002425
results/sensitivity96/repeat2-fold4/audit.json,models/age_sex_motion/candidates/0/fold_auc/0,0.5739644970414202
results/sensitivity96/repeat2-fold4/audit.json,models/age_sex_motion/candidates/0/fold_auc/1,0.6904761904761905
results/sensitivity96/repeat2-fold4/audit.json,models/age_sex_motion/candidates/0/fold_auc/2,0.6168831168831169
results/sensitivity96/repeat2-fold4/audit.json,models/age_sex_motion/candidates/1/mean_inner_auc,0.6271079348002425
results/sensitivity96/repeat2-fold4/audit.json,models/age_sex_motion/candidates/1/fold_auc/0,0.5739644970414202
results/sensitivity96/repeat2-fold4/audit.json,models/age_sex_motion/candidates/1/fold_auc/1,0.6904761904761905
results/sensitivity96/repeat2-fold4/audit.json,models/age_sex_motion/candidates/1/fold_auc/2,0.6168831168831169
results/sensitivity96/repeat2-fold4/audit.json,models/age_sex_motion/candidates/2/mean_inner_auc,0.6278294355217432
results/sensitivity96/repeat2-fold4/audit.json,models/age_sex_motion/candidates/2/fold_auc/0,0.5739644970414202
results/sensitivity96/repeat2-fold4/audit.json,models/age_sex_motion/candidates/2/fold_auc/1,0.6666666666666666
results/sensitivity96/repeat2-fold4/audit.json,models/age_sex_motion/candidates/2/fold_auc/2,0.6428571428571428
results/sensitivity96/repeat2-fold4/audit.json,models/age_sex_motion/candidates/3/mean_inner_auc,0.6215280446049677
results/sensitivity96/repeat2-fold4/audit.json,models/age_sex_motion/candidates/3/fold_auc/0,0.5680473372781065
results/sensitivity96/repeat2-fold4/audit.json,models/age_sex_motion/candidates/3/fold_auc/1,0.6666666666666666
results/sensitivity96/repeat2-fold4/audit.json,models/age_sex_motion/candidates/3/fold_auc/2,0.6298701298701299
results/sensitivity96/repeat2-fold4/audit.json,models/age_sex_motion/chosen/mean_inner_auc,0.6278294355217432
results/sensitivity96/repeat2-fold4/audit.json,models/age_sex_motion/chosen/fold_auc/0,0.5739644970414202
results/sensitivity96/repeat2-fold4/audit.json,models/age_sex_motion/chosen/fold_auc/1,0.6666666666666666
results/sensitivity96/repeat2-fold4/audit.json,models/age_sex_motion/chosen/fold_auc/2,0.6428571428571428
results/sensitivity96/repeat2-fold5/audit.json,models/age_sex/candidates/0/mean_inner_auc,0.5858946608946609
results/sensitivity96/repeat2-fold5/audit.json,models/age_sex/candidates/0/fold_auc/0,0.5969696969696969
results/sensitivity96/repeat2-fold5/audit.json,models/age_sex/candidates/0/fold_auc/1,0.6607142857142857
results/sensitivity96/repeat2-fold5/audit.json,models/age_sex/candidates/0/fold_auc/2,0.5
results/sensitivity96/repeat2-fold5/audit.json,models/age_sex/candidates/1/mean_inner_auc,0.5938311688311688
results/sensitivity96/repeat2-fold5/audit.json,models/age_sex/candidates/1/fold_auc/0,0.5969696969696969
results/sensitivity96/repeat2-fold5/audit.json,models/age_sex/candidates/1/fold_auc/1,0.6845238095238095
results/sensitivity96/repeat2-fold5/audit.json,models/age_sex/candidates/1/fold_auc/2,0.5
results/sensitivity96/repeat2-fold5/audit.json,models/age_sex/candidates/2/mean_inner_auc,0.6001443001443001
results/sensitivity96/repeat2-fold5/audit.json,models/age_sex/candidates/2/fold_auc/0,0.5969696969696969
results/sensitivity96/repeat2-fold5/audit.json,models/age_sex/candidates/2/fold_auc/1,0.6904761904761905
results/sensitivity96/repeat2-fold5/audit.json,models/age_sex/candidates/2/fold_auc/2,0.5129870129870129
results/sensitivity96/repeat2-fold5/audit.json,models/age_sex/candidates/3/mean_inner_auc,0.6111471861471861
results/sensitivity96/repeat2-fold5/audit.json,models/age_sex/candidates/3/fold_auc/0,0.5969696969696969
results/sensitivity96/repeat2-fold5/audit.json,models/age_sex/candidates/3/fold_auc/1,0.6845238095238095
results/sensitivity96/repeat2-fold5/audit.json,models/age_sex/candidates/3/fold_auc/2,0.551948051948052
results/sensitivity96/repeat2-fold5/audit.json,models/age_sex/chosen/mean_inner_auc,0.6111471861471861
results/sensitivity96/repeat2-fold5/audit.json,models/age_sex/chosen/fold_auc/0,0.5969696969696969
results/sensitivity96/repeat2-fold5/audit.json,models/age_sex/chosen/fold_auc/1,0.6845238095238095
results/sensitivity96/repeat2-fold5/audit.json,models/age_sex/chosen/fold_auc/2,0.551948051948052
results/sensitivity96/repeat2-fold5/audit.json,models/age_sex_motion/candidates/0/mean_inner_auc,0.5786435786435785
results/sensitivity96/repeat2-fold5/audit.json,models/age_sex_motion/candidates/0/fold_auc/0,0.5757575757575757
results/sensitivity96/repeat2-fold5/audit.json,models/age_sex_motion/candidates/0/fold_auc/1,0.6666666666666665
results/sensitivity96/repeat2-fold5/audit.json,models/age_sex_motion/candidates/0/fold_auc/2,0.4935064935064935
results/sensitivity96/repeat2-fold5/audit.json,models/age_sex_motion/candidates/1/mean_inner_auc,0.5828282828282828
results/sensitivity96/repeat2-fold5/audit.json,models/age_sex_motion/candidates/1/fold_auc/0,0.5818181818181818
results/sensitivity96/repeat2-fold5/audit.json,models/age_sex_motion/candidates/1/fold_auc/1,0.6666666666666665
results/sensitivity96/repeat2-fold5/audit.json,models/age_sex_motion/candidates/1/fold_auc/2,0.5
results/sensitivity96/repeat2-fold5/audit.json,models/age_sex_motion/candidates/2/mean_inner_auc,0.5895021645021645
results/sensitivity96/repeat2-fold5/audit.json,models/age_sex_motion/candidates/2/fold_auc/0,0.5818181818181818
results/sensitivity96/repeat2-fold5/audit.json,models/age_sex_motion/candidates/2/fold_auc/1,0.6607142857142857
results/sensitivity96/repeat2-fold5/audit.json,models/age_sex_motion/candidates/2/fold_auc/2,0.525974025974026
results/sensitivity96/repeat2-fold5/audit.json,models/age_sex_motion/candidates/3/mean_inner_auc,0.5853535353535354
results/sensitivity96/repeat2-fold5/audit.json,models/age_sex_motion/candidates/3/fold_auc/0,0.5818181818181818
results/sensitivity96/repeat2-fold5/audit.json,models/age_sex_motion/candidates/3/fold_auc/1,0.6547619047619048
results/sensitivity96/repeat2-fold5/audit.json,models/age_sex_motion/candidates/3/fold_auc/2,0.5194805194805194
results/sensitivity96/repeat2-fold5/audit.json,models/age_sex_motion/chosen/mean_inner_auc,0.5895021645021645
results/sensitivity96/repeat2-fold5/audit.json,models/age_sex_motion/chosen/fold_auc/0,0.5818181818181818
results/sensitivity96/repeat2-fold5/audit.json,models/age_sex_motion/chosen/fold_auc/1,0.6607142857142857
results/sensitivity96/repeat2-fold5/audit.json,models/age_sex_motion/chosen/fold_auc/2,0.525974025974026
results/sensitivity96/repeat3-fold1/audit.json,models/age_sex/candidates/0/mean_inner_auc,0.6351911976911978
results/sensitivity96/repeat3-fold1/audit.json,models/age_sex/candidates/0/fold_auc/0,0.7172619047619049
results/sensitivity96/repeat3-fold1/audit.json,models/age_sex/candidates/0/fold_auc/1,0.5974025974025974
results/sensitivity96/repeat3-fold1/audit.json,models/age_sex/candidates/0/fold_auc/2,0.5909090909090909
results/sensitivity96/repeat3-fold1/audit.json,models/age_sex/candidates/1/mean_inner_auc,0.6373556998556998
results/sensitivity96/repeat3-fold1/audit.json,models/age_sex/candidates/1/fold_auc/0,0.7172619047619049
results/sensitivity96/repeat3-fold1/audit.json,models/age_sex/candidates/1/fold_auc/1,0.5974025974025974
results/sensitivity96/repeat3-fold1/audit.json,models/age_sex/candidates/1/fold_auc/2,0.5974025974025974
results/sensitivity96/repeat3-fold1/audit.json,models/age_sex/candidates/2/mean_inner_auc,0.6398809523809524
results/sensitivity96/repeat3-fold1/audit.json,models/age_sex/candidates/2/fold_auc/0,0.7053571428571429
results/sensitivity96/repeat3-fold1/audit.json,models/age_sex/candidates/2/fold_auc/1,0.5974025974025974
results/sensitivity96/repeat3-fold1/audit.json,models/age_sex/candidates/2/fold_auc/2,0.6168831168831169
results/sensitivity96/repeat3-fold1/audit.json,models/age_sex/candidates/3/mean_inner_auc,0.6463744588744588
results/sensitivity96/repeat3-fold1/audit.json,models/age_sex/candidates/3/fold_auc/0,0.7053571428571429
results/sensitivity96/repeat3-fold1/audit.json,models/age_sex/candidates/3/fold_auc/1,0.5974025974025974
results/sensitivity96/repeat3-fold1/audit.json,models/age_sex/candidates/3/fold_auc/2,0.6363636363636362
results/sensitivity96/repeat3-fold1/audit.json,models/age_sex/chosen/mean_inner_auc,0.6463744588744588
results/sensitivity96/repeat3-fold1/audit.json,models/age_sex/chosen/fold_auc/0,0.7053571428571429
results/sensitivity96/repeat3-fold1/audit.json,models/age_sex/chosen/fold_auc/1,0.5974025974025974
results/sensitivity96/repeat3-fold1/audit.json,models/age_sex/chosen/fold_auc/2,0.6363636363636362
results/sensitivity96/repeat3-fold1/audit.json,models/age_sex_motion/candidates/0/mean_inner_auc,0.5696248196248197
results/sensitivity96/repeat3-fold1/audit.json,models/age_sex_motion/candidates/0/fold_auc/0,0.7023809523809524
results/sensitivity96/repeat3-fold1/audit.json,models/age_sex_motion/candidates/0/fold_auc/1,0.4675324675324675
results/sensitivity96/repeat3-fold1/audit.json,models/age_sex_motion/candidates/0/fold_auc/2,0.538961038961039
results/sensitivity96/repeat3-fold1/audit.json,models/age_sex_motion/candidates/1/mean_inner_auc,0.5698051948051948
results/sensitivity96/repeat3-fold1/audit.json,models/age_sex_motion/candidates/1/fold_auc/0,0.6964285714285714
results/sensitivity96/repeat3-fold1/audit.json,models/age_sex_motion/candidates/1/fold_auc/1,0.4675324675324675
results/sensitivity96/repeat3-fold1/audit.json,models/age_sex_motion/candidates/1/fold_auc/2,0.5454545454545454
results/sensitivity96/repeat3-fold1/audit.json,models/age_sex_motion/candidates/2/mean_inner_auc,0.5914502164502164
results/sensitivity96/repeat3-fold1/audit.json,models/age_sex_motion/candidates/2/fold_auc/0,0.6964285714285714
results/sensitivity96/repeat3-fold1/audit.json,models/age_sex_motion/candidates/2/fold_auc/1,0.4935064935064935
results/sensitivity96/repeat3-fold1/audit.json,models/age_sex_motion/candidates/2/fold_auc/2,0.5844155844155844
results/sensitivity96/repeat3-fold1/audit.json,models/age_sex_motion/candidates/3/mean_inner_auc,0.5955988455988456
results/sensitivity96/repeat3-fold1/audit.json,models/age_sex_motion/candidates/3/fold_auc/0,0.7023809523809523
results/sensitivity96/repeat3-fold1/audit.json,models/age_sex_motion/candidates/3/fold_auc/1,0.49350649350649356
results/sensitivity96/repeat3-fold1/audit.json,models/age_sex_motion/candidates/3/fold_auc/2,0.5909090909090908
results/sensitivity96/repeat3-fold1/audit.json,models/age_sex_motion/chosen/mean_inner_auc,0.5955988455988456
results/sensitivity96/repeat3-fold1/audit.json,models/age_sex_motion/chosen/fold_auc/0,0.7023809523809523
results/sensitivity96/repeat3-fold1/audit.json,models/age_sex_motion/chosen/fold_auc/1,0.49350649350649356
results/sensitivity96/repeat3-fold1/audit.json,models/age_sex_motion/chosen/fold_auc/2,0.5909090909090908
results/sensitivity96/repeat3-fold2/audit.json,models/age_sex/candidates/0/mean_inner_auc,0.6686299811299811
results/sensitivity96/repeat3-fold2/audit.json,models/age_sex/candidates/0/fold_auc/0,0.6923076923076923
results/sensitivity96/repeat3-fold2/audit.json,models/age_sex/candidates/0/fold_auc/1,0.6220238095238095
results/sensitivity96/repeat3-fold2/audit.json,models/age_sex/candidates/0/fold_auc/2,0.6915584415584415
results/sensitivity96/repeat3-fold2/audit.json,models/age_sex/candidates/1/mean_inner_auc,0.6686299811299811
results/sensitivity96/repeat3-fold2/audit.json,models/age_sex/candidates/1/fold_auc/0,0.6923076923076923
results/sensitivity96/repeat3-fold2/audit.json,models/age_sex/candidates/1/fold_auc/1,0.6220238095238095
results/sensitivity96/repeat3-fold2/audit.json,models/age_sex/candidates/1/fold_auc/2,0.6915584415584415
results/sensitivity96/repeat3-fold2/audit.json,models/age_sex/candidates/2/mean_inner_auc,0.6707944832944833
results/sensitivity96/repeat3-fold2/audit.json,models/age_sex/candidates/2/fold_auc/0,0.6923076923076923
results/sensitivity96/repeat3-fold2/audit.json,models/age_sex/candidates/2/fold_auc/1,0.6220238095238095
results/sensitivity96/repeat3-fold2/audit.json,models/age_sex/candidates/2/fold_auc/2,0.698051948051948
results/sensitivity96/repeat3-fold2/audit.json,models/age_sex/candidates/3/mean_inner_auc,0.670951377682147
results/sensitivity96/repeat3-fold2/audit.json,models/age_sex/candidates/3/fold_auc/0,0.7041420118343196
results/sensitivity96/repeat3-fold2/audit.json,models/age_sex/candidates/3/fold_auc/1,0.6041666666666666
results/sensitivity96/repeat3-fold2/audit.json,models/age_sex/candidates/3/fold_auc/2,0.7045454545454546
results/sensitivity96/repeat3-fold2/audit.json,models/age_sex/chosen/mean_inner_auc,0.670951377682147
results/sensitivity96/repeat3-fold2/audit.json,models/age_sex/chosen/fold_auc/0,0.7041420118343196
results/sensitivity96/repeat3-fold2/audit.json,models/age_sex/chosen/fold_auc/1,0.6041666666666666
results/sensitivity96/repeat3-fold2/audit.json,models/age_sex/chosen/fold_auc/2,0.7045454545454546
results/sensitivity96/repeat3-fold2/audit.json,models/age_sex_motion/candidates/0/mean_inner_auc,0.648408215715908
results/sensitivity96/repeat3-fold2/audit.json,models/age_sex_motion/candidates/0/fold_auc/0,0.6568047337278107
results/sensitivity96/repeat3-fold2/audit.json,models/age_sex_motion/candidates/0/fold_auc/1,0.6130952380952381
results/sensitivity96/repeat3-fold2/audit.json,models/age_sex_motion/candidates/0/fold_auc/2,0.6753246753246753
results/sensitivity96/repeat3-fold2/audit.json,models/age_sex_motion/candidates/1/mean_inner_auc,0.648408215715908
results/sensitivity96/repeat3-fold2/audit.json,models/age_sex_motion/candidates/1/fold_auc/0,0.6568047337278107
results/sensitivity96/repeat3-fold2/audit.json,models/age_sex_motion/candidates/1/fold_auc/1,0.6130952380952381
results/sensitivity96/repeat3-fold2/audit.json,models/age_sex_motion/candidates/1/fold_auc/2,0.6753246753246753
results/sensitivity96/repeat3-fold2/audit.json,models/age_sex_motion/candidates/2/mean_inner_auc,0.6483964753195522
results/sensitivity96/repeat3-fold2/audit.json,models/age_sex_motion/candidates/2/fold_auc/0,0.6627218934911243
results/sensitivity96/repeat3-fold2/audit.json,models/age_sex_motion/candidates/2/fold_auc/1,0.6071428571428571
results/sensitivity96/repeat3-fold2/audit.json,models/age_sex_motion/candidates/2/fold_auc/2,0.6753246753246753
results/sensitivity96/repeat3-fold2/audit.json,models/age_sex_motion/candidates/3/mean_inner_auc,0.6520039789270559
results/sensitivity96/repeat3-fold2/audit.json,models/age_sex_motion/candidates/3/fold_auc/0,0.6627218934911242
results/sensitivity96/repeat3-fold2/audit.json,models/age_sex_motion/candidates/3/fold_auc/1,0.6309523809523809
results/sensitivity96/repeat3-fold2/audit.json,models/age_sex_motion/candidates/3/fold_auc/2,0.6623376623376623
results/sensitivity96/repeat3-fold2/audit.json,models/age_sex_motion/chosen/mean_inner_auc,0.6520039789270559
results/sensitivity96/repeat3-fold2/audit.json,models/age_sex_motion/chosen/fold_auc/0,0.6627218934911242
results/sensitivity96/repeat3-fold2/audit.json,models/age_sex_motion/chosen/fold_auc/1,0.6309523809523809
results/sensitivity96/repeat3-fold2/audit.json,models/age_sex_motion/chosen/fold_auc/2,0.6623376623376623
results/sensitivity96/repeat3-fold3/audit.json,models/age_sex/candidates/0/mean_inner_auc,0.6205776061545292
results/sensitivity96/repeat3-fold3/audit.json,models/age_sex/candidates/0/fold_auc/0,0.6834319526627219
results/sensitivity96/repeat3-fold3/audit.json,models/age_sex/candidates/0/fold_auc/1,0.6458333333333334
results/sensitivity96/repeat3-fold3/audit.json,models/age_sex/candidates/0/fold_auc/2,0.5324675324675324
results/sensitivity96/repeat3-fold3/audit.json,models/age_sex/candidates/1/mean_inner_auc,0.6205776061545292
results/sensitivity96/repeat3-fold3/audit.json,models/age_sex/candidates/1/fold_auc/0,0.6834319526627219
results/sensitivity96/repeat3-fold3/audit.json,models/age_sex/candidates/1/fold_auc/1,0.6458333333333334
results/sensitivity96/repeat3-fold3/audit.json,models/age_sex/candidates/1/fold_auc/2,0.5324675324675324
results/sensitivity96/repeat3-fold3/audit.json,models/age_sex/candidates/2/mean_inner_auc,0.6207814621276159
results/sensitivity96/repeat3-fold3/audit.json,models/age_sex/candidates/2/fold_auc/0,0.6715976331360947
results/sensitivity96/repeat3-fold3/audit.json,models/age_sex/candidates/2/fold_auc/1,0.6517857142857143
results/sensitivity96/repeat3-fold3/audit.json,models/age_sex/candidates/2/fold_auc/2,0.538961038961039
results/sensitivity96/repeat3-fold3/audit.json,models/age_sex/candidates/3/mean_inner_auc,0.6308472510395587
results/sensitivity96/repeat3-fold3/audit.json,models/age_sex/candidates/3/fold_auc/0,0.6893491124260355
results/sensitivity96/repeat3-fold3/audit.json,models/age_sex/candidates/3/fold_auc/1,0.6577380952380952
results/sensitivity96/repeat3-fold3/audit.json,models/age_sex/candidates/3/fold_auc/2,0.5454545454545454
results/sensitivity96/repeat3-fold3/audit.json,models/age_sex/chosen/mean_inner_auc,0.6308472510395587
results/sensitivity96/repeat3-fold3/audit.json,models/age_sex/chosen/fold_auc/0,0.6893491124260355
results/sensitivity96/repeat3-fold3/audit.json,models/age_sex/chosen/fold_auc/1,0.6577380952380952
results/sensitivity96/repeat3-fold3/audit.json,models/age_sex/chosen/fold_auc/2,0.5454545454545454
results/sensitivity96/repeat3-fold3/audit.json,models/age_sex_motion/candidates/0/mean_inner_auc,0.5888961465884542
results/sensitivity96/repeat3-fold3/audit.json,models/age_sex_motion/candidates/0/fold_auc/0,0.650887573964497
results/sensitivity96/repeat3-fold3/audit.json,models/age_sex_motion/candidates/0/fold_auc/1,0.5833333333333334
results/sensitivity96/repeat3-fold3/audit.json,models/age_sex_motion/candidates/0/fold_auc/2,0.5324675324675325
results/sensitivity96/repeat3-fold3/audit.json,models/age_sex_motion/candidates/1/mean_inner_auc,0.5928644005567082
results/sensitivity96/repeat3-fold3/audit.json,models/age_sex_motion/candidates/1/fold_auc/0,0.650887573964497
results/sensitivity96/repeat3-fold3/audit.json,models/age_sex_motion/candidates/1/fold_auc/1,0.5952380952380952
results/sensitivity96/repeat3-fold3/audit.json,models/age_sex_motion/candidates/1/fold_auc/2,0.5324675324675325
results/sensitivity96/repeat3-fold3/audit.json,models/age_sex_motion/candidates/2/mean_inner_auc,0.6023890639275256
results/sensitivity96/repeat3-fold3/audit.json,models/age_sex_motion/candidates/2/fold_auc/0,0.668639053254438
results/sensitivity96/repeat3-fold3/audit.json,models/age_sex_motion/candidates/2/fold_auc/1,0.6190476190476191
results/sensitivity96/repeat3-fold3/audit.json,models/age_sex_motion/candidates/2/fold_auc/2,0.5194805194805195
results/sensitivity96/repeat3-fold3/audit.json,models/age_sex_motion/candidates/3/mean_inner_auc,0.6069101838332608
results/sensitivity96/repeat3-fold3/audit.json,models/age_sex_motion/candidates/3/fold_auc/0,0.6627218934911243
results/sensitivity96/repeat3-fold3/audit.json,models/age_sex_motion/candidates/3/fold_auc/1,0.6190476190476191
results/sensitivity96/repeat3-fold3/audit.json,models/age_sex_motion/candidates/3/fold_auc/2,0.5389610389610389
results/sensitivity96/repeat3-fold3/audit.json,models/age_sex_motion/chosen/mean_inner_auc,0.6069101838332608
results/sensitivity96/repeat3-fold3/audit.json,models/age_sex_motion/chosen/fold_auc/0,0.6627218934911243
results/sensitivity96/repeat3-fold3/audit.json,models/age_sex_motion/chosen/fold_auc/1,0.6190476190476191
results/sensitivity96/repeat3-fold3/audit.json,models/age_sex_motion/chosen/fold_auc/2,0.5389610389610389
results/sensitivity96/repeat3-fold4/audit.json,models/age_sex/candidates/0/mean_inner_auc,0.581428187197418
results/sensitivity96/repeat3-fold4/audit.json,models/age_sex/candidates/0/fold_auc/0,0.6420118343195267
results/sensitivity96/repeat3-fold4/audit.json,models/age_sex/candidates/0/fold_auc/1,0.5892857142857142
results/sensitivity96/repeat3-fold4/audit.json,models/age_sex/candidates/0/fold_auc/2,0.5129870129870129
results/sensitivity96/repeat3-fold4/audit.json,models/age_sex/candidates/1/mean_inner_auc,0.5857571915264222
results/sensitivity96/repeat3-fold4/audit.json,models/age_sex/candidates/1/fold_auc/0,0.6420118343195267
results/sensitivity96/repeat3-fold4/audit.json,models/age_sex/candidates/1/fold_auc/1,0.5892857142857142
results/sensitivity96/repeat3-fold4/audit.json,models/age_sex/candidates/1/fold_auc/2,0.525974025974026
results/sensitivity96/repeat3-fold4/audit.json,models/age_sex/candidates/2/mean_inner_auc,0.5877295781141935
results/sensitivity96/repeat3-fold4/audit.json,models/age_sex/candidates/2/fold_auc/0,0.6479289940828402
results/sensitivity96/repeat3-fold4/audit.json,models/age_sex/candidates/2/fold_auc/1,0.5892857142857142
results/sensitivity96/repeat3-fold4/audit.json,models/age_sex/candidates/2/fold_auc/2,0.525974025974026
results/sensitivity96/repeat3-fold4/audit.json,models/age_sex/candidates/3/mean_inner_auc,0.5961954711954712
results/sensitivity96/repeat3-fold4/audit.json,models/age_sex/candidates/3/fold_auc/0,0.6538461538461539
results/sensitivity96/repeat3-fold4/audit.json,models/age_sex/candidates/3/fold_auc/1,0.5892857142857142
results/sensitivity96/repeat3-fold4/audit.json,models/age_sex/candidates/3/fold_auc/2,0.5454545454545454
results/sensitivity96/repeat3-fold4/audit.json,models/age_sex/chosen/mean_inner_auc,0.5961954711954712
results/sensitivity96/repeat3-fold4/audit.json,models/age_sex/chosen/fold_auc/0,0.6538461538461539
results/sensitivity96/repeat3-fold4/audit.json,models/age_sex/chosen/fold_auc/1,0.5892857142857142
results/sensitivity96/repeat3-fold4/audit.json,models/age_sex/chosen/fold_auc/2,0.5454545454545454
results/sensitivity96/repeat3-fold4/audit.json,models/age_sex_motion/candidates/0/mean_inner_auc,0.5779562318023858
results/sensitivity96/repeat3-fold4/audit.json,models/age_sex_motion/candidates/0/fold_auc/0,0.7100591715976332
results/sensitivity96/repeat3-fold4/audit.json,models/age_sex_motion/candidates/0/fold_auc/1,0.5952380952380952
results/sensitivity96/repeat3-fold4/audit.json,models/age_sex_motion/candidates/0/fold_auc/2,0.42857142857142855
results/sensitivity96/repeat3-fold4/audit.json,models/age_sex_motion/candidates/1/mean_inner_auc,0.5741918338072185
results/sensitivity96/repeat3-fold4/audit.json,models/age_sex_motion/candidates/1/fold_auc/0,0.6982248520710059
results/sensitivity96/repeat3-fold4/audit.json,models/age_sex_motion/candidates/1/fold_auc/1,0.5892857142857143
results/sensitivity96/repeat3-fold4/audit.json,models/age_sex_motion/candidates/1/fold_auc/2,0.4350649350649351
results/sensitivity96/repeat3-fold4/audit.json,models/age_sex_motion/candidates/2/mean_inner_auc,0.5842576227191612
results/sensitivity96/repeat3-fold4/audit.json,models/age_sex_motion/candidates/2/fold_auc/0,0.7159763313609467
results/sensitivity96/repeat3-fold4/audit.json,models/age_sex_motion/candidates/2/fold_auc/1,0.5952380952380952
results/sensitivity96/repeat3-fold4/audit.json,models/age_sex_motion/candidates/2/fold_auc/2,0.4415584415584416
results/sensitivity96/repeat3-fold4/audit.json,models/age_sex_motion/candidates/3/mean_inner_auc,0.5727723131569286
results/sensitivity96/repeat3-fold4/audit.json,models/age_sex_motion/candidates/3/fold_auc/0,0.6863905325443787
results/sensitivity96/repeat3-fold4/audit.json,models/age_sex_motion/candidates/3/fold_auc/1,0.5773809523809523
results/sensitivity96/repeat3-fold4/audit.json,models/age_sex_motion/candidates/3/fold_auc/2,0.45454545454545453
results/sensitivity96/repeat3-fold4/audit.json,models/age_sex_motion/chosen/mean_inner_auc,0.5842576227191612
results/sensitivity96/repeat3-fold4/audit.json,models/age_sex_motion/chosen/fold_auc/0,0.7159763313609467
results/sensitivity96/repeat3-fold4/audit.json,models/age_sex_motion/chosen/fold_auc/1,0.5952380952380952
results/sensitivity96/repeat3-fold4/audit.json,models/age_sex_motion/chosen/fold_auc/2,0.4415584415584416
results/sensitivity96/repeat3-fold5/audit.json,models/age_sex/candidates/0/mean_inner_auc,0.6273268398268398
results/sensitivity96/repeat3-fold5/audit.json,models/age_sex/candidates/0/fold_auc/0,0.6181818181818182
results/sensitivity96/repeat3-fold5/audit.json,models/age_sex/candidates/0/fold_auc/1,0.6696428571428571
results/sensitivity96/repeat3-fold5/audit.json,models/age_sex/candidates/0/fold_auc/2,0.5941558441558442
results/sensitivity96/repeat3-fold5/audit.json,models/age_sex/candidates/1/mean_inner_auc,0.629491341991342
results/sensitivity96/repeat3-fold5/audit.json,models/age_sex/candidates/1/fold_auc/0,0.6181818181818182
results/sensitivity96/repeat3-fold5/audit.json,models/age_sex/candidates/1/fold_auc/1,0.6696428571428571
results/sensitivity96/repeat3-fold5/audit.json,models/age_sex/candidates/1/fold_auc/2,0.6006493506493507
results/sensitivity96/repeat3-fold5/audit.json,models/age_sex/candidates/2/mean_inner_auc,0.6396645021645022
results/sensitivity96/repeat3-fold5/audit.json,models/age_sex/candidates/2/fold_auc/0,0.6303030303030304
results/sensitivity96/repeat3-fold5/audit.json,models/age_sex/candidates/2/fold_auc/1,0.681547619047619
results/sensitivity96/repeat3-fold5/audit.json,models/age_sex/candidates/2/fold_auc/2,0.6071428571428572
results/sensitivity96/repeat3-fold5/audit.json,models/age_sex/candidates/3/mean_inner_auc,0.6422258297258298
results/sensitivity96/repeat3-fold5/audit.json,models/age_sex/candidates/3/fold_auc/0,0.6363636363636364
results/sensitivity96/repeat3-fold5/audit.json,models/age_sex/candidates/3/fold_auc/1,0.6636904761904762
results/sensitivity96/repeat3-fold5/audit.json,models/age_sex/candidates/3/fold_auc/2,0.6266233766233766
results/sensitivity96/repeat3-fold5/audit.json,models/age_sex/chosen/mean_inner_auc,0.6422258297258298
results/sensitivity96/repeat3-fold5/audit.json,models/age_sex/chosen/fold_auc/0,0.6363636363636364
results/sensitivity96/repeat3-fold5/audit.json,models/age_sex/chosen/fold_auc/1,0.6636904761904762
results/sensitivity96/repeat3-fold5/audit.json,models/age_sex/chosen/fold_auc/2,0.6266233766233766
results/sensitivity96/repeat3-fold5/audit.json,models/age_sex_motion/candidates/0/mean_inner_auc,0.6234848484848485
results/sensitivity96/repeat3-fold5/audit.json,models/age_sex_motion/candidates/0/fold_auc/0,0.5636363636363636
results/sensitivity96/repeat3-fold5/audit.json,models/age_sex_motion/candidates/0/fold_auc/1,0.6964285714285714
results/sensitivity96/repeat3-fold5/audit.json,models/age_sex_motion/candidates/0/fold_auc/2,0.6103896103896104
results/sensitivity96/repeat3-fold5/audit.json,models/age_sex_motion/candidates/1/mean_inner_auc,0.6233405483405483
results/sensitivity96/repeat3-fold5/audit.json,models/age_sex_motion/candidates/1/fold_auc/0,0.5696969696969697
results/sensitivity96/repeat3-fold5/audit.json,models/age_sex_motion/candidates/1/fold_auc/1,0.6964285714285714
results/sensitivity96/repeat3-fold5/audit.json,models/age_sex_motion/candidates/1/fold_auc/2,0.6038961038961039
results/sensitivity96/repeat3-fold5/audit.json,models/age_sex_motion/candidates/2/mean_inner_auc,0.6379148629148629
results/sensitivity96/repeat3-fold5/audit.json,models/age_sex_motion/candidates/2/fold_auc/0,0.5939393939393939
results/sensitivity96/repeat3-fold5/audit.json,models/age_sex_motion/candidates/2/fold_auc/1,0.6964285714285714
results/sensitivity96/repeat3-fold5/audit.json,models/age_sex_motion/candidates/2/fold_auc/2,0.6233766233766234
results/sensitivity96/repeat3-fold5/audit.json,models/age_sex_motion/candidates/3/mean_inner_auc,0.6586940836940837
results/sensitivity96/repeat3-fold5/audit.json,models/age_sex_motion/candidates/3/fold_auc/0,0.6303030303030303
results/sensitivity96/repeat3-fold5/audit.json,models/age_sex_motion/candidates/3/fold_auc/1,0.6964285714285714
results/sensitivity96/repeat3-fold5/audit.json,models/age_sex_motion/candidates/3/fold_auc/2,0.6493506493506493
results/sensitivity96/repeat3-fold5/audit.json,models/age_sex_motion/chosen/mean_inner_auc,0.6586940836940837
results/sensitivity96/repeat3-fold5/audit.json,models/age_sex_motion/chosen/fold_auc/0,0.6303030303030303
results/sensitivity96/repeat3-fold5/audit.json,models/age_sex_motion/chosen/fold_auc/1,0.6964285714285714
results/sensitivity96/repeat3-fold5/audit.json,models/age_sex_motion/chosen/fold_auc/2,0.6493506493506493
results/sensitivity96/repeat4-fold1/audit.json,models/age_sex/candidates/0/mean_inner_auc,0.5762085137085137
results/sensitivity96/repeat4-fold1/audit.json,models/age_sex/candidates/0/fold_auc/0,0.5208333333333333
results/sensitivity96/repeat4-fold1/audit.json,models/age_sex/candidates/0/fold_auc/1,0.577922077922078
results/sensitivity96/repeat4-fold1/audit.json,models/age_sex/candidates/0/fold_auc/2,0.6298701298701299
results/sensitivity96/repeat4-fold1/audit.json,models/age_sex/candidates/1/mean_inner_auc,0.5762085137085137
results/sensitivity96/repeat4-fold1/audit.json,models/age_sex/candidates/1/fold_auc/0,0.5208333333333333
results/sensitivity96/repeat4-fold1/audit.json,models/age_sex/candidates/1/fold_auc/1,0.577922077922078
results/sensitivity96/repeat4-fold1/audit.json,models/age_sex/candidates/1/fold_auc/2,0.6298701298701299
results/sensitivity96/repeat4-fold1/audit.json,models/age_sex/candidates/2/mean_inner_auc,0.5742243867243867
results/sensitivity96/repeat4-fold1/audit.json,models/age_sex/candidates/2/fold_auc/0,0.5148809523809523
results/sensitivity96/repeat4-fold1/audit.json,models/age_sex/candidates/2/fold_auc/1,0.577922077922078
results/sensitivity96/repeat4-fold1/audit.json,models/age_sex/candidates/2/fold_auc/2,0.6298701298701299
results/sensitivity96/repeat4-fold1/audit.json,models/age_sex/candidates/3/mean_inner_auc,0.5780122655122656
results/sensitivity96/repeat4-fold1/audit.json,models/age_sex/candidates/3/fold_auc/0,0.5327380952380953
results/sensitivity96/repeat4-fold1/audit.json,models/age_sex/candidates/3/fold_auc/1,0.577922077922078
results/sensitivity96/repeat4-fold1/audit.json,models/age_sex/candidates/3/fold_auc/2,0.6233766233766234
results/sensitivity96/repeat4-fold1/audit.json,models/age_sex/chosen/mean_inner_auc,0.5780122655122656
results/sensitivity96/repeat4-fold1/audit.json,models/age_sex/chosen/fold_auc/0,0.5327380952380953
results/sensitivity96/repeat4-fold1/audit.json,models/age_sex/chosen/fold_auc/1,0.577922077922078
results/sensitivity96/repeat4-fold1/audit.json,models/age_sex/chosen/fold_auc/2,0.6233766233766234
results/sensitivity96/repeat4-fold1/audit.json,models/age_sex_motion/candidates/0/mean_inner_auc,0.4534632034632035
results/sensitivity96/repeat4-fold1/audit.json,models/age_sex_motion/candidates/0/fold_auc/0,0.3928571428571429
results/sensitivity96/repeat4-fold1/audit.json,models/age_sex_motion/candidates/0/fold_auc/1,0.5584415584415584
results/sensitivity96/repeat4-fold1/audit.json,models/age_sex_motion/candidates/0/fold_auc/2,0.40909090909090906
results/sensitivity96/repeat4-fold1/audit.json,models/age_sex_motion/candidates/1/mean_inner_auc,0.45526695526695526
results/sensitivity96/repeat4-fold1/audit.json,models/age_sex_motion/candidates/1/fold_auc/0,0.40476190476190477
results/sensitivity96/repeat4-fold1/audit.json,models/age_sex_motion/candidates/1/fold_auc/1,0.564935064935065
results/sensitivity96/repeat4-fold1/audit.json,models/age_sex_motion/candidates/1/fold_auc/2,0.39610389610389607
results/sensitivity96/repeat4-fold1/audit.json,models/age_sex_motion/candidates/2/mean_inner_auc,0.4659090909090909
results/sensitivity96/repeat4-fold1/audit.json,models/age_sex_motion/candidates/2/fold_auc/0,0.4107142857142857
results/sensitivity96/repeat4-fold1/audit.json,models/age_sex_motion/candidates/2/fold_auc/1,0.564935064935065
results/sensitivity96/repeat4-fold1/audit.json,models/age_sex_motion/candidates/2/fold_auc/2,0.42207792207792205
results/sensitivity96/repeat4-fold1/audit.json,models/age_sex_motion/candidates/3/mean_inner_auc,0.46085858585858586
results/sensitivity96/repeat4-fold1/audit.json,models/age_sex_motion/candidates/3/fold_auc/0,0.43452380952380953
results/sensitivity96/repeat4-fold1/audit.json,models/age_sex_motion/candidates/3/fold_auc/1,0.5584415584415584
results/sensitivity96/repeat4-fold1/audit.json,models/age_sex_motion/candidates/3/fold_auc/2,0.38961038961038963
results/sensitivity96/repeat4-fold1/audit.json,models/age_sex_motion/chosen/mean_inner_auc,0.4659090909090909
results/sensitivity96/repeat4-fold1/audit.json,models/age_sex_motion/chosen/fold_auc/0,0.4107142857142857
results/sensitivity96/repeat4-fold1/audit.json,models/age_sex_motion/chosen/fold_auc/1,0.564935064935065
results/sensitivity96/repeat4-fold1/audit.json,models/age_sex_motion/chosen/fold_auc/2,0.42207792207792205
results/sensitivity96/repeat4-fold2/audit.json,models/age_sex/candidates/0/mean_inner_auc,0.6526256862795324
results/sensitivity96/repeat4-fold2/audit.json,models/age_sex/candidates/0/fold_auc/0,0.7130177514792899
results/sensitivity96/repeat4-fold2/audit.json,models/age_sex/candidates/0/fold_auc/1,0.5922619047619048
results/sensitivity96/repeat4-fold2/audit.json,models/age_sex/candidates/0/fold_auc/2,0.6525974025974026
results/sensitivity96/repeat4-fold2/audit.json,models/age_sex/candidates/1/mean_inner_auc,0.6546098132636594
results/sensitivity96/repeat4-fold2/audit.json,models/age_sex/candidates/1/fold_auc/0,0.7130177514792899
results/sensitivity96/repeat4-fold2/audit.json,models/age_sex/candidates/1/fold_auc/1,0.5982142857142857
results/sensitivity96/repeat4-fold2/audit.json,models/age_sex/candidates/1/fold_auc/2,0.6525974025974026
results/sensitivity96/repeat4-fold2/audit.json,models/age_sex/candidates/2/mean_inner_auc,0.6690398276936739
results/sensitivity96/repeat4-fold2/audit.json,models/age_sex/candidates/2/fold_auc/0,0.7130177514792899
results/sensitivity96/repeat4-fold2/audit.json,models/age_sex/candidates/2/fold_auc/1,0.6220238095238095
results/sensitivity96/repeat4-fold2/audit.json,models/age_sex/candidates/2/fold_auc/2,0.672077922077922
results/sensitivity96/repeat4-fold2/audit.json,models/age_sex/candidates/3/mean_inner_auc,0.674980468249699
results/sensitivity96/repeat4-fold2/audit.json,models/age_sex/candidates/3/fold_auc/0,0.7189349112426036
results/sensitivity96/repeat4-fold2/audit.json,models/age_sex/candidates/3/fold_auc/1,0.6339285714285714
results/sensitivity96/repeat4-fold2/audit.json,models/age_sex/candidates/3/fold_auc/2,0.672077922077922
results/sensitivity96/repeat4-fold2/audit.json,models/age_sex/chosen/mean_inner_auc,0.674980468249699
results/sensitivity96/repeat4-fold2/audit.json,models/age_sex/chosen/fold_auc/0,0.7189349112426036
results/sensitivity96/repeat4-fold2/audit.json,models/age_sex/chosen/fold_auc/1,0.6339285714285714
results/sensitivity96/repeat4-fold2/audit.json,models/age_sex/chosen/fold_auc/2,0.672077922077922
results/sensitivity96/repeat4-fold2/audit.json,models/age_sex_motion/candidates/0/mean_inner_auc,0.5467075659383352
results/sensitivity96/repeat4-fold2/audit.json,models/age_sex_motion/candidates/0/fold_auc/0,0.5502958579881657
results/sensitivity96/repeat4-fold2/audit.json,models/age_sex_motion/candidates/0/fold_auc/1,0.44047619047619047
results/sensitivity96/repeat4-fold2/audit.json,models/age_sex_motion/candidates/0/fold_auc/2,0.6493506493506493
results/sensitivity96/repeat4-fold2/audit.json,models/age_sex_motion/candidates/1/mean_inner_auc,0.5565812392735471
results/sensitivity96/repeat4-fold2/audit.json,models/age_sex_motion/candidates/1/fold_auc/0,0.5739644970414202
results/sensitivity96/repeat4-fold2/audit.json,models/age_sex_motion/candidates/1/fold_auc/1,0.4464285714285715
results/sensitivity96/repeat4-fold2/audit.json,models/age_sex_motion/candidates/1/fold_auc/2,0.6493506493506493
results/sensitivity96/repeat4-fold2/audit.json,models/age_sex_motion/candidates/2/mean_inner_auc,0.578336193720809
results/sensitivity96/repeat4-fold2/audit.json,models/age_sex_motion/candidates/2/fold_auc/0,0.6094674556213018
results/sensitivity96/repeat4-fold2/audit.json,models/age_sex_motion/candidates/2/fold_auc/1,0.47619047619047616
results/sensitivity96/repeat4-fold2/audit.json,models/age_sex_motion/candidates/2/fold_auc/2,0.6493506493506495
results/sensitivity96/repeat4-fold2/audit.json,models/age_sex_motion/candidates/3/mean_inner_auc,0.5862257400718939
results/sensitivity96/repeat4-fold2/audit.json,models/age_sex_motion/candidates/3/fold_auc/0,0.6331360946745562
results/sensitivity96/repeat4-fold2/audit.json,models/age_sex_motion/candidates/3/fold_auc/1,0.47619047619047616
results/sensitivity96/repeat4-fold2/audit.json,models/age_sex_motion/candidates/3/fold_auc/2,0.6493506493506493
results/sensitivity96/repeat4-fold2/audit.json,models/age_sex_motion/chosen/mean_inner_auc,0.5862257400718939
results/sensitivity96/repeat4-fold2/audit.json,models/age_sex_motion/chosen/fold_auc/0,0.6331360946745562
results/sensitivity96/repeat4-fold2/audit.json,models/age_sex_motion/chosen/fold_auc/1,0.47619047619047616
results/sensitivity96/repeat4-fold2/audit.json,models/age_sex_motion/chosen/fold_auc/2,0.6493506493506493
results/sensitivity96/repeat4-fold3/audit.json,models/age_sex/candidates/0/mean_inner_auc,0.6210360152667845
results/sensitivity96/repeat4-fold3/audit.json,models/age_sex/candidates/0/fold_auc/0,0.5887573964497042
results/sensitivity96/repeat4-fold3/audit.json,models/age_sex/candidates/0/fold_auc/1,0.625
results/sensitivity96/repeat4-fold3/audit.json,models/age_sex/candidates/0/fold_auc/2,0.6493506493506493
results/sensitivity96/repeat4-fold3/audit.json,models/age_sex/candidates/1/mean_inner_auc,0.6253650195957888
results/sensitivity96/repeat4-fold3/audit.json,models/age_sex/candidates/1/fold_auc/0,0.5887573964497042
results/sensitivity96/repeat4-fold3/audit.json,models/age_sex/candidates/1/fold_auc/1,0.625
results/sensitivity96/repeat4-fold3/audit.json,models/age_sex/candidates/1/fold_auc/2,0.6623376623376623
results/sensitivity96/repeat4-fold3/audit.json,models/age_sex/candidates/2/mean_inner_auc,0.6293332735640428
results/sensitivity96/repeat4-fold3/audit.json,models/age_sex/candidates/2/fold_auc/0,0.5887573964497042
results/sensitivity96/repeat4-fold3/audit.json,models/age_sex/candidates/2/fold_auc/1,0.6369047619047619
results/sensitivity96/repeat4-fold3/audit.json,models/age_sex/candidates/2/fold_auc/2,0.6623376623376623
results/sensitivity96/repeat4-fold3/audit.json,models/age_sex/candidates/3/mean_inner_auc,0.6376305318613011
results/sensitivity96/repeat4-fold3/audit.json,models/age_sex/candidates/3/fold_auc/0,0.5887573964497042
results/sensitivity96/repeat4-fold3/audit.json,models/age_sex/candidates/3/fold_auc/1,0.6488095238095238
results/sensitivity96/repeat4-fold3/audit.json,models/age_sex/candidates/3/fold_auc/2,0.6753246753246753
results/sensitivity96/repeat4-fold3/audit.json,models/age_sex/chosen/mean_inner_auc,0.6376305318613011
results/sensitivity96/repeat4-fold3/audit.json,models/age_sex/chosen/fold_auc/0,0.5887573964497042
results/sensitivity96/repeat4-fold3/audit.json,models/age_sex/chosen/fold_auc/1,0.6488095238095238
results/sensitivity96/repeat4-fold3/audit.json,models/age_sex/chosen/fold_auc/2,0.6753246753246753
results/sensitivity96/repeat4-fold3/audit.json,models/age_sex_motion/candidates/0/mean_inner_auc,0.6513369109522955
results/sensitivity96/repeat4-fold3/audit.json,models/age_sex_motion/candidates/0/fold_auc/0,0.5443786982248521
results/sensitivity96/repeat4-fold3/audit.json,models/age_sex_motion/candidates/0/fold_auc/1,0.7083333333333333
results/sensitivity96/repeat4-fold3/audit.json,models/age_sex_motion/candidates/0/fold_auc/2,0.7012987012987013
results/sensitivity96/repeat4-fold3/audit.json,models/age_sex_motion/candidates/1/mean_inner_auc,0.6473803973803974
results/sensitivity96/repeat4-fold3/audit.json,models/age_sex_motion/candidates/1/fold_auc/0,0.5384615384615384
results/sensitivity96/repeat4-fold3/audit.json,models/age_sex_motion/candidates/1/fold_auc/1,0.7023809523809523
results/sensitivity96/repeat4-fold3/audit.json,models/age_sex_motion/candidates/1/fold_auc/2,0.7012987012987013
results/sensitivity96/repeat4-fold3/audit.json,models/age_sex_motion/candidates/2/mean_inner_auc,0.6531289223596916
results/sensitivity96/repeat4-fold3/audit.json,models/age_sex_motion/candidates/2/fold_auc/0,0.5502958579881656
results/sensitivity96/repeat4-fold3/audit.json,models/age_sex_motion/candidates/2/fold_auc/1,0.7142857142857143
results/sensitivity96/repeat4-fold3/audit.json,models/age_sex_motion/candidates/2/fold_auc/2,0.6948051948051948
results/sensitivity96/repeat4-fold3/audit.json,models/age_sex_motion/candidates/3/mean_inner_auc,0.6716488639565563
results/sensitivity96/repeat4-fold3/audit.json,models/age_sex_motion/candidates/3/fold_auc/0,0.5798816568047337
results/sensitivity96/repeat4-fold3/audit.json,models/age_sex_motion/candidates/3/fold_auc/1,0.7142857142857142
results/sensitivity96/repeat4-fold3/audit.json,models/age_sex_motion/candidates/3/fold_auc/2,0.7207792207792207
results/sensitivity96/repeat4-fold3/audit.json,models/age_sex_motion/chosen/mean_inner_auc,0.6716488639565563
results/sensitivity96/repeat4-fold3/audit.json,models/age_sex_motion/chosen/fold_auc/0,0.5798816568047337
results/sensitivity96/repeat4-fold3/audit.json,models/age_sex_motion/chosen/fold_auc/1,0.7142857142857142
results/sensitivity96/repeat4-fold3/audit.json,models/age_sex_motion/chosen/fold_auc/2,0.7207792207792207
results/sensitivity96/repeat4-fold4/audit.json,models/age_sex/candidates/0/mean_inner_auc,0.6155308366846828
results/sensitivity96/repeat4-fold4/audit.json,models/age_sex/candidates/0/fold_auc/0,0.6360946745562129
results/sensitivity96/repeat4-fold4/audit.json,models/age_sex/candidates/0/fold_auc/1,0.5416666666666667
results/sensitivity96/repeat4-fold4/audit.json,models/age_sex/candidates/0/fold_auc/2,0.6688311688311688
results/sensitivity96/repeat4-fold4/audit.json,models/age_sex/candidates/1/mean_inner_auc,0.6155308366846828
results/sensitivity96/repeat4-fold4/audit.json,models/age_sex/candidates/1/fold_auc/0,0.6360946745562129
results/sensitivity96/repeat4-fold4/audit.json,models/age_sex/candidates/1/fold_auc/1,0.5416666666666667
results/sensitivity96/repeat4-fold4/audit.json,models/age_sex/candidates/1/fold_auc/2,0.6688311688311688
results/sensitivity96/repeat4-fold4/audit.json,models/age_sex/candidates/2/mean_inner_auc,0.6216401120247274
results/sensitivity96/repeat4-fold4/audit.json,models/age_sex/candidates/2/fold_auc/0,0.6479289940828402
results/sensitivity96/repeat4-fold4/audit.json,models/age_sex/candidates/2/fold_auc/1,0.5416666666666667
results/sensitivity96/repeat4-fold4/audit.json,models/age_sex/candidates/2/fold_auc/2,0.6753246753246753
results/sensitivity96/repeat4-fold4/audit.json,models/age_sex/candidates/3/mean_inner_auc,0.630298120682736
results/sensitivity96/repeat4-fold4/audit.json,models/age_sex/candidates/3/fold_auc/0,0.6479289940828402
results/sensitivity96/repeat4-fold4/audit.json,models/age_sex/candidates/3/fold_auc/1,0.5416666666666667
results/sensitivity96/repeat4-fold4/audit.json,models/age_sex/candidates/3/fold_auc/2,0.7012987012987013
results/sensitivity96/repeat4-fold4/audit.json,models/age_sex/chosen/mean_inner_auc,0.630298120682736
results/sensitivity96/repeat4-fold4/audit.json,models/age_sex/chosen/fold_auc/0,0.6479289940828402
results/sensitivity96/repeat4-fold4/audit.json,models/age_sex/chosen/fold_auc/1,0.5416666666666667
results/sensitivity96/repeat4-fold4/audit.json,models/age_sex/chosen/fold_auc/2,0.7012987012987013
results/sensitivity96/repeat4-fold4/audit.json,models/age_sex_motion/candidates/0/mean_inner_auc,0.5643021508406123
results/sensitivity96/repeat4-fold4/audit.json,models/age_sex_motion/candidates/0/fold_auc/0,0.5917159763313609
results/sensitivity96/repeat4-fold4/audit.json,models/age_sex_motion/candidates/0/fold_auc/1,0.5297619047619048
results/sensitivity96/repeat4-fold4/audit.json,models/age_sex_motion/candidates/0/fold_auc/2,0.5714285714285714
results/sensitivity96/repeat4-fold4/audit.json,models/age_sex_motion/candidates/1/mean_inner_auc,0.5723955531647839
results/sensitivity96/repeat4-fold4/audit.json,models/age_sex_motion/candidates/1/fold_auc/0,0.6035502958579881
results/sensitivity96/repeat4-fold4/audit.json,models/age_sex_motion/candidates/1/fold_auc/1,0.5357142857142857
results/sensitivity96/repeat4-fold4/audit.json,models/age_sex_motion/candidates/1/fold_auc/2,0.577922077922078
results/sensitivity96/repeat4-fold4/audit.json,models/age_sex_motion/candidates/2/mean_inner_auc,0.5784930881084728
results/sensitivity96/repeat4-fold4/audit.json,models/age_sex_motion/candidates/2/fold_auc/0,0.6213017751479291
results/sensitivity96/repeat4-fold4/audit.json,models/age_sex_motion/candidates/2/fold_auc/1,0.5297619047619048
results/sensitivity96/repeat4-fold4/audit.json,models/age_sex_motion/candidates/2/fold_auc/2,0.5844155844155845
results/sensitivity96/repeat4-fold4/audit.json,models/age_sex_motion/candidates/3/mean_inner_auc,0.5609732148193687
results/sensitivity96/repeat4-fold4/audit.json,models/age_sex_motion/candidates/3/fold_auc/0,0.6331360946745562
results/sensitivity96/repeat4-fold4/audit.json,models/age_sex_motion/candidates/3/fold_auc/1,0.5238095238095238
results/sensitivity96/repeat4-fold4/audit.json,models/age_sex_motion/candidates/3/fold_auc/2,0.525974025974026
results/sensitivity96/repeat4-fold4/audit.json,models/age_sex_motion/chosen/mean_inner_auc,0.5784930881084728
results/sensitivity96/repeat4-fold4/audit.json,models/age_sex_motion/chosen/fold_auc/0,0.6213017751479291
results/sensitivity96/repeat4-fold4/audit.json,models/age_sex_motion/chosen/fold_auc/1,0.5297619047619048
results/sensitivity96/repeat4-fold4/audit.json,models/age_sex_motion/chosen/fold_auc/2,0.5844155844155845
results/sensitivity96/repeat4-fold5/audit.json,models/age_sex/candidates/0/mean_inner_auc,0.6385822510822511
results/sensitivity96/repeat4-fold5/audit.json,models/age_sex/candidates/0/fold_auc/0,0.6606060606060606
results/sensitivity96/repeat4-fold5/audit.json,models/age_sex/candidates/0/fold_auc/1,0.6577380952380952
results/sensitivity96/repeat4-fold5/audit.json,models/age_sex/candidates/0/fold_auc/2,0.5974025974025974
results/sensitivity96/repeat4-fold5/audit.json,models/age_sex/candidates/1/mean_inner_auc,0.6365981240981241
results/sensitivity96/repeat4-fold5/audit.json,models/age_sex/candidates/1/fold_auc/0,0.6606060606060606
results/sensitivity96/repeat4-fold5/audit.json,models/age_sex/candidates/1/fold_auc/1,0.6517857142857143
results/sensitivity96/repeat4-fold5/audit.json,models/age_sex/candidates/1/fold_auc/2,0.5974025974025974
results/sensitivity96/repeat4-fold5/audit.json,models/age_sex/candidates/2/mean_inner_auc,0.6345779220779221
results/sensitivity96/repeat4-fold5/audit.json,models/age_sex/candidates/2/fold_auc/0,0.6545454545454545
results/sensitivity96/repeat4-fold5/audit.json,models/age_sex/candidates/2/fold_auc/1,0.6517857142857143
results/sensitivity96/repeat4-fold5/audit.json,models/age_sex/candidates/2/fold_auc/2,0.5974025974025974
results/sensitivity96/repeat4-fold5/audit.json,models/age_sex/candidates/3/mean_inner_auc,0.6264971139971139
results/sensitivity96/repeat4-fold5/audit.json,models/age_sex/candidates/3/fold_auc/0,0.6303030303030303
results/sensitivity96/repeat4-fold5/audit.json,models/age_sex/candidates/3/fold_auc/1,0.6517857142857143
results/sensitivity96/repeat4-fold5/audit.json,models/age_sex/candidates/3/fold_auc/2,0.5974025974025974
results/sensitivity96/repeat4-fold5/audit.json,models/age_sex/chosen/mean_inner_auc,0.6385822510822511
results/sensitivity96/repeat4-fold5/audit.json,models/age_sex/chosen/fold_auc/0,0.6606060606060606
results/sensitivity96/repeat4-fold5/audit.json,models/age_sex/chosen/fold_auc/1,0.6577380952380952
results/sensitivity96/repeat4-fold5/audit.json,models/age_sex/chosen/fold_auc/2,0.5974025974025974
results/sensitivity96/repeat4-fold5/audit.json,models/age_sex_motion/candidates/0/mean_inner_auc,0.5917748917748917
results/sensitivity96/repeat4-fold5/audit.json,models/age_sex_motion/candidates/0/fold_auc/0,0.6303030303030304
results/sensitivity96/repeat4-fold5/audit.json,models/age_sex_motion/candidates/0/fold_auc/1,0.5476190476190476
results/sensitivity96/repeat4-fold5/audit.json,models/age_sex_motion/candidates/0/fold_auc/2,0.5974025974025974
results/sensitivity96/repeat4-fold5/audit.json,models/age_sex_motion/candidates/1/mean_inner_auc,0.5937590187590188
results/sensitivity96/repeat4-fold5/audit.json,models/age_sex_motion/candidates/1/fold_auc/0,0.6303030303030304
results/sensitivity96/repeat4-fold5/audit.json,models/age_sex_motion/candidates/1/fold_auc/1,0.5535714285714286
results/sensitivity96/repeat4-fold5/audit.json,models/age_sex_motion/candidates/1/fold_auc/2,0.5974025974025974
results/sensitivity96/repeat4-fold5/audit.json,models/age_sex_motion/candidates/2/mean_inner_auc,0.5836940836940837
results/sensitivity96/repeat4-fold5/audit.json,models/age_sex_motion/candidates/2/fold_auc/0,0.5757575757575758
results/sensitivity96/repeat4-fold5/audit.json,models/age_sex_motion/candidates/2/fold_auc/1,0.5714285714285714
results/sensitivity96/repeat4-fold5/audit.json,models/age_sex_motion/candidates/2/fold_auc/2,0.6038961038961039
results/sensitivity96/repeat4-fold5/audit.json,models/age_sex_motion/candidates/3/mean_inner_auc,0.5738095238095239
results/sensitivity96/repeat4-fold5/audit.json,models/age_sex_motion/candidates/3/fold_auc/0,0.5515151515151515
results/sensitivity96/repeat4-fold5/audit.json,models/age_sex_motion/candidates/3/fold_auc/1,0.5595238095238095
results/sensitivity96/repeat4-fold5/audit.json,models/age_sex_motion/candidates/3/fold_auc/2,0.6103896103896104
results/sensitivity96/repeat4-fold5/audit.json,models/age_sex_motion/chosen/mean_inner_auc,0.5937590187590188
results/sensitivity96/repeat4-fold5/audit.json,models/age_sex_motion/chosen/fold_auc/0,0.6303030303030304
results/sensitivity96/repeat4-fold5/audit.json,models/age_sex_motion/chosen/fold_auc/1,0.5535714285714286
results/sensitivity96/repeat4-fold5/audit.json,models/age_sex_motion/chosen/fold_auc/2,0.5974025974025974
results/sensitivity96/repeat5-fold1/audit.json,models/age_sex/candidates/0/mean_inner_auc,0.6662157287157288
results/sensitivity96/repeat5-fold1/audit.json,models/age_sex/candidates/0/fold_auc/0,0.6577380952380951
results/sensitivity96/repeat5-fold1/audit.json,models/age_sex/candidates/0/fold_auc/1,0.6266233766233766
results/sensitivity96/repeat5-fold1/audit.json,models/age_sex/candidates/0/fold_auc/2,0.7142857142857143
results/sensitivity96/repeat5-fold1/audit.json,models/age_sex/candidates/1/mean_inner_auc,0.6662157287157288
results/sensitivity96/repeat5-fold1/audit.json,models/age_sex/candidates/1/fold_auc/0,0.6577380952380951
results/sensitivity96/repeat5-fold1/audit.json,models/age_sex/candidates/1/fold_auc/1,0.6266233766233766
results/sensitivity96/repeat5-fold1/audit.json,models/age_sex/candidates/1/fold_auc/2,0.7142857142857143
results/sensitivity96/repeat5-fold1/audit.json,models/age_sex/candidates/2/mean_inner_auc,0.6746933621933623
results/sensitivity96/repeat5-fold1/audit.json,models/age_sex/candidates/2/fold_auc/0,0.663690476190476
results/sensitivity96/repeat5-fold1/audit.json,models/age_sex/candidates/2/fold_auc/1,0.6396103896103896
results/sensitivity96/repeat5-fold1/audit.json,models/age_sex/candidates/2/fold_auc/2,0.7207792207792207
results/sensitivity96/repeat5-fold1/audit.json,models/age_sex/candidates/3/mean_inner_auc,0.6660353535353535
results/sensitivity96/repeat5-fold1/audit.json,models/age_sex/candidates/3/fold_auc/0,0.6636904761904762
results/sensitivity96/repeat5-fold1/audit.json,models/age_sex/candidates/3/fold_auc/1,0.6201298701298701
results/sensitivity96/repeat5-fold1/audit.json,models/age_sex/candidates/3/fold_auc/2,0.7142857142857143
results/sensitivity96/repeat5-fold1/audit.json,models/age_sex/chosen/mean_inner_auc,0.6746933621933623
results/sensitivity96/repeat5-fold1/audit.json,models/age_sex/chosen/fold_auc/0,0.663690476190476
results/sensitivity96/repeat5-fold1/audit.json,models/age_sex/chosen/fold_auc/1,0.6396103896103896
results/sensitivity96/repeat5-fold1/audit.json,models/age_sex/chosen/fold_auc/2,0.7207792207792207
results/sensitivity96/repeat5-fold1/audit.json,models/age_sex_motion/candidates/0/mean_inner_auc,0.5946969696969696
results/sensitivity96/repeat5-fold1/audit.json,models/age_sex_motion/candidates/0/fold_auc/0,0.5178571428571428
results/sensitivity96/repeat5-fold1/audit.json,models/age_sex_motion/candidates/0/fold_auc/1,0.6363636363636364
results/sensitivity96/repeat5-fold1/audit.json,models/age_sex_motion/candidates/0/fold_auc/2,0.6298701298701299
results/sensitivity96/repeat5-fold1/audit.json,models/age_sex_motion/candidates/1/mean_inner_auc,0.6044372294372294
results/sensitivity96/repeat5-fold1/audit.json,models/age_sex_motion/candidates/1/fold_auc/0,0.5535714285714286
results/sensitivity96/repeat5-fold1/audit.json,models/age_sex_motion/candidates/1/fold_auc/1,0.6298701298701299
results/sensitivity96/repeat5-fold1/audit.json,models/age_sex_motion/candidates/1/fold_auc/2,0.6298701298701299
results/sensitivity96/repeat5-fold1/audit.json,models/age_sex_motion/candidates/2/mean_inner_auc,0.626984126984127
results/sensitivity96/repeat5-fold1/audit.json,models/age_sex_motion/candidates/2/fold_auc/0,0.5952380952380952
results/sensitivity96/repeat5-fold1/audit.json,models/age_sex_motion/candidates/2/fold_auc/1,0.6363636363636364
results/sensitivity96/repeat5-fold1/audit.json,models/age_sex_motion/candidates/2/fold_auc/2,0.6493506493506493
results/sensitivity96/repeat5-fold1/audit.json,models/age_sex_motion/candidates/3/mean_inner_auc,0.634920634920635
results/sensitivity96/repeat5-fold1/audit.json,models/age_sex_motion/candidates/3/fold_auc/0,0.6190476190476191
results/sensitivity96/repeat5-fold1/audit.json,models/age_sex_motion/candidates/3/fold_auc/1,0.6168831168831169
results/sensitivity96/repeat5-fold1/audit.json,models/age_sex_motion/candidates/3/fold_auc/2,0.6688311688311689
results/sensitivity96/repeat5-fold1/audit.json,models/age_sex_motion/chosen/mean_inner_auc,0.634920634920635
results/sensitivity96/repeat5-fold1/audit.json,models/age_sex_motion/chosen/fold_auc/0,0.6190476190476191
results/sensitivity96/repeat5-fold1/audit.json,models/age_sex_motion/chosen/fold_auc/1,0.6168831168831169
results/sensitivity96/repeat5-fold1/audit.json,models/age_sex_motion/chosen/fold_auc/2,0.6688311688311689
results/sensitivity96/repeat5-fold2/audit.json,models/age_sex/candidates/0/mean_inner_auc,0.6529805664421049
results/sensitivity96/repeat5-fold2/audit.json,models/age_sex/candidates/0/fold_auc/0,0.7159763313609467
results/sensitivity96/repeat5-fold2/audit.json,models/age_sex/candidates/0/fold_auc/1,0.7202380952380952
results/sensitivity96/repeat5-fold2/audit.json,models/age_sex/candidates/0/fold_auc/2,0.5227272727272727
results/sensitivity96/repeat5-fold2/audit.json,models/age_sex/candidates/1/mean_inner_auc,0.6529805664421049
results/sensitivity96/repeat5-fold2/audit.json,models/age_sex/candidates/1/fold_auc/0,0.7159763313609467
results/sensitivity96/repeat5-fold2/audit.json,models/age_sex/candidates/1/fold_auc/1,0.7202380952380952
results/sensitivity96/repeat5-fold2/audit.json,models/age_sex/candidates/1/fold_auc/2,0.5227272727272727
results/sensitivity96/repeat5-fold2/audit.json,models/age_sex/candidates/2/mean_inner_auc,0.6590898417821495
results/sensitivity96/repeat5-fold2/audit.json,models/age_sex/candidates/2/fold_auc/0,0.7278106508875739
results/sensitivity96/repeat5-fold2/audit.json,models/age_sex/candidates/2/fold_auc/1,0.7202380952380952
results/sensitivity96/repeat5-fold2/audit.json,models/age_sex/candidates/2/fold_auc/2,0.5292207792207793
results/sensitivity96/repeat5-fold2/audit.json,models/age_sex/candidates/3/mean_inner_auc,0.6531374608297685
results/sensitivity96/repeat5-fold2/audit.json,models/age_sex/candidates/3/fold_auc/0,0.7278106508875739
results/sensitivity96/repeat5-fold2/audit.json,models/age_sex/candidates/3/fold_auc/1,0.7023809523809524
results/sensitivity96/repeat5-fold2/audit.json,models/age_sex/candidates/3/fold_auc/2,0.5292207792207791
results/sensitivity96/repeat5-fold2/audit.json,models/age_sex/chosen/mean_inner_auc,0.6590898417821495
results/sensitivity96/repeat5-fold2/audit.json,models/age_sex/chosen/fold_auc/0,0.7278106508875739
results/sensitivity96/repeat5-fold2/audit.json,models/age_sex/chosen/fold_auc/1,0.7202380952380952
results/sensitivity96/repeat5-fold2/audit.json,models/age_sex/chosen/fold_auc/2,0.5292207792207793
results/sensitivity96/repeat5-fold2/audit.json,models/age_sex_motion/candidates/0/mean_inner_auc,0.6215483234714004
results/sensitivity96/repeat5-fold2/audit.json,models/age_sex_motion/candidates/0/fold_auc/0,0.7396449704142012
results/sensitivity96/repeat5-fold2/audit.json,models/age_sex_motion/candidates/0/fold_auc/1,0.625
results/sensitivity96/repeat5-fold2/audit.json,models/age_sex_motion/candidates/0/fold_auc/2,0.5
results/sensitivity96/repeat5-fold2/audit.json,models/age_sex_motion/candidates/1/mean_inner_auc,0.6195759368836292
results/sensitivity96/repeat5-fold2/audit.json,models/age_sex_motion/candidates/1/fold_auc/0,0.7337278106508875
results/sensitivity96/repeat5-fold2/audit.json,models/age_sex_motion/candidates/1/fold_auc/1,0.625
results/sensitivity96/repeat5-fold2/audit.json,models/age_sex_motion/candidates/1/fold_auc/2,0.5
results/sensitivity96/repeat5-fold2/audit.json,models/age_sex_motion/candidates/2/mean_inner_auc,0.6278849355772432
results/sensitivity96/repeat5-fold2/audit.json,models/age_sex_motion/candidates/2/fold_auc/0,0.7278106508875739
results/sensitivity96/repeat5-fold2/audit.json,models/age_sex_motion/candidates/2/fold_auc/1,0.6428571428571429
results/sensitivity96/repeat5-fold2/audit.json,models/age_sex_motion/candidates/2/fold_auc/2,0.512987012987013
results/sensitivity96/repeat5-fold2/audit.json,models/age_sex_motion/candidates/3/mean_inner_auc,0.6158702408702409
results/sensitivity96/repeat5-fold2/audit.json,models/age_sex_motion/candidates/3/fold_auc/0,0.6923076923076923
results/sensitivity96/repeat5-fold2/audit.json,models/age_sex_motion/candidates/3/fold_auc/1,0.6488095238095238
results/sensitivity96/repeat5-fold2/audit.json,models/age_sex_motion/candidates/3/fold_auc/2,0.5064935064935066
results/sensitivity96/repeat5-fold2/audit.json,models/age_sex_motion/chosen/mean_inner_auc,0.6278849355772432
results/sensitivity96/repeat5-fold2/audit.json,models/age_sex_motion/chosen/fold_auc/0,0.7278106508875739
results/sensitivity96/repeat5-fold2/audit.json,models/age_sex_motion/chosen/fold_auc/1,0.6428571428571429
results/sensitivity96/repeat5-fold2/audit.json,models/age_sex_motion/chosen/fold_auc/2,0.512987012987013
results/sensitivity96/repeat5-fold3/audit.json,models/age_sex/candidates/0/mean_inner_auc,0.61698557852404
results/sensitivity96/repeat5-fold3/audit.json,models/age_sex/candidates/0/fold_auc/0,0.6301775147928994
results/sensitivity96/repeat5-fold3/audit.json,models/age_sex/candidates/0/fold_auc/1,0.5714285714285714
results/sensitivity96/repeat5-fold3/audit.json,models/age_sex/candidates/0/fold_auc/2,0.6493506493506492
results/sensitivity96/repeat5-fold3/audit.json,models/age_sex/candidates/1/mean_inner_auc,0.6148210763595379
results/sensitivity96/repeat5-fold3/audit.json,models/age_sex/candidates/1/fold_auc/0,0.6301775147928994
results/sensitivity96/repeat5-fold3/audit.json,models/age_sex/candidates/1/fold_auc/1,0.5714285714285714
results/sensitivity96/repeat5-fold3/audit.json,models/age_sex/candidates/1/fold_auc/2,0.6428571428571428
results/sensitivity96/repeat5-fold3/audit.json,models/age_sex/candidates/2/mean_inner_auc,0.5929839391377852
results/sensitivity96/repeat5-fold3/audit.json,models/age_sex/candidates/2/fold_auc/0,0.6360946745562129
results/sensitivity96/repeat5-fold3/audit.json,models/age_sex/candidates/2/fold_auc/1,0.5714285714285714
results/sensitivity96/repeat5-fold3/audit.json,models/age_sex/candidates/2/fold_auc/2,0.5714285714285714
results/sensitivity96/repeat5-fold3/audit.json,models/age_sex/candidates/3/mean_inner_auc,0.590254830639446
results/sensitivity96/repeat5-fold3/audit.json,models/age_sex/candidates/3/fold_auc/0,0.6479289940828402
results/sensitivity96/repeat5-fold3/audit.json,models/age_sex/candidates/3/fold_auc/1,0.5773809523809523
results/sensitivity96/repeat5-fold3/audit.json,models/age_sex/candidates/3/fold_auc/2,0.5454545454545454
results/sensitivity96/repeat5-fold3/audit.json,models/age_sex/chosen/mean_inner_auc,0.61698557852404
results/sensitivity96/repeat5-fold3/audit.json,models/age_sex/chosen/fold_auc/0,0.6301775147928994
results/sensitivity96/repeat5-fold3/audit.json,models/age_sex/chosen/fold_auc/1,0.5714285714285714
results/sensitivity96/repeat5-fold3/audit.json,models/age_sex/chosen/fold_auc/2,0.6493506493506492
results/sensitivity96/repeat5-fold3/audit.json,models/age_sex_motion/candidates/0/mean_inner_auc,0.5013981744750976
results/sensitivity96/repeat5-fold3/audit.json,models/age_sex_motion/candidates/0/fold_auc/0,0.5680473372781065
results/sensitivity96/repeat5-fold3/audit.json,models/age_sex_motion/candidates/0/fold_auc/1,0.34523809523809523
results/sensitivity96/repeat5-fold3/audit.json,models/age_sex_motion/candidates/0/fold_auc/2,0.5909090909090909
results/sensitivity96/repeat5-fold3/audit.json,models/age_sex_motion/candidates/1/mean_inner_auc,0.49887292194984506
results/sensitivity96/repeat5-fold3/audit.json,models/age_sex_motion/candidates/1/fold_auc/0,0.5680473372781065
results/sensitivity96/repeat5-fold3/audit.json,models/age_sex_motion/candidates/1/fold_auc/1,0.3571428571428572
results/sensitivity96/repeat5-fold3/audit.json,models/age_sex_motion/candidates/1/fold_auc/2,0.5714285714285714
results/sensitivity96/repeat5-fold3/audit.json,models/age_sex_motion/candidates/2/mean_inner_auc,0.49415968646737873
results/sensitivity96/repeat5-fold3/audit.json,models/age_sex_motion/candidates/2/fold_auc/0,0.5798816568047337
results/sensitivity96/repeat5-fold3/audit.json,models/age_sex_motion/candidates/2/fold_auc/1,0.35714285714285715
results/sensitivity96/repeat5-fold3/audit.json,models/age_sex_motion/candidates/2/fold_auc/2,0.5454545454545454
results/sensitivity96/repeat5-fold3/audit.json,models/age_sex_motion/candidates/3/mean_inner_auc,0.4993436051128359
results/sensitivity96/repeat5-fold3/audit.json,models/age_sex_motion/candidates/3/fold_auc/0,0.6035502958579881
results/sensitivity96/repeat5-fold3/audit.json,models/age_sex_motion/candidates/3/fold_auc/1,0.375
results/sensitivity96/repeat5-fold3/audit.json,models/age_sex_motion/candidates/3/fold_auc/2,0.5194805194805194
results/sensitivity96/repeat5-fold3/audit.json,models/age_sex_motion/chosen/mean_inner_auc,0.5013981744750976
results/sensitivity96/repeat5-fold3/audit.json,models/age_sex_motion/chosen/fold_auc/0,0.5680473372781065
results/sensitivity96/repeat5-fold3/audit.json,models/age_sex_motion/chosen/fold_auc/1,0.34523809523809523
results/sensitivity96/repeat5-fold3/audit.json,models/age_sex_motion/chosen/fold_auc/2,0.5909090909090909
results/sensitivity96/repeat5-fold4/audit.json,models/age_sex/candidates/0/mean_inner_auc,0.6115273615273614
results/sensitivity96/repeat5-fold4/audit.json,models/age_sex/candidates/0/fold_auc/0,0.6538461538461537
results/sensitivity96/repeat5-fold4/audit.json,models/age_sex/candidates/0/fold_auc/1,0.5833333333333333
results/sensitivity96/repeat5-fold4/audit.json,models/age_sex/candidates/0/fold_auc/2,0.5974025974025974
results/sensitivity96/repeat5-fold4/audit.json,models/age_sex/candidates/1/mean_inner_auc,0.6134997481151326
results/sensitivity96/repeat5-fold4/audit.json,models/age_sex/candidates/1/fold_auc/0,0.6597633136094675
results/sensitivity96/repeat5-fold4/audit.json,models/age_sex/candidates/1/fold_auc/1,0.5833333333333333
results/sensitivity96/repeat5-fold4/audit.json,models/age_sex/candidates/1/fold_auc/2,0.5974025974025974
results/sensitivity96/repeat5-fold4/audit.json,models/age_sex/candidates/2/mean_inner_auc,0.6194403886711578
results/sensitivity96/repeat5-fold4/audit.json,models/age_sex/candidates/2/fold_auc/0,0.665680473372781
results/sensitivity96/repeat5-fold4/audit.json,models/age_sex/candidates/2/fold_auc/1,0.5952380952380951
results/sensitivity96/repeat5-fold4/audit.json,models/age_sex/candidates/2/fold_auc/2,0.5974025974025974
results/sensitivity96/repeat5-fold4/audit.json,models/age_sex/candidates/3/mean_inner_auc,0.615472134702904
results/sensitivity96/repeat5-fold4/audit.json,models/age_sex/candidates/3/fold_auc/0,0.6656804733727811
results/sensitivity96/repeat5-fold4/audit.json,models/age_sex/candidates/3/fold_auc/1,0.5833333333333333
results/sensitivity96/repeat5-fold4/audit.json,models/age_sex/candidates/3/fold_auc/2,0.5974025974025974
results/sensitivity96/repeat5-fold4/audit.json,models/age_sex/chosen/mean_inner_auc,0.6194403886711578
results/sensitivity96/repeat5-fold4/audit.json,models/age_sex/chosen/fold_auc/0,0.665680473372781
results/sensitivity96/repeat5-fold4/audit.json,models/age_sex/chosen/fold_auc/1,0.5952380952380951
results/sensitivity96/repeat5-fold4/audit.json,models/age_sex/chosen/fold_auc/2,0.5974025974025974
results/sensitivity96/repeat5-fold4/audit.json,models/age_sex_motion/candidates/0/mean_inner_auc,0.4855956009802164
results/sensitivity96/repeat5-fold4/audit.json,models/age_sex_motion/candidates/0/fold_auc/0,0.5325443786982249
results/sensitivity96/repeat5-fold4/audit.json,models/age_sex_motion/candidates/0/fold_auc/1,0.3333333333333333
results/sensitivity96/repeat5-fold4/audit.json,models/age_sex_motion/candidates/0/fold_auc/2,0.5909090909090909
results/sensitivity96/repeat5-fold4/audit.json,models/age_sex_motion/candidates/1/mean_inner_auc,0.489528633759403
results/sensitivity96/repeat5-fold4/audit.json,models/age_sex_motion/candidates/1/fold_auc/0,0.5502958579881657
results/sensitivity96/repeat5-fold4/audit.json,models/age_sex_motion/candidates/1/fold_auc/1,0.3273809523809524
results/sensitivity96/repeat5-fold4/audit.json,models/age_sex_motion/candidates/1/fold_auc/2,0.5909090909090909
results/sensitivity96/repeat5-fold4/audit.json,models/age_sex_motion/candidates/2/mean_inner_auc,0.5235138792831101
results/sensitivity96/repeat5-fold4/audit.json,models/age_sex_motion/candidates/2/fold_auc/0,0.6035502958579881
results/sensitivity96/repeat5-fold4/audit.json,models/age_sex_motion/candidates/2/fold_auc/1,0.3630952380952381
results/sensitivity96/repeat5-fold4/audit.json,models/age_sex_motion/candidates/2/fold_auc/2,0.6038961038961039
results/sensitivity96/repeat5-fold4/audit.json,models/age_sex_motion/candidates/3/mean_inner_auc,0.5349757080526311
results/sensitivity96/repeat5-fold4/audit.json,models/age_sex_motion/candidates/3/fold_auc/0,0.6449704142011834
results/sensitivity96/repeat5-fold4/audit.json,models/age_sex_motion/candidates/3/fold_auc/1,0.36904761904761907
results/sensitivity96/repeat5-fold4/audit.json,models/age_sex_motion/candidates/3/fold_auc/2,0.5909090909090908
results/sensitivity96/repeat5-fold4/audit.json,models/age_sex_motion/chosen/mean_inner_auc,0.5349757080526311
results/sensitivity96/repeat5-fold4/audit.json,models/age_sex_motion/chosen/fold_auc/0,0.6449704142011834
results/sensitivity96/repeat5-fold4/audit.json,models/age_sex_motion/chosen/fold_auc/1,0.36904761904761907
results/sensitivity96/repeat5-fold4/audit.json,models/age_sex_motion/chosen/fold_auc/2,0.5909090909090908
results/sensitivity96/repeat5-fold5/audit.json,models/age_sex/candidates/0/mean_inner_auc,0.6336940836940838
results/sensitivity96/repeat5-fold5/audit.json,models/age_sex/candidates/0/fold_auc/0,0.6575757575757576
results/sensitivity96/repeat5-fold5/audit.json,models/age_sex/candidates/0/fold_auc/1,0.6071428571428571
results/sensitivity96/repeat5-fold5/audit.json,models/age_sex/candidates/0/fold_auc/2,0.6363636363636364
results/sensitivity96/repeat5-fold5/audit.json,models/age_sex/candidates/1/mean_inner_auc,0.6293650793650793
results/sensitivity96/repeat5-fold5/audit.json,models/age_sex/candidates/1/fold_auc/0,0.6575757575757576
results/sensitivity96/repeat5-fold5/audit.json,models/age_sex/candidates/1/fold_auc/1,0.6071428571428571
results/sensitivity96/repeat5-fold5/audit.json,models/age_sex/candidates/1/fold_auc/2,0.6233766233766234
results/sensitivity96/repeat5-fold5/audit.json,models/age_sex/candidates/2/mean_inner_auc,0.6273809523809524
results/sensitivity96/repeat5-fold5/audit.json,models/age_sex/candidates/2/fold_auc/0,0.6575757575757576
results/sensitivity96/repeat5-fold5/audit.json,models/age_sex/candidates/2/fold_auc/1,0.6011904761904762
results/sensitivity96/repeat5-fold5/audit.json,models/age_sex/candidates/2/fold_auc/2,0.6233766233766234
results/sensitivity96/repeat5-fold5/audit.json,models/age_sex/candidates/3/mean_inner_auc,0.6253968253968254
results/sensitivity96/repeat5-fold5/audit.json,models/age_sex/candidates/3/fold_auc/0,0.6575757575757576
results/sensitivity96/repeat5-fold5/audit.json,models/age_sex/candidates/3/fold_auc/1,0.5952380952380952
results/sensitivity96/repeat5-fold5/audit.json,models/age_sex/candidates/3/fold_auc/2,0.6233766233766234
results/sensitivity96/repeat5-fold5/audit.json,models/age_sex/chosen/mean_inner_auc,0.6336940836940838
results/sensitivity96/repeat5-fold5/audit.json,models/age_sex/chosen/fold_auc/0,0.6575757575757576
results/sensitivity96/repeat5-fold5/audit.json,models/age_sex/chosen/fold_auc/1,0.6071428571428571
results/sensitivity96/repeat5-fold5/audit.json,models/age_sex/chosen/fold_auc/2,0.6363636363636364
results/sensitivity96/repeat5-fold5/audit.json,models/age_sex_motion/candidates/0/mean_inner_auc,0.5131673881673882
results/sensitivity96/repeat5-fold5/audit.json,models/age_sex_motion/candidates/0/fold_auc/0,0.48484848484848486
results/sensitivity96/repeat5-fold5/audit.json,models/age_sex_motion/candidates/0/fold_auc/1,0.47023809523809523
results/sensitivity96/repeat5-fold5/audit.json,models/age_sex_motion/candidates/0/fold_auc/2,0.5844155844155844
results/sensitivity96/repeat5-fold5/audit.json,models/age_sex_motion/candidates/1/mean_inner_auc,0.5215007215007215
results/sensitivity96/repeat5-fold5/audit.json,models/age_sex_motion/candidates/1/fold_auc/0,0.4909090909090909
results/sensitivity96/repeat5-fold5/audit.json,models/age_sex_motion/candidates/1/fold_auc/1,0.47619047619047616
results/sensitivity96/repeat5-fold5/audit.json,models/age_sex_motion/candidates/1/fold_auc/2,0.5974025974025974
results/sensitivity96/repeat5-fold5/audit.json,models/age_sex_motion/candidates/2/mean_inner_auc,0.5380952380952381
results/sensitivity96/repeat5-fold5/audit.json,models/age_sex_motion/candidates/2/fold_auc/0,0.49090909090909096
results/sensitivity96/repeat5-fold5/audit.json,models/age_sex_motion/candidates/2/fold_auc/1,0.49999999999999994
results/sensitivity96/repeat5-fold5/audit.json,models/age_sex_motion/candidates/2/fold_auc/2,0.6233766233766234
results/sensitivity96/repeat5-fold5/audit.json,models/age_sex_motion/candidates/3/mean_inner_auc,0.5359668109668109
results/sensitivity96/repeat5-fold5/audit.json,models/age_sex_motion/candidates/3/fold_auc/0,0.49696969696969695
results/sensitivity96/repeat5-fold5/audit.json,models/age_sex_motion/candidates/3/fold_auc/1,0.49404761904761907
results/sensitivity96/repeat5-fold5/audit.json,models/age_sex_motion/candidates/3/fold_auc/2,0.6168831168831168
results/sensitivity96/repeat5-fold5/audit.json,models/age_sex_motion/chosen/mean_inner_auc,0.5380952380952381
results/sensitivity96/repeat5-fold5/audit.json,models/age_sex_motion/chosen/fold_auc/0,0.49090909090909096
results/sensitivity96/repeat5-fold5/audit.json,models/age_sex_motion/chosen/fold_auc/1,0.49999999999999994
results/sensitivity96/repeat5-fold5/audit.json,models/age_sex_motion/chosen/fold_auc/2,0.6233766233766234
results/site_probe_summary.json,mean_auc/all,0.9858260869565217
results/site_probe_summary.json,mean_auc/0,0.9974481658692186
results/site_probe_summary.json,mean_auc/1,0.9603485838779957
results/summary.json,results/0/roc_auc,0.6390073831009023
results/summary.json,results/0/accuracy,0.6262626262626263
results/summary.json,results/0/balanced_accuracy,0.6279737489745693
results/summary.json,results/0/sensitivity,0.6521739130434783
results/summary.json,results/0/specificity,0.6037735849056605
results/summary.json,results/0/brier,0.2404406399350803
results/summary.json,results/0/average_precision,0.5769345255995281
results/summary.json,results/0/log_loss,0.6736161569916204
results/summary.json,results/0/per_repeat/0/roc_auc,0.6460213289581624
results/summary.json,results/0/per_repeat/0/accuracy,0.6262626262626263
results/summary.json,results/0/per_repeat/0/balanced_accuracy,0.6279737489745694
results/summary.json,results/0/per_repeat/0/sensitivity,0.6521739130434783
results/summary.json,results/0/per_repeat/0/specificity,0.6037735849056604
results/summary.json,results/0/per_repeat/0/brier,0.24563773921528673
results/summary.json,results/0/per_repeat/0/average_precision,0.5695606304355264
results/summary.json,results/0/per_repeat/0/log_loss,0.6848249025836535
results/summary.json,results/0/per_repeat/1/roc_auc,0.6347415914684167
results/summary.json,results/0/per_repeat/1/accuracy,0.6363636363636364
results/summary.json,results/0/per_repeat/1/balanced_accuracy,0.6374077112387202
results/summary.json,results/0/per_repeat/1/sensitivity,0.6521739130434783
results/summary.json,results/0/per_repeat/1/specificity,0.6226415094339622
results/summary.json,results/0/per_repeat/1/brier,0.23818531643011331
results/summary.json,results/0/per_repeat/1/average_precision,0.5603909186282832
results/summary.json,results/0/per_repeat/1/log_loss,0.6688740125150935
results/summary.json,results/0/per_repeat/2/roc_auc,0.6378178835110747
results/summary.json,results/0/per_repeat/2/accuracy,0.6464646464646465
results/summary.json,results/0/per_repeat/2/balanced_accuracy,0.6482772764561116
results/summary.json,results/0/per_repeat/2/sensitivity,0.6739130434782609
results/summary.json,results/0/per_repeat/2/specificity,0.6226415094339622
results/summary.json,results/0/per_repeat/2/brier,0.2369270590732515
results/summary.json,results/0/per_repeat/2/average_precision,0.5912885135174335
results/summary.json,results/0/per_repeat/2/log_loss,0.6655265757251199
results/summary.json,results/0/per_repeat/3/roc_auc,0.6710418375717802
results/summary.json,results/0/per_repeat/3/accuracy,0.6060606060606061
results/summary.json,results/0/per_repeat/3/balanced_accuracy,0.6076702214930271
results/summary.json,results/0/per_repeat/3/sensitivity,0.6304347826086957
results/summary.json,results/0/per_repeat/3/specificity,0.5849056603773585
results/summary.json,results/0/per_repeat/3/brier,0.23187316338873667
results/summary.json,results/0/per_repeat/3/average_precision,0.5925815478159969
results/summary.json,results/0/per_repeat/3/log_loss,0.6561927348293402
results/summary.json,results/0/per_repeat/4/roc_auc,0.6054142739950779
results/summary.json,results/0/per_repeat/4/accuracy,0.6161616161616161
results/summary.json,results/0/per_repeat/4/balanced_accuracy,0.6185397867104183
results/summary.json,results/0/per_repeat/4/sensitivity,0.6521739130434783
results/summary.json,results/0/per_repeat/4/specificity,0.5849056603773585
results/summary.json,results/0/per_repeat/4/brier,0.24957992156801317
results/summary.json,results/0/per_repeat/4/average_precision,0.5708510176003999
results/summary.json,results/0/per_repeat/4/log_loss,0.692662559304895
results/summary.json,results/1/roc_auc,0.5817883511074651
results/summary.json,results/1/accuracy,0.5919191919191918
results/summary.json,results/1/balanced_accuracy,0.5933141919606234
results/summary.json,results/1/sensitivity,0.6130434782608696
results/summary.json,results/1/specificity,0.5735849056603773
results/summary.json,results/1/brier,0.24824670279531608
results/summary.json,results/1/average_precision,0.5171347399490356
results/summary.json,results/1/log_loss,0.6903112455591586
results/summary.json,results/1/per_repeat/0/roc_auc,0.5947497949138638
results/summary.json,results/1/per_repeat/0/accuracy,0.5959595959595959
results/summary.json,results/1/per_repeat/0/balanced_accuracy,0.5996718621821164
results/summary.json,results/1/per_repeat/0/sensitivity,0.6521739130434783
results/summary.json,results/1/per_repeat/0/specificity,0.5471698113207547
results/summary.json,results/1/per_repeat/0/brier,0.24393453723948771
results/summary.json,results/1/per_repeat/0/average_precision,0.507177042023114
results/summary.json,results/1/per_repeat/0/log_loss,0.6810921695658524
results/summary.json,results/1/per_repeat/1/roc_auc,0.5803937653814603
results/summary.json,results/1/per_repeat/1/accuracy,0.5858585858585859
results/summary.json,results/1/per_repeat/1/balanced_accuracy,0.5888022969647252
results/summary.json,results/1/per_repeat/1/sensitivity,0.6304347826086957
results/summary.json,results/1/per_repeat/1/specificity,0.5471698113207547
results/summary.json,results/1/per_repeat/1/brier,0.249541795475986
results/summary.json,results/1/per_repeat/1/average_precision,0.5010885893045616
results/summary.json,results/1/per_repeat/1/log_loss,0.6938847981790905
results/summary.json,results/1/per_repeat/2/roc_auc,0.5340442986054142
results/summary.json,results/1/per_repeat/2/accuracy,0.5656565656565656
results/summary.json,results/1/per_repeat/2/balanced_accuracy,0.5641919606234618
results/summary.json,results/1/per_repeat/2/sensitivity,0.5434782608695652
results/summary.json,results/1/per_repeat/2/specificity,0.5849056603773585
results/summary.json,results/1/per_repeat/2/brier,0.2580755098293815
results/summary.json,results/1/per_repeat/2/average_precision,0.5100381855966761
results/summary.json,results/1/per_repeat/2/log_loss,0.7100521834288541
results/summary.json,results/1/per_repeat/3/roc_auc,0.5926989335520918
results/summary.json,results/1/per_repeat/3/accuracy,0.5959595959595959
results/summary.json,results/1/per_repeat/3/balanced_accuracy,0.5968006562756358
results/summary.json,results/1/per_repeat/3/sensitivity,0.6086956521739131
results/summary.json,results/1/per_repeat/3/specificity,0.5849056603773585
results/summary.json,results/1/per_repeat/3/brier,0.24409661357859821
results/summary.json,results/1/per_repeat/3/average_precision,0.5225018442330107
results/summary.json,results/1/per_repeat/3/log_loss,0.6815216387470433
results/summary.json,results/1/per_repeat/4/roc_auc,0.6070549630844956
results/summary.json,results/1/per_repeat/4/accuracy,0.6161616161616161
results/summary.json,results/1/per_repeat/4/balanced_accuracy,0.617104183757178
results/summary.json,results/1/per_repeat/4/sensitivity,0.6304347826086957
results/summary.json,results/1/per_repeat/4/specificity,0.6037735849056604
results/summary.json,results/1/per_repeat/4/brier,0.24558505785312681
results/summary.json,results/1/per_repeat/4/average_precision,0.5448680385878157
results/summary.json,results/1/per_repeat/4/log_loss,0.6850054378749528
results/summary.json,results/2/roc_auc,0.6133741258741259
results/summary.json,results/2/accuracy,0.5979166666666667
results/summary.json,results/2/balanced_accuracy,0.5987762237762239
results/summary.json,results/2/sensitivity,0.6090909090909091
results/summary.json,results/2/specificity,0.5884615384615385
results/summary.json,results/2/brier,0.24426829045247347
results/summary.json,results/2/average_precision,0.5583239994629803
results/summary.json,results/2/log_loss,0.6818243763413216
results/summary.json,results/2/per_repeat/0/roc_auc,0.6153846153846153
results/summary.json,results/2/per_repeat/0/accuracy,0.5833333333333334
results/summary.json,results/2/per_repeat/0/balanced_accuracy,0.583916083916084
results/summary.json,results/2/per_repeat/0/sensitivity,0.5909090909090909
results/summary.json,results/2/per_repeat/0/specificity,0.5769230769230769
results/summary.json,results/2/per_repeat/0/brier,0.24560959241159405
results/summary.json,results/2/per_repeat/0/average_precision,0.5766998249961718
results/summary.json,results/2/per_repeat/0/log_loss,0.684671832360246
results/summary.json,results/2/per_repeat/1/roc_auc,0.6433566433566434
results/summary.json,results/2/per_repeat/1/accuracy,0.6458333333333334
results/summary.json,results/2/per_repeat/1/balanced_accuracy,0.6486013986013985
results/summary.json,results/2/per_repeat/1/sensitivity,0.6818181818181818
results/summary.json,results/2/per_repeat/1/specificity,0.6153846153846154
results/summary.json,results/2/per_repeat/1/brier,0.2420590645229348
results/summary.json,results/2/per_repeat/1/average_precision,0.5568176333433923
results/summary.json,results/2/per_repeat/1/log_loss,0.6771174782957282
results/summary.json,results/2/per_repeat/2/roc_auc,0.6263111888111887
results/summary.json,results/2/per_repeat/2/accuracy,0.6354166666666666
results/summary.json,results/2/per_repeat/2/balanced_accuracy,0.6354895104895104
results/summary.json,results/2/per_repeat/2/sensitivity,0.6363636363636364
results/summary.json,results/2/per_repeat/2/specificity,0.6346153846153846
results/summary.json,results/2/per_repeat/2/brier,0.23736786427341283
results/summary.json,results/2/per_repeat/2/average_precision,0.5667601705037886
results/summary.json,results/2/per_repeat/2/log_loss,0.6675408809462642
results/summary.json,results/2/per_repeat/3/roc_auc,0.5548513986013986
results/summary.json,results/2/per_repeat/3/accuracy,0.5416666666666666
results/summary.json,results/2/per_repeat/3/balanced_accuracy,0.5402097902097902
results/summary.json,results/2/per_repeat/3/sensitivity,0.5227272727272727
results/summary.json,results/2/per_repeat/3/specificity,0.5576923076923077
results/summary.json,results/2/per_repeat/3/brier,0.25630832942842524
results/summary.json,results/2/per_repeat/3/average_precision,0.516644708404153
results/summary.json,results/2/per_repeat/3/log_loss,0.7070904075981086
results/summary.json,results/2/per_repeat/4/roc_auc,0.6269667832167832
results/summary.json,results/2/per_repeat/4/accuracy,0.5833333333333334
results/summary.json,results/2/per_repeat/4/balanced_accuracy,0.5856643356643356
results/summary.json,results/2/per_repeat/4/sensitivity,0.6136363636363636
results/summary.json,results/2/per_repeat/4/specificity,0.5576923076923077
results/summary.json,results/2/per_repeat/4/brier,0.23999660162600045
results/summary.json,results/2/per_repeat/4/average_precision,0.5746976600673959
results/summary.json,results/2/per_repeat/4/log_loss,0.672701282506261
results/summary.json,results/3/roc_auc,0.572465034965035
results/summary.json,results/3/accuracy,0.5729166666666667
results/summary.json,results/3/balanced_accuracy,0.5739510489510489
results/summary.json,results/3/sensitivity,0.5863636363636363
results/summary.json,results/3/specificity,0.5615384615384615
results/summary.json,results/3/brier,0.25197156848428687
results/summary.json,results/3/average_precision,0.5056562010507172
results/summary.json,results/3/log_loss,0.6989917499987737
results/summary.json,results/3/per_repeat/0/roc_auc,0.5773601398601398
results/summary.json,results/3/per_repeat/0/accuracy,0.5833333333333334
results/summary.json,results/3/per_repeat/0/balanced_accuracy,0.5856643356643356
results/summary.json,results/3/per_repeat/0/sensitivity,0.6136363636363636
results/summary.json,results/3/per_repeat/0/specificity,0.5576923076923077
results/summary.json,results/3/per_repeat/0/brier,0.250901635417389
results/summary.json,results/3/per_repeat/0/average_precision,0.5219204976326645
results/summary.json,results/3/per_repeat/0/log_loss,0.6958228108071746
results/summary.json,results/3/per_repeat/1/roc_auc,0.6053321678321678
results/summary.json,results/3/per_repeat/1/accuracy,0.6041666666666666
results/summary.json,results/3/per_repeat/1/balanced_accuracy,0.6048951048951049
results/summary.json,results/3/per_repeat/1/sensitivity,0.6136363636363636
results/summary.json,results/3/per_repeat/1/specificity,0.5961538461538461
results/summary.json,results/3/per_repeat/1/brier,0.24375567197257583
results/summary.json,results/3/per_repeat/1/average_precision,0.5308431855154487
results/summary.json,results/3/per_repeat/1/log_loss,0.6804736443997971
results/summary.json,results/3/per_repeat/2/roc_auc,0.576923076923077
results/summary.json,results/3/per_repeat/2/accuracy,0.5729166666666666
results/summary.json,results/3/per_repeat/2/balanced_accuracy,0.5690559440559441
results/summary.json,results/3/per_repeat/2/sensitivity,0.5227272727272727
results/summary.json,results/3/per_repeat/2/specificity,0.6153846153846154
results/summary.json,results/3/per_repeat/2/brier,0.2503163976077117
results/summary.json,results/3/per_repeat/2/average_precision,0.49775712601676075
results/summary.json,results/3/per_repeat/2/log_loss,0.6956380412985909
results/summary.json,results/3/per_repeat/3/roc_auc,0.5083041958041957
results/summary.json,results/3/per_repeat/3/accuracy,0.5520833333333334
results/summary.json,results/3/per_repeat/3/balanced_accuracy,0.5550699300699301
results/summary.json,results/3/per_repeat/3/sensitivity,0.5909090909090909
results/summary.json,results/3/per_repeat/3/specificity,0.5192307692307693
results/summary.json,results/3/per_repeat/3/brier,0.2717492085385513
results/summary.json,results/3/per_repeat/3/average_precision,0.43941260761605383
results/summary.json,results/3/per_repeat/3/log_loss,0.7443671756539029
results/summary.json,results/3/per_repeat/4/roc_auc,0.5944055944055944
results/summary.json,results/3/per_repeat/4/accuracy,0.5520833333333334
results/summary.json,results/3/per_repeat/4/balanced_accuracy,0.5550699300699301
results/summary.json,results/3/per_repeat/4/sensitivity,0.5909090909090909
results/summary.json,results/3/per_repeat/4/specificity,0.5192307692307693
results/summary.json,results/3/per_repeat/4/brier,0.2431349288852065
results/summary.json,results/3/per_repeat/4/average_precision,0.5383475884726578
results/summary.json,results/3/per_repeat/4/log_loss,0.6786570778344028
results/summary.json,results/4/roc_auc,0.48948306595365415
results/summary.json,results/4/accuracy,0.6160000000000001
results/summary.json,results/4/balanced_accuracy,0.5237076648841354
results/summary.json,results/4/sensitivity,0.23529411764705882
results/summary.json,results/4/specificity,0.8121212121212121
results/summary.json,results/4/brier,0.24264430463003422
results/summary.json,results/4/average_precision,0.3845911191298403
results/summary.json,results/4/log_loss,0.678182986745291
results/summary.json,results/4/per_repeat/0/roc_auc,0.48841354723707664
results/summary.json,results/4/per_repeat/0/accuracy,0.66
results/summary.json,results/4/per_repeat/0/balanced_accuracy,0.5570409982174688
results/summary.json,results/4/per_repeat/0/sensitivity,0.23529411764705882
results/summary.json,results/4/per_repeat/0/specificity,0.8787878787878788
results/summary.json,results/4/per_repeat/0/brier,0.2361046721175248
results/summary.json,results/4/per_repeat/0/average_precision,0.3842433938328249
results/summary.json,results/4/per_repeat/0/log_loss,0.6647935676478558
results/summary.json,results/4/per_repeat/1/roc_auc,0.49019607843137253
results/summary.json,results/4/per_repeat/1/accuracy,0.56
results/summary.json,results/4/per_repeat/1/balanced_accuracy,0.4812834224598931
results/summary.json,results/4/per_repeat/1/sensitivity,0.23529411764705882
results/summary.json,results/4/per_repeat/1/specificity,0.7272727272727273
results/summary.json,results/4/per_repeat/1/brier,0.24983379674556427
results/summary.json,results/4/per_repeat/1/average_precision,0.3848229359945171
results/summary.json,results/4/per_repeat/1/log_loss,0.69281477288853
results/summary.json,results/4/per_repeat/2/roc_auc,0.48841354723707664
results/summary.json,results/4/per_repeat/2/accuracy,0.66
results/summary.json,results/4/per_repeat/2/balanced_accuracy,0.5570409982174688
results/summary.json,results/4/per_repeat/2/sensitivity,0.23529411764705882
results/summary.json,results/4/per_repeat/2/specificity,0.8787878787878788
results/summary.json,results/4/per_repeat/2/brier,0.2361046721175248
results/summary.json,results/4/per_repeat/2/average_precision,0.3842433938328249
results/summary.json,results/4/per_repeat/2/log_loss,0.6647935676478558
results/summary.json,results/4/per_repeat/3/roc_auc,0.49019607843137253
results/summary.json,results/4/per_repeat/3/accuracy,0.56
results/summary.json,results/4/per_repeat/3/balanced_accuracy,0.4812834224598931
results/summary.json,results/4/per_repeat/3/sensitivity,0.23529411764705882
results/summary.json,results/4/per_repeat/3/specificity,0.7272727272727273
results/summary.json,results/4/per_repeat/3/brier,0.24983379674556427
results/summary.json,results/4/per_repeat/3/average_precision,0.3848229359945171
results/summary.json,results/4/per_repeat/3/log_loss,0.69281477288853
results/summary.json,results/4/per_repeat/4/roc_auc,0.49019607843137253
results/summary.json,results/4/per_repeat/4/accuracy,0.64
results/summary.json,results/4/per_repeat/4/balanced_accuracy,0.5418894830659536
results/summary.json,results/4/per_repeat/4/sensitivity,0.23529411764705882
results/summary.json,results/4/per_repeat/4/specificity,0.8484848484848485
results/summary.json,results/4/per_repeat/4/brier,0.24134458542399284
results/summary.json,results/4/per_repeat/4/average_precision,0.3848229359945171
results/summary.json,results/4/per_repeat/4/log_loss,0.6756982526536836
results/summary.json,results/5/roc_auc,0.47023172905525845
results/summary.json,results/5/accuracy,0.5840000000000001
results/summary.json,results/5/balanced_accuracy,0.4966131907308379
results/summary.json,results/5/sensitivity,0.2235294117647059
results/summary.json,results/5/specificity,0.7696969696969698
results/summary.json,results/5/brier,0.24703870634265926
results/summary.json,results/5/average_precision,0.3698553841070031
results/summary.json,results/5/log_loss,0.687954428655888
results/summary.json,results/5/per_repeat/0/roc_auc,0.45454545454545453
results/summary.json,results/5/per_repeat/0/accuracy,0.62
results/summary.json,results/5/per_repeat/0/balanced_accuracy,0.5267379679144385
results/summary.json,results/5/per_repeat/0/sensitivity,0.23529411764705882
results/summary.json,results/5/per_repeat/0/specificity,0.8181818181818182
results/summary.json,results/5/per_repeat/0/brier,0.2461226546624596
results/summary.json,results/5/per_repeat/0/average_precision,0.3751166583455019
results/summary.json,results/5/per_repeat/0/log_loss,0.6872342478309633
results/summary.json,results/5/per_repeat/1/roc_auc,0.45454545454545453
results/summary.json,results/5/per_repeat/1/accuracy,0.62
results/summary.json,results/5/per_repeat/1/balanced_accuracy,0.5267379679144385
results/summary.json,results/5/per_repeat/1/sensitivity,0.23529411764705882
results/summary.json,results/5/per_repeat/1/specificity,0.8181818181818182
results/summary.json,results/5/per_repeat/1/brier,0.2461226546624596
results/summary.json,results/5/per_repeat/1/average_precision,0.3751166583455019
results/summary.json,results/5/per_repeat/1/log_loss,0.6872342478309633
results/summary.json,results/5/per_repeat/2/roc_auc,0.4830659536541889
results/summary.json,results/5/per_repeat/2/accuracy,0.54
results/summary.json,results/5/per_repeat/2/balanced_accuracy,0.46613190730837795
results/summary.json,results/5/per_repeat/2/sensitivity,0.23529411764705882
results/summary.json,results/5/per_repeat/2/specificity,0.696969696969697
results/summary.json,results/5/per_repeat/2/brier,0.24981245661421514
results/summary.json,results/5/per_repeat/2/average_precision,0.3537660102870651
results/summary.json,results/5/per_repeat/2/log_loss,0.6927720920799103
results/summary.json,results/5/per_repeat/3/roc_auc,0.4830659536541889
results/summary.json,results/5/per_repeat/3/accuracy,0.54
results/summary.json,results/5/per_repeat/3/balanced_accuracy,0.46613190730837795
results/summary.json,results/5/per_repeat/3/sensitivity,0.23529411764705882
results/summary.json,results/5/per_repeat/3/specificity,0.696969696969697
results/summary.json,results/5/per_repeat/3/brier,0.24981245661421514
results/summary.json,results/5/per_repeat/3/average_precision,0.3537660102870651
results/summary.json,results/5/per_repeat/3/log_loss,0.6927720920799103
results/summary.json,results/5/per_repeat/4/roc_auc,0.4759358288770053
results/summary.json,results/5/per_repeat/4/accuracy,0.6
results/summary.json,results/5/per_repeat/4/balanced_accuracy,0.4973262032085562
results/summary.json,results/5/per_repeat/4/sensitivity,0.17647058823529413
results/summary.json,results/5/per_repeat/4/specificity,0.8181818181818182
results/summary.json,results/5/per_repeat/4/brier,0.2433233091599467
results/summary.json,results/5/per_repeat/4/average_precision,0.39151158326988117
results/summary.json,results/5/per_repeat/4/log_loss,0.679759463457693
results/summary.json,results/6/roc_auc,0.4713450292397662
results/summary.json,results/6/accuracy,0.6086956521739131
results/summary.json,results/6/balanced_accuracy,0.5419103313840156
results/summary.json,results/6/sensitivity,0.9259259259259259
results/summary.json,results/6/specificity,0.15789473684210525
results/summary.json,results/6/brier,0.24929791679030652
results/summary.json,results/6/average_precision,0.6216317006707703
results/summary.json,results/6/log_loss,0.6917423242208616
results/summary.json,results/6/per_repeat/0/roc_auc,0.4717348927875244
results/summary.json,results/6/per_repeat/0/accuracy,0.6086956521739131
results/summary.json,results/6/per_repeat/0/balanced_accuracy,0.5419103313840156
results/summary.json,results/6/per_repeat/0/sensitivity,0.9259259259259259
results/summary.json,results/6/per_repeat/0/specificity,0.15789473684210525
results/summary.json,results/6/per_repeat/0/brier,0.24969155657802758
results/summary.json,results/6/per_repeat/0/average_precision,0.6217884711979111
results/summary.json,results/6/per_repeat/0/log_loss,0.6925302862519523
results/summary.json,results/6/per_repeat/1/roc_auc,0.4717348927875244
results/summary.json,results/6/per_repeat/1/accuracy,0.6086956521739131
results/summary.json,results/6/per_repeat/1/balanced_accuracy,0.5419103313840156
results/summary.json,results/6/per_repeat/1/sensitivity,0.9259259259259259
results/summary.json,results/6/per_repeat/1/specificity,0.15789473684210525
results/summary.json,results/6/per_repeat/1/brier,0.24969155657802758
results/summary.json,results/6/per_repeat/1/average_precision,0.6217884711979111
results/summary.json,results/6/per_repeat/1/log_loss,0.6925302862519523
results/summary.json,results/6/per_repeat/2/roc_auc,0.469785575048733
results/summary.json,results/6/per_repeat/2/accuracy,0.6086956521739131
results/summary.json,results/6/per_repeat/2/balanced_accuracy,0.5419103313840156
results/summary.json,results/6/per_repeat/2/sensitivity,0.9259259259259259
results/summary.json,results/6/per_repeat/2/specificity,0.15789473684210525
results/summary.json,results/6/per_repeat/2/brier,0.24772335763942227
results/summary.json,results/6/per_repeat/2/average_precision,0.6210046185622067
results/summary.json,results/6/per_repeat/2/log_loss,0.688590476096498
results/summary.json,results/6/per_repeat/3/roc_auc,0.4717348927875244
results/summary.json,results/6/per_repeat/3/accuracy,0.6086956521739131
results/summary.json,results/6/per_repeat/3/balanced_accuracy,0.5419103313840156
results/summary.json,results/6/per_repeat/3/sensitivity,0.9259259259259259
results/summary.json,results/6/per_repeat/3/specificity,0.15789473684210525
results/summary.json,results/6/per_repeat/3/brier,0.24969155657802758
results/summary.json,results/6/per_repeat/3/average_precision,0.6217884711979111
results/summary.json,results/6/per_repeat/3/log_loss,0.6925302862519523
results/summary.json,results/6/per_repeat/4/roc_auc,0.4717348927875244
results/summary.json,results/6/per_repeat/4/accuracy,0.6086956521739131
results/summary.json,results/6/per_repeat/4/balanced_accuracy,0.5419103313840156
results/summary.json,results/6/per_repeat/4/sensitivity,0.9259259259259259
results/summary.json,results/6/per_repeat/4/specificity,0.15789473684210525
results/summary.json,results/6/per_repeat/4/brier,0.24969155657802758
results/summary.json,results/6/per_repeat/4/average_precision,0.6217884711979111
results/summary.json,results/6/per_repeat/4/log_loss,0.6925302862519523
results/summary.json,results/7/roc_auc,0.40857699805068226
results/summary.json,results/7/accuracy,0.6
results/summary.json,results/7/balanced_accuracy,0.5345029239766081
results/summary.json,results/7/sensitivity,0.9111111111111112
results/summary.json,results/7/specificity,0.15789473684210525
results/summary.json,results/7/brier,0.25063432828377297
results/summary.json,results/7/average_precision,0.5599847259490576
results/summary.json,results/7/log_loss,0.6954938370515742
results/summary.json,results/7/per_repeat/0/roc_auc,0.4210526315789474
results/summary.json,results/7/per_repeat/0/accuracy,0.5869565217391305
results/summary.json,results/7/per_repeat/0/balanced_accuracy,0.5233918128654971
results/summary.json,results/7/per_repeat/0/sensitivity,0.8888888888888888
results/summary.json,results/7/per_repeat/0/specificity,0.15789473684210525
results/summary.json,results/7/per_repeat/0/brier,0.24781400106848778
results/summary.json,results/7/per_repeat/0/average_precision,0.5586452747357298
results/summary.json,results/7/per_repeat/0/log_loss,0.6887726074722013
results/summary.json,results/7/per_repeat/1/roc_auc,0.4015594541910331
results/summary.json,results/7/per_repeat/1/accuracy,0.6086956521739131
results/summary.json,results/7/per_repeat/1/balanced_accuracy,0.5419103313840156
results/summary.json,results/7/per_repeat/1/sensitivity,0.9259259259259259
results/summary.json,results/7/per_repeat/1/specificity,0.15789473684210525
results/summary.json,results/7/per_repeat/1/brier,0.24868258440955712
results/summary.json,results/7/per_repeat/1/average_precision,0.5639066669788018
results/summary.json,results/7/per_repeat/1/log_loss,0.6910155513385766
results/summary.json,results/7/per_repeat/2/roc_auc,0.42690058479532167
results/summary.json,results/7/per_repeat/2/accuracy,0.5652173913043478
results/summary.json,results/7/per_repeat/2/balanced_accuracy,0.5048732943469786
results/summary.json,results/7/per_repeat/2/sensitivity,0.8518518518518519
results/summary.json,results/7/per_repeat/2/specificity,0.15789473684210525
results/summary.json,results/7/per_repeat/2/brier,0.24969232497840413
results/summary.json,results/7/per_repeat/2/average_precision,0.5642185967578537
results/summary.json,results/7/per_repeat/2/log_loss,0.6925318233653276
results/summary.json,results/7/per_repeat/3/roc_auc,0.4015594541910331
results/summary.json,results/7/per_repeat/3/accuracy,0.6086956521739131
results/summary.json,results/7/per_repeat/3/balanced_accuracy,0.5419103313840156
results/summary.json,results/7/per_repeat/3/sensitivity,0.9259259259259259
results/summary.json,results/7/per_repeat/3/specificity,0.15789473684210525
results/summary.json,results/7/per_repeat/3/brier,0.24868258440955712
results/summary.json,results/7/per_repeat/3/average_precision,0.5639066669788018
results/summary.json,results/7/per_repeat/3/log_loss,0.6910155513385766
results/summary.json,results/7/per_repeat/4/roc_auc,0.39181286549707606
results/summary.json,results/7/per_repeat/4/accuracy,0.6304347826086957
results/summary.json,results/7/per_repeat/4/balanced_accuracy,0.560428849902534
results/summary.json,results/7/per_repeat/4/sensitivity,0.9629629629629629
results/summary.json,results/7/per_repeat/4/specificity,0.15789473684210525
results/summary.json,results/7/per_repeat/4/brier,0.2583001465528585
results/summary.json,results/7/per_repeat/4/average_precision,0.5492464242941004
results/summary.json,results/7/per_repeat/4/log_loss,0.7141336517431887
