artifact,metric_path,value
results/CIN-to-OSU/repeat1-fold1/audit.json,models/tangent_original/candidates/0/mean_inner_auc,0.7141414141414142
results/CIN-to-OSU/repeat1-fold1/audit.json,models/tangent_original/candidates/0/fold_auc/0,0.6515151515151516
results/CIN-to-OSU/repeat1-fold1/audit.json,models/tangent_original/candidates/0/fold_auc/1,0.8181818181818181
results/CIN-to-OSU/repeat1-fold1/audit.json,models/tangent_original/candidates/0/fold_auc/2,0.6727272727272728
results/CIN-to-OSU/repeat1-fold1/audit.json,models/tangent_original/candidates/1/mean_inner_auc,0.7141414141414142
results/CIN-to-OSU/repeat1-fold1/audit.json,models/tangent_original/candidates/1/fold_auc/0,0.6515151515151516
results/CIN-to-OSU/repeat1-fold1/audit.json,models/tangent_original/candidates/1/fold_auc/1,0.8181818181818181
results/CIN-to-OSU/repeat1-fold1/audit.json,models/tangent_original/candidates/1/fold_auc/2,0.6727272727272728
results/CIN-to-OSU/repeat1-fold1/audit.json,models/tangent_original/candidates/2/mean_inner_auc,0.7141414141414142
results/CIN-to-OSU/repeat1-fold1/audit.json,models/tangent_original/candidates/2/fold_auc/0,0.6515151515151516
results/CIN-to-OSU/repeat1-fold1/audit.json,models/tangent_original/candidates/2/fold_auc/1,0.8181818181818181
results/CIN-to-OSU/repeat1-fold1/audit.json,models/tangent_original/candidates/2/fold_auc/2,0.6727272727272728
results/CIN-to-OSU/repeat1-fold1/audit.json,models/tangent_original/candidates/3/mean_inner_auc,0.7141414141414142
results/CIN-to-OSU/repeat1-fold1/audit.json,models/tangent_original/candidates/3/fold_auc/0,0.6515151515151516
results/CIN-to-OSU/repeat1-fold1/audit.json,models/tangent_original/candidates/3/fold_auc/1,0.8181818181818181
results/CIN-to-OSU/repeat1-fold1/audit.json,models/tangent_original/candidates/3/fold_auc/2,0.6727272727272728
results/CIN-to-OSU/repeat1-fold1/audit.json,models/tangent_original/chosen/mean_inner_auc,0.7141414141414142
results/CIN-to-OSU/repeat1-fold1/audit.json,models/tangent_original/chosen/fold_auc/0,0.6515151515151516
results/CIN-to-OSU/repeat1-fold1/audit.json,models/tangent_original/chosen/fold_auc/1,0.8181818181818181
results/CIN-to-OSU/repeat1-fold1/audit.json,models/tangent_original/chosen/fold_auc/2,0.6727272727272728
results/CIN-to-OSU/repeat1-fold1/audit.json,models/tangent_original/threshold/min_recall,0.7272727272727273
results/CIN-to-OSU/repeat1-fold1/audit.json,models/tangent_original/threshold/balanced_accuracy,0.7754010695187166
results/CIN-to-OSU/repeat1-fold1/audit.json,models/tangent_center/candidates/0/mean_inner_auc,0.7808080808080807
results/CIN-to-OSU/repeat1-fold1/audit.json,models/tangent_center/candidates/0/fold_auc/0,0.7272727272727273
results/CIN-to-OSU/repeat1-fold1/audit.json,models/tangent_center/candidates/0/fold_auc/1,0.8333333333333334
results/CIN-to-OSU/repeat1-fold1/audit.json,models/tangent_center/candidates/0/fold_auc/2,0.7818181818181819
results/CIN-to-OSU/repeat1-fold1/audit.json,models/tangent_center/candidates/1/mean_inner_auc,0.7747474747474747
results/CIN-to-OSU/repeat1-fold1/audit.json,models/tangent_center/candidates/1/fold_auc/0,0.7272727272727273
results/CIN-to-OSU/repeat1-fold1/audit.json,models/tangent_center/candidates/1/fold_auc/1,0.8333333333333334
results/CIN-to-OSU/repeat1-fold1/audit.json,models/tangent_center/candidates/1/fold_auc/2,0.7636363636363637
results/CIN-to-OSU/repeat1-fold1/audit.json,models/tangent_center/candidates/2/mean_inner_auc,0.7797979797979798
results/CIN-to-OSU/repeat1-fold1/audit.json,models/tangent_center/candidates/2/fold_auc/0,0.7272727272727273
results/CIN-to-OSU/repeat1-fold1/audit.json,models/tangent_center/candidates/2/fold_auc/1,0.8484848484848484
results/CIN-to-OSU/repeat1-fold1/audit.json,models/tangent_center/candidates/2/fold_auc/2,0.7636363636363637
results/CIN-to-OSU/repeat1-fold1/audit.json,models/tangent_center/candidates/3/mean_inner_auc,0.7747474747474747
results/CIN-to-OSU/repeat1-fold1/audit.json,models/tangent_center/candidates/3/fold_auc/0,0.7121212121212122
results/CIN-to-OSU/repeat1-fold1/audit.json,models/tangent_center/candidates/3/fold_auc/1,0.8484848484848484
results/CIN-to-OSU/repeat1-fold1/audit.json,models/tangent_center/candidates/3/fold_auc/2,0.7636363636363637
results/CIN-to-OSU/repeat1-fold1/audit.json,models/tangent_center/chosen/mean_inner_auc,0.7808080808080807
results/CIN-to-OSU/repeat1-fold1/audit.json,models/tangent_center/chosen/fold_auc/0,0.7272727272727273
results/CIN-to-OSU/repeat1-fold1/audit.json,models/tangent_center/chosen/fold_auc/1,0.8333333333333334
results/CIN-to-OSU/repeat1-fold1/audit.json,models/tangent_center/chosen/fold_auc/2,0.7818181818181819
results/CIN-to-OSU/repeat1-fold1/audit.json,models/tangent_center/threshold/min_recall,0.6363636363636364
results/CIN-to-OSU/repeat1-fold1/audit.json,models/tangent_center/threshold/balanced_accuracy,0.7299465240641712
results/CIN-to-OSU/repeat1-fold1/audit.json,models/tangent_pca/candidates/0/mean_inner_auc,0.6616161616161617
results/CIN-to-OSU/repeat1-fold1/audit.json,models/tangent_pca/candidates/0/fold_auc/0,0.6060606060606061
results/CIN-to-OSU/repeat1-fold1/audit.json,models/tangent_pca/candidates/0/fold_auc/1,0.7424242424242424
results/CIN-to-OSU/repeat1-fold1/audit.json,models/tangent_pca/candidates/0/fold_auc/2,0.6363636363636365
results/CIN-to-OSU/repeat1-fold1/audit.json,models/tangent_pca/candidates/1/mean_inner_auc,0.6606060606060606
results/CIN-to-OSU/repeat1-fold1/audit.json,models/tangent_pca/candidates/1/fold_auc/0,0.6060606060606061
results/CIN-to-OSU/repeat1-fold1/audit.json,models/tangent_pca/candidates/1/fold_auc/1,0.7575757575757576
results/CIN-to-OSU/repeat1-fold1/audit.json,models/tangent_pca/candidates/1/fold_auc/2,0.6181818181818183
results/CIN-to-OSU/repeat1-fold1/audit.json,models/tangent_pca/candidates/2/mean_inner_auc,0.6666666666666666
results/CIN-to-OSU/repeat1-fold1/audit.json,models/tangent_pca/candidates/2/fold_auc/0,0.6060606060606061
results/CIN-to-OSU/repeat1-fold1/audit.json,models/tangent_pca/candidates/2/fold_auc/1,0.7575757575757576
results/CIN-to-OSU/repeat1-fold1/audit.json,models/tangent_pca/candidates/2/fold_auc/2,0.6363636363636364
results/CIN-to-OSU/repeat1-fold1/audit.json,models/tangent_pca/candidates/3/mean_inner_auc,0.6757575757575758
results/CIN-to-OSU/repeat1-fold1/audit.json,models/tangent_pca/candidates/3/fold_auc/0,0.6060606060606061
results/CIN-to-OSU/repeat1-fold1/audit.json,models/tangent_pca/candidates/3/fold_auc/1,0.803030303030303
results/CIN-to-OSU/repeat1-fold1/audit.json,models/tangent_pca/candidates/3/fold_auc/2,0.6181818181818182
results/CIN-to-OSU/repeat1-fold1/audit.json,models/tangent_pca/candidates/4/mean_inner_auc,0.6838383838383839
results/CIN-to-OSU/repeat1-fold1/audit.json,models/tangent_pca/candidates/4/fold_auc/0,0.6666666666666667
results/CIN-to-OSU/repeat1-fold1/audit.json,models/tangent_pca/candidates/4/fold_auc/1,0.7121212121212122
results/CIN-to-OSU/repeat1-fold1/audit.json,models/tangent_pca/candidates/4/fold_auc/2,0.6727272727272727
results/CIN-to-OSU/repeat1-fold1/audit.json,models/tangent_pca/candidates/5/mean_inner_auc,0.7202020202020202
results/CIN-to-OSU/repeat1-fold1/audit.json,models/tangent_pca/candidates/5/fold_auc/0,0.6666666666666667
results/CIN-to-OSU/repeat1-fold1/audit.json,models/tangent_pca/candidates/5/fold_auc/1,0.803030303030303
results/CIN-to-OSU/repeat1-fold1/audit.json,models/tangent_pca/candidates/5/fold_auc/2,0.690909090909091
results/CIN-to-OSU/repeat1-fold1/audit.json,models/tangent_pca/candidates/6/mean_inner_auc,0.7151515151515152
results/CIN-to-OSU/repeat1-fold1/audit.json,models/tangent_pca/candidates/6/fold_auc/0,0.6666666666666667
results/CIN-to-OSU/repeat1-fold1/audit.json,models/tangent_pca/candidates/6/fold_auc/1,0.7878787878787878
results/CIN-to-OSU/repeat1-fold1/audit.json,models/tangent_pca/candidates/6/fold_auc/2,0.690909090909091
results/CIN-to-OSU/repeat1-fold1/audit.json,models/tangent_pca/candidates/7/mean_inner_auc,0.694949494949495
results/CIN-to-OSU/repeat1-fold1/audit.json,models/tangent_pca/candidates/7/fold_auc/0,0.6363636363636365
results/CIN-to-OSU/repeat1-fold1/audit.json,models/tangent_pca/candidates/7/fold_auc/1,0.7575757575757576
results/CIN-to-OSU/repeat1-fold1/audit.json,models/tangent_pca/candidates/7/fold_auc/2,0.690909090909091
results/CIN-to-OSU/repeat1-fold1/audit.json,models/tangent_pca/chosen/mean_inner_auc,0.7202020202020202
results/CIN-to-OSU/repeat1-fold1/audit.json,models/tangent_pca/chosen/fold_auc/0,0.6666666666666667
results/CIN-to-OSU/repeat1-fold1/audit.json,models/tangent_pca/chosen/fold_auc/1,0.803030303030303
results/CIN-to-OSU/repeat1-fold1/audit.json,models/tangent_pca/chosen/fold_auc/2,0.690909090909091
results/CIN-to-OSU/repeat1-fold1/audit.json,models/tangent_pca/threshold/min_recall,0.7058823529411765
results/CIN-to-OSU/repeat1-fold1/audit.json,models/tangent_pca/threshold/balanced_accuracy,0.731729055258467
results/CIN-to-OSU/repeat1-fold1/audit.json,models/tangent_select/candidates/0/mean_inner_auc,0.5454545454545454
results/CIN-to-OSU/repeat1-fold1/audit.json,models/tangent_select/candidates/0/fold_auc/0,0.48484848484848486
results/CIN-to-OSU/repeat1-fold1/audit.json,models/tangent_select/candidates/0/fold_auc/1,0.5151515151515151
results/CIN-to-OSU/repeat1-fold1/audit.json,models/tangent_select/candidates/0/fold_auc/2,0.6363636363636364
results/CIN-to-OSU/repeat1-fold1/audit.json,models/tangent_select/candidates/1/mean_inner_auc,0.5252525252525252
results/CIN-to-OSU/repeat1-fold1/audit.json,models/tangent_select/candidates/1/fold_auc/0,0.4090909090909091
results/CIN-to-OSU/repeat1-fold1/audit.json,models/tangent_select/candidates/1/fold_auc/1,0.5303030303030303
results/CIN-to-OSU/repeat1-fold1/audit.json,models/tangent_select/candidates/1/fold_auc/2,0.6363636363636364
results/CIN-to-OSU/repeat1-fold1/audit.json,models/tangent_select/candidates/2/mean_inner_auc,0.5040404040404041
results/CIN-to-OSU/repeat1-fold1/audit.json,models/tangent_select/candidates/2/fold_auc/0,0.3939393939393939
results/CIN-to-OSU/repeat1-fold1/audit.json,models/tangent_select/candidates/2/fold_auc/1,0.5
results/CIN-to-OSU/repeat1-fold1/audit.json,models/tangent_select/candidates/2/fold_auc/2,0.6181818181818182
results/CIN-to-OSU/repeat1-fold1/audit.json,models/tangent_select/candidates/3/mean_inner_auc,0.5303030303030303
results/CIN-to-OSU/repeat1-fold1/audit.json,models/tangent_select/candidates/3/fold_auc/0,0.36363636363636365
results/CIN-to-OSU/repeat1-fold1/audit.json,models/tangent_select/candidates/3/fold_auc/1,0.5909090909090909
results/CIN-to-OSU/repeat1-fold1/audit.json,models/tangent_select/candidates/3/fold_auc/2,0.6363636363636364
results/CIN-to-OSU/repeat1-fold1/audit.json,models/tangent_select/candidates/4/mean_inner_auc,0.6313131313131314
results/CIN-to-OSU/repeat1-fold1/audit.json,models/tangent_select/candidates/4/fold_auc/0,0.5909090909090908
results/CIN-to-OSU/repeat1-fold1/audit.json,models/tangent_select/candidates/4/fold_auc/1,0.6666666666666667
results/CIN-to-OSU/repeat1-fold1/audit.json,models/tangent_select/candidates/4/fold_auc/2,0.6363636363636364
results/CIN-to-OSU/repeat1-fold1/audit.json,models/tangent_select/candidates/5/mean_inner_auc,0.6363636363636364
results/CIN-to-OSU/repeat1-fold1/audit.json,models/tangent_select/candidates/5/fold_auc/0,0.6060606060606061
results/CIN-to-OSU/repeat1-fold1/audit.json,models/tangent_select/candidates/5/fold_auc/1,0.6666666666666667
results/CIN-to-OSU/repeat1-fold1/audit.json,models/tangent_select/candidates/5/fold_auc/2,0.6363636363636364
results/CIN-to-OSU/repeat1-fold1/audit.json,models/tangent_select/candidates/6/mean_inner_auc,0.6303030303030304
results/CIN-to-OSU/repeat1-fold1/audit.json,models/tangent_select/candidates/6/fold_auc/0,0.6060606060606061
results/CIN-to-OSU/repeat1-fold1/audit.json,models/tangent_select/candidates/6/fold_auc/1,0.6666666666666667
results/CIN-to-OSU/repeat1-fold1/audit.json,models/tangent_select/candidates/6/fold_auc/2,0.6181818181818182
results/CIN-to-OSU/repeat1-fold1/audit.json,models/tangent_select/candidates/7/mean_inner_auc,0.6303030303030304
results/CIN-to-OSU/repeat1-fold1/audit.json,models/tangent_select/candidates/7/fold_auc/0,0.6060606060606061
results/CIN-to-OSU/repeat1-fold1/audit.json,models/tangent_select/candidates/7/fold_auc/1,0.6666666666666667
results/CIN-to-OSU/repeat1-fold1/audit.json,models/tangent_select/candidates/7/fold_auc/2,0.6181818181818182
results/CIN-to-OSU/repeat1-fold1/audit.json,models/tangent_select/chosen/mean_inner_auc,0.6363636363636364
results/CIN-to-OSU/repeat1-fold1/audit.json,models/tangent_select/chosen/fold_auc/0,0.6060606060606061
results/CIN-to-OSU/repeat1-fold1/audit.json,models/tangent_select/chosen/fold_auc/1,0.6666666666666667
results/CIN-to-OSU/repeat1-fold1/audit.json,models/tangent_select/chosen/fold_auc/2,0.6363636363636364
results/CIN-to-OSU/repeat1-fold1/audit.json,models/tangent_select/threshold/min_recall,0.6363636363636364
results/CIN-to-OSU/repeat1-fold1/audit.json,models/tangent_select/threshold/balanced_accuracy,0.6417112299465241
results/CIN-to-OSU/repeat2-fold1/audit.json,models/tangent_original/candidates/0/mean_inner_auc,0.7575757575757575
results/CIN-to-OSU/repeat2-fold1/audit.json,models/tangent_original/candidates/0/fold_auc/0,0.8484848484848485
results/CIN-to-OSU/repeat2-fold1/audit.json,models/tangent_original/candidates/0/fold_auc/1,0.8787878787878788
results/CIN-to-OSU/repeat2-fold1/audit.json,models/tangent_original/candidates/0/fold_auc/2,0.5454545454545454
results/CIN-to-OSU/repeat2-fold1/audit.json,models/tangent_original/candidates/1/mean_inner_auc,0.7636363636363637
results/CIN-to-OSU/repeat2-fold1/audit.json,models/tangent_original/candidates/1/fold_auc/0,0.8484848484848485
results/CIN-to-OSU/repeat2-fold1/audit.json,models/tangent_original/candidates/1/fold_auc/1,0.8787878787878788
results/CIN-to-OSU/repeat2-fold1/audit.json,models/tangent_original/candidates/1/fold_auc/2,0.5636363636363636
results/CIN-to-OSU/repeat2-fold1/audit.json,models/tangent_original/candidates/2/mean_inner_auc,0.7636363636363637
results/CIN-to-OSU/repeat2-fold1/audit.json,models/tangent_original/candidates/2/fold_auc/0,0.8484848484848485
results/CIN-to-OSU/repeat2-fold1/audit.json,models/tangent_original/candidates/2/fold_auc/1,0.8787878787878788
results/CIN-to-OSU/repeat2-fold1/audit.json,models/tangent_original/candidates/2/fold_auc/2,0.5636363636363636
results/CIN-to-OSU/repeat2-fold1/audit.json,models/tangent_original/candidates/3/mean_inner_auc,0.7636363636363636
results/CIN-to-OSU/repeat2-fold1/audit.json,models/tangent_original/candidates/3/fold_auc/0,0.8636363636363635
results/CIN-to-OSU/repeat2-fold1/audit.json,models/tangent_original/candidates/3/fold_auc/1,0.8636363636363636
results/CIN-to-OSU/repeat2-fold1/audit.json,models/tangent_original/candidates/3/fold_auc/2,0.5636363636363636
results/CIN-to-OSU/repeat2-fold1/audit.json,models/tangent_original/chosen/mean_inner_auc,0.7636363636363637
results/CIN-to-OSU/repeat2-fold1/audit.json,models/tangent_original/chosen/fold_auc/0,0.8484848484848485
results/CIN-to-OSU/repeat2-fold1/audit.json,models/tangent_original/chosen/fold_auc/1,0.8787878787878788
results/CIN-to-OSU/repeat2-fold1/audit.json,models/tangent_original/chosen/fold_auc/2,0.5636363636363636
results/CIN-to-OSU/repeat2-fold1/audit.json,models/tangent_original/threshold/min_recall,0.7058823529411765
results/CIN-to-OSU/repeat2-fold1/audit.json,models/tangent_original/threshold/balanced_accuracy,0.7468805704099821
results/CIN-to-OSU/repeat2-fold1/audit.json,models/tangent_center/candidates/0/mean_inner_auc,0.7757575757575758
results/CIN-to-OSU/repeat2-fold1/audit.json,models/tangent_center/candidates/0/fold_auc/0,0.8939393939393939
results/CIN-to-OSU/repeat2-fold1/audit.json,models/tangent_center/candidates/0/fold_auc/1,0.9242424242424242
results/CIN-to-OSU/repeat2-fold1/audit.json,models/tangent_center/candidates/0/fold_auc/2,0.509090909090909
results/CIN-to-OSU/repeat2-fold1/audit.json,models/tangent_center/candidates/1/mean_inner_auc,0.7757575757575758
results/CIN-to-OSU/repeat2-fold1/audit.json,models/tangent_center/candidates/1/fold_auc/0,0.8939393939393939
results/CIN-to-OSU/repeat2-fold1/audit.json,models/tangent_center/candidates/1/fold_auc/1,0.9242424242424242
results/CIN-to-OSU/repeat2-fold1/audit.json,models/tangent_center/candidates/1/fold_auc/2,0.509090909090909
results/CIN-to-OSU/repeat2-fold1/audit.json,models/tangent_center/candidates/2/mean_inner_auc,0.7818181818181817
results/CIN-to-OSU/repeat2-fold1/audit.json,models/tangent_center/candidates/2/fold_auc/0,0.8939393939393939
results/CIN-to-OSU/repeat2-fold1/audit.json,models/tangent_center/candidates/2/fold_auc/1,0.9242424242424242
results/CIN-to-OSU/repeat2-fold1/audit.json,models/tangent_center/candidates/2/fold_auc/2,0.5272727272727272
results/CIN-to-OSU/repeat2-fold1/audit.json,models/tangent_center/candidates/3/mean_inner_auc,0.7888888888888889
results/CIN-to-OSU/repeat2-fold1/audit.json,models/tangent_center/candidates/3/fold_auc/0,0.8939393939393939
results/CIN-to-OSU/repeat2-fold1/audit.json,models/tangent_center/candidates/3/fold_auc/1,0.9090909090909091
results/CIN-to-OSU/repeat2-fold1/audit.json,models/tangent_center/candidates/3/fold_auc/2,0.5636363636363636
results/CIN-to-OSU/repeat2-fold1/audit.json,models/tangent_center/chosen/mean_inner_auc,0.7888888888888889
results/CIN-to-OSU/repeat2-fold1/audit.json,models/tangent_center/chosen/fold_auc/0,0.8939393939393939
results/CIN-to-OSU/repeat2-fold1/audit.json,models/tangent_center/chosen/fold_auc/1,0.9090909090909091
results/CIN-to-OSU/repeat2-fold1/audit.json,models/tangent_center/chosen/fold_auc/2,0.5636363636363636
results/CIN-to-OSU/repeat2-fold1/audit.json,models/tangent_center/threshold/min_recall,0.7647058823529411
results/CIN-to-OSU/repeat2-fold1/audit.json,models/tangent_center/threshold/balanced_accuracy,0.7914438502673797
results/CIN-to-OSU/repeat2-fold1/audit.json,models/tangent_pca/candidates/0/mean_inner_auc,0.6404040404040404
results/CIN-to-OSU/repeat2-fold1/audit.json,models/tangent_pca/candidates/0/fold_auc/0,0.7424242424242423
results/CIN-to-OSU/repeat2-fold1/audit.json,models/tangent_pca/candidates/0/fold_auc/1,0.7424242424242424
results/CIN-to-OSU/repeat2-fold1/audit.json,models/tangent_pca/candidates/0/fold_auc/2,0.43636363636363634
results/CIN-to-OSU/repeat2-fold1/audit.json,models/tangent_pca/candidates/1/mean_inner_auc,0.6373737373737374
results/CIN-to-OSU/repeat2-fold1/audit.json,models/tangent_pca/candidates/1/fold_auc/0,0.7272727272727272
results/CIN-to-OSU/repeat2-fold1/audit.json,models/tangent_pca/candidates/1/fold_auc/1,0.7121212121212122
results/CIN-to-OSU/repeat2-fold1/audit.json,models/tangent_pca/candidates/1/fold_auc/2,0.4727272727272727
results/CIN-to-OSU/repeat2-fold1/audit.json,models/tangent_pca/candidates/2/mean_inner_auc,0.6191919191919192
results/CIN-to-OSU/repeat2-fold1/audit.json,models/tangent_pca/candidates/2/fold_auc/0,0.7424242424242424
results/CIN-to-OSU/repeat2-fold1/audit.json,models/tangent_pca/candidates/2/fold_auc/1,0.696969696969697
results/CIN-to-OSU/repeat2-fold1/audit.json,models/tangent_pca/candidates/2/fold_auc/2,0.4181818181818182
results/CIN-to-OSU/repeat2-fold1/audit.json,models/tangent_pca/candidates/3/mean_inner_auc,0.6252525252525253
results/CIN-to-OSU/repeat2-fold1/audit.json,models/tangent_pca/candidates/3/fold_auc/0,0.7424242424242424
results/CIN-to-OSU/repeat2-fold1/audit.json,models/tangent_pca/candidates/3/fold_auc/1,0.696969696969697
results/CIN-to-OSU/repeat2-fold1/audit.json,models/tangent_pca/candidates/3/fold_auc/2,0.4363636363636363
results/CIN-to-OSU/repeat2-fold1/audit.json,models/tangent_pca/candidates/4/mean_inner_auc,0.7040404040404039
results/CIN-to-OSU/repeat2-fold1/audit.json,models/tangent_pca/candidates/4/fold_auc/0,0.7878787878787878
results/CIN-to-OSU/repeat2-fold1/audit.json,models/tangent_pca/candidates/4/fold_auc/1,0.8333333333333333
results/CIN-to-OSU/repeat2-fold1/audit.json,models/tangent_pca/candidates/4/fold_auc/2,0.49090909090909085
results/CIN-to-OSU/repeat2-fold1/audit.json,models/tangent_pca/candidates/5/mean_inner_auc,0.6727272727272727
results/CIN-to-OSU/repeat2-fold1/audit.json,models/tangent_pca/candidates/5/fold_auc/0,0.7878787878787878
results/CIN-to-OSU/repeat2-fold1/audit.json,models/tangent_pca/candidates/5/fold_auc/1,0.7575757575757576
results/CIN-to-OSU/repeat2-fold1/audit.json,models/tangent_pca/candidates/5/fold_auc/2,0.4727272727272727
results/CIN-to-OSU/repeat2-fold1/audit.json,models/tangent_pca/candidates/6/mean_inner_auc,0.6515151515151515
results/CIN-to-OSU/repeat2-fold1/audit.json,models/tangent_pca/candidates/6/fold_auc/0,0.7727272727272727
results/CIN-to-OSU/repeat2-fold1/audit.json,models/tangent_pca/candidates/6/fold_auc/1,0.7272727272727273
results/CIN-to-OSU/repeat2-fold1/audit.json,models/tangent_pca/candidates/6/fold_auc/2,0.45454545454545453
results/CIN-to-OSU/repeat2-fold1/audit.json,models/tangent_pca/candidates/7/mean_inner_auc,0.6404040404040404
results/CIN-to-OSU/repeat2-fold1/audit.json,models/tangent_pca/candidates/7/fold_auc/0,0.7878787878787878
results/CIN-to-OSU/repeat2-fold1/audit.json,models/tangent_pca/candidates/7/fold_auc/1,0.696969696969697
results/CIN-to-OSU/repeat2-fold1/audit.json,models/tangent_pca/candidates/7/fold_auc/2,0.43636363636363634
results/CIN-to-OSU/repeat2-fold1/audit.json,models/tangent_pca/chosen/mean_inner_auc,0.7040404040404039
results/CIN-to-OSU/repeat2-fold1/audit.json,models/tangent_pca/chosen/fold_auc/0,0.7878787878787878
results/CIN-to-OSU/repeat2-fold1/audit.json,models/tangent_pca/chosen/fold_auc/1,0.8333333333333333
results/CIN-to-OSU/repeat2-fold1/audit.json,models/tangent_pca/chosen/fold_auc/2,0.49090909090909085
results/CIN-to-OSU/repeat2-fold1/audit.json,models/tangent_pca/threshold/min_recall,0.696969696969697
results/CIN-to-OSU/repeat2-fold1/audit.json,models/tangent_pca/threshold/balanced_accuracy,0.7308377896613191
results/CIN-to-OSU/repeat2-fold1/audit.json,models/tangent_select/candidates/0/mean_inner_auc,0.5575757575757575
results/CIN-to-OSU/repeat2-fold1/audit.json,models/tangent_select/candidates/0/fold_auc/0,0.6969696969696969
results/CIN-to-OSU/repeat2-fold1/audit.json,models/tangent_select/candidates/0/fold_auc/1,0.5757575757575757
results/CIN-to-OSU/repeat2-fold1/audit.json,models/tangent_select/candidates/0/fold_auc/2,0.4
results/CIN-to-OSU/repeat2-fold1/audit.json,models/tangent_select/candidates/1/mean_inner_auc,0.5454545454545454
results/CIN-to-OSU/repeat2-fold1/audit.json,models/tangent_select/candidates/1/fold_auc/0,0.6969696969696969
results/CIN-to-OSU/repeat2-fold1/audit.json,models/tangent_select/candidates/1/fold_auc/1,0.5757575757575757
results/CIN-to-OSU/repeat2-fold1/audit.json,models/tangent_select/candidates/1/fold_auc/2,0.36363636363636365
results/CIN-to-OSU/repeat2-fold1/audit.json,models/tangent_select/candidates/2/mean_inner_auc,0.5454545454545453
results/CIN-to-OSU/repeat2-fold1/audit.json,models/tangent_select/candidates/2/fold_auc/0,0.6969696969696969
results/CIN-to-OSU/repeat2-fold1/audit.json,models/tangent_select/candidates/2/fold_auc/1,0.5757575757575757
results/CIN-to-OSU/repeat2-fold1/audit.json,models/tangent_select/candidates/2/fold_auc/2,0.3636363636363636
results/CIN-to-OSU/repeat2-fold1/audit.json,models/tangent_select/candidates/3/mean_inner_auc,0.5404040404040403
results/CIN-to-OSU/repeat2-fold1/audit.json,models/tangent_select/candidates/3/fold_auc/0,0.6818181818181818
results/CIN-to-OSU/repeat2-fold1/audit.json,models/tangent_select/candidates/3/fold_auc/1,0.5757575757575757
results/CIN-to-OSU/repeat2-fold1/audit.json,models/tangent_select/candidates/3/fold_auc/2,0.3636363636363636
results/CIN-to-OSU/repeat2-fold1/audit.json,models/tangent_select/candidates/4/mean_inner_auc,0.6232323232323232
results/CIN-to-OSU/repeat2-fold1/audit.json,models/tangent_select/candidates/4/fold_auc/0,0.7878787878787878
results/CIN-to-OSU/repeat2-fold1/audit.json,models/tangent_select/candidates/4/fold_auc/1,0.6818181818181819
results/CIN-to-OSU/repeat2-fold1/audit.json,models/tangent_select/candidates/4/fold_auc/2,0.4
results/CIN-to-OSU/repeat2-fold1/audit.json,models/tangent_select/candidates/5/mean_inner_auc,0.6242424242424243
results/CIN-to-OSU/repeat2-fold1/audit.json,models/tangent_select/candidates/5/fold_auc/0,0.7575757575757576
results/CIN-to-OSU/repeat2-fold1/audit.json,models/tangent_select/candidates/5/fold_auc/1,0.696969696969697
results/CIN-to-OSU/repeat2-fold1/audit.json,models/tangent_select/candidates/5/fold_auc/2,0.4181818181818182
results/CIN-to-OSU/repeat2-fold1/audit.json,models/tangent_select/candidates/6/mean_inner_auc,0.6363636363636364
results/CIN-to-OSU/repeat2-fold1/audit.json,models/tangent_select/candidates/6/fold_auc/0,0.7575757575757576
results/CIN-to-OSU/repeat2-fold1/audit.json,models/tangent_select/candidates/6/fold_auc/1,0.696969696969697
results/CIN-to-OSU/repeat2-fold1/audit.json,models/tangent_select/candidates/6/fold_auc/2,0.4545454545454546
results/CIN-to-OSU/repeat2-fold1/audit.json,models/tangent_select/candidates/7/mean_inner_auc,0.6414141414141414
results/CIN-to-OSU/repeat2-fold1/audit.json,models/tangent_select/candidates/7/fold_auc/0,0.7575757575757576
results/CIN-to-OSU/repeat2-fold1/audit.json,models/tangent_select/candidates/7/fold_auc/1,0.7121212121212122
results/CIN-to-OSU/repeat2-fold1/audit.json,models/tangent_select/candidates/7/fold_auc/2,0.4545454545454546
results/CIN-to-OSU/repeat2-fold1/audit.json,models/tangent_select/chosen/mean_inner_auc,0.6414141414141414
results/CIN-to-OSU/repeat2-fold1/audit.json,models/tangent_select/chosen/fold_auc/0,0.7575757575757576
results/CIN-to-OSU/repeat2-fold1/audit.json,models/tangent_select/chosen/fold_auc/1,0.7121212121212122
results/CIN-to-OSU/repeat2-fold1/audit.json,models/tangent_select/chosen/fold_auc/2,0.4545454545454546
results/CIN-to-OSU/repeat2-fold1/audit.json,models/tangent_select/threshold/min_recall,0.5882352941176471
results/CIN-to-OSU/repeat2-fold1/audit.json,models/tangent_select/threshold/balanced_accuracy,0.6274509803921569
results/CIN-to-OSU/repeat3-fold1/audit.json,models/tangent_original/candidates/0/mean_inner_auc,0.6767676767676768
results/CIN-to-OSU/repeat3-fold1/audit.json,models/tangent_original/candidates/0/fold_auc/0,0.46969696969696967
results/CIN-to-OSU/repeat3-fold1/audit.json,models/tangent_original/candidates/0/fold_auc/1,0.7424242424242424
results/CIN-to-OSU/repeat3-fold1/audit.json,models/tangent_original/candidates/0/fold_auc/2,0.8181818181818182
results/CIN-to-OSU/repeat3-fold1/audit.json,models/tangent_original/candidates/1/mean_inner_auc,0.6818181818181818
results/CIN-to-OSU/repeat3-fold1/audit.json,models/tangent_original/candidates/1/fold_auc/0,0.46969696969696967
results/CIN-to-OSU/repeat3-fold1/audit.json,models/tangent_original/candidates/1/fold_auc/1,0.7575757575757576
results/CIN-to-OSU/repeat3-fold1/audit.json,models/tangent_original/candidates/1/fold_auc/2,0.8181818181818182
results/CIN-to-OSU/repeat3-fold1/audit.json,models/tangent_original/candidates/2/mean_inner_auc,0.6818181818181818
results/CIN-to-OSU/repeat3-fold1/audit.json,models/tangent_original/candidates/2/fold_auc/0,0.46969696969696967
results/CIN-to-OSU/repeat3-fold1/audit.json,models/tangent_original/candidates/2/fold_auc/1,0.7575757575757576
results/CIN-to-OSU/repeat3-fold1/audit.json,models/tangent_original/candidates/2/fold_auc/2,0.8181818181818182
results/CIN-to-OSU/repeat3-fold1/audit.json,models/tangent_original/candidates/3/mean_inner_auc,0.6979797979797979
results/CIN-to-OSU/repeat3-fold1/audit.json,models/tangent_original/candidates/3/fold_auc/0,0.48484848484848486
results/CIN-to-OSU/repeat3-fold1/audit.json,models/tangent_original/candidates/3/fold_auc/1,0.7727272727272727
results/CIN-to-OSU/repeat3-fold1/audit.json,models/tangent_original/candidates/3/fold_auc/2,0.8363636363636364
results/CIN-to-OSU/repeat3-fold1/audit.json,models/tangent_original/chosen/mean_inner_auc,0.6979797979797979
results/CIN-to-OSU/repeat3-fold1/audit.json,models/tangent_original/chosen/fold_auc/0,0.48484848484848486
results/CIN-to-OSU/repeat3-fold1/audit.json,models/tangent_original/chosen/fold_auc/1,0.7727272727272727
results/CIN-to-OSU/repeat3-fold1/audit.json,models/tangent_original/chosen/fold_auc/2,0.8363636363636364
results/CIN-to-OSU/repeat3-fold1/audit.json,models/tangent_original/threshold/min_recall,0.6470588235294118
results/CIN-to-OSU/repeat3-fold1/audit.json,models/tangent_original/threshold/balanced_accuracy,0.7023172905525847
results/CIN-to-OSU/repeat3-fold1/audit.json,models/tangent_center/candidates/0/mean_inner_auc,0.7202020202020202
results/CIN-to-OSU/repeat3-fold1/audit.json,models/tangent_center/candidates/0/fold_auc/0,0.45454545454545453
results/CIN-to-OSU/repeat3-fold1/audit.json,models/tangent_center/candidates/0/fold_auc/1,0.8333333333333334
results/CIN-to-OSU/repeat3-fold1/audit.json,models/tangent_center/candidates/0/fold_auc/2,0.8727272727272728
results/CIN-to-OSU/repeat3-fold1/audit.json,models/tangent_center/candidates/1/mean_inner_auc,0.7202020202020202
results/CIN-to-OSU/repeat3-fold1/audit.json,models/tangent_center/candidates/1/fold_auc/0,0.45454545454545453
results/CIN-to-OSU/repeat3-fold1/audit.json,models/tangent_center/candidates/1/fold_auc/1,0.8333333333333334
results/CIN-to-OSU/repeat3-fold1/audit.json,models/tangent_center/candidates/1/fold_auc/2,0.8727272727272728
results/CIN-to-OSU/repeat3-fold1/audit.json,models/tangent_center/candidates/2/mean_inner_auc,0.7292929292929293
results/CIN-to-OSU/repeat3-fold1/audit.json,models/tangent_center/candidates/2/fold_auc/0,0.48484848484848486
results/CIN-to-OSU/repeat3-fold1/audit.json,models/tangent_center/candidates/2/fold_auc/1,0.8484848484848485
results/CIN-to-OSU/repeat3-fold1/audit.json,models/tangent_center/candidates/2/fold_auc/2,0.8545454545454546
results/CIN-to-OSU/repeat3-fold1/audit.json,models/tangent_center/candidates/3/mean_inner_auc,0.7232323232323233
results/CIN-to-OSU/repeat3-fold1/audit.json,models/tangent_center/candidates/3/fold_auc/0,0.5
results/CIN-to-OSU/repeat3-fold1/audit.json,models/tangent_center/candidates/3/fold_auc/1,0.8333333333333334
results/CIN-to-OSU/repeat3-fold1/audit.json,models/tangent_center/candidates/3/fold_auc/2,0.8363636363636364
results/CIN-to-OSU/repeat3-fold1/audit.json,models/tangent_center/chosen/mean_inner_auc,0.7292929292929293
results/CIN-to-OSU/repeat3-fold1/audit.json,models/tangent_center/chosen/fold_auc/0,0.48484848484848486
results/CIN-to-OSU/repeat3-fold1/audit.json,models/tangent_center/chosen/fold_auc/1,0.8484848484848485
results/CIN-to-OSU/repeat3-fold1/audit.json,models/tangent_center/chosen/fold_auc/2,0.8545454545454546
results/CIN-to-OSU/repeat3-fold1/audit.json,models/tangent_center/threshold/min_recall,0.6470588235294118
results/CIN-to-OSU/repeat3-fold1/audit.json,models/tangent_center/threshold/balanced_accuracy,0.7174688057040999
results/CIN-to-OSU/repeat3-fold1/audit.json,models/tangent_pca/candidates/0/mean_inner_auc,0.6444444444444445
results/CIN-to-OSU/repeat3-fold1/audit.json,models/tangent_pca/candidates/0/fold_auc/0,0.4393939393939394
results/CIN-to-OSU/repeat3-fold1/audit.json,models/tangent_pca/candidates/0/fold_auc/1,0.803030303030303
results/CIN-to-OSU/repeat3-fold1/audit.json,models/tangent_pca/candidates/0/fold_auc/2,0.6909090909090909
results/CIN-to-OSU/repeat3-fold1/audit.json,models/tangent_pca/candidates/1/mean_inner_auc,0.6454545454545455
results/CIN-to-OSU/repeat3-fold1/audit.json,models/tangent_pca/candidates/1/fold_auc/0,0.4393939393939394
results/CIN-to-OSU/repeat3-fold1/audit.json,models/tangent_pca/candidates/1/fold_auc/1,0.7878787878787878
results/CIN-to-OSU/repeat3-fold1/audit.json,models/tangent_pca/candidates/1/fold_auc/2,0.7090909090909091
results/CIN-to-OSU/repeat3-fold1/audit.json,models/tangent_pca/candidates/2/mean_inner_auc,0.6353535353535352
results/CIN-to-OSU/repeat3-fold1/audit.json,models/tangent_pca/candidates/2/fold_auc/0,0.40909090909090906
results/CIN-to-OSU/repeat3-fold1/audit.json,models/tangent_pca/candidates/2/fold_auc/1,0.7878787878787878
results/CIN-to-OSU/repeat3-fold1/audit.json,models/tangent_pca/candidates/2/fold_auc/2,0.7090909090909091
results/CIN-to-OSU/repeat3-fold1/audit.json,models/tangent_pca/candidates/3/mean_inner_auc,0.6181818181818182
results/CIN-to-OSU/repeat3-fold1/audit.json,models/tangent_pca/candidates/3/fold_auc/0,0.40909090909090906
results/CIN-to-OSU/repeat3-fold1/audit.json,models/tangent_pca/candidates/3/fold_auc/1,0.7727272727272727
results/CIN-to-OSU/repeat3-fold1/audit.json,models/tangent_pca/candidates/3/fold_auc/2,0.6727272727272727
results/CIN-to-OSU/repeat3-fold1/audit.json,models/tangent_pca/candidates/4/mean_inner_auc,0.7151515151515152
results/CIN-to-OSU/repeat3-fold1/audit.json,models/tangent_pca/candidates/4/fold_auc/0,0.5303030303030303
results/CIN-to-OSU/repeat3-fold1/audit.json,models/tangent_pca/candidates/4/fold_auc/1,0.8333333333333333
results/CIN-to-OSU/repeat3-fold1/audit.json,models/tangent_pca/candidates/4/fold_auc/2,0.7818181818181819
results/CIN-to-OSU/repeat3-fold1/audit.json,models/tangent_pca/candidates/5/mean_inner_auc,0.6919191919191919
results/CIN-to-OSU/repeat3-fold1/audit.json,models/tangent_pca/candidates/5/fold_auc/0,0.5303030303030303
results/CIN-to-OSU/repeat3-fold1/audit.json,models/tangent_pca/candidates/5/fold_auc/1,0.8181818181818181
results/CIN-to-OSU/repeat3-fold1/audit.json,models/tangent_pca/candidates/5/fold_auc/2,0.7272727272727273
results/CIN-to-OSU/repeat3-fold1/audit.json,models/tangent_pca/candidates/6/mean_inner_auc,0.6606060606060606
results/CIN-to-OSU/repeat3-fold1/audit.json,models/tangent_pca/candidates/6/fold_auc/0,0.5303030303030303
results/CIN-to-OSU/repeat3-fold1/audit.json,models/tangent_pca/candidates/6/fold_auc/1,0.7424242424242424
results/CIN-to-OSU/repeat3-fold1/audit.json,models/tangent_pca/candidates/6/fold_auc/2,0.7090909090909091
results/CIN-to-OSU/repeat3-fold1/audit.json,models/tangent_pca/candidates/7/mean_inner_auc,0.6464646464646465
results/CIN-to-OSU/repeat3-fold1/audit.json,models/tangent_pca/candidates/7/fold_auc/0,0.5303030303030303
results/CIN-to-OSU/repeat3-fold1/audit.json,models/tangent_pca/candidates/7/fold_auc/1,0.6818181818181819
results/CIN-to-OSU/repeat3-fold1/audit.json,models/tangent_pca/candidates/7/fold_auc/2,0.7272727272727273
results/CIN-to-OSU/repeat3-fold1/audit.json,models/tangent_pca/chosen/mean_inner_auc,0.7151515151515152
results/CIN-to-OSU/repeat3-fold1/audit.json,models/tangent_pca/chosen/fold_auc/0,0.5303030303030303
results/CIN-to-OSU/repeat3-fold1/audit.json,models/tangent_pca/chosen/fold_auc/1,0.8333333333333333
results/CIN-to-OSU/repeat3-fold1/audit.json,models/tangent_pca/chosen/fold_auc/2,0.7818181818181819
results/CIN-to-OSU/repeat3-fold1/audit.json,models/tangent_pca/threshold/min_recall,0.7058823529411765
results/CIN-to-OSU/repeat3-fold1/audit.json,models/tangent_pca/threshold/balanced_accuracy,0.7165775401069518
results/CIN-to-OSU/repeat3-fold1/audit.json,models/tangent_select/candidates/0/mean_inner_auc,0.5222222222222223
results/CIN-to-OSU/repeat3-fold1/audit.json,models/tangent_select/candidates/0/fold_auc/0,0.37878787878787873
results/CIN-to-OSU/repeat3-fold1/audit.json,models/tangent_select/candidates/0/fold_auc/1,0.6060606060606061
results/CIN-to-OSU/repeat3-fold1/audit.json,models/tangent_select/candidates/0/fold_auc/2,0.5818181818181818
results/CIN-to-OSU/repeat3-fold1/audit.json,models/tangent_select/candidates/1/mean_inner_auc,0.5212121212121211
results/CIN-to-OSU/repeat3-fold1/audit.json,models/tangent_select/candidates/1/fold_auc/0,0.37878787878787873
results/CIN-to-OSU/repeat3-fold1/audit.json,models/tangent_select/candidates/1/fold_auc/1,0.6212121212121211
results/CIN-to-OSU/repeat3-fold1/audit.json,models/tangent_select/candidates/1/fold_auc/2,0.5636363636363636
results/CIN-to-OSU/repeat3-fold1/audit.json,models/tangent_select/candidates/2/mean_inner_auc,0.5333333333333332
results/CIN-to-OSU/repeat3-fold1/audit.json,models/tangent_select/candidates/2/fold_auc/0,0.37878787878787873
results/CIN-to-OSU/repeat3-fold1/audit.json,models/tangent_select/candidates/2/fold_auc/1,0.6212121212121211
results/CIN-to-OSU/repeat3-fold1/audit.json,models/tangent_select/candidates/2/fold_auc/2,0.6
results/CIN-to-OSU/repeat3-fold1/audit.json,models/tangent_select/candidates/3/mean_inner_auc,0.5474747474747474
results/CIN-to-OSU/repeat3-fold1/audit.json,models/tangent_select/candidates/3/fold_auc/0,0.42424242424242425
results/CIN-to-OSU/repeat3-fold1/audit.json,models/tangent_select/candidates/3/fold_auc/1,0.6363636363636364
results/CIN-to-OSU/repeat3-fold1/audit.json,models/tangent_select/candidates/3/fold_auc/2,0.5818181818181818
results/CIN-to-OSU/repeat3-fold1/audit.json,models/tangent_select/candidates/4/mean_inner_auc,0.6474747474747475
results/CIN-to-OSU/repeat3-fold1/audit.json,models/tangent_select/candidates/4/fold_auc/0,0.4393939393939394
results/CIN-to-OSU/repeat3-fold1/audit.json,models/tangent_select/candidates/4/fold_auc/1,0.7575757575757576
results/CIN-to-OSU/repeat3-fold1/audit.json,models/tangent_select/candidates/4/fold_auc/2,0.7454545454545456
results/CIN-to-OSU/repeat3-fold1/audit.json,models/tangent_select/candidates/5/mean_inner_auc,0.6373737373737375
results/CIN-to-OSU/repeat3-fold1/audit.json,models/tangent_select/candidates/5/fold_auc/0,0.4393939393939394
results/CIN-to-OSU/repeat3-fold1/audit.json,models/tangent_select/candidates/5/fold_auc/1,0.7272727272727273
results/CIN-to-OSU/repeat3-fold1/audit.json,models/tangent_select/candidates/5/fold_auc/2,0.7454545454545456
results/CIN-to-OSU/repeat3-fold1/audit.json,models/tangent_select/candidates/6/mean_inner_auc,0.6323232323232323
results/CIN-to-OSU/repeat3-fold1/audit.json,models/tangent_select/candidates/6/fold_auc/0,0.4545454545454546
results/CIN-to-OSU/repeat3-fold1/audit.json,models/tangent_select/candidates/6/fold_auc/1,0.6969696969696969
results/CIN-to-OSU/repeat3-fold1/audit.json,models/tangent_select/candidates/6/fold_auc/2,0.7454545454545456
results/CIN-to-OSU/repeat3-fold1/audit.json,models/tangent_select/candidates/7/mean_inner_auc,0.6424242424242425
results/CIN-to-OSU/repeat3-fold1/audit.json,models/tangent_select/candidates/7/fold_auc/0,0.4545454545454546
results/CIN-to-OSU/repeat3-fold1/audit.json,models/tangent_select/candidates/7/fold_auc/1,0.7272727272727273
results/CIN-to-OSU/repeat3-fold1/audit.json,models/tangent_select/candidates/7/fold_auc/2,0.7454545454545456
results/CIN-to-OSU/repeat3-fold1/audit.json,models/tangent_select/chosen/mean_inner_auc,0.6474747474747475
results/CIN-to-OSU/repeat3-fold1/audit.json,models/tangent_select/chosen/fold_auc/0,0.4393939393939394
results/CIN-to-OSU/repeat3-fold1/audit.json,models/tangent_select/chosen/fold_auc/1,0.7575757575757576
results/CIN-to-OSU/repeat3-fold1/audit.json,models/tangent_select/chosen/fold_auc/2,0.7454545454545456
results/CIN-to-OSU/repeat3-fold1/audit.json,models/tangent_select/threshold/min_recall,0.5882352941176471
results/CIN-to-OSU/repeat3-fold1/audit.json,models/tangent_select/threshold/balanced_accuracy,0.6274509803921569
results/CIN-to-OSU/repeat4-fold1/audit.json,models/tangent_original/candidates/0/mean_inner_auc,0.6646464646464646
results/CIN-to-OSU/repeat4-fold1/audit.json,models/tangent_original/candidates/0/fold_auc/0,0.8181818181818181
results/CIN-to-OSU/repeat4-fold1/audit.json,models/tangent_original/candidates/0/fold_auc/1,0.5757575757575757
results/CIN-to-OSU/repeat4-fold1/audit.json,models/tangent_original/candidates/0/fold_auc/2,0.6
results/CIN-to-OSU/repeat4-fold1/audit.json,models/tangent_original/candidates/1/mean_inner_auc,0.6646464646464646
results/CIN-to-OSU/repeat4-fold1/audit.json,models/tangent_original/candidates/1/fold_auc/0,0.8181818181818181
results/CIN-to-OSU/repeat4-fold1/audit.json,models/tangent_original/candidates/1/fold_auc/1,0.5757575757575757
results/CIN-to-OSU/repeat4-fold1/audit.json,models/tangent_original/candidates/1/fold_auc/2,0.6
results/CIN-to-OSU/repeat4-fold1/audit.json,models/tangent_original/candidates/2/mean_inner_auc,0.6646464646464646
results/CIN-to-OSU/repeat4-fold1/audit.json,models/tangent_original/candidates/2/fold_auc/0,0.8181818181818181
results/CIN-to-OSU/repeat4-fold1/audit.json,models/tangent_original/candidates/2/fold_auc/1,0.5757575757575757
results/CIN-to-OSU/repeat4-fold1/audit.json,models/tangent_original/candidates/2/fold_auc/2,0.6
results/CIN-to-OSU/repeat4-fold1/audit.json,models/tangent_original/candidates/3/mean_inner_auc,0.6646464646464646
results/CIN-to-OSU/repeat4-fold1/audit.json,models/tangent_original/candidates/3/fold_auc/0,0.8181818181818181
results/CIN-to-OSU/repeat4-fold1/audit.json,models/tangent_original/candidates/3/fold_auc/1,0.5757575757575757
results/CIN-to-OSU/repeat4-fold1/audit.json,models/tangent_original/candidates/3/fold_auc/2,0.6
results/CIN-to-OSU/repeat4-fold1/audit.json,models/tangent_original/chosen/mean_inner_auc,0.6646464646464646
results/CIN-to-OSU/repeat4-fold1/audit.json,models/tangent_original/chosen/fold_auc/0,0.8181818181818181
results/CIN-to-OSU/repeat4-fold1/audit.json,models/tangent_original/chosen/fold_auc/1,0.5757575757575757
results/CIN-to-OSU/repeat4-fold1/audit.json,models/tangent_original/chosen/fold_auc/2,0.6
results/CIN-to-OSU/repeat4-fold1/audit.json,models/tangent_original/threshold/min_recall,0.6060606060606061
results/CIN-to-OSU/repeat4-fold1/audit.json,models/tangent_original/threshold/balanced_accuracy,0.6265597147950089
results/CIN-to-OSU/repeat4-fold1/audit.json,models/tangent_center/candidates/0/mean_inner_auc,0.7090909090909091
results/CIN-to-OSU/repeat4-fold1/audit.json,models/tangent_center/candidates/0/fold_auc/0,0.8333333333333334
results/CIN-to-OSU/repeat4-fold1/audit.json,models/tangent_center/candidates/0/fold_auc/1,0.6212121212121212
results/CIN-to-OSU/repeat4-fold1/audit.json,models/tangent_center/candidates/0/fold_auc/2,0.6727272727272727
results/CIN-to-OSU/repeat4-fold1/audit.json,models/tangent_center/candidates/1/mean_inner_auc,0.7090909090909091
results/CIN-to-OSU/repeat4-fold1/audit.json,models/tangent_center/candidates/1/fold_auc/0,0.8333333333333334
results/CIN-to-OSU/repeat4-fold1/audit.json,models/tangent_center/candidates/1/fold_auc/1,0.6212121212121212
results/CIN-to-OSU/repeat4-fold1/audit.json,models/tangent_center/candidates/1/fold_auc/2,0.6727272727272727
results/CIN-to-OSU/repeat4-fold1/audit.json,models/tangent_center/candidates/2/mean_inner_auc,0.7090909090909091
results/CIN-to-OSU/repeat4-fold1/audit.json,models/tangent_center/candidates/2/fold_auc/0,0.8333333333333334
results/CIN-to-OSU/repeat4-fold1/audit.json,models/tangent_center/candidates/2/fold_auc/1,0.6212121212121212
results/CIN-to-OSU/repeat4-fold1/audit.json,models/tangent_center/candidates/2/fold_auc/2,0.6727272727272727
results/CIN-to-OSU/repeat4-fold1/audit.json,models/tangent_center/candidates/3/mean_inner_auc,0.7030303030303031
results/CIN-to-OSU/repeat4-fold1/audit.json,models/tangent_center/candidates/3/fold_auc/0,0.8484848484848485
results/CIN-to-OSU/repeat4-fold1/audit.json,models/tangent_center/candidates/3/fold_auc/1,0.606060606060606
results/CIN-to-OSU/repeat4-fold1/audit.json,models/tangent_center/candidates/3/fold_auc/2,0.6545454545454545
results/CIN-to-OSU/repeat4-fold1/audit.json,models/tangent_center/chosen/mean_inner_auc,0.7090909090909091
results/CIN-to-OSU/repeat4-fold1/audit.json,models/tangent_center/chosen/fold_auc/0,0.8333333333333334
results/CIN-to-OSU/repeat4-fold1/audit.json,models/tangent_center/chosen/fold_auc/1,0.6212121212121212
results/CIN-to-OSU/repeat4-fold1/audit.json,models/tangent_center/chosen/fold_auc/2,0.6727272727272727
results/CIN-to-OSU/repeat4-fold1/audit.json,models/tangent_center/threshold/min_recall,0.5882352941176471
results/CIN-to-OSU/repeat4-fold1/audit.json,models/tangent_center/threshold/balanced_accuracy,0.6122994652406417
results/CIN-to-OSU/repeat4-fold1/audit.json,models/tangent_pca/candidates/0/mean_inner_auc,0.6
results/CIN-to-OSU/repeat4-fold1/audit.json,models/tangent_pca/candidates/0/fold_auc/0,0.7272727272727272
results/CIN-to-OSU/repeat4-fold1/audit.json,models/tangent_pca/candidates/0/fold_auc/1,0.5454545454545454
results/CIN-to-OSU/repeat4-fold1/audit.json,models/tangent_pca/candidates/0/fold_auc/2,0.5272727272727273
results/CIN-to-OSU/repeat4-fold1/audit.json,models/tangent_pca/candidates/1/mean_inner_auc,0.606060606060606
results/CIN-to-OSU/repeat4-fold1/audit.json,models/tangent_pca/candidates/1/fold_auc/0,0.7272727272727272
results/CIN-to-OSU/repeat4-fold1/audit.json,models/tangent_pca/candidates/1/fold_auc/1,0.5454545454545454
results/CIN-to-OSU/repeat4-fold1/audit.json,models/tangent_pca/candidates/1/fold_auc/2,0.5454545454545455
results/CIN-to-OSU/repeat4-fold1/audit.json,models/tangent_pca/candidates/2/mean_inner_auc,0.594949494949495
results/CIN-to-OSU/repeat4-fold1/audit.json,models/tangent_pca/candidates/2/fold_auc/0,0.696969696969697
results/CIN-to-OSU/repeat4-fold1/audit.json,models/tangent_pca/candidates/2/fold_auc/1,0.5606060606060607
results/CIN-to-OSU/repeat4-fold1/audit.json,models/tangent_pca/candidates/2/fold_auc/2,0.5272727272727273
results/CIN-to-OSU/repeat4-fold1/audit.json,models/tangent_pca/candidates/3/mean_inner_auc,0.5727272727272728
results/CIN-to-OSU/repeat4-fold1/audit.json,models/tangent_pca/candidates/3/fold_auc/0,0.6818181818181819
results/CIN-to-OSU/repeat4-fold1/audit.json,models/tangent_pca/candidates/3/fold_auc/1,0.5454545454545454
results/CIN-to-OSU/repeat4-fold1/audit.json,models/tangent_pca/candidates/3/fold_auc/2,0.49090909090909085
results/CIN-to-OSU/repeat4-fold1/audit.json,models/tangent_pca/candidates/4/mean_inner_auc,0.5868686868686868
results/CIN-to-OSU/repeat4-fold1/audit.json,models/tangent_pca/candidates/4/fold_auc/0,0.7272727272727272
results/CIN-to-OSU/repeat4-fold1/audit.json,models/tangent_pca/candidates/4/fold_auc/1,0.5606060606060606
results/CIN-to-OSU/repeat4-fold1/audit.json,models/tangent_pca/candidates/4/fold_auc/2,0.4727272727272728
results/CIN-to-OSU/repeat4-fold1/audit.json,models/tangent_pca/candidates/5/mean_inner_auc,0.5888888888888888
results/CIN-to-OSU/repeat4-fold1/audit.json,models/tangent_pca/candidates/5/fold_auc/0,0.712121212121212
results/CIN-to-OSU/repeat4-fold1/audit.json,models/tangent_pca/candidates/5/fold_auc/1,0.5454545454545454
results/CIN-to-OSU/repeat4-fold1/audit.json,models/tangent_pca/candidates/5/fold_auc/2,0.509090909090909
results/CIN-to-OSU/repeat4-fold1/audit.json,models/tangent_pca/candidates/6/mean_inner_auc,0.5939393939393939
results/CIN-to-OSU/repeat4-fold1/audit.json,models/tangent_pca/candidates/6/fold_auc/0,0.6969696969696969
results/CIN-to-OSU/repeat4-fold1/audit.json,models/tangent_pca/candidates/6/fold_auc/1,0.5757575757575757
results/CIN-to-OSU/repeat4-fold1/audit.json,models/tangent_pca/candidates/6/fold_auc/2,0.509090909090909
results/CIN-to-OSU/repeat4-fold1/audit.json,models/tangent_pca/candidates/7/mean_inner_auc,0.5757575757575758
results/CIN-to-OSU/repeat4-fold1/audit.json,models/tangent_pca/candidates/7/fold_auc/0,0.696969696969697
results/CIN-to-OSU/repeat4-fold1/audit.json,models/tangent_pca/candidates/7/fold_auc/1,0.5757575757575757
results/CIN-to-OSU/repeat4-fold1/audit.json,models/tangent_pca/candidates/7/fold_auc/2,0.4545454545454546
results/CIN-to-OSU/repeat4-fold1/audit.json,models/tangent_pca/chosen/mean_inner_auc,0.606060606060606
results/CIN-to-OSU/repeat4-fold1/audit.json,models/tangent_pca/chosen/fold_auc/0,0.7272727272727272
results/CIN-to-OSU/repeat4-fold1/audit.json,models/tangent_pca/chosen/fold_auc/1,0.5454545454545454
results/CIN-to-OSU/repeat4-fold1/audit.json,models/tangent_pca/chosen/fold_auc/2,0.5454545454545455
results/CIN-to-OSU/repeat4-fold1/audit.json,models/tangent_pca/threshold/min_recall,0.5757575757575758
results/CIN-to-OSU/repeat4-fold1/audit.json,models/tangent_pca/threshold/balanced_accuracy,0.5819964349376114
results/CIN-to-OSU/repeat4-fold1/audit.json,models/tangent_select/candidates/0/mean_inner_auc,0.4252525252525252
results/CIN-to-OSU/repeat4-fold1/audit.json,models/tangent_select/candidates/0/fold_auc/0,0.5909090909090908
results/CIN-to-OSU/repeat4-fold1/audit.json,models/tangent_select/candidates/0/fold_auc/1,0.3939393939393939
results/CIN-to-OSU/repeat4-fold1/audit.json,models/tangent_select/candidates/0/fold_auc/2,0.2909090909090909
results/CIN-to-OSU/repeat4-fold1/audit.json,models/tangent_select/candidates/1/mean_inner_auc,0.4202020202020202
results/CIN-to-OSU/repeat4-fold1/audit.json,models/tangent_select/candidates/1/fold_auc/0,0.5757575757575757
results/CIN-to-OSU/repeat4-fold1/audit.json,models/tangent_select/candidates/1/fold_auc/1,0.3939393939393939
results/CIN-to-OSU/repeat4-fold1/audit.json,models/tangent_select/candidates/1/fold_auc/2,0.2909090909090909
results/CIN-to-OSU/repeat4-fold1/audit.json,models/tangent_select/candidates/2/mean_inner_auc,0.37878787878787884
results/CIN-to-OSU/repeat4-fold1/audit.json,models/tangent_select/candidates/2/fold_auc/0,0.48484848484848486
results/CIN-to-OSU/repeat4-fold1/audit.json,models/tangent_select/candidates/2/fold_auc/1,0.3787878787878788
results/CIN-to-OSU/repeat4-fold1/audit.json,models/tangent_select/candidates/2/fold_auc/2,0.27272727272727276
results/CIN-to-OSU/repeat4-fold1/audit.json,models/tangent_select/candidates/3/mean_inner_auc,0.37373737373737376
results/CIN-to-OSU/repeat4-fold1/audit.json,models/tangent_select/candidates/3/fold_auc/0,0.4696969696969697
results/CIN-to-OSU/repeat4-fold1/audit.json,models/tangent_select/candidates/3/fold_auc/1,0.3787878787878788
results/CIN-to-OSU/repeat4-fold1/audit.json,models/tangent_select/candidates/3/fold_auc/2,0.27272727272727276
results/CIN-to-OSU/repeat4-fold1/audit.json,models/tangent_select/candidates/4/mean_inner_auc,0.5393939393939394
results/CIN-to-OSU/repeat4-fold1/audit.json,models/tangent_select/candidates/4/fold_auc/0,0.7424242424242424
results/CIN-to-OSU/repeat4-fold1/audit.json,models/tangent_select/candidates/4/fold_auc/1,0.3484848484848485
results/CIN-to-OSU/repeat4-fold1/audit.json,models/tangent_select/candidates/4/fold_auc/2,0.5272727272727273
results/CIN-to-OSU/repeat4-fold1/audit.json,models/tangent_select/candidates/5/mean_inner_auc,0.5282828282828282
results/CIN-to-OSU/repeat4-fold1/audit.json,models/tangent_select/candidates/5/fold_auc/0,0.7121212121212122
results/CIN-to-OSU/repeat4-fold1/audit.json,models/tangent_select/candidates/5/fold_auc/1,0.36363636363636365
results/CIN-to-OSU/repeat4-fold1/audit.json,models/tangent_select/candidates/5/fold_auc/2,0.509090909090909
results/CIN-to-OSU/repeat4-fold1/audit.json,models/tangent_select/candidates/6/mean_inner_auc,0.5242424242424243
results/CIN-to-OSU/repeat4-fold1/audit.json,models/tangent_select/candidates/6/fold_auc/0,0.6818181818181818
results/CIN-to-OSU/repeat4-fold1/audit.json,models/tangent_select/candidates/6/fold_auc/1,0.36363636363636365
results/CIN-to-OSU/repeat4-fold1/audit.json,models/tangent_select/candidates/6/fold_auc/2,0.5272727272727272
results/CIN-to-OSU/repeat4-fold1/audit.json,models/tangent_select/candidates/7/mean_inner_auc,0.5343434343434343
results/CIN-to-OSU/repeat4-fold1/audit.json,models/tangent_select/candidates/7/fold_auc/0,0.696969696969697
results/CIN-to-OSU/repeat4-fold1/audit.json,models/tangent_select/candidates/7/fold_auc/1,0.3787878787878788
results/CIN-to-OSU/repeat4-fold1/audit.json,models/tangent_select/candidates/7/fold_auc/2,0.5272727272727272
results/CIN-to-OSU/repeat4-fold1/audit.json,models/tangent_select/chosen/mean_inner_auc,0.5393939393939394
results/CIN-to-OSU/repeat4-fold1/audit.json,models/tangent_select/chosen/fold_auc/0,0.7424242424242424
results/CIN-to-OSU/repeat4-fold1/audit.json,models/tangent_select/chosen/fold_auc/1,0.3484848484848485
results/CIN-to-OSU/repeat4-fold1/audit.json,models/tangent_select/chosen/fold_auc/2,0.5272727272727273
results/CIN-to-OSU/repeat4-fold1/audit.json,models/tangent_select/threshold/min_recall,0.5294117647058824
results/CIN-to-OSU/repeat4-fold1/audit.json,models/tangent_select/threshold/balanced_accuracy,0.5525846702317291
results/CIN-to-OSU/repeat5-fold1/audit.json,models/tangent_original/candidates/0/mean_inner_auc,0.7303030303030303
results/CIN-to-OSU/repeat5-fold1/audit.json,models/tangent_original/candidates/0/fold_auc/0,0.8636363636363636
results/CIN-to-OSU/repeat5-fold1/audit.json,models/tangent_original/candidates/0/fold_auc/1,0.7272727272727273
results/CIN-to-OSU/repeat5-fold1/audit.json,models/tangent_original/candidates/0/fold_auc/2,0.6000000000000001
results/CIN-to-OSU/repeat5-fold1/audit.json,models/tangent_original/candidates/1/mean_inner_auc,0.7262626262626263
results/CIN-to-OSU/repeat5-fold1/audit.json,models/tangent_original/candidates/1/fold_auc/0,0.8333333333333334
results/CIN-to-OSU/repeat5-fold1/audit.json,models/tangent_original/candidates/1/fold_auc/1,0.7272727272727273
results/CIN-to-OSU/repeat5-fold1/audit.json,models/tangent_original/candidates/1/fold_auc/2,0.6181818181818183
results/CIN-to-OSU/repeat5-fold1/audit.json,models/tangent_original/candidates/2/mean_inner_auc,0.7252525252525253
results/CIN-to-OSU/repeat5-fold1/audit.json,models/tangent_original/candidates/2/fold_auc/0,0.8484848484848485
results/CIN-to-OSU/repeat5-fold1/audit.json,models/tangent_original/candidates/2/fold_auc/1,0.7272727272727273
results/CIN-to-OSU/repeat5-fold1/audit.json,models/tangent_original/candidates/2/fold_auc/2,0.6
results/CIN-to-OSU/repeat5-fold1/audit.json,models/tangent_original/candidates/3/mean_inner_auc,0.7252525252525253
results/CIN-to-OSU/repeat5-fold1/audit.json,models/tangent_original/candidates/3/fold_auc/0,0.8484848484848485
results/CIN-to-OSU/repeat5-fold1/audit.json,models/tangent_original/candidates/3/fold_auc/1,0.7272727272727273
results/CIN-to-OSU/repeat5-fold1/audit.json,models/tangent_original/candidates/3/fold_auc/2,0.6
results/CIN-to-OSU/repeat5-fold1/audit.json,models/tangent_original/chosen/mean_inner_auc,0.7303030303030303
results/CIN-to-OSU/repeat5-fold1/audit.json,models/tangent_original/chosen/fold_auc/0,0.8636363636363636
results/CIN-to-OSU/repeat5-fold1/audit.json,models/tangent_original/chosen/fold_auc/1,0.7272727272727273
results/CIN-to-OSU/repeat5-fold1/audit.json,models/tangent_original/chosen/fold_auc/2,0.6000000000000001
results/CIN-to-OSU/repeat5-fold1/audit.json,models/tangent_original/threshold/min_recall,0.7272727272727273
results/CIN-to-OSU/repeat5-fold1/audit.json,models/tangent_original/threshold/balanced_accuracy,0.7459893048128342
results/CIN-to-OSU/repeat5-fold1/audit.json,models/tangent_center/candidates/0/mean_inner_auc,0.7656565656565656
results/CIN-to-OSU/repeat5-fold1/audit.json,models/tangent_center/candidates/0/fold_auc/0,0.8636363636363636
results/CIN-to-OSU/repeat5-fold1/audit.json,models/tangent_center/candidates/0/fold_auc/1,0.8333333333333334
results/CIN-to-OSU/repeat5-fold1/audit.json,models/tangent_center/candidates/0/fold_auc/2,0.6000000000000001
results/CIN-to-OSU/repeat5-fold1/audit.json,models/tangent_center/candidates/1/mean_inner_auc,0.7717171717171718
results/CIN-to-OSU/repeat5-fold1/audit.json,models/tangent_center/candidates/1/fold_auc/0,0.8636363636363636
results/CIN-to-OSU/repeat5-fold1/audit.json,models/tangent_center/candidates/1/fold_auc/1,0.8333333333333334
results/CIN-to-OSU/repeat5-fold1/audit.json,models/tangent_center/candidates/1/fold_auc/2,0.6181818181818183
results/CIN-to-OSU/repeat5-fold1/audit.json,models/tangent_center/candidates/2/mean_inner_auc,0.7616161616161617
results/CIN-to-OSU/repeat5-fold1/audit.json,models/tangent_center/candidates/2/fold_auc/0,0.8484848484848485
results/CIN-to-OSU/repeat5-fold1/audit.json,models/tangent_center/candidates/2/fold_auc/1,0.8181818181818182
results/CIN-to-OSU/repeat5-fold1/audit.json,models/tangent_center/candidates/2/fold_auc/2,0.6181818181818183
results/CIN-to-OSU/repeat5-fold1/audit.json,models/tangent_center/candidates/3/mean_inner_auc,0.7686868686868688
results/CIN-to-OSU/repeat5-fold1/audit.json,models/tangent_center/candidates/3/fold_auc/0,0.8484848484848485
results/CIN-to-OSU/repeat5-fold1/audit.json,models/tangent_center/candidates/3/fold_auc/1,0.803030303030303
results/CIN-to-OSU/repeat5-fold1/audit.json,models/tangent_center/candidates/3/fold_auc/2,0.6545454545454547
results/CIN-to-OSU/repeat5-fold1/audit.json,models/tangent_center/chosen/mean_inner_auc,0.7717171717171718
results/CIN-to-OSU/repeat5-fold1/audit.json,models/tangent_center/chosen/fold_auc/0,0.8636363636363636
results/CIN-to-OSU/repeat5-fold1/audit.json,models/tangent_center/chosen/fold_auc/1,0.8333333333333334
results/CIN-to-OSU/repeat5-fold1/audit.json,models/tangent_center/chosen/fold_auc/2,0.6181818181818183
results/CIN-to-OSU/repeat5-fold1/audit.json,models/tangent_center/threshold/min_recall,0.696969696969697
results/CIN-to-OSU/repeat5-fold1/audit.json,models/tangent_center/threshold/balanced_accuracy,0.7602495543672014
results/CIN-to-OSU/repeat5-fold1/audit.json,models/tangent_pca/candidates/0/mean_inner_auc,0.7707070707070707
results/CIN-to-OSU/repeat5-fold1/audit.json,models/tangent_pca/candidates/0/fold_auc/0,0.9090909090909091
results/CIN-to-OSU/repeat5-fold1/audit.json,models/tangent_pca/candidates/0/fold_auc/1,0.803030303030303
results/CIN-to-OSU/repeat5-fold1/audit.json,models/tangent_pca/candidates/0/fold_auc/2,0.6000000000000001
results/CIN-to-OSU/repeat5-fold1/audit.json,models/tangent_pca/candidates/1/mean_inner_auc,0.7444444444444445
results/CIN-to-OSU/repeat5-fold1/audit.json,models/tangent_pca/candidates/1/fold_auc/0,0.8787878787878788
results/CIN-to-OSU/repeat5-fold1/audit.json,models/tangent_pca/candidates/1/fold_auc/1,0.7727272727272727
results/CIN-to-OSU/repeat5-fold1/audit.json,models/tangent_pca/candidates/1/fold_auc/2,0.5818181818181819
results/CIN-to-OSU/repeat5-fold1/audit.json,models/tangent_pca/candidates/2/mean_inner_auc,0.7292929292929293
results/CIN-to-OSU/repeat5-fold1/audit.json,models/tangent_pca/candidates/2/fold_auc/0,0.8636363636363635
results/CIN-to-OSU/repeat5-fold1/audit.json,models/tangent_pca/candidates/2/fold_auc/1,0.7424242424242423
results/CIN-to-OSU/repeat5-fold1/audit.json,models/tangent_pca/candidates/2/fold_auc/2,0.5818181818181819
results/CIN-to-OSU/repeat5-fold1/audit.json,models/tangent_pca/candidates/3/mean_inner_auc,0.7303030303030303
results/CIN-to-OSU/repeat5-fold1/audit.json,models/tangent_pca/candidates/3/fold_auc/0,0.8636363636363635
results/CIN-to-OSU/repeat5-fold1/audit.json,models/tangent_pca/candidates/3/fold_auc/1,0.7272727272727273
results/CIN-to-OSU/repeat5-fold1/audit.json,models/tangent_pca/candidates/3/fold_auc/2,0.6000000000000001
results/CIN-to-OSU/repeat5-fold1/audit.json,models/tangent_pca/candidates/4/mean_inner_auc,0.6939393939393939
results/CIN-to-OSU/repeat5-fold1/audit.json,models/tangent_pca/candidates/4/fold_auc/0,0.8181818181818181
results/CIN-to-OSU/repeat5-fold1/audit.json,models/tangent_pca/candidates/4/fold_auc/1,0.7727272727272726
results/CIN-to-OSU/repeat5-fold1/audit.json,models/tangent_pca/candidates/4/fold_auc/2,0.49090909090909085
results/CIN-to-OSU/repeat5-fold1/audit.json,models/tangent_pca/candidates/5/mean_inner_auc,0.6404040404040404
results/CIN-to-OSU/repeat5-fold1/audit.json,models/tangent_pca/candidates/5/fold_auc/0,0.803030303030303
results/CIN-to-OSU/repeat5-fold1/audit.json,models/tangent_pca/candidates/5/fold_auc/1,0.6818181818181818
results/CIN-to-OSU/repeat5-fold1/audit.json,models/tangent_pca/candidates/5/fold_auc/2,0.4363636363636364
results/CIN-to-OSU/repeat5-fold1/audit.json,models/tangent_pca/candidates/6/mean_inner_auc,0.5818181818181818
results/CIN-to-OSU/repeat5-fold1/audit.json,models/tangent_pca/candidates/6/fold_auc/0,0.803030303030303
results/CIN-to-OSU/repeat5-fold1/audit.json,models/tangent_pca/candidates/6/fold_auc/1,0.5606060606060606
results/CIN-to-OSU/repeat5-fold1/audit.json,models/tangent_pca/candidates/6/fold_auc/2,0.3818181818181819
results/CIN-to-OSU/repeat5-fold1/audit.json,models/tangent_pca/candidates/7/mean_inner_auc,0.5818181818181818
results/CIN-to-OSU/repeat5-fold1/audit.json,models/tangent_pca/candidates/7/fold_auc/0,0.803030303030303
results/CIN-to-OSU/repeat5-fold1/audit.json,models/tangent_pca/candidates/7/fold_auc/1,0.5606060606060606
results/CIN-to-OSU/repeat5-fold1/audit.json,models/tangent_pca/candidates/7/fold_auc/2,0.3818181818181819
results/CIN-to-OSU/repeat5-fold1/audit.json,models/tangent_pca/chosen/mean_inner_auc,0.7707070707070707
results/CIN-to-OSU/repeat5-fold1/audit.json,models/tangent_pca/chosen/fold_auc/0,0.9090909090909091
results/CIN-to-OSU/repeat5-fold1/audit.json,models/tangent_pca/chosen/fold_auc/1,0.803030303030303
results/CIN-to-OSU/repeat5-fold1/audit.json,models/tangent_pca/chosen/fold_auc/2,0.6000000000000001
results/CIN-to-OSU/repeat5-fold1/audit.json,models/tangent_pca/threshold/min_recall,0.7272727272727273
results/CIN-to-OSU/repeat5-fold1/audit.json,models/tangent_pca/threshold/balanced_accuracy,0.7459893048128342
results/CIN-to-OSU/repeat5-fold1/audit.json,models/tangent_select/candidates/0/mean_inner_auc,0.5474747474747474
results/CIN-to-OSU/repeat5-fold1/audit.json,models/tangent_select/candidates/0/fold_auc/0,0.5303030303030303
results/CIN-to-OSU/repeat5-fold1/audit.json,models/tangent_select/candidates/0/fold_auc/1,0.6212121212121212
results/CIN-to-OSU/repeat5-fold1/audit.json,models/tangent_select/candidates/0/fold_auc/2,0.49090909090909096
results/CIN-to-OSU/repeat5-fold1/audit.json,models/tangent_select/candidates/1/mean_inner_auc,0.5373737373737374
results/CIN-to-OSU/repeat5-fold1/audit.json,models/tangent_select/candidates/1/fold_auc/0,0.5151515151515151
results/CIN-to-OSU/repeat5-fold1/audit.json,models/tangent_select/candidates/1/fold_auc/1,0.6060606060606061
results/CIN-to-OSU/repeat5-fold1/audit.json,models/tangent_select/candidates/1/fold_auc/2,0.49090909090909096
results/CIN-to-OSU/repeat5-fold1/audit.json,models/tangent_select/candidates/2/mean_inner_auc,0.5161616161616162
results/CIN-to-OSU/repeat5-fold1/audit.json,models/tangent_select/candidates/2/fold_auc/0,0.5151515151515151
results/CIN-to-OSU/repeat5-fold1/audit.json,models/tangent_select/candidates/2/fold_auc/1,0.5606060606060607
results/CIN-to-OSU/repeat5-fold1/audit.json,models/tangent_select/candidates/2/fold_auc/2,0.47272727272727283
results/CIN-to-OSU/repeat5-fold1/audit.json,models/tangent_select/candidates/3/mean_inner_auc,0.5070707070707071
results/CIN-to-OSU/repeat5-fold1/audit.json,models/tangent_select/candidates/3/fold_auc/0,0.48484848484848486
results/CIN-to-OSU/repeat5-fold1/audit.json,models/tangent_select/candidates/3/fold_auc/1,0.5454545454545455
results/CIN-to-OSU/repeat5-fold1/audit.json,models/tangent_select/candidates/3/fold_auc/2,0.49090909090909096
results/CIN-to-OSU/repeat5-fold1/audit.json,models/tangent_select/candidates/4/mean_inner_auc,0.6616161616161617
results/CIN-to-OSU/repeat5-fold1/audit.json,models/tangent_select/candidates/4/fold_auc/0,0.7575757575757576
results/CIN-to-OSU/repeat5-fold1/audit.json,models/tangent_select/candidates/4/fold_auc/1,0.6818181818181818
results/CIN-to-OSU/repeat5-fold1/audit.json,models/tangent_select/candidates/4/fold_auc/2,0.5454545454545455
results/CIN-to-OSU/repeat5-fold1/audit.json,models/tangent_select/candidates/5/mean_inner_auc,0.6454545454545455
results/CIN-to-OSU/repeat5-fold1/audit.json,models/tangent_select/candidates/5/fold_auc/0,0.7424242424242424
results/CIN-to-OSU/repeat5-fold1/audit.json,models/tangent_select/candidates/5/fold_auc/1,0.6666666666666666
results/CIN-to-OSU/repeat5-fold1/audit.json,models/tangent_select/candidates/5/fold_auc/2,0.5272727272727273
results/CIN-to-OSU/repeat5-fold1/audit.json,models/tangent_select/candidates/6/mean_inner_auc,0.6282828282828283
results/CIN-to-OSU/repeat5-fold1/audit.json,models/tangent_select/candidates/6/fold_auc/0,0.7424242424242424
results/CIN-to-OSU/repeat5-fold1/audit.json,models/tangent_select/candidates/6/fold_auc/1,0.6515151515151515
results/CIN-to-OSU/repeat5-fold1/audit.json,models/tangent_select/candidates/6/fold_auc/2,0.49090909090909096
results/CIN-to-OSU/repeat5-fold1/audit.json,models/tangent_select/candidates/7/mean_inner_auc,0.6272727272727273
results/CIN-to-OSU/repeat5-fold1/audit.json,models/tangent_select/candidates/7/fold_auc/0,0.7424242424242424
results/CIN-to-OSU/repeat5-fold1/audit.json,models/tangent_select/candidates/7/fold_auc/1,0.6666666666666666
results/CIN-to-OSU/repeat5-fold1/audit.json,models/tangent_select/candidates/7/fold_auc/2,0.4727272727272728
results/CIN-to-OSU/repeat5-fold1/audit.json,models/tangent_select/chosen/mean_inner_auc,0.6616161616161617
results/CIN-to-OSU/repeat5-fold1/audit.json,models/tangent_select/chosen/fold_auc/0,0.7575757575757576
results/CIN-to-OSU/repeat5-fold1/audit.json,models/tangent_select/chosen/fold_auc/1,0.6818181818181818
results/CIN-to-OSU/repeat5-fold1/audit.json,models/tangent_select/chosen/fold_auc/2,0.5454545454545455
results/CIN-to-OSU/repeat5-fold1/audit.json,models/tangent_select/threshold/min_recall,0.6363636363636364
results/CIN-to-OSU/repeat5-fold1/audit.json,models/tangent_select/threshold/balanced_accuracy,0.6417112299465241
results/OSU-to-CIN/repeat1-fold1/audit.json,models/tangent_original/candidates/0/mean_inner_auc,0.800705467372134
results/OSU-to-CIN/repeat1-fold1/audit.json,models/tangent_original/candidates/0/fold_auc/0,0.8095238095238095
results/OSU-to-CIN/repeat1-fold1/audit.json,models/tangent_original/candidates/0/fold_auc/1,0.7222222222222222
results/OSU-to-CIN/repeat1-fold1/audit.json,models/tangent_original/candidates/0/fold_auc/2,0.8703703703703703
results/OSU-to-CIN/repeat1-fold1/audit.json,models/tangent_original/candidates/1/mean_inner_auc,0.8174603174603173
results/OSU-to-CIN/repeat1-fold1/audit.json,models/tangent_original/candidates/1/fold_auc/0,0.8412698412698412
results/OSU-to-CIN/repeat1-fold1/audit.json,models/tangent_original/candidates/1/fold_auc/1,0.7222222222222222
results/OSU-to-CIN/repeat1-fold1/audit.json,models/tangent_original/candidates/1/fold_auc/2,0.888888888888889
results/OSU-to-CIN/repeat1-fold1/audit.json,models/tangent_original/candidates/2/mean_inner_auc,0.8236331569664902
results/OSU-to-CIN/repeat1-fold1/audit.json,models/tangent_original/candidates/2/fold_auc/0,0.8412698412698412
results/OSU-to-CIN/repeat1-fold1/audit.json,models/tangent_original/candidates/2/fold_auc/1,0.7407407407407408
results/OSU-to-CIN/repeat1-fold1/audit.json,models/tangent_original/candidates/2/fold_auc/2,0.888888888888889
results/OSU-to-CIN/repeat1-fold1/audit.json,models/tangent_original/candidates/3/mean_inner_auc,0.8183421516754851
results/OSU-to-CIN/repeat1-fold1/audit.json,models/tangent_original/candidates/3/fold_auc/0,0.8253968253968255
results/OSU-to-CIN/repeat1-fold1/audit.json,models/tangent_original/candidates/3/fold_auc/1,0.7407407407407408
results/OSU-to-CIN/repeat1-fold1/audit.json,models/tangent_original/candidates/3/fold_auc/2,0.888888888888889
results/OSU-to-CIN/repeat1-fold1/audit.json,models/tangent_original/chosen/mean_inner_auc,0.8236331569664902
results/OSU-to-CIN/repeat1-fold1/audit.json,models/tangent_original/chosen/fold_auc/0,0.8412698412698412
results/OSU-to-CIN/repeat1-fold1/audit.json,models/tangent_original/chosen/fold_auc/1,0.7407407407407408
results/OSU-to-CIN/repeat1-fold1/audit.json,models/tangent_original/chosen/fold_auc/2,0.888888888888889
results/OSU-to-CIN/repeat1-fold1/audit.json,models/tangent_original/threshold/min_recall,0.7407407407407407
results/OSU-to-CIN/repeat1-fold1/audit.json,models/tangent_original/threshold/balanced_accuracy,0.7914230019493177
results/OSU-to-CIN/repeat1-fold1/audit.json,models/tangent_center/candidates/0/mean_inner_auc,0.8271604938271606
results/OSU-to-CIN/repeat1-fold1/audit.json,models/tangent_center/candidates/0/fold_auc/0,0.7777777777777778
results/OSU-to-CIN/repeat1-fold1/audit.json,models/tangent_center/candidates/0/fold_auc/1,0.8333333333333334
results/OSU-to-CIN/repeat1-fold1/audit.json,models/tangent_center/candidates/0/fold_auc/2,0.8703703703703705
results/OSU-to-CIN/repeat1-fold1/audit.json,models/tangent_center/candidates/1/mean_inner_auc,0.8324514991181658
results/OSU-to-CIN/repeat1-fold1/audit.json,models/tangent_center/candidates/1/fold_auc/0,0.7936507936507936
results/OSU-to-CIN/repeat1-fold1/audit.json,models/tangent_center/candidates/1/fold_auc/1,0.8333333333333334
results/OSU-to-CIN/repeat1-fold1/audit.json,models/tangent_center/candidates/1/fold_auc/2,0.8703703703703705
results/OSU-to-CIN/repeat1-fold1/audit.json,models/tangent_center/candidates/2/mean_inner_auc,0.8439153439153438
results/OSU-to-CIN/repeat1-fold1/audit.json,models/tangent_center/candidates/2/fold_auc/0,0.8095238095238095
results/OSU-to-CIN/repeat1-fold1/audit.json,models/tangent_center/candidates/2/fold_auc/1,0.8148148148148149
results/OSU-to-CIN/repeat1-fold1/audit.json,models/tangent_center/candidates/2/fold_auc/2,0.9074074074074074
results/OSU-to-CIN/repeat1-fold1/audit.json,models/tangent_center/candidates/3/mean_inner_auc,0.8500881834215167
results/OSU-to-CIN/repeat1-fold1/audit.json,models/tangent_center/candidates/3/fold_auc/0,0.8095238095238095
results/OSU-to-CIN/repeat1-fold1/audit.json,models/tangent_center/candidates/3/fold_auc/1,0.8148148148148149
results/OSU-to-CIN/repeat1-fold1/audit.json,models/tangent_center/candidates/3/fold_auc/2,0.9259259259259259
results/OSU-to-CIN/repeat1-fold1/audit.json,models/tangent_center/chosen/mean_inner_auc,0.8500881834215167
results/OSU-to-CIN/repeat1-fold1/audit.json,models/tangent_center/chosen/fold_auc/0,0.8095238095238095
results/OSU-to-CIN/repeat1-fold1/audit.json,models/tangent_center/chosen/fold_auc/1,0.8148148148148149
results/OSU-to-CIN/repeat1-fold1/audit.json,models/tangent_center/chosen/fold_auc/2,0.9259259259259259
results/OSU-to-CIN/repeat1-fold1/audit.json,models/tangent_center/threshold/min_recall,0.7407407407407407
results/OSU-to-CIN/repeat1-fold1/audit.json,models/tangent_center/threshold/balanced_accuracy,0.7914230019493177
results/OSU-to-CIN/repeat1-fold1/audit.json,models/tangent_pca/candidates/0/mean_inner_auc,0.7001763668430335
results/OSU-to-CIN/repeat1-fold1/audit.json,models/tangent_pca/candidates/0/fold_auc/0,0.7301587301587302
results/OSU-to-CIN/repeat1-fold1/audit.json,models/tangent_pca/candidates/0/fold_auc/1,0.6666666666666666
results/OSU-to-CIN/repeat1-fold1/audit.json,models/tangent_pca/candidates/0/fold_auc/2,0.7037037037037037
results/OSU-to-CIN/repeat1-fold1/audit.json,models/tangent_pca/candidates/1/mean_inner_auc,0.6569664902998237
results/OSU-to-CIN/repeat1-fold1/audit.json,models/tangent_pca/candidates/1/fold_auc/0,0.7301587301587302
results/OSU-to-CIN/repeat1-fold1/audit.json,models/tangent_pca/candidates/1/fold_auc/1,0.5555555555555556
results/OSU-to-CIN/repeat1-fold1/audit.json,models/tangent_pca/candidates/1/fold_auc/2,0.6851851851851851
results/OSU-to-CIN/repeat1-fold1/audit.json,models/tangent_pca/candidates/2/mean_inner_auc,0.644620811287478
results/OSU-to-CIN/repeat1-fold1/audit.json,models/tangent_pca/candidates/2/fold_auc/0,0.7301587301587302
results/OSU-to-CIN/repeat1-fold1/audit.json,models/tangent_pca/candidates/2/fold_auc/1,0.537037037037037
results/OSU-to-CIN/repeat1-fold1/audit.json,models/tangent_pca/candidates/2/fold_auc/2,0.6666666666666666
results/OSU-to-CIN/repeat1-fold1/audit.json,models/tangent_pca/candidates/3/mean_inner_auc,0.6437389770723104
results/OSU-to-CIN/repeat1-fold1/audit.json,models/tangent_pca/candidates/3/fold_auc/0,0.746031746031746
results/OSU-to-CIN/repeat1-fold1/audit.json,models/tangent_pca/candidates/3/fold_auc/1,0.5
results/OSU-to-CIN/repeat1-fold1/audit.json,models/tangent_pca/candidates/3/fold_auc/2,0.6851851851851852
results/OSU-to-CIN/repeat1-fold1/audit.json,models/tangent_pca/candidates/4/mean_inner_auc,0.7733686067019402
results/OSU-to-CIN/repeat1-fold1/audit.json,models/tangent_pca/candidates/4/fold_auc/0,0.746031746031746
results/OSU-to-CIN/repeat1-fold1/audit.json,models/tangent_pca/candidates/4/fold_auc/1,0.7222222222222223
results/OSU-to-CIN/repeat1-fold1/audit.json,models/tangent_pca/candidates/4/fold_auc/2,0.8518518518518519
results/OSU-to-CIN/repeat1-fold1/audit.json,models/tangent_pca/candidates/5/mean_inner_auc,0.7680776014109348
results/OSU-to-CIN/repeat1-fold1/audit.json,models/tangent_pca/candidates/5/fold_auc/0,0.7301587301587302
results/OSU-to-CIN/repeat1-fold1/audit.json,models/tangent_pca/candidates/5/fold_auc/1,0.7222222222222223
results/OSU-to-CIN/repeat1-fold1/audit.json,models/tangent_pca/candidates/5/fold_auc/2,0.8518518518518519
results/OSU-to-CIN/repeat1-fold1/audit.json,models/tangent_pca/candidates/6/mean_inner_auc,0.7081128747795414
results/OSU-to-CIN/repeat1-fold1/audit.json,models/tangent_pca/candidates/6/fold_auc/0,0.6984126984126984
results/OSU-to-CIN/repeat1-fold1/audit.json,models/tangent_pca/candidates/6/fold_auc/1,0.7037037037037037
results/OSU-to-CIN/repeat1-fold1/audit.json,models/tangent_pca/candidates/6/fold_auc/2,0.7222222222222222
results/OSU-to-CIN/repeat1-fold1/audit.json,models/tangent_pca/candidates/7/mean_inner_auc,0.7072310405643739
results/OSU-to-CIN/repeat1-fold1/audit.json,models/tangent_pca/candidates/7/fold_auc/0,0.7142857142857143
results/OSU-to-CIN/repeat1-fold1/audit.json,models/tangent_pca/candidates/7/fold_auc/1,0.7037037037037037
results/OSU-to-CIN/repeat1-fold1/audit.json,models/tangent_pca/candidates/7/fold_auc/2,0.7037037037037037
results/OSU-to-CIN/repeat1-fold1/audit.json,models/tangent_pca/chosen/mean_inner_auc,0.7733686067019402
results/OSU-to-CIN/repeat1-fold1/audit.json,models/tangent_pca/chosen/fold_auc/0,0.746031746031746
results/OSU-to-CIN/repeat1-fold1/audit.json,models/tangent_pca/chosen/fold_auc/1,0.7222222222222223
results/OSU-to-CIN/repeat1-fold1/audit.json,models/tangent_pca/chosen/fold_auc/2,0.8518518518518519
results/OSU-to-CIN/repeat1-fold1/audit.json,models/tangent_pca/threshold/min_recall,0.7777777777777778
results/OSU-to-CIN/repeat1-fold1/audit.json,models/tangent_pca/threshold/balanced_accuracy,0.7836257309941521
results/OSU-to-CIN/repeat1-fold1/audit.json,models/tangent_select/candidates/0/mean_inner_auc,0.7283950617283951
results/OSU-to-CIN/repeat1-fold1/audit.json,models/tangent_select/candidates/0/fold_auc/0,0.7777777777777777
results/OSU-to-CIN/repeat1-fold1/audit.json,models/tangent_select/candidates/0/fold_auc/1,0.7037037037037037
results/OSU-to-CIN/repeat1-fold1/audit.json,models/tangent_select/candidates/0/fold_auc/2,0.7037037037037037
results/OSU-to-CIN/repeat1-fold1/audit.json,models/tangent_select/candidates/1/mean_inner_auc,0.7169312169312169
results/OSU-to-CIN/repeat1-fold1/audit.json,models/tangent_select/candidates/1/fold_auc/0,0.7619047619047619
results/OSU-to-CIN/repeat1-fold1/audit.json,models/tangent_select/candidates/1/fold_auc/1,0.6666666666666667
results/OSU-to-CIN/repeat1-fold1/audit.json,models/tangent_select/candidates/1/fold_auc/2,0.7222222222222222
results/OSU-to-CIN/repeat1-fold1/audit.json,models/tangent_select/candidates/2/mean_inner_auc,0.7178130511463845
results/OSU-to-CIN/repeat1-fold1/audit.json,models/tangent_select/candidates/2/fold_auc/0,0.746031746031746
results/OSU-to-CIN/repeat1-fold1/audit.json,models/tangent_select/candidates/2/fold_auc/1,0.6851851851851851
results/OSU-to-CIN/repeat1-fold1/audit.json,models/tangent_select/candidates/2/fold_auc/2,0.7222222222222222
results/OSU-to-CIN/repeat1-fold1/audit.json,models/tangent_select/candidates/3/mean_inner_auc,0.7125220458553793
results/OSU-to-CIN/repeat1-fold1/audit.json,models/tangent_select/candidates/3/fold_auc/0,0.7301587301587302
results/OSU-to-CIN/repeat1-fold1/audit.json,models/tangent_select/candidates/3/fold_auc/1,0.6666666666666666
results/OSU-to-CIN/repeat1-fold1/audit.json,models/tangent_select/candidates/3/fold_auc/2,0.7407407407407407
results/OSU-to-CIN/repeat1-fold1/audit.json,models/tangent_select/candidates/4/mean_inner_auc,0.746031746031746
results/OSU-to-CIN/repeat1-fold1/audit.json,models/tangent_select/candidates/4/fold_auc/0,0.7936507936507936
results/OSU-to-CIN/repeat1-fold1/audit.json,models/tangent_select/candidates/4/fold_auc/1,0.7222222222222222
results/OSU-to-CIN/repeat1-fold1/audit.json,models/tangent_select/candidates/4/fold_auc/2,0.7222222222222222
results/OSU-to-CIN/repeat1-fold1/audit.json,models/tangent_select/candidates/5/mean_inner_auc,0.7345679012345679
results/OSU-to-CIN/repeat1-fold1/audit.json,models/tangent_select/candidates/5/fold_auc/0,0.7777777777777777
results/OSU-to-CIN/repeat1-fold1/audit.json,models/tangent_select/candidates/5/fold_auc/1,0.7037037037037036
results/OSU-to-CIN/repeat1-fold1/audit.json,models/tangent_select/candidates/5/fold_auc/2,0.7222222222222222
results/OSU-to-CIN/repeat1-fold1/audit.json,models/tangent_select/candidates/6/mean_inner_auc,0.7407407407407408
results/OSU-to-CIN/repeat1-fold1/audit.json,models/tangent_select/candidates/6/fold_auc/0,0.7777777777777777
results/OSU-to-CIN/repeat1-fold1/audit.json,models/tangent_select/candidates/6/fold_auc/1,0.7037037037037036
results/OSU-to-CIN/repeat1-fold1/audit.json,models/tangent_select/candidates/6/fold_auc/2,0.7407407407407407
results/OSU-to-CIN/repeat1-fold1/audit.json,models/tangent_select/candidates/7/mean_inner_auc,0.7469135802469135
results/OSU-to-CIN/repeat1-fold1/audit.json,models/tangent_select/candidates/7/fold_auc/0,0.7777777777777777
results/OSU-to-CIN/repeat1-fold1/audit.json,models/tangent_select/candidates/7/fold_auc/1,0.7037037037037036
results/OSU-to-CIN/repeat1-fold1/audit.json,models/tangent_select/candidates/7/fold_auc/2,0.7592592592592592
results/OSU-to-CIN/repeat1-fold1/audit.json,models/tangent_select/chosen/mean_inner_auc,0.7469135802469135
results/OSU-to-CIN/repeat1-fold1/audit.json,models/tangent_select/chosen/fold_auc/0,0.7777777777777777
results/OSU-to-CIN/repeat1-fold1/audit.json,models/tangent_select/chosen/fold_auc/1,0.7037037037037036
results/OSU-to-CIN/repeat1-fold1/audit.json,models/tangent_select/chosen/fold_auc/2,0.7592592592592592
results/OSU-to-CIN/repeat1-fold1/audit.json,models/tangent_select/threshold/min_recall,0.7368421052631579
results/OSU-to-CIN/repeat1-fold1/audit.json,models/tangent_select/threshold/balanced_accuracy,0.7387914230019492
results/OSU-to-CIN/repeat2-fold1/audit.json,models/tangent_original/candidates/0/mean_inner_auc,0.763668430335097
results/OSU-to-CIN/repeat2-fold1/audit.json,models/tangent_original/candidates/0/fold_auc/0,0.8095238095238095
results/OSU-to-CIN/repeat2-fold1/audit.json,models/tangent_original/candidates/0/fold_auc/1,0.6851851851851851
results/OSU-to-CIN/repeat2-fold1/audit.json,models/tangent_original/candidates/0/fold_auc/2,0.7962962962962963
results/OSU-to-CIN/repeat2-fold1/audit.json,models/tangent_original/candidates/1/mean_inner_auc,0.7477954144620811
results/OSU-to-CIN/repeat2-fold1/audit.json,models/tangent_original/candidates/1/fold_auc/0,0.7619047619047619
results/OSU-to-CIN/repeat2-fold1/audit.json,models/tangent_original/candidates/1/fold_auc/1,0.7037037037037037
results/OSU-to-CIN/repeat2-fold1/audit.json,models/tangent_original/candidates/1/fold_auc/2,0.7777777777777777
results/OSU-to-CIN/repeat2-fold1/audit.json,models/tangent_original/candidates/2/mean_inner_auc,0.7477954144620811
results/OSU-to-CIN/repeat2-fold1/audit.json,models/tangent_original/candidates/2/fold_auc/0,0.7619047619047619
results/OSU-to-CIN/repeat2-fold1/audit.json,models/tangent_original/candidates/2/fold_auc/1,0.7037037037037037
results/OSU-to-CIN/repeat2-fold1/audit.json,models/tangent_original/candidates/2/fold_auc/2,0.7777777777777777
results/OSU-to-CIN/repeat2-fold1/audit.json,models/tangent_original/candidates/3/mean_inner_auc,0.7477954144620811
results/OSU-to-CIN/repeat2-fold1/audit.json,models/tangent_original/candidates/3/fold_auc/0,0.7619047619047619
results/OSU-to-CIN/repeat2-fold1/audit.json,models/tangent_original/candidates/3/fold_auc/1,0.7037037037037037
results/OSU-to-CIN/repeat2-fold1/audit.json,models/tangent_original/candidates/3/fold_auc/2,0.7777777777777777
results/OSU-to-CIN/repeat2-fold1/audit.json,models/tangent_original/chosen/mean_inner_auc,0.763668430335097
results/OSU-to-CIN/repeat2-fold1/audit.json,models/tangent_original/chosen/fold_auc/0,0.8095238095238095
results/OSU-to-CIN/repeat2-fold1/audit.json,models/tangent_original/chosen/fold_auc/1,0.6851851851851851
results/OSU-to-CIN/repeat2-fold1/audit.json,models/tangent_original/chosen/fold_auc/2,0.7962962962962963
results/OSU-to-CIN/repeat2-fold1/audit.json,models/tangent_original/threshold/min_recall,0.6842105263157895
results/OSU-to-CIN/repeat2-fold1/audit.json,models/tangent_original/threshold/balanced_accuracy,0.7124756335282652
results/OSU-to-CIN/repeat2-fold1/audit.json,models/tangent_center/candidates/0/mean_inner_auc,0.8580246913580246
results/OSU-to-CIN/repeat2-fold1/audit.json,models/tangent_center/candidates/0/fold_auc/0,0.8888888888888888
results/OSU-to-CIN/repeat2-fold1/audit.json,models/tangent_center/candidates/0/fold_auc/1,0.7962962962962963
results/OSU-to-CIN/repeat2-fold1/audit.json,models/tangent_center/candidates/0/fold_auc/2,0.888888888888889
results/OSU-to-CIN/repeat2-fold1/audit.json,models/tangent_center/candidates/1/mean_inner_auc,0.8641975308641975
results/OSU-to-CIN/repeat2-fold1/audit.json,models/tangent_center/candidates/1/fold_auc/0,0.8888888888888888
results/OSU-to-CIN/repeat2-fold1/audit.json,models/tangent_center/candidates/1/fold_auc/1,0.8148148148148149
results/OSU-to-CIN/repeat2-fold1/audit.json,models/tangent_center/candidates/1/fold_auc/2,0.888888888888889
results/OSU-to-CIN/repeat2-fold1/audit.json,models/tangent_center/candidates/2/mean_inner_auc,0.8580246913580246
results/OSU-to-CIN/repeat2-fold1/audit.json,models/tangent_center/candidates/2/fold_auc/0,0.8888888888888888
results/OSU-to-CIN/repeat2-fold1/audit.json,models/tangent_center/candidates/2/fold_auc/1,0.7962962962962963
results/OSU-to-CIN/repeat2-fold1/audit.json,models/tangent_center/candidates/2/fold_auc/2,0.888888888888889
results/OSU-to-CIN/repeat2-fold1/audit.json,models/tangent_center/candidates/3/mean_inner_auc,0.8518518518518517
results/OSU-to-CIN/repeat2-fold1/audit.json,models/tangent_center/candidates/3/fold_auc/0,0.8888888888888888
results/OSU-to-CIN/repeat2-fold1/audit.json,models/tangent_center/candidates/3/fold_auc/1,0.7777777777777778
results/OSU-to-CIN/repeat2-fold1/audit.json,models/tangent_center/candidates/3/fold_auc/2,0.888888888888889
results/OSU-to-CIN/repeat2-fold1/audit.json,models/tangent_center/chosen/mean_inner_auc,0.8641975308641975
results/OSU-to-CIN/repeat2-fold1/audit.json,models/tangent_center/chosen/fold_auc/0,0.8888888888888888
results/OSU-to-CIN/repeat2-fold1/audit.json,models/tangent_center/chosen/fold_auc/1,0.8148148148148149
results/OSU-to-CIN/repeat2-fold1/audit.json,models/tangent_center/chosen/fold_auc/2,0.888888888888889
results/OSU-to-CIN/repeat2-fold1/audit.json,models/tangent_center/threshold/min_recall,0.7407407407407407
results/OSU-to-CIN/repeat2-fold1/audit.json,models/tangent_center/threshold/balanced_accuracy,0.7651072124756335
results/OSU-to-CIN/repeat2-fold1/audit.json,models/tangent_pca/candidates/0/mean_inner_auc,0.7786596119929453
results/OSU-to-CIN/repeat2-fold1/audit.json,models/tangent_pca/candidates/0/fold_auc/0,0.7619047619047619
results/OSU-to-CIN/repeat2-fold1/audit.json,models/tangent_pca/candidates/0/fold_auc/1,0.7777777777777778
results/OSU-to-CIN/repeat2-fold1/audit.json,models/tangent_pca/candidates/0/fold_auc/2,0.7962962962962963
results/OSU-to-CIN/repeat2-fold1/audit.json,models/tangent_pca/candidates/1/mean_inner_auc,0.7592592592592592
results/OSU-to-CIN/repeat2-fold1/audit.json,models/tangent_pca/candidates/1/fold_auc/0,0.7777777777777777
results/OSU-to-CIN/repeat2-fold1/audit.json,models/tangent_pca/candidates/1/fold_auc/1,0.7777777777777778
results/OSU-to-CIN/repeat2-fold1/audit.json,models/tangent_pca/candidates/1/fold_auc/2,0.7222222222222222
results/OSU-to-CIN/repeat2-fold1/audit.json,models/tangent_pca/candidates/2/mean_inner_auc,0.7469135802469135
results/OSU-to-CIN/repeat2-fold1/audit.json,models/tangent_pca/candidates/2/fold_auc/0,0.7777777777777777
results/OSU-to-CIN/repeat2-fold1/audit.json,models/tangent_pca/candidates/2/fold_auc/1,0.7592592592592593
results/OSU-to-CIN/repeat2-fold1/audit.json,models/tangent_pca/candidates/2/fold_auc/2,0.7037037037037037
results/OSU-to-CIN/repeat2-fold1/audit.json,models/tangent_pca/candidates/3/mean_inner_auc,0.7548500881834214
results/OSU-to-CIN/repeat2-fold1/audit.json,models/tangent_pca/candidates/3/fold_auc/0,0.746031746031746
results/OSU-to-CIN/repeat2-fold1/audit.json,models/tangent_pca/candidates/3/fold_auc/1,0.7777777777777778
results/OSU-to-CIN/repeat2-fold1/audit.json,models/tangent_pca/candidates/3/fold_auc/2,0.7407407407407407
results/OSU-to-CIN/repeat2-fold1/audit.json,models/tangent_pca/candidates/4/mean_inner_auc,0.7698412698412698
results/OSU-to-CIN/repeat2-fold1/audit.json,models/tangent_pca/candidates/4/fold_auc/0,0.8095238095238095
results/OSU-to-CIN/repeat2-fold1/audit.json,models/tangent_pca/candidates/4/fold_auc/1,0.7407407407407407
results/OSU-to-CIN/repeat2-fold1/audit.json,models/tangent_pca/candidates/4/fold_auc/2,0.7592592592592593
results/OSU-to-CIN/repeat2-fold1/audit.json,models/tangent_pca/candidates/5/mean_inner_auc,0.7583774250440918
results/OSU-to-CIN/repeat2-fold1/audit.json,models/tangent_pca/candidates/5/fold_auc/0,0.7936507936507936
results/OSU-to-CIN/repeat2-fold1/audit.json,models/tangent_pca/candidates/5/fold_auc/1,0.7592592592592593
results/OSU-to-CIN/repeat2-fold1/audit.json,models/tangent_pca/candidates/5/fold_auc/2,0.7222222222222222
results/OSU-to-CIN/repeat2-fold1/audit.json,models/tangent_pca/candidates/6/mean_inner_auc,0.763668430335097
results/OSU-to-CIN/repeat2-fold1/audit.json,models/tangent_pca/candidates/6/fold_auc/0,0.8095238095238095
results/OSU-to-CIN/repeat2-fold1/audit.json,models/tangent_pca/candidates/6/fold_auc/1,0.7592592592592593
results/OSU-to-CIN/repeat2-fold1/audit.json,models/tangent_pca/candidates/6/fold_auc/2,0.7222222222222222
results/OSU-to-CIN/repeat2-fold1/audit.json,models/tangent_pca/candidates/7/mean_inner_auc,0.7372134038800705
results/OSU-to-CIN/repeat2-fold1/audit.json,models/tangent_pca/candidates/7/fold_auc/0,0.7301587301587302
results/OSU-to-CIN/repeat2-fold1/audit.json,models/tangent_pca/candidates/7/fold_auc/1,0.7592592592592593
results/OSU-to-CIN/repeat2-fold1/audit.json,models/tangent_pca/candidates/7/fold_auc/2,0.7222222222222222
results/OSU-to-CIN/repeat2-fold1/audit.json,models/tangent_pca/chosen/mean_inner_auc,0.7786596119929453
results/OSU-to-CIN/repeat2-fold1/audit.json,models/tangent_pca/chosen/fold_auc/0,0.7619047619047619
results/OSU-to-CIN/repeat2-fold1/audit.json,models/tangent_pca/chosen/fold_auc/1,0.7777777777777778
results/OSU-to-CIN/repeat2-fold1/audit.json,models/tangent_pca/chosen/fold_auc/2,0.7962962962962963
results/OSU-to-CIN/repeat2-fold1/audit.json,models/tangent_pca/threshold/min_recall,0.6842105263157895
results/OSU-to-CIN/repeat2-fold1/audit.json,models/tangent_pca/threshold/balanced_accuracy,0.6939571150097466
results/OSU-to-CIN/repeat2-fold1/audit.json,models/tangent_select/candidates/0/mean_inner_auc,0.7142857142857143
results/OSU-to-CIN/repeat2-fold1/audit.json,models/tangent_select/candidates/0/fold_auc/0,0.6984126984126984
results/OSU-to-CIN/repeat2-fold1/audit.json,models/tangent_select/candidates/0/fold_auc/1,0.6481481481481481
results/OSU-to-CIN/repeat2-fold1/audit.json,models/tangent_select/candidates/0/fold_auc/2,0.7962962962962964
results/OSU-to-CIN/repeat2-fold1/audit.json,models/tangent_select/candidates/1/mean_inner_auc,0.7019400352733687
results/OSU-to-CIN/repeat2-fold1/audit.json,models/tangent_select/candidates/1/fold_auc/0,0.6984126984126984
results/OSU-to-CIN/repeat2-fold1/audit.json,models/tangent_select/candidates/1/fold_auc/1,0.6481481481481481
results/OSU-to-CIN/repeat2-fold1/audit.json,models/tangent_select/candidates/1/fold_auc/2,0.7592592592592593
results/OSU-to-CIN/repeat2-fold1/audit.json,models/tangent_select/candidates/2/mean_inner_auc,0.6957671957671957
results/OSU-to-CIN/repeat2-fold1/audit.json,models/tangent_select/candidates/2/fold_auc/0,0.6984126984126984
results/OSU-to-CIN/repeat2-fold1/audit.json,models/tangent_select/candidates/2/fold_auc/1,0.6481481481481481
results/OSU-to-CIN/repeat2-fold1/audit.json,models/tangent_select/candidates/2/fold_auc/2,0.7407407407407407
results/OSU-to-CIN/repeat2-fold1/audit.json,models/tangent_select/candidates/3/mean_inner_auc,0.689594356261023
results/OSU-to-CIN/repeat2-fold1/audit.json,models/tangent_select/candidates/3/fold_auc/0,0.6984126984126984
results/OSU-to-CIN/repeat2-fold1/audit.json,models/tangent_select/candidates/3/fold_auc/1,0.6296296296296297
results/OSU-to-CIN/repeat2-fold1/audit.json,models/tangent_select/candidates/3/fold_auc/2,0.7407407407407407
results/OSU-to-CIN/repeat2-fold1/audit.json,models/tangent_select/candidates/4/mean_inner_auc,0.7777777777777778
results/OSU-to-CIN/repeat2-fold1/audit.json,models/tangent_select/candidates/4/fold_auc/0,0.7777777777777778
results/OSU-to-CIN/repeat2-fold1/audit.json,models/tangent_select/candidates/4/fold_auc/1,0.7962962962962964
results/OSU-to-CIN/repeat2-fold1/audit.json,models/tangent_select/candidates/4/fold_auc/2,0.7592592592592593
results/OSU-to-CIN/repeat2-fold1/audit.json,models/tangent_select/candidates/5/mean_inner_auc,0.7601410934744268
results/OSU-to-CIN/repeat2-fold1/audit.json,models/tangent_select/candidates/5/fold_auc/0,0.7619047619047619
results/OSU-to-CIN/repeat2-fold1/audit.json,models/tangent_select/candidates/5/fold_auc/1,0.7592592592592593
results/OSU-to-CIN/repeat2-fold1/audit.json,models/tangent_select/candidates/5/fold_auc/2,0.7592592592592593
results/OSU-to-CIN/repeat2-fold1/audit.json,models/tangent_select/candidates/6/mean_inner_auc,0.7654320987654323
results/OSU-to-CIN/repeat2-fold1/audit.json,models/tangent_select/candidates/6/fold_auc/0,0.7777777777777778
results/OSU-to-CIN/repeat2-fold1/audit.json,models/tangent_select/candidates/6/fold_auc/1,0.7592592592592593
results/OSU-to-CIN/repeat2-fold1/audit.json,models/tangent_select/candidates/6/fold_auc/2,0.7592592592592593
results/OSU-to-CIN/repeat2-fold1/audit.json,models/tangent_select/candidates/7/mean_inner_auc,0.7548500881834216
results/OSU-to-CIN/repeat2-fold1/audit.json,models/tangent_select/candidates/7/fold_auc/0,0.746031746031746
results/OSU-to-CIN/repeat2-fold1/audit.json,models/tangent_select/candidates/7/fold_auc/1,0.7407407407407407
results/OSU-to-CIN/repeat2-fold1/audit.json,models/tangent_select/candidates/7/fold_auc/2,0.7777777777777778
results/OSU-to-CIN/repeat2-fold1/audit.json,models/tangent_select/chosen/mean_inner_auc,0.7777777777777778
results/OSU-to-CIN/repeat2-fold1/audit.json,models/tangent_select/chosen/fold_auc/0,0.7777777777777778
results/OSU-to-CIN/repeat2-fold1/audit.json,models/tangent_select/chosen/fold_auc/1,0.7962962962962964
results/OSU-to-CIN/repeat2-fold1/audit.json,models/tangent_select/chosen/fold_auc/2,0.7592592592592593
results/OSU-to-CIN/repeat2-fold1/audit.json,models/tangent_select/threshold/min_recall,0.6842105263157895
results/OSU-to-CIN/repeat2-fold1/audit.json,models/tangent_select/threshold/balanced_accuracy,0.7309941520467836
results/OSU-to-CIN/repeat3-fold1/audit.json,models/tangent_original/candidates/0/mean_inner_auc,0.689594356261023
results/OSU-to-CIN/repeat3-fold1/audit.json,models/tangent_original/candidates/0/fold_auc/0,0.8095238095238095
results/OSU-to-CIN/repeat3-fold1/audit.json,models/tangent_original/candidates/0/fold_auc/1,0.6111111111111112
results/OSU-to-CIN/repeat3-fold1/audit.json,models/tangent_original/candidates/0/fold_auc/2,0.6481481481481481
results/OSU-to-CIN/repeat3-fold1/audit.json,models/tangent_original/candidates/1/mean_inner_auc,0.689594356261023
results/OSU-to-CIN/repeat3-fold1/audit.json,models/tangent_original/candidates/1/fold_auc/0,0.8095238095238095
results/OSU-to-CIN/repeat3-fold1/audit.json,models/tangent_original/candidates/1/fold_auc/1,0.6296296296296297
results/OSU-to-CIN/repeat3-fold1/audit.json,models/tangent_original/candidates/1/fold_auc/2,0.6296296296296297
results/OSU-to-CIN/repeat3-fold1/audit.json,models/tangent_original/candidates/2/mean_inner_auc,0.6948853615520282
results/OSU-to-CIN/repeat3-fold1/audit.json,models/tangent_original/candidates/2/fold_auc/0,0.8253968253968254
results/OSU-to-CIN/repeat3-fold1/audit.json,models/tangent_original/candidates/2/fold_auc/1,0.6296296296296297
results/OSU-to-CIN/repeat3-fold1/audit.json,models/tangent_original/candidates/2/fold_auc/2,0.6296296296296297
results/OSU-to-CIN/repeat3-fold1/audit.json,models/tangent_original/candidates/3/mean_inner_auc,0.6948853615520282
results/OSU-to-CIN/repeat3-fold1/audit.json,models/tangent_original/candidates/3/fold_auc/0,0.8253968253968254
results/OSU-to-CIN/repeat3-fold1/audit.json,models/tangent_original/candidates/3/fold_auc/1,0.6296296296296297
results/OSU-to-CIN/repeat3-fold1/audit.json,models/tangent_original/candidates/3/fold_auc/2,0.6296296296296297
results/OSU-to-CIN/repeat3-fold1/audit.json,models/tangent_original/chosen/mean_inner_auc,0.6948853615520282
results/OSU-to-CIN/repeat3-fold1/audit.json,models/tangent_original/chosen/fold_auc/0,0.8253968253968254
results/OSU-to-CIN/repeat3-fold1/audit.json,models/tangent_original/chosen/fold_auc/1,0.6296296296296297
results/OSU-to-CIN/repeat3-fold1/audit.json,models/tangent_original/chosen/fold_auc/2,0.6296296296296297
results/OSU-to-CIN/repeat3-fold1/audit.json,models/tangent_original/threshold/min_recall,0.631578947368421
results/OSU-to-CIN/repeat3-fold1/audit.json,models/tangent_original/threshold/balanced_accuracy,0.6491228070175439
results/OSU-to-CIN/repeat3-fold1/audit.json,models/tangent_center/candidates/0/mean_inner_auc,0.753968253968254
results/OSU-to-CIN/repeat3-fold1/audit.json,models/tangent_center/candidates/0/fold_auc/0,0.8730158730158729
results/OSU-to-CIN/repeat3-fold1/audit.json,models/tangent_center/candidates/0/fold_auc/1,0.7037037037037037
results/OSU-to-CIN/repeat3-fold1/audit.json,models/tangent_center/candidates/0/fold_auc/2,0.6851851851851852
results/OSU-to-CIN/repeat3-fold1/audit.json,models/tangent_center/candidates/1/mean_inner_auc,0.753968253968254
results/OSU-to-CIN/repeat3-fold1/audit.json,models/tangent_center/candidates/1/fold_auc/0,0.8730158730158729
results/OSU-to-CIN/repeat3-fold1/audit.json,models/tangent_center/candidates/1/fold_auc/1,0.7037037037037037
results/OSU-to-CIN/repeat3-fold1/audit.json,models/tangent_center/candidates/1/fold_auc/2,0.6851851851851852
results/OSU-to-CIN/repeat3-fold1/audit.json,models/tangent_center/candidates/2/mean_inner_auc,0.753968253968254
results/OSU-to-CIN/repeat3-fold1/audit.json,models/tangent_center/candidates/2/fold_auc/0,0.8730158730158729
results/OSU-to-CIN/repeat3-fold1/audit.json,models/tangent_center/candidates/2/fold_auc/1,0.7037037037037037
results/OSU-to-CIN/repeat3-fold1/audit.json,models/tangent_center/candidates/2/fold_auc/2,0.6851851851851852
results/OSU-to-CIN/repeat3-fold1/audit.json,models/tangent_center/candidates/3/mean_inner_auc,0.7486772486772487
results/OSU-to-CIN/repeat3-fold1/audit.json,models/tangent_center/candidates/3/fold_auc/0,0.8571428571428572
results/OSU-to-CIN/repeat3-fold1/audit.json,models/tangent_center/candidates/3/fold_auc/1,0.7037037037037037
results/OSU-to-CIN/repeat3-fold1/audit.json,models/tangent_center/candidates/3/fold_auc/2,0.6851851851851852
results/OSU-to-CIN/repeat3-fold1/audit.json,models/tangent_center/chosen/mean_inner_auc,0.753968253968254
results/OSU-to-CIN/repeat3-fold1/audit.json,models/tangent_center/chosen/fold_auc/0,0.8730158730158729
results/OSU-to-CIN/repeat3-fold1/audit.json,models/tangent_center/chosen/fold_auc/1,0.7037037037037037
results/OSU-to-CIN/repeat3-fold1/audit.json,models/tangent_center/chosen/fold_auc/2,0.6851851851851852
results/OSU-to-CIN/repeat3-fold1/audit.json,models/tangent_center/threshold/min_recall,0.7037037037037037
results/OSU-to-CIN/repeat3-fold1/audit.json,models/tangent_center/threshold/balanced_accuracy,0.746588693957115
results/OSU-to-CIN/repeat3-fold1/audit.json,models/tangent_pca/candidates/0/mean_inner_auc,0.6710758377425045
results/OSU-to-CIN/repeat3-fold1/audit.json,models/tangent_pca/candidates/0/fold_auc/0,0.8095238095238095
results/OSU-to-CIN/repeat3-fold1/audit.json,models/tangent_pca/candidates/0/fold_auc/1,0.5740740740740741
results/OSU-to-CIN/repeat3-fold1/audit.json,models/tangent_pca/candidates/0/fold_auc/2,0.6296296296296295
results/OSU-to-CIN/repeat3-fold1/audit.json,models/tangent_pca/candidates/1/mean_inner_auc,0.6649029982363316
results/OSU-to-CIN/repeat3-fold1/audit.json,models/tangent_pca/candidates/1/fold_auc/0,0.8095238095238095
results/OSU-to-CIN/repeat3-fold1/audit.json,models/tangent_pca/candidates/1/fold_auc/1,0.5740740740740741
results/OSU-to-CIN/repeat3-fold1/audit.json,models/tangent_pca/candidates/1/fold_auc/2,0.611111111111111
results/OSU-to-CIN/repeat3-fold1/audit.json,models/tangent_pca/candidates/2/mean_inner_auc,0.6649029982363316
results/OSU-to-CIN/repeat3-fold1/audit.json,models/tangent_pca/candidates/2/fold_auc/0,0.8095238095238095
results/OSU-to-CIN/repeat3-fold1/audit.json,models/tangent_pca/candidates/2/fold_auc/1,0.6111111111111112
results/OSU-to-CIN/repeat3-fold1/audit.json,models/tangent_pca/candidates/2/fold_auc/2,0.5740740740740741
results/OSU-to-CIN/repeat3-fold1/audit.json,models/tangent_pca/candidates/3/mean_inner_auc,0.63668430335097
results/OSU-to-CIN/repeat3-fold1/audit.json,models/tangent_pca/candidates/3/fold_auc/0,0.7619047619047619
results/OSU-to-CIN/repeat3-fold1/audit.json,models/tangent_pca/candidates/3/fold_auc/1,0.5925925925925926
results/OSU-to-CIN/repeat3-fold1/audit.json,models/tangent_pca/candidates/3/fold_auc/2,0.5555555555555556
results/OSU-to-CIN/repeat3-fold1/audit.json,models/tangent_pca/candidates/4/mean_inner_auc,0.7081128747795414
results/OSU-to-CIN/repeat3-fold1/audit.json,models/tangent_pca/candidates/4/fold_auc/0,0.8095238095238095
results/OSU-to-CIN/repeat3-fold1/audit.json,models/tangent_pca/candidates/4/fold_auc/1,0.6481481481481481
results/OSU-to-CIN/repeat3-fold1/audit.json,models/tangent_pca/candidates/4/fold_auc/2,0.6666666666666665
results/OSU-to-CIN/repeat3-fold1/audit.json,models/tangent_pca/candidates/5/mean_inner_auc,0.6913580246913581
results/OSU-to-CIN/repeat3-fold1/audit.json,models/tangent_pca/candidates/5/fold_auc/0,0.7777777777777778
results/OSU-to-CIN/repeat3-fold1/audit.json,models/tangent_pca/candidates/5/fold_auc/1,0.6666666666666667
results/OSU-to-CIN/repeat3-fold1/audit.json,models/tangent_pca/candidates/5/fold_auc/2,0.6296296296296297
results/OSU-to-CIN/repeat3-fold1/audit.json,models/tangent_pca/candidates/6/mean_inner_auc,0.6807760141093474
results/OSU-to-CIN/repeat3-fold1/audit.json,models/tangent_pca/candidates/6/fold_auc/0,0.746031746031746
results/OSU-to-CIN/repeat3-fold1/audit.json,models/tangent_pca/candidates/6/fold_auc/1,0.7037037037037037
results/OSU-to-CIN/repeat3-fold1/audit.json,models/tangent_pca/candidates/6/fold_auc/2,0.5925925925925926
results/OSU-to-CIN/repeat3-fold1/audit.json,models/tangent_pca/candidates/7/mean_inner_auc,0.691358024691358
results/OSU-to-CIN/repeat3-fold1/audit.json,models/tangent_pca/candidates/7/fold_auc/0,0.7777777777777778
results/OSU-to-CIN/repeat3-fold1/audit.json,models/tangent_pca/candidates/7/fold_auc/1,0.7037037037037037
results/OSU-to-CIN/repeat3-fold1/audit.json,models/tangent_pca/candidates/7/fold_auc/2,0.5925925925925926
results/OSU-to-CIN/repeat3-fold1/audit.json,models/tangent_pca/chosen/mean_inner_auc,0.7081128747795414
results/OSU-to-CIN/repeat3-fold1/audit.json,models/tangent_pca/chosen/fold_auc/0,0.8095238095238095
results/OSU-to-CIN/repeat3-fold1/audit.json,models/tangent_pca/chosen/fold_auc/1,0.6481481481481481
results/OSU-to-CIN/repeat3-fold1/audit.json,models/tangent_pca/chosen/fold_auc/2,0.6666666666666665
results/OSU-to-CIN/repeat3-fold1/audit.json,models/tangent_pca/threshold/min_recall,0.631578947368421
results/OSU-to-CIN/repeat3-fold1/audit.json,models/tangent_pca/threshold/balanced_accuracy,0.6491228070175439
results/OSU-to-CIN/repeat3-fold1/audit.json,models/tangent_select/candidates/0/mean_inner_auc,0.6675485008818342
results/OSU-to-CIN/repeat3-fold1/audit.json,models/tangent_select/candidates/0/fold_auc/0,0.6507936507936507
results/OSU-to-CIN/repeat3-fold1/audit.json,models/tangent_select/candidates/0/fold_auc/1,0.7962962962962963
results/OSU-to-CIN/repeat3-fold1/audit.json,models/tangent_select/candidates/0/fold_auc/2,0.5555555555555556
results/OSU-to-CIN/repeat3-fold1/audit.json,models/tangent_select/candidates/1/mean_inner_auc,0.6499118165784833
results/OSU-to-CIN/repeat3-fold1/audit.json,models/tangent_select/candidates/1/fold_auc/0,0.6349206349206349
results/OSU-to-CIN/repeat3-fold1/audit.json,models/tangent_select/candidates/1/fold_auc/1,0.7592592592592593
results/OSU-to-CIN/repeat3-fold1/audit.json,models/tangent_select/candidates/1/fold_auc/2,0.5555555555555556
results/OSU-to-CIN/repeat3-fold1/audit.json,models/tangent_select/candidates/2/mean_inner_auc,0.6384479717813051
results/OSU-to-CIN/repeat3-fold1/audit.json,models/tangent_select/candidates/2/fold_auc/0,0.6190476190476191
results/OSU-to-CIN/repeat3-fold1/audit.json,models/tangent_select/candidates/2/fold_auc/1,0.7777777777777778
results/OSU-to-CIN/repeat3-fold1/audit.json,models/tangent_select/candidates/2/fold_auc/2,0.5185185185185185
results/OSU-to-CIN/repeat3-fold1/audit.json,models/tangent_select/candidates/3/mean_inner_auc,0.6331569664902998
results/OSU-to-CIN/repeat3-fold1/audit.json,models/tangent_select/candidates/3/fold_auc/0,0.6031746031746033
results/OSU-to-CIN/repeat3-fold1/audit.json,models/tangent_select/candidates/3/fold_auc/1,0.7777777777777778
results/OSU-to-CIN/repeat3-fold1/audit.json,models/tangent_select/candidates/3/fold_auc/2,0.5185185185185185
results/OSU-to-CIN/repeat3-fold1/audit.json,models/tangent_select/candidates/4/mean_inner_auc,0.6904761904761904
results/OSU-to-CIN/repeat3-fold1/audit.json,models/tangent_select/candidates/4/fold_auc/0,0.7936507936507936
results/OSU-to-CIN/repeat3-fold1/audit.json,models/tangent_select/candidates/4/fold_auc/1,0.6666666666666665
results/OSU-to-CIN/repeat3-fold1/audit.json,models/tangent_select/candidates/4/fold_auc/2,0.6111111111111112
results/OSU-to-CIN/repeat3-fold1/audit.json,models/tangent_select/candidates/5/mean_inner_auc,0.6922398589065256
results/OSU-to-CIN/repeat3-fold1/audit.json,models/tangent_select/candidates/5/fold_auc/0,0.7619047619047619
results/OSU-to-CIN/repeat3-fold1/audit.json,models/tangent_select/candidates/5/fold_auc/1,0.7037037037037037
results/OSU-to-CIN/repeat3-fold1/audit.json,models/tangent_select/candidates/5/fold_auc/2,0.6111111111111112
results/OSU-to-CIN/repeat3-fold1/audit.json,models/tangent_select/candidates/6/mean_inner_auc,0.6798941798941799
results/OSU-to-CIN/repeat3-fold1/audit.json,models/tangent_select/candidates/6/fold_auc/0,0.7619047619047619
results/OSU-to-CIN/repeat3-fold1/audit.json,models/tangent_select/candidates/6/fold_auc/1,0.7037037037037037
results/OSU-to-CIN/repeat3-fold1/audit.json,models/tangent_select/candidates/6/fold_auc/2,0.5740740740740741
results/OSU-to-CIN/repeat3-fold1/audit.json,models/tangent_select/candidates/7/mean_inner_auc,0.6798941798941799
results/OSU-to-CIN/repeat3-fold1/audit.json,models/tangent_select/candidates/7/fold_auc/0,0.7619047619047619
results/OSU-to-CIN/repeat3-fold1/audit.json,models/tangent_select/candidates/7/fold_auc/1,0.7037037037037037
results/OSU-to-CIN/repeat3-fold1/audit.json,models/tangent_select/candidates/7/fold_auc/2,0.5740740740740741
results/OSU-to-CIN/repeat3-fold1/audit.json,models/tangent_select/chosen/mean_inner_auc,0.6922398589065256
results/OSU-to-CIN/repeat3-fold1/audit.json,models/tangent_select/chosen/fold_auc/0,0.7619047619047619
results/OSU-to-CIN/repeat3-fold1/audit.json,models/tangent_select/chosen/fold_auc/1,0.7037037037037037
results/OSU-to-CIN/repeat3-fold1/audit.json,models/tangent_select/chosen/fold_auc/2,0.6111111111111112
results/OSU-to-CIN/repeat3-fold1/audit.json,models/tangent_select/threshold/min_recall,0.6296296296296297
results/OSU-to-CIN/repeat3-fold1/audit.json,models/tangent_select/threshold/balanced_accuracy,0.6306042884990253
results/OSU-to-CIN/repeat4-fold1/audit.json,models/tangent_original/candidates/0/mean_inner_auc,0.6948853615520282
results/OSU-to-CIN/repeat4-fold1/audit.json,models/tangent_original/candidates/0/fold_auc/0,0.7142857142857143
results/OSU-to-CIN/repeat4-fold1/audit.json,models/tangent_original/candidates/0/fold_auc/1,0.8148148148148148
results/OSU-to-CIN/repeat4-fold1/audit.json,models/tangent_original/candidates/0/fold_auc/2,0.5555555555555556
results/OSU-to-CIN/repeat4-fold1/audit.json,models/tangent_original/candidates/1/mean_inner_auc,0.7063492063492065
results/OSU-to-CIN/repeat4-fold1/audit.json,models/tangent_original/candidates/1/fold_auc/0,0.7301587301587302
results/OSU-to-CIN/repeat4-fold1/audit.json,models/tangent_original/candidates/1/fold_auc/1,0.8333333333333334
results/OSU-to-CIN/repeat4-fold1/audit.json,models/tangent_original/candidates/1/fold_auc/2,0.5555555555555556
results/OSU-to-CIN/repeat4-fold1/audit.json,models/tangent_original/candidates/2/mean_inner_auc,0.7001763668430335
results/OSU-to-CIN/repeat4-fold1/audit.json,models/tangent_original/candidates/2/fold_auc/0,0.7301587301587302
results/OSU-to-CIN/repeat4-fold1/audit.json,models/tangent_original/candidates/2/fold_auc/1,0.8333333333333334
results/OSU-to-CIN/repeat4-fold1/audit.json,models/tangent_original/candidates/2/fold_auc/2,0.537037037037037
results/OSU-to-CIN/repeat4-fold1/audit.json,models/tangent_original/candidates/3/mean_inner_auc,0.7001763668430335
results/OSU-to-CIN/repeat4-fold1/audit.json,models/tangent_original/candidates/3/fold_auc/0,0.7301587301587302
results/OSU-to-CIN/repeat4-fold1/audit.json,models/tangent_original/candidates/3/fold_auc/1,0.8333333333333334
results/OSU-to-CIN/repeat4-fold1/audit.json,models/tangent_original/candidates/3/fold_auc/2,0.537037037037037
results/OSU-to-CIN/repeat4-fold1/audit.json,models/tangent_original/chosen/mean_inner_auc,0.7063492063492065
results/OSU-to-CIN/repeat4-fold1/audit.json,models/tangent_original/chosen/fold_auc/0,0.7301587301587302
results/OSU-to-CIN/repeat4-fold1/audit.json,models/tangent_original/chosen/fold_auc/1,0.8333333333333334
results/OSU-to-CIN/repeat4-fold1/audit.json,models/tangent_original/chosen/fold_auc/2,0.5555555555555556
results/OSU-to-CIN/repeat4-fold1/audit.json,models/tangent_original/threshold/min_recall,0.6666666666666666
results/OSU-to-CIN/repeat4-fold1/audit.json,models/tangent_original/threshold/balanced_accuracy,0.7017543859649122
results/OSU-to-CIN/repeat4-fold1/audit.json,models/tangent_center/candidates/0/mean_inner_auc,0.7804232804232805
results/OSU-to-CIN/repeat4-fold1/audit.json,models/tangent_center/candidates/0/fold_auc/0,0.7301587301587302
results/OSU-to-CIN/repeat4-fold1/audit.json,models/tangent_center/candidates/0/fold_auc/1,0.9074074074074073
results/OSU-to-CIN/repeat4-fold1/audit.json,models/tangent_center/candidates/0/fold_auc/2,0.7037037037037037
results/OSU-to-CIN/repeat4-fold1/audit.json,models/tangent_center/candidates/1/mean_inner_auc,0.7742504409171076
results/OSU-to-CIN/repeat4-fold1/audit.json,models/tangent_center/candidates/1/fold_auc/0,0.7301587301587302
results/OSU-to-CIN/repeat4-fold1/audit.json,models/tangent_center/candidates/1/fold_auc/1,0.888888888888889
results/OSU-to-CIN/repeat4-fold1/audit.json,models/tangent_center/candidates/1/fold_auc/2,0.7037037037037037
results/OSU-to-CIN/repeat4-fold1/audit.json,models/tangent_center/candidates/2/mean_inner_auc,0.7557319223985891
results/OSU-to-CIN/repeat4-fold1/audit.json,models/tangent_center/candidates/2/fold_auc/0,0.7301587301587302
results/OSU-to-CIN/repeat4-fold1/audit.json,models/tangent_center/candidates/2/fold_auc/1,0.888888888888889
results/OSU-to-CIN/repeat4-fold1/audit.json,models/tangent_center/candidates/2/fold_auc/2,0.6481481481481481
results/OSU-to-CIN/repeat4-fold1/audit.json,models/tangent_center/candidates/3/mean_inner_auc,0.7592592592592592
results/OSU-to-CIN/repeat4-fold1/audit.json,models/tangent_center/candidates/3/fold_auc/0,0.7777777777777778
results/OSU-to-CIN/repeat4-fold1/audit.json,models/tangent_center/candidates/3/fold_auc/1,0.8703703703703703
results/OSU-to-CIN/repeat4-fold1/audit.json,models/tangent_center/candidates/3/fold_auc/2,0.6296296296296297
results/OSU-to-CIN/repeat4-fold1/audit.json,models/tangent_center/chosen/mean_inner_auc,0.7804232804232805
results/OSU-to-CIN/repeat4-fold1/audit.json,models/tangent_center/chosen/fold_auc/0,0.7301587301587302
results/OSU-to-CIN/repeat4-fold1/audit.json,models/tangent_center/chosen/fold_auc/1,0.9074074074074073
results/OSU-to-CIN/repeat4-fold1/audit.json,models/tangent_center/chosen/fold_auc/2,0.7037037037037037
results/OSU-to-CIN/repeat4-fold1/audit.json,models/tangent_center/threshold/min_recall,0.7037037037037037
results/OSU-to-CIN/repeat4-fold1/audit.json,models/tangent_center/threshold/balanced_accuracy,0.7729044834307992
results/OSU-to-CIN/repeat4-fold1/audit.json,models/tangent_pca/candidates/0/mean_inner_auc,0.6507936507936508
results/OSU-to-CIN/repeat4-fold1/audit.json,models/tangent_pca/candidates/0/fold_auc/0,0.6190476190476191
results/OSU-to-CIN/repeat4-fold1/audit.json,models/tangent_pca/candidates/0/fold_auc/1,0.7037037037037036
results/OSU-to-CIN/repeat4-fold1/audit.json,models/tangent_pca/candidates/0/fold_auc/2,0.6296296296296297
results/OSU-to-CIN/repeat4-fold1/audit.json,models/tangent_pca/candidates/1/mean_inner_auc,0.6084656084656085
results/OSU-to-CIN/repeat4-fold1/audit.json,models/tangent_pca/candidates/1/fold_auc/0,0.6031746031746033
results/OSU-to-CIN/repeat4-fold1/audit.json,models/tangent_pca/candidates/1/fold_auc/1,0.6666666666666666
results/OSU-to-CIN/repeat4-fold1/audit.json,models/tangent_pca/candidates/1/fold_auc/2,0.5555555555555556
results/OSU-to-CIN/repeat4-fold1/audit.json,models/tangent_pca/candidates/2/mean_inner_auc,0.564373897707231
results/OSU-to-CIN/repeat4-fold1/audit.json,models/tangent_pca/candidates/2/fold_auc/0,0.6190476190476191
results/OSU-to-CIN/repeat4-fold1/audit.json,models/tangent_pca/candidates/2/fold_auc/1,0.5740740740740741
results/OSU-to-CIN/repeat4-fold1/audit.json,models/tangent_pca/candidates/2/fold_auc/2,0.5
results/OSU-to-CIN/repeat4-fold1/audit.json,models/tangent_pca/candidates/3/mean_inner_auc,0.5520282186948854
results/OSU-to-CIN/repeat4-fold1/audit.json,models/tangent_pca/candidates/3/fold_auc/0,0.6190476190476191
results/OSU-to-CIN/repeat4-fold1/audit.json,models/tangent_pca/candidates/3/fold_auc/1,0.5555555555555556
results/OSU-to-CIN/repeat4-fold1/audit.json,models/tangent_pca/candidates/3/fold_auc/2,0.4814814814814815
results/OSU-to-CIN/repeat4-fold1/audit.json,models/tangent_pca/candidates/4/mean_inner_auc,0.6666666666666666
results/OSU-to-CIN/repeat4-fold1/audit.json,models/tangent_pca/candidates/4/fold_auc/0,0.6666666666666666
results/OSU-to-CIN/repeat4-fold1/audit.json,models/tangent_pca/candidates/4/fold_auc/1,0.7777777777777778
results/OSU-to-CIN/repeat4-fold1/audit.json,models/tangent_pca/candidates/4/fold_auc/2,0.5555555555555556
results/OSU-to-CIN/repeat4-fold1/audit.json,models/tangent_pca/candidates/5/mean_inner_auc,0.6481481481481481
results/OSU-to-CIN/repeat4-fold1/audit.json,models/tangent_pca/candidates/5/fold_auc/0,0.6666666666666666
results/OSU-to-CIN/repeat4-fold1/audit.json,models/tangent_pca/candidates/5/fold_auc/1,0.7407407407407407
results/OSU-to-CIN/repeat4-fold1/audit.json,models/tangent_pca/candidates/5/fold_auc/2,0.537037037037037
results/OSU-to-CIN/repeat4-fold1/audit.json,models/tangent_pca/candidates/6/mean_inner_auc,0.5952380952380952
results/OSU-to-CIN/repeat4-fold1/audit.json,models/tangent_pca/candidates/6/fold_auc/0,0.6190476190476191
results/OSU-to-CIN/repeat4-fold1/audit.json,models/tangent_pca/candidates/6/fold_auc/1,0.6851851851851852
results/OSU-to-CIN/repeat4-fold1/audit.json,models/tangent_pca/candidates/6/fold_auc/2,0.48148148148148145
results/OSU-to-CIN/repeat4-fold1/audit.json,models/tangent_pca/candidates/7/mean_inner_auc,0.5714285714285714
results/OSU-to-CIN/repeat4-fold1/audit.json,models/tangent_pca/candidates/7/fold_auc/0,0.6031746031746031
results/OSU-to-CIN/repeat4-fold1/audit.json,models/tangent_pca/candidates/7/fold_auc/1,0.6481481481481481
results/OSU-to-CIN/repeat4-fold1/audit.json,models/tangent_pca/candidates/7/fold_auc/2,0.46296296296296297
results/OSU-to-CIN/repeat4-fold1/audit.json,models/tangent_pca/chosen/mean_inner_auc,0.6666666666666666
results/OSU-to-CIN/repeat4-fold1/audit.json,models/tangent_pca/chosen/fold_auc/0,0.6666666666666666
results/OSU-to-CIN/repeat4-fold1/audit.json,models/tangent_pca/chosen/fold_auc/1,0.7777777777777778
results/OSU-to-CIN/repeat4-fold1/audit.json,models/tangent_pca/chosen/fold_auc/2,0.5555555555555556
results/OSU-to-CIN/repeat4-fold1/audit.json,models/tangent_pca/threshold/min_recall,0.6296296296296297
results/OSU-to-CIN/repeat4-fold1/audit.json,models/tangent_pca/threshold/balanced_accuracy,0.6569200779727096
results/OSU-to-CIN/repeat4-fold1/audit.json,models/tangent_select/candidates/0/mean_inner_auc,0.7407407407407408
results/OSU-to-CIN/repeat4-fold1/audit.json,models/tangent_select/candidates/0/fold_auc/0,0.7777777777777778
results/OSU-to-CIN/repeat4-fold1/audit.json,models/tangent_select/candidates/0/fold_auc/1,0.8148148148148148
results/OSU-to-CIN/repeat4-fold1/audit.json,models/tangent_select/candidates/0/fold_auc/2,0.6296296296296297
results/OSU-to-CIN/repeat4-fold1/audit.json,models/tangent_select/candidates/1/mean_inner_auc,0.7283950617283951
results/OSU-to-CIN/repeat4-fold1/audit.json,models/tangent_select/candidates/1/fold_auc/0,0.7777777777777778
results/OSU-to-CIN/repeat4-fold1/audit.json,models/tangent_select/candidates/1/fold_auc/1,0.7962962962962963
results/OSU-to-CIN/repeat4-fold1/audit.json,models/tangent_select/candidates/1/fold_auc/2,0.6111111111111112
results/OSU-to-CIN/repeat4-fold1/audit.json,models/tangent_select/candidates/2/mean_inner_auc,0.7063492063492064
results/OSU-to-CIN/repeat4-fold1/audit.json,models/tangent_select/candidates/2/fold_auc/0,0.7301587301587301
results/OSU-to-CIN/repeat4-fold1/audit.json,models/tangent_select/candidates/2/fold_auc/1,0.7962962962962963
results/OSU-to-CIN/repeat4-fold1/audit.json,models/tangent_select/candidates/2/fold_auc/2,0.5925925925925926
results/OSU-to-CIN/repeat4-fold1/audit.json,models/tangent_select/candidates/3/mean_inner_auc,0.681657848324515
results/OSU-to-CIN/repeat4-fold1/audit.json,models/tangent_select/candidates/3/fold_auc/0,0.7301587301587301
results/OSU-to-CIN/repeat4-fold1/audit.json,models/tangent_select/candidates/3/fold_auc/1,0.7222222222222222
results/OSU-to-CIN/repeat4-fold1/audit.json,models/tangent_select/candidates/3/fold_auc/2,0.5925925925925926
results/OSU-to-CIN/repeat4-fold1/audit.json,models/tangent_select/candidates/4/mean_inner_auc,0.7257495590828924
results/OSU-to-CIN/repeat4-fold1/audit.json,models/tangent_select/candidates/4/fold_auc/0,0.7142857142857142
results/OSU-to-CIN/repeat4-fold1/audit.json,models/tangent_select/candidates/4/fold_auc/1,0.8333333333333334
results/OSU-to-CIN/repeat4-fold1/audit.json,models/tangent_select/candidates/4/fold_auc/2,0.6296296296296295
results/OSU-to-CIN/repeat4-fold1/audit.json,models/tangent_select/candidates/5/mean_inner_auc,0.7195767195767195
results/OSU-to-CIN/repeat4-fold1/audit.json,models/tangent_select/candidates/5/fold_auc/0,0.7142857142857142
results/OSU-to-CIN/repeat4-fold1/audit.json,models/tangent_select/candidates/5/fold_auc/1,0.8333333333333333
results/OSU-to-CIN/repeat4-fold1/audit.json,models/tangent_select/candidates/5/fold_auc/2,0.611111111111111
results/OSU-to-CIN/repeat4-fold1/audit.json,models/tangent_select/candidates/6/mean_inner_auc,0.7195767195767195
results/OSU-to-CIN/repeat4-fold1/audit.json,models/tangent_select/candidates/6/fold_auc/0,0.7142857142857142
results/OSU-to-CIN/repeat4-fold1/audit.json,models/tangent_select/candidates/6/fold_auc/1,0.8333333333333333
results/OSU-to-CIN/repeat4-fold1/audit.json,models/tangent_select/candidates/6/fold_auc/2,0.6111111111111112
results/OSU-to-CIN/repeat4-fold1/audit.json,models/tangent_select/candidates/7/mean_inner_auc,0.7072310405643739
results/OSU-to-CIN/repeat4-fold1/audit.json,models/tangent_select/candidates/7/fold_auc/0,0.7142857142857142
results/OSU-to-CIN/repeat4-fold1/audit.json,models/tangent_select/candidates/7/fold_auc/1,0.8148148148148149
results/OSU-to-CIN/repeat4-fold1/audit.json,models/tangent_select/candidates/7/fold_auc/2,0.5925925925925926
results/OSU-to-CIN/repeat4-fold1/audit.json,models/tangent_select/chosen/mean_inner_auc,0.7407407407407408
results/OSU-to-CIN/repeat4-fold1/audit.json,models/tangent_select/chosen/fold_auc/0,0.7777777777777778
results/OSU-to-CIN/repeat4-fold1/audit.json,models/tangent_select/chosen/fold_auc/1,0.8148148148148148
results/OSU-to-CIN/repeat4-fold1/audit.json,models/tangent_select/chosen/fold_auc/2,0.6296296296296297
results/OSU-to-CIN/repeat4-fold1/audit.json,models/tangent_select/threshold/min_recall,0.631578947368421
results/OSU-to-CIN/repeat4-fold1/audit.json,models/tangent_select/threshold/balanced_accuracy,0.6676413255360624
results/OSU-to-CIN/repeat5-fold1/audit.json,models/tangent_original/candidates/0/mean_inner_auc,0.7751322751322752
results/OSU-to-CIN/repeat5-fold1/audit.json,models/tangent_original/candidates/0/fold_auc/0,0.7142857142857143
results/OSU-to-CIN/repeat5-fold1/audit.json,models/tangent_original/candidates/0/fold_auc/1,0.7777777777777778
results/OSU-to-CIN/repeat5-fold1/audit.json,models/tangent_original/candidates/0/fold_auc/2,0.8333333333333334
results/OSU-to-CIN/repeat5-fold1/audit.json,models/tangent_original/candidates/1/mean_inner_auc,0.7874779541446207
results/OSU-to-CIN/repeat5-fold1/audit.json,models/tangent_original/candidates/1/fold_auc/0,0.7142857142857143
results/OSU-to-CIN/repeat5-fold1/audit.json,models/tangent_original/candidates/1/fold_auc/1,0.7962962962962963
results/OSU-to-CIN/repeat5-fold1/audit.json,models/tangent_original/candidates/1/fold_auc/2,0.8518518518518519
results/OSU-to-CIN/repeat5-fold1/audit.json,models/tangent_original/candidates/2/mean_inner_auc,0.7813051146384481
results/OSU-to-CIN/repeat5-fold1/audit.json,models/tangent_original/candidates/2/fold_auc/0,0.7142857142857143
results/OSU-to-CIN/repeat5-fold1/audit.json,models/tangent_original/candidates/2/fold_auc/1,0.7962962962962963
results/OSU-to-CIN/repeat5-fold1/audit.json,models/tangent_original/candidates/2/fold_auc/2,0.8333333333333334
results/OSU-to-CIN/repeat5-fold1/audit.json,models/tangent_original/candidates/3/mean_inner_auc,0.7813051146384481
results/OSU-to-CIN/repeat5-fold1/audit.json,models/tangent_original/candidates/3/fold_auc/0,0.7142857142857143
results/OSU-to-CIN/repeat5-fold1/audit.json,models/tangent_original/candidates/3/fold_auc/1,0.7962962962962963
results/OSU-to-CIN/repeat5-fold1/audit.json,models/tangent_original/candidates/3/fold_auc/2,0.8333333333333334
results/OSU-to-CIN/repeat5-fold1/audit.json,models/tangent_original/chosen/mean_inner_auc,0.7874779541446207
results/OSU-to-CIN/repeat5-fold1/audit.json,models/tangent_original/chosen/fold_auc/0,0.7142857142857143
results/OSU-to-CIN/repeat5-fold1/audit.json,models/tangent_original/chosen/fold_auc/1,0.7962962962962963
results/OSU-to-CIN/repeat5-fold1/audit.json,models/tangent_original/chosen/fold_auc/2,0.8518518518518519
results/OSU-to-CIN/repeat5-fold1/audit.json,models/tangent_original/threshold/min_recall,0.6842105263157895
results/OSU-to-CIN/repeat5-fold1/audit.json,models/tangent_original/threshold/balanced_accuracy,0.7124756335282652
results/OSU-to-CIN/repeat5-fold1/audit.json,models/tangent_center/candidates/0/mean_inner_auc,0.800705467372134
results/OSU-to-CIN/repeat5-fold1/audit.json,models/tangent_center/candidates/0/fold_auc/0,0.6984126984126985
results/OSU-to-CIN/repeat5-fold1/audit.json,models/tangent_center/candidates/0/fold_auc/1,0.8333333333333333
results/OSU-to-CIN/repeat5-fold1/audit.json,models/tangent_center/candidates/0/fold_auc/2,0.8703703703703703
results/OSU-to-CIN/repeat5-fold1/audit.json,models/tangent_center/candidates/1/mean_inner_auc,0.800705467372134
results/OSU-to-CIN/repeat5-fold1/audit.json,models/tangent_center/candidates/1/fold_auc/0,0.6984126984126985
results/OSU-to-CIN/repeat5-fold1/audit.json,models/tangent_center/candidates/1/fold_auc/1,0.8333333333333333
results/OSU-to-CIN/repeat5-fold1/audit.json,models/tangent_center/candidates/1/fold_auc/2,0.8703703703703703
results/OSU-to-CIN/repeat5-fold1/audit.json,models/tangent_center/candidates/2/mean_inner_auc,0.8192239858906526
results/OSU-to-CIN/repeat5-fold1/audit.json,models/tangent_center/candidates/2/fold_auc/0,0.6984126984126985
results/OSU-to-CIN/repeat5-fold1/audit.json,models/tangent_center/candidates/2/fold_auc/1,0.8703703703703703
results/OSU-to-CIN/repeat5-fold1/audit.json,models/tangent_center/candidates/2/fold_auc/2,0.8888888888888888
results/OSU-to-CIN/repeat5-fold1/audit.json,models/tangent_center/candidates/3/mean_inner_auc,0.8192239858906526
results/OSU-to-CIN/repeat5-fold1/audit.json,models/tangent_center/candidates/3/fold_auc/0,0.6984126984126985
results/OSU-to-CIN/repeat5-fold1/audit.json,models/tangent_center/candidates/3/fold_auc/1,0.8703703703703703
results/OSU-to-CIN/repeat5-fold1/audit.json,models/tangent_center/candidates/3/fold_auc/2,0.888888888888889
results/OSU-to-CIN/repeat5-fold1/audit.json,models/tangent_center/chosen/mean_inner_auc,0.8192239858906526
results/OSU-to-CIN/repeat5-fold1/audit.json,models/tangent_center/chosen/fold_auc/0,0.6984126984126985
results/OSU-to-CIN/repeat5-fold1/audit.json,models/tangent_center/chosen/fold_auc/1,0.8703703703703703
results/OSU-to-CIN/repeat5-fold1/audit.json,models/tangent_center/chosen/fold_auc/2,0.8888888888888888
results/OSU-to-CIN/repeat5-fold1/audit.json,models/tangent_center/threshold/min_recall,0.7037037037037037
results/OSU-to-CIN/repeat5-fold1/audit.json,models/tangent_center/threshold/balanced_accuracy,0.7202729044834308
results/OSU-to-CIN/repeat5-fold1/audit.json,models/tangent_pca/candidates/0/mean_inner_auc,0.7275132275132274
results/OSU-to-CIN/repeat5-fold1/audit.json,models/tangent_pca/candidates/0/fold_auc/0,0.7936507936507936
results/OSU-to-CIN/repeat5-fold1/audit.json,models/tangent_pca/candidates/0/fold_auc/1,0.6666666666666666
results/OSU-to-CIN/repeat5-fold1/audit.json,models/tangent_pca/candidates/0/fold_auc/2,0.7222222222222222
results/OSU-to-CIN/repeat5-fold1/audit.json,models/tangent_pca/candidates/1/mean_inner_auc,0.7213403880070546
results/OSU-to-CIN/repeat5-fold1/audit.json,models/tangent_pca/candidates/1/fold_auc/0,0.7936507936507936
results/OSU-to-CIN/repeat5-fold1/audit.json,models/tangent_pca/candidates/1/fold_auc/1,0.6666666666666666
results/OSU-to-CIN/repeat5-fold1/audit.json,models/tangent_pca/candidates/1/fold_auc/2,0.7037037037037037
results/OSU-to-CIN/repeat5-fold1/audit.json,models/tangent_pca/candidates/2/mean_inner_auc,0.7204585537918872
results/OSU-to-CIN/repeat5-fold1/audit.json,models/tangent_pca/candidates/2/fold_auc/0,0.8095238095238094
results/OSU-to-CIN/repeat5-fold1/audit.json,models/tangent_pca/candidates/2/fold_auc/1,0.6481481481481481
results/OSU-to-CIN/repeat5-fold1/audit.json,models/tangent_pca/candidates/2/fold_auc/2,0.7037037037037037
results/OSU-to-CIN/repeat5-fold1/audit.json,models/tangent_pca/candidates/3/mean_inner_auc,0.72663139329806
results/OSU-to-CIN/repeat5-fold1/audit.json,models/tangent_pca/candidates/3/fold_auc/0,0.8095238095238094
results/OSU-to-CIN/repeat5-fold1/audit.json,models/tangent_pca/candidates/3/fold_auc/1,0.6481481481481481
results/OSU-to-CIN/repeat5-fold1/audit.json,models/tangent_pca/candidates/3/fold_auc/2,0.7222222222222222
results/OSU-to-CIN/repeat5-fold1/audit.json,models/tangent_pca/candidates/4/mean_inner_auc,0.7451499118165784
results/OSU-to-CIN/repeat5-fold1/audit.json,models/tangent_pca/candidates/4/fold_auc/0,0.6984126984126985
results/OSU-to-CIN/repeat5-fold1/audit.json,models/tangent_pca/candidates/4/fold_auc/1,0.7592592592592593
results/OSU-to-CIN/repeat5-fold1/audit.json,models/tangent_pca/candidates/4/fold_auc/2,0.7777777777777778
results/OSU-to-CIN/repeat5-fold1/audit.json,models/tangent_pca/candidates/5/mean_inner_auc,0.7389770723104055
results/OSU-to-CIN/repeat5-fold1/audit.json,models/tangent_pca/candidates/5/fold_auc/0,0.6984126984126985
results/OSU-to-CIN/repeat5-fold1/audit.json,models/tangent_pca/candidates/5/fold_auc/1,0.7592592592592593
results/OSU-to-CIN/repeat5-fold1/audit.json,models/tangent_pca/candidates/5/fold_auc/2,0.7592592592592592
results/OSU-to-CIN/repeat5-fold1/audit.json,models/tangent_pca/candidates/6/mean_inner_auc,0.7442680776014109
results/OSU-to-CIN/repeat5-fold1/audit.json,models/tangent_pca/candidates/6/fold_auc/0,0.7142857142857143
results/OSU-to-CIN/repeat5-fold1/audit.json,models/tangent_pca/candidates/6/fold_auc/1,0.7592592592592593
results/OSU-to-CIN/repeat5-fold1/audit.json,models/tangent_pca/candidates/6/fold_auc/2,0.7592592592592593
results/OSU-to-CIN/repeat5-fold1/audit.json,models/tangent_pca/candidates/7/mean_inner_auc,0.7319223985890653
results/OSU-to-CIN/repeat5-fold1/audit.json,models/tangent_pca/candidates/7/fold_auc/0,0.7142857142857143
results/OSU-to-CIN/repeat5-fold1/audit.json,models/tangent_pca/candidates/7/fold_auc/1,0.7592592592592593
results/OSU-to-CIN/repeat5-fold1/audit.json,models/tangent_pca/candidates/7/fold_auc/2,0.7222222222222222
results/OSU-to-CIN/repeat5-fold1/audit.json,models/tangent_pca/chosen/mean_inner_auc,0.7451499118165784
results/OSU-to-CIN/repeat5-fold1/audit.json,models/tangent_pca/chosen/fold_auc/0,0.6984126984126985
results/OSU-to-CIN/repeat5-fold1/audit.json,models/tangent_pca/chosen/fold_auc/1,0.7592592592592593
results/OSU-to-CIN/repeat5-fold1/audit.json,models/tangent_pca/chosen/fold_auc/2,0.7777777777777778
results/OSU-to-CIN/repeat5-fold1/audit.json,models/tangent_pca/threshold/min_recall,0.6842105263157895
results/OSU-to-CIN/repeat5-fold1/audit.json,models/tangent_pca/threshold/balanced_accuracy,0.6939571150097466
results/OSU-to-CIN/repeat5-fold1/audit.json,models/tangent_select/candidates/0/mean_inner_auc,0.7372134038800705
results/OSU-to-CIN/repeat5-fold1/audit.json,models/tangent_select/candidates/0/fold_auc/0,0.7301587301587302
results/OSU-to-CIN/repeat5-fold1/audit.json,models/tangent_select/candidates/0/fold_auc/1,0.5925925925925926
results/OSU-to-CIN/repeat5-fold1/audit.json,models/tangent_select/candidates/0/fold_auc/2,0.888888888888889
results/OSU-to-CIN/repeat5-fold1/audit.json,models/tangent_select/candidates/1/mean_inner_auc,0.7195767195767195
results/OSU-to-CIN/repeat5-fold1/audit.json,models/tangent_select/candidates/1/fold_auc/0,0.7142857142857143
results/OSU-to-CIN/repeat5-fold1/audit.json,models/tangent_select/candidates/1/fold_auc/1,0.5740740740740741
results/OSU-to-CIN/repeat5-fold1/audit.json,models/tangent_select/candidates/1/fold_auc/2,0.8703703703703703
results/OSU-to-CIN/repeat5-fold1/audit.json,models/tangent_select/candidates/2/mean_inner_auc,0.7151675485008818
results/OSU-to-CIN/repeat5-fold1/audit.json,models/tangent_select/candidates/2/fold_auc/0,0.6825396825396826
results/OSU-to-CIN/repeat5-fold1/audit.json,models/tangent_select/candidates/2/fold_auc/1,0.5740740740740741
results/OSU-to-CIN/repeat5-fold1/audit.json,models/tangent_select/candidates/2/fold_auc/2,0.888888888888889
results/OSU-to-CIN/repeat5-fold1/audit.json,models/tangent_select/candidates/3/mean_inner_auc,0.7151675485008818
results/OSU-to-CIN/repeat5-fold1/audit.json,models/tangent_select/candidates/3/fold_auc/0,0.6825396825396826
results/OSU-to-CIN/repeat5-fold1/audit.json,models/tangent_select/candidates/3/fold_auc/1,0.5740740740740741
results/OSU-to-CIN/repeat5-fold1/audit.json,models/tangent_select/candidates/3/fold_auc/2,0.888888888888889
results/OSU-to-CIN/repeat5-fold1/audit.json,models/tangent_select/candidates/4/mean_inner_auc,0.8139329805996472
results/OSU-to-CIN/repeat5-fold1/audit.json,models/tangent_select/candidates/4/fold_auc/0,0.7936507936507936
results/OSU-to-CIN/repeat5-fold1/audit.json,models/tangent_select/candidates/4/fold_auc/1,0.7592592592592592
results/OSU-to-CIN/repeat5-fold1/audit.json,models/tangent_select/candidates/4/fold_auc/2,0.888888888888889
results/OSU-to-CIN/repeat5-fold1/audit.json,models/tangent_select/candidates/5/mean_inner_auc,0.8201058201058201
results/OSU-to-CIN/repeat5-fold1/audit.json,models/tangent_select/candidates/5/fold_auc/0,0.7936507936507936
results/OSU-to-CIN/repeat5-fold1/audit.json,models/tangent_select/candidates/5/fold_auc/1,0.7592592592592592
results/OSU-to-CIN/repeat5-fold1/audit.json,models/tangent_select/candidates/5/fold_auc/2,0.9074074074074074
results/OSU-to-CIN/repeat5-fold1/audit.json,models/tangent_select/candidates/6/mean_inner_auc,0.8139329805996471
results/OSU-to-CIN/repeat5-fold1/audit.json,models/tangent_select/candidates/6/fold_auc/0,0.7936507936507936
results/OSU-to-CIN/repeat5-fold1/audit.json,models/tangent_select/candidates/6/fold_auc/1,0.7592592592592592
results/OSU-to-CIN/repeat5-fold1/audit.json,models/tangent_select/candidates/6/fold_auc/2,0.8888888888888888
results/OSU-to-CIN/repeat5-fold1/audit.json,models/tangent_select/candidates/7/mean_inner_auc,0.8148148148148149
results/OSU-to-CIN/repeat5-fold1/audit.json,models/tangent_select/candidates/7/fold_auc/0,0.7777777777777778
results/OSU-to-CIN/repeat5-fold1/audit.json,models/tangent_select/candidates/7/fold_auc/1,0.7962962962962962
results/OSU-to-CIN/repeat5-fold1/audit.json,models/tangent_select/candidates/7/fold_auc/2,0.8703703703703705
results/OSU-to-CIN/repeat5-fold1/audit.json,models/tangent_select/chosen/mean_inner_auc,0.8201058201058201
results/OSU-to-CIN/repeat5-fold1/audit.json,models/tangent_select/chosen/fold_auc/0,0.7936507936507936
results/OSU-to-CIN/repeat5-fold1/audit.json,models/tangent_select/chosen/fold_auc/1,0.7592592592592592
results/OSU-to-CIN/repeat5-fold1/audit.json,models/tangent_select/chosen/fold_auc/2,0.9074074074074074
results/OSU-to-CIN/repeat5-fold1/audit.json,models/tangent_select/threshold/min_recall,0.7368421052631579
results/OSU-to-CIN/repeat5-fold1/audit.json,models/tangent_select/threshold/balanced_accuracy,0.7573099415204678
results/primary99/repeat1-fold1/audit.json,models/tangent_original/candidates/0/mean_inner_auc,0.7426739926739927
results/primary99/repeat1-fold1/audit.json,models/tangent_original/candidates/0/fold_auc/0,0.8351648351648352
results/primary99/repeat1-fold1/audit.json,models/tangent_original/candidates/0/fold_auc/1,0.6607142857142856
results/primary99/repeat1-fold1/audit.json,models/tangent_original/candidates/0/fold_auc/2,0.7321428571428572
results/primary99/repeat1-fold1/audit.json,models/tangent_original/candidates/1/mean_inner_auc,0.7525946275946276
results/primary99/repeat1-fold1/audit.json,models/tangent_original/candidates/1/fold_auc/0,0.8351648351648352
results/primary99/repeat1-fold1/audit.json,models/tangent_original/candidates/1/fold_auc/1,0.6904761904761905
results/primary99/repeat1-fold1/audit.json,models/tangent_original/candidates/1/fold_auc/2,0.7321428571428572
results/primary99/repeat1-fold1/audit.json,models/tangent_original/candidates/2/mean_inner_auc,0.7565628815628815
results/primary99/repeat1-fold1/audit.json,models/tangent_original/candidates/2/fold_auc/0,0.8351648351648352
results/primary99/repeat1-fold1/audit.json,models/tangent_original/candidates/2/fold_auc/1,0.6964285714285714
results/primary99/repeat1-fold1/audit.json,models/tangent_original/candidates/2/fold_auc/2,0.7380952380952381
results/primary99/repeat1-fold1/audit.json,models/tangent_original/candidates/3/mean_inner_auc,0.7605311355311355
results/primary99/repeat1-fold1/audit.json,models/tangent_original/candidates/3/fold_auc/0,0.8351648351648352
results/primary99/repeat1-fold1/audit.json,models/tangent_original/candidates/3/fold_auc/1,0.6964285714285714
results/primary99/repeat1-fold1/audit.json,models/tangent_original/candidates/3/fold_auc/2,0.75
results/primary99/repeat1-fold1/audit.json,models/tangent_original/chosen/mean_inner_auc,0.7605311355311355
results/primary99/repeat1-fold1/audit.json,models/tangent_original/chosen/fold_auc/0,0.8351648351648352
results/primary99/repeat1-fold1/audit.json,models/tangent_original/chosen/fold_auc/1,0.6964285714285714
results/primary99/repeat1-fold1/audit.json,models/tangent_original/chosen/fold_auc/2,0.75
results/primary99/repeat1-fold1/audit.json,models/tangent_original/threshold/min_recall,0.6190476190476191
results/primary99/repeat1-fold1/audit.json,models/tangent_original/threshold/balanced_accuracy,0.6203346203346203
results/primary99/repeat1-fold1/audit.json,models/tangent_center/candidates/0/mean_inner_auc,0.7307692307692308
results/primary99/repeat1-fold1/audit.json,models/tangent_center/candidates/0/fold_auc/0,0.8351648351648351
results/primary99/repeat1-fold1/audit.json,models/tangent_center/candidates/0/fold_auc/1,0.6488095238095238
results/primary99/repeat1-fold1/audit.json,models/tangent_center/candidates/0/fold_auc/2,0.7083333333333334
results/primary99/repeat1-fold1/audit.json,models/tangent_center/candidates/1/mean_inner_auc,0.7348901098901099
results/primary99/repeat1-fold1/audit.json,models/tangent_center/candidates/1/fold_auc/0,0.8296703296703297
results/primary99/repeat1-fold1/audit.json,models/tangent_center/candidates/1/fold_auc/1,0.6547619047619047
results/primary99/repeat1-fold1/audit.json,models/tangent_center/candidates/1/fold_auc/2,0.7202380952380952
results/primary99/repeat1-fold1/audit.json,models/tangent_center/candidates/2/mean_inner_auc,0.7472527472527473
results/primary99/repeat1-fold1/audit.json,models/tangent_center/candidates/2/fold_auc/0,0.8131868131868132
results/primary99/repeat1-fold1/audit.json,models/tangent_center/candidates/2/fold_auc/1,0.6904761904761905
results/primary99/repeat1-fold1/audit.json,models/tangent_center/candidates/2/fold_auc/2,0.7380952380952381
results/primary99/repeat1-fold1/audit.json,models/tangent_center/candidates/3/mean_inner_auc,0.760989010989011
results/primary99/repeat1-fold1/audit.json,models/tangent_center/candidates/3/fold_auc/0,0.8186813186813187
results/primary99/repeat1-fold1/audit.json,models/tangent_center/candidates/3/fold_auc/1,0.7023809523809523
results/primary99/repeat1-fold1/audit.json,models/tangent_center/candidates/3/fold_auc/2,0.7619047619047619
results/primary99/repeat1-fold1/audit.json,models/tangent_center/chosen/mean_inner_auc,0.760989010989011
results/primary99/repeat1-fold1/audit.json,models/tangent_center/chosen/fold_auc/0,0.8186813186813187
results/primary99/repeat1-fold1/audit.json,models/tangent_center/chosen/fold_auc/1,0.7023809523809523
results/primary99/repeat1-fold1/audit.json,models/tangent_center/chosen/fold_auc/2,0.7619047619047619
results/primary99/repeat1-fold1/audit.json,models/tangent_center/threshold/min_recall,0.6486486486486487
results/primary99/repeat1-fold1/audit.json,models/tangent_center/threshold/balanced_accuracy,0.6695624195624196
results/primary99/repeat1-fold1/audit.json,models/tangent_pca/candidates/0/mean_inner_auc,0.6874236874236873
results/primary99/repeat1-fold1/audit.json,models/tangent_pca/candidates/0/fold_auc/0,0.7527472527472527
results/primary99/repeat1-fold1/audit.json,models/tangent_pca/candidates/0/fold_auc/1,0.6190476190476191
results/primary99/repeat1-fold1/audit.json,models/tangent_pca/candidates/0/fold_auc/2,0.6904761904761905
results/primary99/repeat1-fold1/audit.json,models/tangent_pca/candidates/1/mean_inner_auc,0.7008547008547009
results/primary99/repeat1-fold1/audit.json,models/tangent_pca/candidates/1/fold_auc/0,0.7692307692307692
results/primary99/repeat1-fold1/audit.json,models/tangent_pca/candidates/1/fold_auc/1,0.625
results/primary99/repeat1-fold1/audit.json,models/tangent_pca/candidates/1/fold_auc/2,0.7083333333333334
results/primary99/repeat1-fold1/audit.json,models/tangent_pca/candidates/2/mean_inner_auc,0.7164224664224664
results/primary99/repeat1-fold1/audit.json,models/tangent_pca/candidates/2/fold_auc/0,0.7802197802197802
results/primary99/repeat1-fold1/audit.json,models/tangent_pca/candidates/2/fold_auc/1,0.6309523809523809
results/primary99/repeat1-fold1/audit.json,models/tangent_pca/candidates/2/fold_auc/2,0.7380952380952381
results/primary99/repeat1-fold1/audit.json,models/tangent_pca/candidates/3/mean_inner_auc,0.7222222222222222
results/primary99/repeat1-fold1/audit.json,models/tangent_pca/candidates/3/fold_auc/0,0.7857142857142857
results/primary99/repeat1-fold1/audit.json,models/tangent_pca/candidates/3/fold_auc/1,0.6309523809523809
results/primary99/repeat1-fold1/audit.json,models/tangent_pca/candidates/3/fold_auc/2,0.75
results/primary99/repeat1-fold1/audit.json,models/tangent_pca/candidates/4/mean_inner_auc,0.6939865689865691
results/primary99/repeat1-fold1/audit.json,models/tangent_pca/candidates/4/fold_auc/0,0.8021978021978022
results/primary99/repeat1-fold1/audit.json,models/tangent_pca/candidates/4/fold_auc/1,0.6071428571428571
results/primary99/repeat1-fold1/audit.json,models/tangent_pca/candidates/4/fold_auc/2,0.6726190476190477
results/primary99/repeat1-fold1/audit.json,models/tangent_pca/candidates/5/mean_inner_auc,0.7014652014652015
results/primary99/repeat1-fold1/audit.json,models/tangent_pca/candidates/5/fold_auc/0,0.8186813186813187
results/primary99/repeat1-fold1/audit.json,models/tangent_pca/candidates/5/fold_auc/1,0.6130952380952381
results/primary99/repeat1-fold1/audit.json,models/tangent_pca/candidates/5/fold_auc/2,0.6726190476190477
results/primary99/repeat1-fold1/audit.json,models/tangent_pca/candidates/6/mean_inner_auc,0.7034493284493285
results/primary99/repeat1-fold1/audit.json,models/tangent_pca/candidates/6/fold_auc/0,0.8186813186813188
results/primary99/repeat1-fold1/audit.json,models/tangent_pca/candidates/6/fold_auc/1,0.6071428571428572
results/primary99/repeat1-fold1/audit.json,models/tangent_pca/candidates/6/fold_auc/2,0.6845238095238095
results/primary99/repeat1-fold1/audit.json,models/tangent_pca/candidates/7/mean_inner_auc,0.7014652014652015
results/primary99/repeat1-fold1/audit.json,models/tangent_pca/candidates/7/fold_auc/0,0.8186813186813187
results/primary99/repeat1-fold1/audit.json,models/tangent_pca/candidates/7/fold_auc/1,0.5892857142857142
results/primary99/repeat1-fold1/audit.json,models/tangent_pca/candidates/7/fold_auc/2,0.6964285714285715
results/primary99/repeat1-fold1/audit.json,models/tangent_pca/chosen/mean_inner_auc,0.7222222222222222
results/primary99/repeat1-fold1/audit.json,models/tangent_pca/chosen/fold_auc/0,0.7857142857142857
results/primary99/repeat1-fold1/audit.json,models/tangent_pca/chosen/fold_auc/1,0.6309523809523809
results/primary99/repeat1-fold1/audit.json,models/tangent_pca/chosen/fold_auc/2,0.75
results/primary99/repeat1-fold1/audit.json,models/tangent_pca/threshold/min_recall,0.6190476190476191
results/primary99/repeat1-fold1/audit.json,models/tangent_pca/threshold/balanced_accuracy,0.6338481338481339
results/primary99/repeat1-fold1/audit.json,models/tangent_select/candidates/0/mean_inner_auc,0.7156593406593407
results/primary99/repeat1-fold1/audit.json,models/tangent_select/candidates/0/fold_auc/0,0.8076923076923077
results/primary99/repeat1-fold1/audit.json,models/tangent_select/candidates/0/fold_auc/1,0.625
results/primary99/repeat1-fold1/audit.json,models/tangent_select/candidates/0/fold_auc/2,0.7142857142857143
results/primary99/repeat1-fold1/audit.json,models/tangent_select/candidates/1/mean_inner_auc,0.7197802197802198
results/primary99/repeat1-fold1/audit.json,models/tangent_select/candidates/1/fold_auc/0,0.8021978021978022
results/primary99/repeat1-fold1/audit.json,models/tangent_select/candidates/1/fold_auc/1,0.6428571428571428
results/primary99/repeat1-fold1/audit.json,models/tangent_select/candidates/1/fold_auc/2,0.7142857142857143
results/primary99/repeat1-fold1/audit.json,models/tangent_select/candidates/2/mean_inner_auc,0.7158119658119659
results/primary99/repeat1-fold1/audit.json,models/tangent_select/candidates/2/fold_auc/0,0.8021978021978022
results/primary99/repeat1-fold1/audit.json,models/tangent_select/candidates/2/fold_auc/1,0.6547619047619049
results/primary99/repeat1-fold1/audit.json,models/tangent_select/candidates/2/fold_auc/2,0.6904761904761905
results/primary99/repeat1-fold1/audit.json,models/tangent_select/candidates/3/mean_inner_auc,0.7121489621489622
results/primary99/repeat1-fold1/audit.json,models/tangent_select/candidates/3/fold_auc/0,0.7912087912087913
results/primary99/repeat1-fold1/audit.json,models/tangent_select/candidates/3/fold_auc/1,0.6488095238095237
results/primary99/repeat1-fold1/audit.json,models/tangent_select/candidates/3/fold_auc/2,0.6964285714285715
results/primary99/repeat1-fold1/audit.json,models/tangent_select/candidates/4/mean_inner_auc,0.7174908424908425
results/primary99/repeat1-fold1/audit.json,models/tangent_select/candidates/4/fold_auc/0,0.8131868131868132
results/primary99/repeat1-fold1/audit.json,models/tangent_select/candidates/4/fold_auc/1,0.6428571428571428
results/primary99/repeat1-fold1/audit.json,models/tangent_select/candidates/4/fold_auc/2,0.6964285714285714
results/primary99/repeat1-fold1/audit.json,models/tangent_select/candidates/5/mean_inner_auc,0.7097069597069597
results/primary99/repeat1-fold1/audit.json,models/tangent_select/candidates/5/fold_auc/0,0.8076923076923076
results/primary99/repeat1-fold1/audit.json,models/tangent_select/candidates/5/fold_auc/1,0.6488095238095238
results/primary99/repeat1-fold1/audit.json,models/tangent_select/candidates/5/fold_auc/2,0.6726190476190477
results/primary99/repeat1-fold1/audit.json,models/tangent_select/candidates/6/mean_inner_auc,0.7115384615384616
results/primary99/repeat1-fold1/audit.json,models/tangent_select/candidates/6/fold_auc/0,0.8131868131868132
results/primary99/repeat1-fold1/audit.json,models/tangent_select/candidates/6/fold_auc/1,0.6428571428571428
results/primary99/repeat1-fold1/audit.json,models/tangent_select/candidates/6/fold_auc/2,0.6785714285714286
results/primary99/repeat1-fold1/audit.json,models/tangent_select/candidates/7/mean_inner_auc,0.7135225885225885
results/primary99/repeat1-fold1/audit.json,models/tangent_select/candidates/7/fold_auc/0,0.8131868131868132
results/primary99/repeat1-fold1/audit.json,models/tangent_select/candidates/7/fold_auc/1,0.6488095238095238
results/primary99/repeat1-fold1/audit.json,models/tangent_select/candidates/7/fold_auc/2,0.6785714285714286
results/primary99/repeat1-fold1/audit.json,models/tangent_select/chosen/mean_inner_auc,0.7197802197802198
results/primary99/repeat1-fold1/audit.json,models/tangent_select/chosen/fold_auc/0,0.8021978021978022
results/primary99/repeat1-fold1/audit.json,models/tangent_select/chosen/fold_auc/1,0.6428571428571428
results/primary99/repeat1-fold1/audit.json,models/tangent_select/chosen/fold_auc/2,0.7142857142857143
results/primary99/repeat1-fold1/audit.json,models/tangent_select/threshold/min_recall,0.6666666666666666
results/primary99/repeat1-fold1/audit.json,models/tangent_select/threshold/balanced_accuracy,0.6711711711711712
results/primary99/repeat1-fold2/audit.json,models/tangent_original/candidates/0/mean_inner_auc,0.7254273504273504
results/primary99/repeat1-fold2/audit.json,models/tangent_original/candidates/0/fold_auc/0,0.7417582417582418
results/primary99/repeat1-fold2/audit.json,models/tangent_original/candidates/0/fold_auc/1,0.636904761904762
results/primary99/repeat1-fold2/audit.json,models/tangent_original/candidates/0/fold_auc/2,0.7976190476190477
results/primary99/repeat1-fold2/audit.json,models/tangent_original/candidates/1/mean_inner_auc,0.7239010989010989
results/primary99/repeat1-fold2/audit.json,models/tangent_original/candidates/1/fold_auc/0,0.7252747252747253
results/primary99/repeat1-fold2/audit.json,models/tangent_original/candidates/1/fold_auc/1,0.6428571428571429
results/primary99/repeat1-fold2/audit.json,models/tangent_original/candidates/1/fold_auc/2,0.8035714285714286
results/primary99/repeat1-fold2/audit.json,models/tangent_original/candidates/2/mean_inner_auc,0.7145909645909646
results/primary99/repeat1-fold2/audit.json,models/tangent_original/candidates/2/fold_auc/0,0.7032967032967032
results/primary99/repeat1-fold2/audit.json,models/tangent_original/candidates/2/fold_auc/1,0.6488095238095238
results/primary99/repeat1-fold2/audit.json,models/tangent_original/candidates/2/fold_auc/2,0.7916666666666666
results/primary99/repeat1-fold2/audit.json,models/tangent_original/candidates/3/mean_inner_auc,0.7126068376068376
results/primary99/repeat1-fold2/audit.json,models/tangent_original/candidates/3/fold_auc/0,0.7032967032967032
results/primary99/repeat1-fold2/audit.json,models/tangent_original/candidates/3/fold_auc/1,0.6488095238095238
results/primary99/repeat1-fold2/audit.json,models/tangent_original/candidates/3/fold_auc/2,0.7857142857142857
results/primary99/repeat1-fold2/audit.json,models/tangent_original/chosen/mean_inner_auc,0.7254273504273504
results/primary99/repeat1-fold2/audit.json,models/tangent_original/chosen/fold_auc/0,0.7417582417582418
results/primary99/repeat1-fold2/audit.json,models/tangent_original/chosen/fold_auc/1,0.636904761904762
results/primary99/repeat1-fold2/audit.json,models/tangent_original/chosen/fold_auc/2,0.7976190476190477
results/primary99/repeat1-fold2/audit.json,models/tangent_original/threshold/min_recall,0.6666666666666666
results/primary99/repeat1-fold2/audit.json,models/tangent_original/threshold/balanced_accuracy,0.6711711711711712
results/primary99/repeat1-fold2/audit.json,models/tangent_center/candidates/0/mean_inner_auc,0.7481684981684982
results/primary99/repeat1-fold2/audit.json,models/tangent_center/candidates/0/fold_auc/0,0.7802197802197802
results/primary99/repeat1-fold2/audit.json,models/tangent_center/candidates/0/fold_auc/1,0.6428571428571428
results/primary99/repeat1-fold2/audit.json,models/tangent_center/candidates/0/fold_auc/2,0.8214285714285714
results/primary99/repeat1-fold2/audit.json,models/tangent_center/candidates/1/mean_inner_auc,0.7481684981684982
results/primary99/repeat1-fold2/audit.json,models/tangent_center/candidates/1/fold_auc/0,0.7802197802197802
results/primary99/repeat1-fold2/audit.json,models/tangent_center/candidates/1/fold_auc/1,0.6369047619047619
results/primary99/repeat1-fold2/audit.json,models/tangent_center/candidates/1/fold_auc/2,0.8273809523809524
results/primary99/repeat1-fold2/audit.json,models/tangent_center/candidates/2/mean_inner_auc,0.7466422466422467
results/primary99/repeat1-fold2/audit.json,models/tangent_center/candidates/2/fold_auc/0,0.7637362637362637
results/primary99/repeat1-fold2/audit.json,models/tangent_center/candidates/2/fold_auc/1,0.6488095238095237
results/primary99/repeat1-fold2/audit.json,models/tangent_center/candidates/2/fold_auc/2,0.8273809523809523
results/primary99/repeat1-fold2/audit.json,models/tangent_center/candidates/3/mean_inner_auc,0.7506105006105006
results/primary99/repeat1-fold2/audit.json,models/tangent_center/candidates/3/fold_auc/0,0.7637362637362638
results/primary99/repeat1-fold2/audit.json,models/tangent_center/candidates/3/fold_auc/1,0.6547619047619049
results/primary99/repeat1-fold2/audit.json,models/tangent_center/candidates/3/fold_auc/2,0.8333333333333333
results/primary99/repeat1-fold2/audit.json,models/tangent_center/chosen/mean_inner_auc,0.7506105006105006
results/primary99/repeat1-fold2/audit.json,models/tangent_center/chosen/fold_auc/0,0.7637362637362638
results/primary99/repeat1-fold2/audit.json,models/tangent_center/chosen/fold_auc/1,0.6547619047619049
results/primary99/repeat1-fold2/audit.json,models/tangent_center/chosen/fold_auc/2,0.8333333333333333
results/primary99/repeat1-fold2/audit.json,models/tangent_center/threshold/min_recall,0.6756756756756757
results/primary99/repeat1-fold2/audit.json,models/tangent_center/threshold/balanced_accuracy,0.6830759330759331
results/primary99/repeat1-fold2/audit.json,models/tangent_pca/candidates/0/mean_inner_auc,0.7245115995115995
results/primary99/repeat1-fold2/audit.json,models/tangent_pca/candidates/0/fold_auc/0,0.7747252747252747
results/primary99/repeat1-fold2/audit.json,models/tangent_pca/candidates/0/fold_auc/1,0.6190476190476191
results/primary99/repeat1-fold2/audit.json,models/tangent_pca/candidates/0/fold_auc/2,0.7797619047619047
results/primary99/repeat1-fold2/audit.json,models/tangent_pca/candidates/1/mean_inner_auc,0.7174908424908425
results/primary99/repeat1-fold2/audit.json,models/tangent_pca/candidates/1/fold_auc/0,0.7417582417582418
results/primary99/repeat1-fold2/audit.json,models/tangent_pca/candidates/1/fold_auc/1,0.6190476190476191
results/primary99/repeat1-fold2/audit.json,models/tangent_pca/candidates/1/fold_auc/2,0.7916666666666666
results/primary99/repeat1-fold2/audit.json,models/tangent_pca/candidates/2/mean_inner_auc,0.7136752136752137
results/primary99/repeat1-fold2/audit.json,models/tangent_pca/candidates/2/fold_auc/0,0.7362637362637363
results/primary99/repeat1-fold2/audit.json,models/tangent_pca/candidates/2/fold_auc/1,0.6130952380952381
results/primary99/repeat1-fold2/audit.json,models/tangent_pca/candidates/2/fold_auc/2,0.7916666666666666
results/primary99/repeat1-fold2/audit.json,models/tangent_pca/candidates/3/mean_inner_auc,0.7133699633699634
results/primary99/repeat1-fold2/audit.json,models/tangent_pca/candidates/3/fold_auc/0,0.7472527472527474
results/primary99/repeat1-fold2/audit.json,models/tangent_pca/candidates/3/fold_auc/1,0.6011904761904763
results/primary99/repeat1-fold2/audit.json,models/tangent_pca/candidates/3/fold_auc/2,0.7916666666666666
results/primary99/repeat1-fold2/audit.json,models/tangent_pca/candidates/4/mean_inner_auc,0.7306166056166056
results/primary99/repeat1-fold2/audit.json,models/tangent_pca/candidates/4/fold_auc/0,0.7692307692307693
results/primary99/repeat1-fold2/audit.json,models/tangent_pca/candidates/4/fold_auc/1,0.625
results/primary99/repeat1-fold2/audit.json,models/tangent_pca/candidates/4/fold_auc/2,0.7976190476190476
results/primary99/repeat1-fold2/audit.json,models/tangent_pca/candidates/5/mean_inner_auc,0.7168803418803419
results/primary99/repeat1-fold2/audit.json,models/tangent_pca/candidates/5/fold_auc/0,0.7637362637362638
results/primary99/repeat1-fold2/audit.json,models/tangent_pca/candidates/5/fold_auc/1,0.6190476190476191
results/primary99/repeat1-fold2/audit.json,models/tangent_pca/candidates/5/fold_auc/2,0.7678571428571428
results/primary99/repeat1-fold2/audit.json,models/tangent_pca/candidates/6/mean_inner_auc,0.7216117216117217
results/primary99/repeat1-fold2/audit.json,models/tangent_pca/candidates/6/fold_auc/0,0.8076923076923078
results/primary99/repeat1-fold2/audit.json,models/tangent_pca/candidates/6/fold_auc/1,0.5892857142857143
results/primary99/repeat1-fold2/audit.json,models/tangent_pca/candidates/6/fold_auc/2,0.7678571428571429
results/primary99/repeat1-fold2/audit.json,models/tangent_pca/candidates/7/mean_inner_auc,0.7095543345543346
results/primary99/repeat1-fold2/audit.json,models/tangent_pca/candidates/7/fold_auc/0,0.8131868131868132
results/primary99/repeat1-fold2/audit.json,models/tangent_pca/candidates/7/fold_auc/1,0.5654761904761905
results/primary99/repeat1-fold2/audit.json,models/tangent_pca/candidates/7/fold_auc/2,0.75
results/primary99/repeat1-fold2/audit.json,models/tangent_pca/chosen/mean_inner_auc,0.7306166056166056
results/primary99/repeat1-fold2/audit.json,models/tangent_pca/chosen/fold_auc/0,0.7692307692307693
results/primary99/repeat1-fold2/audit.json,models/tangent_pca/chosen/fold_auc/1,0.625
results/primary99/repeat1-fold2/audit.json,models/tangent_pca/chosen/fold_auc/2,0.7976190476190476
results/primary99/repeat1-fold2/audit.json,models/tangent_pca/threshold/min_recall,0.6486486486486487
results/primary99/repeat1-fold2/audit.json,models/tangent_pca/threshold/balanced_accuracy,0.6814671814671815
results/primary99/repeat1-fold2/audit.json,models/tangent_select/candidates/0/mean_inner_auc,0.7437423687423688
results/primary99/repeat1-fold2/audit.json,models/tangent_select/candidates/0/fold_auc/0,0.7967032967032968
results/primary99/repeat1-fold2/audit.json,models/tangent_select/candidates/0/fold_auc/1,0.6607142857142857
results/primary99/repeat1-fold2/audit.json,models/tangent_select/candidates/0/fold_auc/2,0.7738095238095238
results/primary99/repeat1-fold2/audit.json,models/tangent_select/candidates/1/mean_inner_auc,0.7264957264957265
results/primary99/repeat1-fold2/audit.json,models/tangent_select/candidates/1/fold_auc/0,0.7747252747252747
results/primary99/repeat1-fold2/audit.json,models/tangent_select/candidates/1/fold_auc/1,0.6607142857142857
results/primary99/repeat1-fold2/audit.json,models/tangent_select/candidates/1/fold_auc/2,0.744047619047619
results/primary99/repeat1-fold2/audit.json,models/tangent_select/candidates/2/mean_inner_auc,0.7106227106227104
results/primary99/repeat1-fold2/audit.json,models/tangent_select/candidates/2/fold_auc/0,0.7747252747252747
results/primary99/repeat1-fold2/audit.json,models/tangent_select/candidates/2/fold_auc/1,0.6547619047619047
results/primary99/repeat1-fold2/audit.json,models/tangent_select/candidates/2/fold_auc/2,0.7023809523809523
results/primary99/repeat1-fold2/audit.json,models/tangent_select/candidates/3/mean_inner_auc,0.7066544566544565
results/primary99/repeat1-fold2/audit.json,models/tangent_select/candidates/3/fold_auc/0,0.7747252747252746
results/primary99/repeat1-fold2/audit.json,models/tangent_select/candidates/3/fold_auc/1,0.6547619047619048
results/primary99/repeat1-fold2/audit.json,models/tangent_select/candidates/3/fold_auc/2,0.6904761904761905
results/primary99/repeat1-fold2/audit.json,models/tangent_select/candidates/4/mean_inner_auc,0.7318376068376068
results/primary99/repeat1-fold2/audit.json,models/tangent_select/candidates/4/fold_auc/0,0.7252747252747254
results/primary99/repeat1-fold2/audit.json,models/tangent_select/candidates/4/fold_auc/1,0.6547619047619047
results/primary99/repeat1-fold2/audit.json,models/tangent_select/candidates/4/fold_auc/2,0.8154761904761905
results/primary99/repeat1-fold2/audit.json,models/tangent_select/candidates/5/mean_inner_auc,0.7208485958485958
results/primary99/repeat1-fold2/audit.json,models/tangent_select/candidates/5/fold_auc/0,0.6923076923076923
results/primary99/repeat1-fold2/audit.json,models/tangent_select/candidates/5/fold_auc/1,0.6666666666666666
results/primary99/repeat1-fold2/audit.json,models/tangent_select/candidates/5/fold_auc/2,0.8035714285714285
results/primary99/repeat1-fold2/audit.json,models/tangent_select/candidates/6/mean_inner_auc,0.7016178266178265
results/primary99/repeat1-fold2/audit.json,models/tangent_select/candidates/6/fold_auc/0,0.6703296703296703
results/primary99/repeat1-fold2/audit.json,models/tangent_select/candidates/6/fold_auc/1,0.6547619047619047
results/primary99/repeat1-fold2/audit.json,models/tangent_select/candidates/6/fold_auc/2,0.7797619047619047
results/primary99/repeat1-fold2/audit.json,models/tangent_select/candidates/7/mean_inner_auc,0.697954822954823
results/primary99/repeat1-fold2/audit.json,models/tangent_select/candidates/7/fold_auc/0,0.6593406593406593
results/primary99/repeat1-fold2/audit.json,models/tangent_select/candidates/7/fold_auc/1,0.6607142857142857
results/primary99/repeat1-fold2/audit.json,models/tangent_select/candidates/7/fold_auc/2,0.7738095238095238
results/primary99/repeat1-fold2/audit.json,models/tangent_select/chosen/mean_inner_auc,0.7437423687423688
results/primary99/repeat1-fold2/audit.json,models/tangent_select/chosen/fold_auc/0,0.7967032967032968
results/primary99/repeat1-fold2/audit.json,models/tangent_select/chosen/fold_auc/1,0.6607142857142857
results/primary99/repeat1-fold2/audit.json,models/tangent_select/chosen/fold_auc/2,0.7738095238095238
results/primary99/repeat1-fold2/audit.json,models/tangent_select/threshold/min_recall,0.6428571428571429
results/primary99/repeat1-fold2/audit.json,models/tangent_select/threshold/balanced_accuracy,0.6592664092664093
results/primary99/repeat1-fold3/audit.json,models/tangent_original/candidates/0/mean_inner_auc,0.79502442002442
results/primary99/repeat1-fold3/audit.json,models/tangent_original/candidates/0/fold_auc/0,0.8791208791208791
results/primary99/repeat1-fold3/audit.json,models/tangent_original/candidates/0/fold_auc/1,0.8035714285714286
results/primary99/repeat1-fold3/audit.json,models/tangent_original/candidates/0/fold_auc/2,0.7023809523809523
results/primary99/repeat1-fold3/audit.json,models/tangent_original/candidates/1/mean_inner_auc,0.7989926739926739
results/primary99/repeat1-fold3/audit.json,models/tangent_original/candidates/1/fold_auc/0,0.8791208791208791
results/primary99/repeat1-fold3/audit.json,models/tangent_original/candidates/1/fold_auc/1,0.8095238095238094
results/primary99/repeat1-fold3/audit.json,models/tangent_original/candidates/1/fold_auc/2,0.7083333333333333
results/primary99/repeat1-fold3/audit.json,models/tangent_original/candidates/2/mean_inner_auc,0.799145299145299
results/primary99/repeat1-fold3/audit.json,models/tangent_original/candidates/2/fold_auc/0,0.8736263736263736
results/primary99/repeat1-fold3/audit.json,models/tangent_original/candidates/2/fold_auc/1,0.8095238095238094
results/primary99/repeat1-fold3/audit.json,models/tangent_original/candidates/2/fold_auc/2,0.7142857142857142
results/primary99/repeat1-fold3/audit.json,models/tangent_original/candidates/3/mean_inner_auc,0.7973137973137971
results/primary99/repeat1-fold3/audit.json,models/tangent_original/candidates/3/fold_auc/0,0.8681318681318682
results/primary99/repeat1-fold3/audit.json,models/tangent_original/candidates/3/fold_auc/1,0.8095238095238094
results/primary99/repeat1-fold3/audit.json,models/tangent_original/candidates/3/fold_auc/2,0.7142857142857142
results/primary99/repeat1-fold3/audit.json,models/tangent_original/chosen/mean_inner_auc,0.799145299145299
results/primary99/repeat1-fold3/audit.json,models/tangent_original/chosen/fold_auc/0,0.8736263736263736
results/primary99/repeat1-fold3/audit.json,models/tangent_original/chosen/fold_auc/1,0.8095238095238094
results/primary99/repeat1-fold3/audit.json,models/tangent_original/chosen/fold_auc/2,0.7142857142857142
results/primary99/repeat1-fold3/audit.json,models/tangent_original/threshold/min_recall,0.7567567567567568
results/primary99/repeat1-fold3/audit.json,models/tangent_original/threshold/balanced_accuracy,0.7593307593307593
results/primary99/repeat1-fold3/audit.json,models/tangent_center/candidates/0/mean_inner_auc,0.7965506715506715
results/primary99/repeat1-fold3/audit.json,models/tangent_center/candidates/0/fold_auc/0,0.8956043956043956
results/primary99/repeat1-fold3/audit.json,models/tangent_center/candidates/0/fold_auc/1,0.7797619047619048
results/primary99/repeat1-fold3/audit.json,models/tangent_center/candidates/0/fold_auc/2,0.7142857142857142
results/primary99/repeat1-fold3/audit.json,models/tangent_center/candidates/1/mean_inner_auc,0.7892246642246642
results/primary99/repeat1-fold3/audit.json,models/tangent_center/candidates/1/fold_auc/0,0.8736263736263737
results/primary99/repeat1-fold3/audit.json,models/tangent_center/candidates/1/fold_auc/1,0.7857142857142857
results/primary99/repeat1-fold3/audit.json,models/tangent_center/candidates/1/fold_auc/2,0.7083333333333333
results/primary99/repeat1-fold3/audit.json,models/tangent_center/candidates/2/mean_inner_auc,0.7992979242979242
results/primary99/repeat1-fold3/audit.json,models/tangent_center/candidates/2/fold_auc/0,0.8681318681318682
results/primary99/repeat1-fold3/audit.json,models/tangent_center/candidates/2/fold_auc/1,0.7976190476190477
results/primary99/repeat1-fold3/audit.json,models/tangent_center/candidates/2/fold_auc/2,0.7321428571428572
results/primary99/repeat1-fold3/audit.json,models/tangent_center/candidates/3/mean_inner_auc,0.8032661782661782
results/primary99/repeat1-fold3/audit.json,models/tangent_center/candidates/3/fold_auc/0,0.8681318681318682
results/primary99/repeat1-fold3/audit.json,models/tangent_center/candidates/3/fold_auc/1,0.8035714285714286
results/primary99/repeat1-fold3/audit.json,models/tangent_center/candidates/3/fold_auc/2,0.738095238095238
results/primary99/repeat1-fold3/audit.json,models/tangent_center/chosen/mean_inner_auc,0.8032661782661782
results/primary99/repeat1-fold3/audit.json,models/tangent_center/chosen/fold_auc/0,0.8681318681318682
results/primary99/repeat1-fold3/audit.json,models/tangent_center/chosen/fold_auc/1,0.8035714285714286
results/primary99/repeat1-fold3/audit.json,models/tangent_center/chosen/fold_auc/2,0.738095238095238
results/primary99/repeat1-fold3/audit.json,models/tangent_center/threshold/min_recall,0.7619047619047619
results/primary99/repeat1-fold3/audit.json,models/tangent_center/threshold/balanced_accuracy,0.7863577863577864
results/primary99/repeat1-fold3/audit.json,models/tangent_pca/candidates/0/mean_inner_auc,0.7394688644688644
results/primary99/repeat1-fold3/audit.json,models/tangent_pca/candidates/0/fold_auc/0,0.8076923076923077
results/primary99/repeat1-fold3/audit.json,models/tangent_pca/candidates/0/fold_auc/1,0.7738095238095237
results/primary99/repeat1-fold3/audit.json,models/tangent_pca/candidates/0/fold_auc/2,0.6369047619047619
results/primary99/repeat1-fold3/audit.json,models/tangent_pca/candidates/1/mean_inner_auc,0.7414529914529915
results/primary99/repeat1-fold3/audit.json,models/tangent_pca/candidates/1/fold_auc/0,0.8076923076923077
results/primary99/repeat1-fold3/audit.json,models/tangent_pca/candidates/1/fold_auc/1,0.7797619047619048
results/primary99/repeat1-fold3/audit.json,models/tangent_pca/candidates/1/fold_auc/2,0.6369047619047619
results/primary99/repeat1-fold3/audit.json,models/tangent_pca/candidates/2/mean_inner_auc,0.7356532356532357
results/primary99/repeat1-fold3/audit.json,models/tangent_pca/candidates/2/fold_auc/0,0.8021978021978022
results/primary99/repeat1-fold3/audit.json,models/tangent_pca/candidates/2/fold_auc/1,0.7916666666666666
results/primary99/repeat1-fold3/audit.json,models/tangent_pca/candidates/2/fold_auc/2,0.6130952380952381
results/primary99/repeat1-fold3/audit.json,models/tangent_pca/candidates/3/mean_inner_auc,0.7336691086691087
results/primary99/repeat1-fold3/audit.json,models/tangent_pca/candidates/3/fold_auc/0,0.8021978021978022
results/primary99/repeat1-fold3/audit.json,models/tangent_pca/candidates/3/fold_auc/1,0.7916666666666666
results/primary99/repeat1-fold3/audit.json,models/tangent_pca/candidates/3/fold_auc/2,0.6071428571428572
results/primary99/repeat1-fold3/audit.json,models/tangent_pca/candidates/4/mean_inner_auc,0.7597680097680097
results/primary99/repeat1-fold3/audit.json,models/tangent_pca/candidates/4/fold_auc/0,0.8626373626373627
results/primary99/repeat1-fold3/audit.json,models/tangent_pca/candidates/4/fold_auc/1,0.7619047619047619
results/primary99/repeat1-fold3/audit.json,models/tangent_pca/candidates/4/fold_auc/2,0.6547619047619049
results/primary99/repeat1-fold3/audit.json,models/tangent_pca/candidates/5/mean_inner_auc,0.7541208791208791
results/primary99/repeat1-fold3/audit.json,models/tangent_pca/candidates/5/fold_auc/0,0.8516483516483516
results/primary99/repeat1-fold3/audit.json,models/tangent_pca/candidates/5/fold_auc/1,0.7738095238095238
results/primary99/repeat1-fold3/audit.json,models/tangent_pca/candidates/5/fold_auc/2,0.6369047619047619
results/primary99/repeat1-fold3/audit.json,models/tangent_pca/candidates/6/mean_inner_auc,0.7603785103785103
results/primary99/repeat1-fold3/audit.json,models/tangent_pca/candidates/6/fold_auc/0,0.8406593406593407
results/primary99/repeat1-fold3/audit.json,models/tangent_pca/candidates/6/fold_auc/1,0.7857142857142857
results/primary99/repeat1-fold3/audit.json,models/tangent_pca/candidates/6/fold_auc/2,0.6547619047619047
results/primary99/repeat1-fold3/audit.json,models/tangent_pca/candidates/7/mean_inner_auc,0.7625152625152625
results/primary99/repeat1-fold3/audit.json,models/tangent_pca/candidates/7/fold_auc/0,0.8351648351648352
results/primary99/repeat1-fold3/audit.json,models/tangent_pca/candidates/7/fold_auc/1,0.7916666666666667
results/primary99/repeat1-fold3/audit.json,models/tangent_pca/candidates/7/fold_auc/2,0.6607142857142856
results/primary99/repeat1-fold3/audit.json,models/tangent_pca/chosen/mean_inner_auc,0.7625152625152625
results/primary99/repeat1-fold3/audit.json,models/tangent_pca/chosen/fold_auc/0,0.8351648351648352
results/primary99/repeat1-fold3/audit.json,models/tangent_pca/chosen/fold_auc/1,0.7916666666666667
results/primary99/repeat1-fold3/audit.json,models/tangent_pca/chosen/fold_auc/2,0.6607142857142856
results/primary99/repeat1-fold3/audit.json,models/tangent_pca/threshold/min_recall,0.6756756756756757
results/primary99/repeat1-fold3/audit.json,models/tangent_pca/threshold/balanced_accuracy,0.7425997425997426
results/primary99/repeat1-fold3/audit.json,models/tangent_select/candidates/0/mean_inner_auc,0.7626678876678876
results/primary99/repeat1-fold3/audit.json,models/tangent_select/candidates/0/fold_auc/0,0.9010989010989011
results/primary99/repeat1-fold3/audit.json,models/tangent_select/candidates/0/fold_auc/1,0.75
results/primary99/repeat1-fold3/audit.json,models/tangent_select/candidates/0/fold_auc/2,0.6369047619047619
results/primary99/repeat1-fold3/audit.json,models/tangent_select/candidates/1/mean_inner_auc,0.7612942612942613
results/primary99/repeat1-fold3/audit.json,models/tangent_select/candidates/1/fold_auc/0,0.8791208791208791
results/primary99/repeat1-fold3/audit.json,models/tangent_select/candidates/1/fold_auc/1,0.7797619047619048
results/primary99/repeat1-fold3/audit.json,models/tangent_select/candidates/1/fold_auc/2,0.625
results/primary99/repeat1-fold3/audit.json,models/tangent_select/candidates/2/mean_inner_auc,0.7495421245421245
results/primary99/repeat1-fold3/audit.json,models/tangent_select/candidates/2/fold_auc/0,0.8736263736263737
results/primary99/repeat1-fold3/audit.json,models/tangent_select/candidates/2/fold_auc/1,0.7619047619047619
results/primary99/repeat1-fold3/audit.json,models/tangent_select/candidates/2/fold_auc/2,0.6130952380952381
results/primary99/repeat1-fold3/audit.json,models/tangent_select/candidates/3/mean_inner_auc,0.7437423687423688
results/primary99/repeat1-fold3/audit.json,models/tangent_select/candidates/3/fold_auc/0,0.8681318681318682
results/primary99/repeat1-fold3/audit.json,models/tangent_select/candidates/3/fold_auc/1,0.7678571428571429
results/primary99/repeat1-fold3/audit.json,models/tangent_select/candidates/3/fold_auc/2,0.5952380952380952
results/primary99/repeat1-fold3/audit.json,models/tangent_select/candidates/4/mean_inner_auc,0.7815934065934066
results/primary99/repeat1-fold3/audit.json,models/tangent_select/candidates/4/fold_auc/0,0.8626373626373627
results/primary99/repeat1-fold3/audit.json,models/tangent_select/candidates/4/fold_auc/1,0.8154761904761904
results/primary99/repeat1-fold3/audit.json,models/tangent_select/candidates/4/fold_auc/2,0.6666666666666667
results/primary99/repeat1-fold3/audit.json,models/tangent_select/candidates/5/mean_inner_auc,0.780067155067155
results/primary99/repeat1-fold3/audit.json,models/tangent_select/candidates/5/fold_auc/0,0.8461538461538461
results/primary99/repeat1-fold3/audit.json,models/tangent_select/candidates/5/fold_auc/1,0.8392857142857142
results/primary99/repeat1-fold3/audit.json,models/tangent_select/candidates/5/fold_auc/2,0.6547619047619047
results/primary99/repeat1-fold3/audit.json,models/tangent_select/candidates/6/mean_inner_auc,0.7764041514041514
results/primary99/repeat1-fold3/audit.json,models/tangent_select/candidates/6/fold_auc/0,0.8351648351648352
results/primary99/repeat1-fold3/audit.json,models/tangent_select/candidates/6/fold_auc/1,0.8511904761904762
results/primary99/repeat1-fold3/audit.json,models/tangent_select/candidates/6/fold_auc/2,0.6428571428571428
results/primary99/repeat1-fold3/audit.json,models/tangent_select/candidates/7/mean_inner_auc,0.7742673992673993
results/primary99/repeat1-fold3/audit.json,models/tangent_select/candidates/7/fold_auc/0,0.8406593406593407
results/primary99/repeat1-fold3/audit.json,models/tangent_select/candidates/7/fold_auc/1,0.8511904761904762
results/primary99/repeat1-fold3/audit.json,models/tangent_select/candidates/7/fold_auc/2,0.6309523809523809
results/primary99/repeat1-fold3/audit.json,models/tangent_select/chosen/mean_inner_auc,0.7815934065934066
results/primary99/repeat1-fold3/audit.json,models/tangent_select/chosen/fold_auc/0,0.8626373626373627
results/primary99/repeat1-fold3/audit.json,models/tangent_select/chosen/fold_auc/1,0.8154761904761904
results/primary99/repeat1-fold3/audit.json,models/tangent_select/chosen/fold_auc/2,0.6666666666666667
results/primary99/repeat1-fold3/audit.json,models/tangent_select/threshold/min_recall,0.6904761904761905
results/primary99/repeat1-fold3/audit.json,models/tangent_select/threshold/balanced_accuracy,0.7236164736164736
results/primary99/repeat1-fold4/audit.json,models/tangent_original/candidates/0/mean_inner_auc,0.6486772486772487
results/primary99/repeat1-fold4/audit.json,models/tangent_original/candidates/0/fold_auc/0,0.6722222222222223
results/primary99/repeat1-fold4/audit.json,models/tangent_original/candidates/0/fold_auc/1,0.7321428571428572
results/primary99/repeat1-fold4/audit.json,models/tangent_original/candidates/0/fold_auc/2,0.5416666666666666
results/primary99/repeat1-fold4/audit.json,models/tangent_original/candidates/1/mean_inner_auc,0.6466931216931217
results/primary99/repeat1-fold4/audit.json,models/tangent_original/candidates/1/fold_auc/0,0.6722222222222223
results/primary99/repeat1-fold4/audit.json,models/tangent_original/candidates/1/fold_auc/1,0.7440476190476191
results/primary99/repeat1-fold4/audit.json,models/tangent_original/candidates/1/fold_auc/2,0.5238095238095237
results/primary99/repeat1-fold4/audit.json,models/tangent_original/candidates/2/mean_inner_auc,0.6388888888888888
results/primary99/repeat1-fold4/audit.json,models/tangent_original/candidates/2/fold_auc/0,0.6666666666666666
results/primary99/repeat1-fold4/audit.json,models/tangent_original/candidates/2/fold_auc/1,0.7440476190476191
results/primary99/repeat1-fold4/audit.json,models/tangent_original/candidates/2/fold_auc/2,0.5059523809523809
results/primary99/repeat1-fold4/audit.json,models/tangent_original/candidates/3/mean_inner_auc,0.637037037037037
results/primary99/repeat1-fold4/audit.json,models/tangent_original/candidates/3/fold_auc/0,0.6611111111111111
results/primary99/repeat1-fold4/audit.json,models/tangent_original/candidates/3/fold_auc/1,0.7380952380952381
results/primary99/repeat1-fold4/audit.json,models/tangent_original/candidates/3/fold_auc/2,0.5119047619047619
results/primary99/repeat1-fold4/audit.json,models/tangent_original/chosen/mean_inner_auc,0.6486772486772487
results/primary99/repeat1-fold4/audit.json,models/tangent_original/chosen/fold_auc/0,0.6722222222222223
results/primary99/repeat1-fold4/audit.json,models/tangent_original/chosen/fold_auc/1,0.7321428571428572
results/primary99/repeat1-fold4/audit.json,models/tangent_original/chosen/fold_auc/2,0.5416666666666666
results/primary99/repeat1-fold4/audit.json,models/tangent_original/threshold/min_recall,0.5833333333333334
results/primary99/repeat1-fold4/audit.json,models/tangent_original/threshold/balanced_accuracy,0.6056201550387597
results/primary99/repeat1-fold4/audit.json,models/tangent_center/candidates/0/mean_inner_auc,0.6648148148148149
results/primary99/repeat1-fold4/audit.json,models/tangent_center/candidates/0/fold_auc/0,0.6611111111111111
results/primary99/repeat1-fold4/audit.json,models/tangent_center/candidates/0/fold_auc/1,0.7261904761904763
results/primary99/repeat1-fold4/audit.json,models/tangent_center/candidates/0/fold_auc/2,0.6071428571428572
results/primary99/repeat1-fold4/audit.json,models/tangent_center/candidates/1/mean_inner_auc,0.6666666666666666
results/primary99/repeat1-fold4/audit.json,models/tangent_center/candidates/1/fold_auc/0,0.6666666666666666
results/primary99/repeat1-fold4/audit.json,models/tangent_center/candidates/1/fold_auc/1,0.7321428571428571
results/primary99/repeat1-fold4/audit.json,models/tangent_center/candidates/1/fold_auc/2,0.6011904761904763
results/primary99/repeat1-fold4/audit.json,models/tangent_center/candidates/2/mean_inner_auc,0.6764550264550264
results/primary99/repeat1-fold4/audit.json,models/tangent_center/candidates/2/fold_auc/0,0.6722222222222222
results/primary99/repeat1-fold4/audit.json,models/tangent_center/candidates/2/fold_auc/1,0.7678571428571429
results/primary99/repeat1-fold4/audit.json,models/tangent_center/candidates/2/fold_auc/2,0.5892857142857143
results/primary99/repeat1-fold4/audit.json,models/tangent_center/candidates/3/mean_inner_auc,0.6703703703703704
results/primary99/repeat1-fold4/audit.json,models/tangent_center/candidates/3/fold_auc/0,0.6777777777777778
results/primary99/repeat1-fold4/audit.json,models/tangent_center/candidates/3/fold_auc/1,0.761904761904762
results/primary99/repeat1-fold4/audit.json,models/tangent_center/candidates/3/fold_auc/2,0.5714285714285714
results/primary99/repeat1-fold4/audit.json,models/tangent_center/chosen/mean_inner_auc,0.6764550264550264
results/primary99/repeat1-fold4/audit.json,models/tangent_center/chosen/fold_auc/0,0.6722222222222222
results/primary99/repeat1-fold4/audit.json,models/tangent_center/chosen/fold_auc/1,0.7678571428571429
results/primary99/repeat1-fold4/audit.json,models/tangent_center/chosen/fold_auc/2,0.5892857142857143
results/primary99/repeat1-fold4/audit.json,models/tangent_center/threshold/min_recall,0.6046511627906976
results/primary99/repeat1-fold4/audit.json,models/tangent_center/threshold/balanced_accuracy,0.6078811369509044
results/primary99/repeat1-fold4/audit.json,models/tangent_pca/candidates/0/mean_inner_auc,0.6572751322751323
results/primary99/repeat1-fold4/audit.json,models/tangent_pca/candidates/0/fold_auc/0,0.6444444444444445
results/primary99/repeat1-fold4/audit.json,models/tangent_pca/candidates/0/fold_auc/1,0.6785714285714286
results/primary99/repeat1-fold4/audit.json,models/tangent_pca/candidates/0/fold_auc/2,0.6488095238095238
results/primary99/repeat1-fold4/audit.json,models/tangent_pca/candidates/1/mean_inner_auc,0.6477513227513226
results/primary99/repeat1-fold4/audit.json,models/tangent_pca/candidates/1/fold_auc/0,0.6277777777777778
results/primary99/repeat1-fold4/audit.json,models/tangent_pca/candidates/1/fold_auc/1,0.6607142857142857
results/primary99/repeat1-fold4/audit.json,models/tangent_pca/candidates/1/fold_auc/2,0.6547619047619048
results/primary99/repeat1-fold4/audit.json,models/tangent_pca/candidates/2/mean_inner_auc,0.6416666666666666
results/primary99/repeat1-fold4/audit.json,models/tangent_pca/candidates/2/fold_auc/0,0.6333333333333333
results/primary99/repeat1-fold4/audit.json,models/tangent_pca/candidates/2/fold_auc/1,0.6488095238095238
results/primary99/repeat1-fold4/audit.json,models/tangent_pca/candidates/2/fold_auc/2,0.6428571428571428
results/primary99/repeat1-fold4/audit.json,models/tangent_pca/candidates/3/mean_inner_auc,0.6435185185185185
results/primary99/repeat1-fold4/audit.json,models/tangent_pca/candidates/3/fold_auc/0,0.6388888888888888
results/primary99/repeat1-fold4/audit.json,models/tangent_pca/candidates/3/fold_auc/1,0.6488095238095238
results/primary99/repeat1-fold4/audit.json,models/tangent_pca/candidates/3/fold_auc/2,0.6428571428571428
results/primary99/repeat1-fold4/audit.json,models/tangent_pca/candidates/4/mean_inner_auc,0.6551587301587302
results/primary99/repeat1-fold4/audit.json,models/tangent_pca/candidates/4/fold_auc/0,0.65
results/primary99/repeat1-fold4/audit.json,models/tangent_pca/candidates/4/fold_auc/1,0.7261904761904763
results/primary99/repeat1-fold4/audit.json,models/tangent_pca/candidates/4/fold_auc/2,0.5892857142857143
results/primary99/repeat1-fold4/audit.json,models/tangent_pca/candidates/5/mean_inner_auc,0.6535714285714286
results/primary99/repeat1-fold4/audit.json,models/tangent_pca/candidates/5/fold_auc/0,0.6333333333333333
results/primary99/repeat1-fold4/audit.json,models/tangent_pca/candidates/5/fold_auc/1,0.7202380952380952
results/primary99/repeat1-fold4/audit.json,models/tangent_pca/candidates/5/fold_auc/2,0.6071428571428572
results/primary99/repeat1-fold4/audit.json,models/tangent_pca/candidates/6/mean_inner_auc,0.6550264550264551
results/primary99/repeat1-fold4/audit.json,models/tangent_pca/candidates/6/fold_auc/0,0.6555555555555556
results/primary99/repeat1-fold4/audit.json,models/tangent_pca/candidates/6/fold_auc/1,0.6904761904761905
results/primary99/repeat1-fold4/audit.json,models/tangent_pca/candidates/6/fold_auc/2,0.6190476190476191
results/primary99/repeat1-fold4/audit.json,models/tangent_pca/candidates/7/mean_inner_auc,0.6587301587301587
results/primary99/repeat1-fold4/audit.json,models/tangent_pca/candidates/7/fold_auc/0,0.6666666666666667
results/primary99/repeat1-fold4/audit.json,models/tangent_pca/candidates/7/fold_auc/1,0.6785714285714286
results/primary99/repeat1-fold4/audit.json,models/tangent_pca/candidates/7/fold_auc/2,0.6309523809523809
results/primary99/repeat1-fold4/audit.json,models/tangent_pca/chosen/mean_inner_auc,0.6587301587301587
results/primary99/repeat1-fold4/audit.json,models/tangent_pca/chosen/fold_auc/0,0.6666666666666667
results/primary99/repeat1-fold4/audit.json,models/tangent_pca/chosen/fold_auc/1,0.6785714285714286
results/primary99/repeat1-fold4/audit.json,models/tangent_pca/chosen/fold_auc/2,0.6309523809523809
results/primary99/repeat1-fold4/audit.json,models/tangent_pca/threshold/min_recall,0.5833333333333334
results/primary99/repeat1-fold4/audit.json,models/tangent_pca/threshold/balanced_accuracy,0.6056201550387597
results/primary99/repeat1-fold4/audit.json,models/tangent_select/candidates/0/mean_inner_auc,0.5813492063492064
results/primary99/repeat1-fold4/audit.json,models/tangent_select/candidates/0/fold_auc/0,0.5833333333333333
results/primary99/repeat1-fold4/audit.json,models/tangent_select/candidates/0/fold_auc/1,0.6309523809523809
results/primary99/repeat1-fold4/audit.json,models/tangent_select/candidates/0/fold_auc/2,0.5297619047619048
results/primary99/repeat1-fold4/audit.json,models/tangent_select/candidates/1/mean_inner_auc,0.576058201058201
results/primary99/repeat1-fold4/audit.json,models/tangent_select/candidates/1/fold_auc/0,0.5555555555555556
results/primary99/repeat1-fold4/audit.json,models/tangent_select/candidates/1/fold_auc/1,0.6369047619047619
results/primary99/repeat1-fold4/audit.json,models/tangent_select/candidates/1/fold_auc/2,0.5357142857142858
results/primary99/repeat1-fold4/audit.json,models/tangent_select/candidates/2/mean_inner_auc,0.5824074074074074
results/primary99/repeat1-fold4/audit.json,models/tangent_select/candidates/2/fold_auc/0,0.538888888888889
results/primary99/repeat1-fold4/audit.json,models/tangent_select/candidates/2/fold_auc/1,0.6488095238095237
results/primary99/repeat1-fold4/audit.json,models/tangent_select/candidates/2/fold_auc/2,0.5595238095238095
results/primary99/repeat1-fold4/audit.json,models/tangent_select/candidates/3/mean_inner_auc,0.5805555555555555
results/primary99/repeat1-fold4/audit.json,models/tangent_select/candidates/3/fold_auc/0,0.5333333333333333
results/primary99/repeat1-fold4/audit.json,models/tangent_select/candidates/3/fold_auc/1,0.6547619047619047
results/primary99/repeat1-fold4/audit.json,models/tangent_select/candidates/3/fold_auc/2,0.5535714285714286
results/primary99/repeat1-fold4/audit.json,models/tangent_select/candidates/4/mean_inner_auc,0.6449735449735451
results/primary99/repeat1-fold4/audit.json,models/tangent_select/candidates/4/fold_auc/0,0.6611111111111112
results/primary99/repeat1-fold4/audit.json,models/tangent_select/candidates/4/fold_auc/1,0.6845238095238095
results/primary99/repeat1-fold4/audit.json,models/tangent_select/candidates/4/fold_auc/2,0.5892857142857143
results/primary99/repeat1-fold4/audit.json,models/tangent_select/candidates/5/mean_inner_auc,0.6391534391534391
results/primary99/repeat1-fold4/audit.json,models/tangent_select/candidates/5/fold_auc/0,0.6555555555555556
results/primary99/repeat1-fold4/audit.json,models/tangent_select/candidates/5/fold_auc/1,0.6547619047619048
results/primary99/repeat1-fold4/audit.json,models/tangent_select/candidates/5/fold_auc/2,0.6071428571428571
results/primary99/repeat1-fold4/audit.json,models/tangent_select/candidates/6/mean_inner_auc,0.6412698412698413
results/primary99/repeat1-fold4/audit.json,models/tangent_select/candidates/6/fold_auc/0,0.65
results/primary99/repeat1-fold4/audit.json,models/tangent_select/candidates/6/fold_auc/1,0.6488095238095238
results/primary99/repeat1-fold4/audit.json,models/tangent_select/candidates/6/fold_auc/2,0.625
results/primary99/repeat1-fold4/audit.json,models/tangent_select/candidates/7/mean_inner_auc,0.6432539682539683
results/primary99/repeat1-fold4/audit.json,models/tangent_select/candidates/7/fold_auc/0,0.65
results/primary99/repeat1-fold4/audit.json,models/tangent_select/candidates/7/fold_auc/1,0.6488095238095238
results/primary99/repeat1-fold4/audit.json,models/tangent_select/candidates/7/fold_auc/2,0.6309523809523809
results/primary99/repeat1-fold4/audit.json,models/tangent_select/chosen/mean_inner_auc,0.6449735449735451
results/primary99/repeat1-fold4/audit.json,models/tangent_select/chosen/fold_auc/0,0.6611111111111112
results/primary99/repeat1-fold4/audit.json,models/tangent_select/chosen/fold_auc/1,0.6845238095238095
results/primary99/repeat1-fold4/audit.json,models/tangent_select/chosen/fold_auc/2,0.5892857142857143
results/primary99/repeat1-fold4/audit.json,models/tangent_select/threshold/min_recall,0.5833333333333334
results/primary99/repeat1-fold4/audit.json,models/tangent_select/threshold/balanced_accuracy,0.6056201550387597
results/primary99/repeat1-fold5/audit.json,models/tangent_original/candidates/0/mean_inner_auc,0.7785510785510786
results/primary99/repeat1-fold5/audit.json,models/tangent_original/candidates/0/fold_auc/0,0.7111111111111111
results/primary99/repeat1-fold5/audit.json,models/tangent_original/candidates/0/fold_auc/1,0.8626373626373626
results/primary99/repeat1-fold5/audit.json,models/tangent_original/candidates/0/fold_auc/2,0.761904761904762
results/primary99/repeat1-fold5/audit.json,models/tangent_original/candidates/1/mean_inner_auc,0.7785307285307285
results/primary99/repeat1-fold5/audit.json,models/tangent_original/candidates/1/fold_auc/0,0.7055555555555555
results/primary99/repeat1-fold5/audit.json,models/tangent_original/candidates/1/fold_auc/1,0.868131868131868
results/primary99/repeat1-fold5/audit.json,models/tangent_original/candidates/1/fold_auc/2,0.7619047619047619
results/primary99/repeat1-fold5/audit.json,models/tangent_original/candidates/2/mean_inner_auc,0.7803825803825802
results/primary99/repeat1-fold5/audit.json,models/tangent_original/candidates/2/fold_auc/0,0.711111111111111
results/primary99/repeat1-fold5/audit.json,models/tangent_original/candidates/2/fold_auc/1,0.868131868131868
results/primary99/repeat1-fold5/audit.json,models/tangent_original/candidates/2/fold_auc/2,0.7619047619047619
results/primary99/repeat1-fold5/audit.json,models/tangent_original/candidates/3/mean_inner_auc,0.7766992266992266
results/primary99/repeat1-fold5/audit.json,models/tangent_original/candidates/3/fold_auc/0,0.7055555555555556
results/primary99/repeat1-fold5/audit.json,models/tangent_original/candidates/3/fold_auc/1,0.8626373626373626
results/primary99/repeat1-fold5/audit.json,models/tangent_original/candidates/3/fold_auc/2,0.7619047619047619
results/primary99/repeat1-fold5/audit.json,models/tangent_original/chosen/mean_inner_auc,0.7803825803825802
results/primary99/repeat1-fold5/audit.json,models/tangent_original/chosen/fold_auc/0,0.711111111111111
results/primary99/repeat1-fold5/audit.json,models/tangent_original/chosen/fold_auc/1,0.868131868131868
results/primary99/repeat1-fold5/audit.json,models/tangent_original/chosen/fold_auc/2,0.7619047619047619
results/primary99/repeat1-fold5/audit.json,models/tangent_original/threshold/min_recall,0.7209302325581395
results/primary99/repeat1-fold5/audit.json,models/tangent_original/threshold/balanced_accuracy,0.7253299811439347
results/primary99/repeat1-fold5/audit.json,models/tangent_center/candidates/0/mean_inner_auc,0.761050061050061
results/primary99/repeat1-fold5/audit.json,models/tangent_center/candidates/0/fold_auc/0,0.6833333333333333
results/primary99/repeat1-fold5/audit.json,models/tangent_center/candidates/0/fold_auc/1,0.8736263736263736
results/primary99/repeat1-fold5/audit.json,models/tangent_center/candidates/0/fold_auc/2,0.7261904761904762
results/primary99/repeat1-fold5/audit.json,models/tangent_center/candidates/1/mean_inner_auc,0.761050061050061
results/primary99/repeat1-fold5/audit.json,models/tangent_center/candidates/1/fold_auc/0,0.6833333333333333
results/primary99/repeat1-fold5/audit.json,models/tangent_center/candidates/1/fold_auc/1,0.8736263736263736
results/primary99/repeat1-fold5/audit.json,models/tangent_center/candidates/1/fold_auc/2,0.7261904761904762
results/primary99/repeat1-fold5/audit.json,models/tangent_center/candidates/2/mean_inner_auc,0.7706857956857958
results/primary99/repeat1-fold5/audit.json,models/tangent_center/candidates/2/fold_auc/0,0.6888888888888889
results/primary99/repeat1-fold5/audit.json,models/tangent_center/candidates/2/fold_auc/1,0.8791208791208791
results/primary99/repeat1-fold5/audit.json,models/tangent_center/candidates/2/fold_auc/2,0.7440476190476191
results/primary99/repeat1-fold5/audit.json,models/tangent_center/candidates/3/mean_inner_auc,0.7746743996743998
results/primary99/repeat1-fold5/audit.json,models/tangent_center/candidates/3/fold_auc/0,0.6944444444444444
results/primary99/repeat1-fold5/audit.json,models/tangent_center/candidates/3/fold_auc/1,0.8736263736263737
results/primary99/repeat1-fold5/audit.json,models/tangent_center/candidates/3/fold_auc/2,0.7559523809523809
results/primary99/repeat1-fold5/audit.json,models/tangent_center/chosen/mean_inner_auc,0.7746743996743998
results/primary99/repeat1-fold5/audit.json,models/tangent_center/chosen/fold_auc/0,0.6944444444444444
results/primary99/repeat1-fold5/audit.json,models/tangent_center/chosen/fold_auc/1,0.8736263736263737
results/primary99/repeat1-fold5/audit.json,models/tangent_center/chosen/fold_auc/2,0.7559523809523809
results/primary99/repeat1-fold5/audit.json,models/tangent_center/threshold/min_recall,0.7297297297297297
results/primary99/repeat1-fold5/audit.json,models/tangent_center/threshold/balanced_accuracy,0.7369578881206789
results/primary99/repeat1-fold5/audit.json,models/tangent_pca/candidates/0/mean_inner_auc,0.7562271062271062
results/primary99/repeat1-fold5/audit.json,models/tangent_pca/candidates/0/fold_auc/0,0.7
results/primary99/repeat1-fold5/audit.json,models/tangent_pca/candidates/0/fold_auc/1,0.8901098901098901
results/primary99/repeat1-fold5/audit.json,models/tangent_pca/candidates/0/fold_auc/2,0.6785714285714286
results/primary99/repeat1-fold5/audit.json,models/tangent_pca/candidates/1/mean_inner_auc,0.7543752543752543
results/primary99/repeat1-fold5/audit.json,models/tangent_pca/candidates/1/fold_auc/0,0.6944444444444444
results/primary99/repeat1-fold5/audit.json,models/tangent_pca/candidates/1/fold_auc/1,0.8901098901098901
results/primary99/repeat1-fold5/audit.json,models/tangent_pca/candidates/1/fold_auc/2,0.6785714285714286
results/primary99/repeat1-fold5/audit.json,models/tangent_pca/candidates/2/mean_inner_auc,0.7488400488400488
results/primary99/repeat1-fold5/audit.json,models/tangent_pca/candidates/2/fold_auc/0,0.6833333333333333
results/primary99/repeat1-fold5/audit.json,models/tangent_pca/candidates/2/fold_auc/1,0.8846153846153846
results/primary99/repeat1-fold5/audit.json,models/tangent_pca/candidates/2/fold_auc/2,0.6785714285714285
results/primary99/repeat1-fold5/audit.json,models/tangent_pca/candidates/3/mean_inner_auc,0.7506919006919007
results/primary99/repeat1-fold5/audit.json,models/tangent_pca/candidates/3/fold_auc/0,0.6888888888888889
results/primary99/repeat1-fold5/audit.json,models/tangent_pca/candidates/3/fold_auc/1,0.8846153846153846
results/primary99/repeat1-fold5/audit.json,models/tangent_pca/candidates/3/fold_auc/2,0.6785714285714286
results/primary99/repeat1-fold5/audit.json,models/tangent_pca/candidates/4/mean_inner_auc,0.7427960927960928
results/primary99/repeat1-fold5/audit.json,models/tangent_pca/candidates/4/fold_auc/0,0.7
results/primary99/repeat1-fold5/audit.json,models/tangent_pca/candidates/4/fold_auc/1,0.8736263736263736
results/primary99/repeat1-fold5/audit.json,models/tangent_pca/candidates/4/fold_auc/2,0.6547619047619047
results/primary99/repeat1-fold5/audit.json,models/tangent_pca/candidates/5/mean_inner_auc,0.7266076516076515
results/primary99/repeat1-fold5/audit.json,models/tangent_pca/candidates/5/fold_auc/0,0.6555555555555556
results/primary99/repeat1-fold5/audit.json,models/tangent_pca/candidates/5/fold_auc/1,0.8516483516483516
results/primary99/repeat1-fold5/audit.json,models/tangent_pca/candidates/5/fold_auc/2,0.6726190476190476
results/primary99/repeat1-fold5/audit.json,models/tangent_pca/candidates/6/mean_inner_auc,0.6985551485551486
results/primary99/repeat1-fold5/audit.json,models/tangent_pca/candidates/6/fold_auc/0,0.6222222222222222
results/primary99/repeat1-fold5/audit.json,models/tangent_pca/candidates/6/fold_auc/1,0.8186813186813187
results/primary99/repeat1-fold5/audit.json,models/tangent_pca/candidates/6/fold_auc/2,0.6547619047619048
results/primary99/repeat1-fold5/audit.json,models/tangent_pca/candidates/7/mean_inner_auc,0.6930199430199431
results/primary99/repeat1-fold5/audit.json,models/tangent_pca/candidates/7/fold_auc/0,0.6111111111111112
results/primary99/repeat1-fold5/audit.json,models/tangent_pca/candidates/7/fold_auc/1,0.8131868131868132
results/primary99/repeat1-fold5/audit.json,models/tangent_pca/candidates/7/fold_auc/2,0.6547619047619048
results/primary99/repeat1-fold5/audit.json,models/tangent_pca/chosen/mean_inner_auc,0.7562271062271062
results/primary99/repeat1-fold5/audit.json,models/tangent_pca/chosen/fold_auc/0,0.7
results/primary99/repeat1-fold5/audit.json,models/tangent_pca/chosen/fold_auc/1,0.8901098901098901
results/primary99/repeat1-fold5/audit.json,models/tangent_pca/chosen/fold_auc/2,0.6785714285714286
results/primary99/repeat1-fold5/audit.json,models/tangent_pca/threshold/min_recall,0.7027027027027027
results/primary99/repeat1-fold5/audit.json,models/tangent_pca/threshold/balanced_accuracy,0.7118164676304211
results/primary99/repeat1-fold5/audit.json,models/tangent_select/candidates/0/mean_inner_auc,0.7626882376882378
results/primary99/repeat1-fold5/audit.json,models/tangent_select/candidates/0/fold_auc/0,0.6722222222222223
results/primary99/repeat1-fold5/audit.json,models/tangent_select/candidates/0/fold_auc/1,0.8956043956043956
results/primary99/repeat1-fold5/audit.json,models/tangent_select/candidates/0/fold_auc/2,0.7202380952380952
results/primary99/repeat1-fold5/audit.json,models/tangent_select/candidates/1/mean_inner_auc,0.7623117623117622
results/primary99/repeat1-fold5/audit.json,models/tangent_select/candidates/1/fold_auc/0,0.6944444444444444
results/primary99/repeat1-fold5/audit.json,models/tangent_select/candidates/1/fold_auc/1,0.8901098901098902
results/primary99/repeat1-fold5/audit.json,models/tangent_select/candidates/1/fold_auc/2,0.7023809523809523
results/primary99/repeat1-fold5/audit.json,models/tangent_select/candidates/2/mean_inner_auc,0.750936100936101
results/primary99/repeat1-fold5/audit.json,models/tangent_select/candidates/2/fold_auc/0,0.6722222222222223
results/primary99/repeat1-fold5/audit.json,models/tangent_select/candidates/2/fold_auc/1,0.8901098901098902
results/primary99/repeat1-fold5/audit.json,models/tangent_select/candidates/2/fold_auc/2,0.6904761904761905
results/primary99/repeat1-fold5/audit.json,models/tangent_select/candidates/3/mean_inner_auc,0.7451159951159951
results/primary99/repeat1-fold5/audit.json,models/tangent_select/candidates/3/fold_auc/0,0.6666666666666667
results/primary99/repeat1-fold5/audit.json,models/tangent_select/candidates/3/fold_auc/1,0.8901098901098901
results/primary99/repeat1-fold5/audit.json,models/tangent_select/candidates/3/fold_auc/2,0.6785714285714286
results/primary99/repeat1-fold5/audit.json,models/tangent_select/candidates/4/mean_inner_auc,0.7576312576312576
results/primary99/repeat1-fold5/audit.json,models/tangent_select/candidates/4/fold_auc/0,0.6666666666666666
results/primary99/repeat1-fold5/audit.json,models/tangent_select/candidates/4/fold_auc/1,0.8681318681318682
results/primary99/repeat1-fold5/audit.json,models/tangent_select/candidates/4/fold_auc/2,0.738095238095238
results/primary99/repeat1-fold5/audit.json,models/tangent_select/candidates/5/mean_inner_auc,0.7537952787952787
results/primary99/repeat1-fold5/audit.json,models/tangent_select/candidates/5/fold_auc/0,0.6611111111111111
results/primary99/repeat1-fold5/audit.json,models/tangent_select/candidates/5/fold_auc/1,0.8681318681318682
results/primary99/repeat1-fold5/audit.json,models/tangent_select/candidates/5/fold_auc/2,0.7321428571428572
results/primary99/repeat1-fold5/audit.json,models/tangent_select/candidates/6/mean_inner_auc,0.7500203500203501
results/primary99/repeat1-fold5/audit.json,models/tangent_select/candidates/6/fold_auc/0,0.6722222222222223
results/primary99/repeat1-fold5/audit.json,models/tangent_select/candidates/6/fold_auc/1,0.8516483516483516
results/primary99/repeat1-fold5/audit.json,models/tangent_select/candidates/6/fold_auc/2,0.7261904761904762
results/primary99/repeat1-fold5/audit.json,models/tangent_select/candidates/7/mean_inner_auc,0.7498677248677249
results/primary99/repeat1-fold5/audit.json,models/tangent_select/candidates/7/fold_auc/0,0.6722222222222223
results/primary99/repeat1-fold5/audit.json,models/tangent_select/candidates/7/fold_auc/1,0.8571428571428571
results/primary99/repeat1-fold5/audit.json,models/tangent_select/candidates/7/fold_auc/2,0.7202380952380952
results/primary99/repeat1-fold5/audit.json,models/tangent_select/chosen/mean_inner_auc,0.7626882376882378
results/primary99/repeat1-fold5/audit.json,models/tangent_select/chosen/fold_auc/0,0.6722222222222223
results/primary99/repeat1-fold5/audit.json,models/tangent_select/chosen/fold_auc/1,0.8956043956043956
results/primary99/repeat1-fold5/audit.json,models/tangent_select/chosen/fold_auc/2,0.7202380952380952
results/primary99/repeat1-fold5/audit.json,models/tangent_select/threshold/min_recall,0.7674418604651163
results/primary99/repeat1-fold5/audit.json,models/tangent_select/threshold/balanced_accuracy,0.7891263356379636
results/primary99/repeat2-fold1/audit.json,models/tangent_original/candidates/0/mean_inner_auc,0.7557997557997558
results/primary99/repeat2-fold1/audit.json,models/tangent_original/candidates/0/fold_auc/0,0.576923076923077
results/primary99/repeat2-fold1/audit.json,models/tangent_original/candidates/0/fold_auc/1,0.8749999999999999
results/primary99/repeat2-fold1/audit.json,models/tangent_original/candidates/0/fold_auc/2,0.8154761904761905
results/primary99/repeat2-fold1/audit.json,models/tangent_original/candidates/1/mean_inner_auc,0.7573260073260073
results/primary99/repeat2-fold1/audit.json,models/tangent_original/candidates/1/fold_auc/0,0.5934065934065934
results/primary99/repeat2-fold1/audit.json,models/tangent_original/candidates/1/fold_auc/1,0.875
results/primary99/repeat2-fold1/audit.json,models/tangent_original/candidates/1/fold_auc/2,0.8035714285714286
results/primary99/repeat2-fold1/audit.json,models/tangent_original/candidates/2/mean_inner_auc,0.7551892551892552
results/primary99/repeat2-fold1/audit.json,models/tangent_original/candidates/2/fold_auc/0,0.5989010989010989
results/primary99/repeat2-fold1/audit.json,models/tangent_original/candidates/2/fold_auc/1,0.8630952380952381
results/primary99/repeat2-fold1/audit.json,models/tangent_original/candidates/2/fold_auc/2,0.8035714285714286
results/primary99/repeat2-fold1/audit.json,models/tangent_original/candidates/3/mean_inner_auc,0.7588522588522588
results/primary99/repeat2-fold1/audit.json,models/tangent_original/candidates/3/fold_auc/0,0.6098901098901099
results/primary99/repeat2-fold1/audit.json,models/tangent_original/candidates/3/fold_auc/1,0.8630952380952381
results/primary99/repeat2-fold1/audit.json,models/tangent_original/candidates/3/fold_auc/2,0.8035714285714286
results/primary99/repeat2-fold1/audit.json,models/tangent_original/chosen/mean_inner_auc,0.7588522588522588
results/primary99/repeat2-fold1/audit.json,models/tangent_original/chosen/fold_auc/0,0.6098901098901099
results/primary99/repeat2-fold1/audit.json,models/tangent_original/chosen/fold_auc/1,0.8630952380952381
results/primary99/repeat2-fold1/audit.json,models/tangent_original/chosen/fold_auc/2,0.8035714285714286
results/primary99/repeat2-fold1/audit.json,models/tangent_original/threshold/min_recall,0.6756756756756757
results/primary99/repeat2-fold1/audit.json,models/tangent_original/threshold/balanced_accuracy,0.6949806949806949
results/primary99/repeat2-fold1/audit.json,models/tangent_center/candidates/0/mean_inner_auc,0.756868131868132
results/primary99/repeat2-fold1/audit.json,models/tangent_center/candidates/0/fold_auc/0,0.5384615384615385
results/primary99/repeat2-fold1/audit.json,models/tangent_center/candidates/0/fold_auc/1,0.8988095238095238
results/primary99/repeat2-fold1/audit.json,models/tangent_center/candidates/0/fold_auc/2,0.8333333333333333
results/primary99/repeat2-fold1/audit.json,models/tangent_center/candidates/1/mean_inner_auc,0.7626678876678877
results/primary99/repeat2-fold1/audit.json,models/tangent_center/candidates/1/fold_auc/0,0.543956043956044
results/primary99/repeat2-fold1/audit.json,models/tangent_center/candidates/1/fold_auc/1,0.8988095238095238
results/primary99/repeat2-fold1/audit.json,models/tangent_center/candidates/1/fold_auc/2,0.8452380952380952
results/primary99/repeat2-fold1/audit.json,models/tangent_center/candidates/2/mean_inner_auc,0.7739621489621489
results/primary99/repeat2-fold1/audit.json,models/tangent_center/candidates/2/fold_auc/0,0.5659340659340659
results/primary99/repeat2-fold1/audit.json,models/tangent_center/candidates/2/fold_auc/1,0.9047619047619047
results/primary99/repeat2-fold1/audit.json,models/tangent_center/candidates/2/fold_auc/2,0.8511904761904762
results/primary99/repeat2-fold1/audit.json,models/tangent_center/candidates/3/mean_inner_auc,0.7733516483516484
results/primary99/repeat2-fold1/audit.json,models/tangent_center/candidates/3/fold_auc/0,0.5879120879120879
results/primary99/repeat2-fold1/audit.json,models/tangent_center/candidates/3/fold_auc/1,0.8869047619047619
results/primary99/repeat2-fold1/audit.json,models/tangent_center/candidates/3/fold_auc/2,0.8452380952380952
results/primary99/repeat2-fold1/audit.json,models/tangent_center/chosen/mean_inner_auc,0.7739621489621489
results/primary99/repeat2-fold1/audit.json,models/tangent_center/chosen/fold_auc/0,0.5659340659340659
results/primary99/repeat2-fold1/audit.json,models/tangent_center/chosen/fold_auc/1,0.9047619047619047
results/primary99/repeat2-fold1/audit.json,models/tangent_center/chosen/fold_auc/2,0.8511904761904762
results/primary99/repeat2-fold1/audit.json,models/tangent_center/threshold/min_recall,0.7142857142857143
results/primary99/repeat2-fold1/audit.json,models/tangent_center/threshold/balanced_accuracy,0.722007722007722
results/primary99/repeat2-fold1/audit.json,models/tangent_pca/candidates/0/mean_inner_auc,0.6865079365079364
results/primary99/repeat2-fold1/audit.json,models/tangent_pca/candidates/0/fold_auc/0,0.5
results/primary99/repeat2-fold1/audit.json,models/tangent_pca/candidates/0/fold_auc/1,0.8928571428571429
results/primary99/repeat2-fold1/audit.json,models/tangent_pca/candidates/0/fold_auc/2,0.6666666666666667
results/primary99/repeat2-fold1/audit.json,models/tangent_pca/candidates/1/mean_inner_auc,0.6916971916971916
results/primary99/repeat2-fold1/audit.json,models/tangent_pca/candidates/1/fold_auc/0,0.5274725274725275
results/primary99/repeat2-fold1/audit.json,models/tangent_pca/candidates/1/fold_auc/1,0.8809523809523809
results/primary99/repeat2-fold1/audit.json,models/tangent_pca/candidates/1/fold_auc/2,0.6666666666666667
results/primary99/repeat2-fold1/audit.json,models/tangent_pca/candidates/2/mean_inner_auc,0.6973443223443224
results/primary99/repeat2-fold1/audit.json,models/tangent_pca/candidates/2/fold_auc/0,0.5384615384615385
results/primary99/repeat2-fold1/audit.json,models/tangent_pca/candidates/2/fold_auc/1,0.8869047619047619
results/primary99/repeat2-fold1/audit.json,models/tangent_pca/candidates/2/fold_auc/2,0.6666666666666667
results/primary99/repeat2-fold1/audit.json,models/tangent_pca/candidates/3/mean_inner_auc,0.6953601953601954
results/primary99/repeat2-fold1/audit.json,models/tangent_pca/candidates/3/fold_auc/0,0.5384615384615385
results/primary99/repeat2-fold1/audit.json,models/tangent_pca/candidates/3/fold_auc/1,0.8809523809523809
results/primary99/repeat2-fold1/audit.json,models/tangent_pca/candidates/3/fold_auc/2,0.6666666666666667
results/primary99/repeat2-fold1/audit.json,models/tangent_pca/candidates/4/mean_inner_auc,0.6926129426129427
results/primary99/repeat2-fold1/audit.json,models/tangent_pca/candidates/4/fold_auc/0,0.4945054945054945
results/primary99/repeat2-fold1/audit.json,models/tangent_pca/candidates/4/fold_auc/1,0.8809523809523809
results/primary99/repeat2-fold1/audit.json,models/tangent_pca/candidates/4/fold_auc/2,0.7023809523809524
results/primary99/repeat2-fold1/audit.json,models/tangent_pca/candidates/5/mean_inner_auc,0.7020757020757019
results/primary99/repeat2-fold1/audit.json,models/tangent_pca/candidates/5/fold_auc/0,0.5109890109890111
results/primary99/repeat2-fold1/audit.json,models/tangent_pca/candidates/5/fold_auc/1,0.9107142857142856
results/primary99/repeat2-fold1/audit.json,models/tangent_pca/candidates/5/fold_auc/2,0.6845238095238095
results/primary99/repeat2-fold1/audit.json,models/tangent_pca/candidates/6/mean_inner_auc,0.6996336996336997
results/primary99/repeat2-fold1/audit.json,models/tangent_pca/candidates/6/fold_auc/0,0.5274725274725275
results/primary99/repeat2-fold1/audit.json,models/tangent_pca/candidates/6/fold_auc/1,0.9107142857142857
results/primary99/repeat2-fold1/audit.json,models/tangent_pca/candidates/6/fold_auc/2,0.6607142857142857
results/primary99/repeat2-fold1/audit.json,models/tangent_pca/candidates/7/mean_inner_auc,0.6814713064713066
results/primary99/repeat2-fold1/audit.json,models/tangent_pca/candidates/7/fold_auc/0,0.5384615384615385
results/primary99/repeat2-fold1/audit.json,models/tangent_pca/candidates/7/fold_auc/1,0.8928571428571429
results/primary99/repeat2-fold1/audit.json,models/tangent_pca/candidates/7/fold_auc/2,0.6130952380952381
results/primary99/repeat2-fold1/audit.json,models/tangent_pca/chosen/mean_inner_auc,0.7020757020757019
results/primary99/repeat2-fold1/audit.json,models/tangent_pca/chosen/fold_auc/0,0.5109890109890111
results/primary99/repeat2-fold1/audit.json,models/tangent_pca/chosen/fold_auc/1,0.9107142857142856
results/primary99/repeat2-fold1/audit.json,models/tangent_pca/chosen/fold_auc/2,0.6845238095238095
results/primary99/repeat2-fold1/audit.json,models/tangent_pca/threshold/min_recall,0.6190476190476191
results/primary99/repeat2-fold1/audit.json,models/tangent_pca/threshold/balanced_accuracy,0.6203346203346203
results/primary99/repeat2-fold1/audit.json,models/tangent_select/candidates/0/mean_inner_auc,0.6776556776556778
results/primary99/repeat2-fold1/audit.json,models/tangent_select/candidates/0/fold_auc/0,0.5329670329670331
results/primary99/repeat2-fold1/audit.json,models/tangent_select/candidates/0/fold_auc/1,0.7797619047619048
results/primary99/repeat2-fold1/audit.json,models/tangent_select/candidates/0/fold_auc/2,0.7202380952380952
results/primary99/repeat2-fold1/audit.json,models/tangent_select/candidates/1/mean_inner_auc,0.6811660561660561
results/primary99/repeat2-fold1/audit.json,models/tangent_select/candidates/1/fold_auc/0,0.5494505494505495
results/primary99/repeat2-fold1/audit.json,models/tangent_select/candidates/1/fold_auc/1,0.75
results/primary99/repeat2-fold1/audit.json,models/tangent_select/candidates/1/fold_auc/2,0.744047619047619
results/primary99/repeat2-fold1/audit.json,models/tangent_select/candidates/2/mean_inner_auc,0.6746031746031745
results/primary99/repeat2-fold1/audit.json,models/tangent_select/candidates/2/fold_auc/0,0.5714285714285714
results/primary99/repeat2-fold1/audit.json,models/tangent_select/candidates/2/fold_auc/1,0.7083333333333333
results/primary99/repeat2-fold1/audit.json,models/tangent_select/candidates/2/fold_auc/2,0.744047619047619
results/primary99/repeat2-fold1/audit.json,models/tangent_select/candidates/3/mean_inner_auc,0.6626984126984127
results/primary99/repeat2-fold1/audit.json,models/tangent_select/candidates/3/fold_auc/0,0.5714285714285715
results/primary99/repeat2-fold1/audit.json,models/tangent_select/candidates/3/fold_auc/1,0.6904761904761905
results/primary99/repeat2-fold1/audit.json,models/tangent_select/candidates/3/fold_auc/2,0.7261904761904762
results/primary99/repeat2-fold1/audit.json,models/tangent_select/candidates/4/mean_inner_auc,0.7135225885225885
results/primary99/repeat2-fold1/audit.json,models/tangent_select/candidates/4/fold_auc/0,0.5274725274725275
results/primary99/repeat2-fold1/audit.json,models/tangent_select/candidates/4/fold_auc/1,0.8273809523809524
results/primary99/repeat2-fold1/audit.json,models/tangent_select/candidates/4/fold_auc/2,0.7857142857142857
results/primary99/repeat2-fold1/audit.json,models/tangent_select/candidates/5/mean_inner_auc,0.7094017094017094
results/primary99/repeat2-fold1/audit.json,models/tangent_select/candidates/5/fold_auc/0,0.532967032967033
results/primary99/repeat2-fold1/audit.json,models/tangent_select/candidates/5/fold_auc/1,0.8273809523809524
results/primary99/repeat2-fold1/audit.json,models/tangent_select/candidates/5/fold_auc/2,0.7678571428571429
results/primary99/repeat2-fold1/audit.json,models/tangent_select/candidates/6/mean_inner_auc,0.7132173382173382
results/primary99/repeat2-fold1/audit.json,models/tangent_select/candidates/6/fold_auc/0,0.5384615384615384
results/primary99/repeat2-fold1/audit.json,models/tangent_select/candidates/6/fold_auc/1,0.8333333333333333
results/primary99/repeat2-fold1/audit.json,models/tangent_select/candidates/6/fold_auc/2,0.7678571428571429
results/primary99/repeat2-fold1/audit.json,models/tangent_select/candidates/7/mean_inner_auc,0.7054334554334555
results/primary99/repeat2-fold1/audit.json,models/tangent_select/candidates/7/fold_auc/0,0.532967032967033
results/primary99/repeat2-fold1/audit.json,models/tangent_select/candidates/7/fold_auc/1,0.8214285714285714
results/primary99/repeat2-fold1/audit.json,models/tangent_select/candidates/7/fold_auc/2,0.761904761904762
results/primary99/repeat2-fold1/audit.json,models/tangent_select/chosen/mean_inner_auc,0.7135225885225885
results/primary99/repeat2-fold1/audit.json,models/tangent_select/chosen/fold_auc/0,0.5274725274725275
results/primary99/repeat2-fold1/audit.json,models/tangent_select/chosen/fold_auc/1,0.8273809523809524
results/primary99/repeat2-fold1/audit.json,models/tangent_select/chosen/fold_auc/2,0.7857142857142857
results/primary99/repeat2-fold1/audit.json,models/tangent_select/threshold/min_recall,0.6756756756756757
results/primary99/repeat2-fold1/audit.json,models/tangent_select/threshold/balanced_accuracy,0.6949806949806949
results/primary99/repeat2-fold2/audit.json,models/tangent_original/candidates/0/mean_inner_auc,0.7184065934065934
results/primary99/repeat2-fold2/audit.json,models/tangent_original/candidates/0/fold_auc/0,0.7087912087912088
results/primary99/repeat2-fold2/audit.json,models/tangent_original/candidates/0/fold_auc/1,0.6964285714285714
results/primary99/repeat2-fold2/audit.json,models/tangent_original/candidates/0/fold_auc/2,0.75
results/primary99/repeat2-fold2/audit.json,models/tangent_original/candidates/1/mean_inner_auc,0.7255799755799756
results/primary99/repeat2-fold2/audit.json,models/tangent_original/candidates/1/fold_auc/0,0.7362637362637362
results/primary99/repeat2-fold2/audit.json,models/tangent_original/candidates/1/fold_auc/1,0.6904761904761905
results/primary99/repeat2-fold2/audit.json,models/tangent_original/candidates/1/fold_auc/2,0.75
results/primary99/repeat2-fold2/audit.json,models/tangent_original/candidates/2/mean_inner_auc,0.7274114774114774
results/primary99/repeat2-fold2/audit.json,models/tangent_original/candidates/2/fold_auc/0,0.7417582417582417
results/primary99/repeat2-fold2/audit.json,models/tangent_original/candidates/2/fold_auc/1,0.6904761904761905
results/primary99/repeat2-fold2/audit.json,models/tangent_original/candidates/2/fold_auc/2,0.75
results/primary99/repeat2-fold2/audit.json,models/tangent_original/candidates/3/mean_inner_auc,0.7274114774114774
results/primary99/repeat2-fold2/audit.json,models/tangent_original/candidates/3/fold_auc/0,0.7417582417582417
results/primary99/repeat2-fold2/audit.json,models/tangent_original/candidates/3/fold_auc/1,0.6904761904761905
results/primary99/repeat2-fold2/audit.json,models/tangent_original/candidates/3/fold_auc/2,0.75
results/primary99/repeat2-fold2/audit.json,models/tangent_original/chosen/mean_inner_auc,0.7274114774114774
results/primary99/repeat2-fold2/audit.json,models/tangent_original/chosen/fold_auc/0,0.7417582417582417
results/primary99/repeat2-fold2/audit.json,models/tangent_original/chosen/fold_auc/1,0.6904761904761905
results/primary99/repeat2-fold2/audit.json,models/tangent_original/chosen/fold_auc/2,0.75
results/primary99/repeat2-fold2/audit.json,models/tangent_original/threshold/min_recall,0.6756756756756757
results/primary99/repeat2-fold2/audit.json,models/tangent_original/threshold/balanced_accuracy,0.6949806949806949
results/primary99/repeat2-fold2/audit.json,models/tangent_center/candidates/0/mean_inner_auc,0.7344322344322345
results/primary99/repeat2-fold2/audit.json,models/tangent_center/candidates/0/fold_auc/0,0.7032967032967034
results/primary99/repeat2-fold2/audit.json,models/tangent_center/candidates/0/fold_auc/1,0.7261904761904762
results/primary99/repeat2-fold2/audit.json,models/tangent_center/candidates/0/fold_auc/2,0.7738095238095237
results/primary99/repeat2-fold2/audit.json,models/tangent_center/candidates/1/mean_inner_auc,0.7402319902319903
results/primary99/repeat2-fold2/audit.json,models/tangent_center/candidates/1/fold_auc/0,0.7087912087912088
results/primary99/repeat2-fold2/audit.json,models/tangent_center/candidates/1/fold_auc/1,0.7321428571428571
results/primary99/repeat2-fold2/audit.json,models/tangent_center/candidates/1/fold_auc/2,0.7797619047619047
results/primary99/repeat2-fold2/audit.json,models/tangent_center/candidates/2/mean_inner_auc,0.7416056166056165
results/primary99/repeat2-fold2/audit.json,models/tangent_center/candidates/2/fold_auc/0,0.7307692307692308
results/primary99/repeat2-fold2/audit.json,models/tangent_center/candidates/2/fold_auc/1,0.7023809523809523
results/primary99/repeat2-fold2/audit.json,models/tangent_center/candidates/2/fold_auc/2,0.7916666666666665
results/primary99/repeat2-fold2/audit.json,models/tangent_center/candidates/3/mean_inner_auc,0.7411477411477412
results/primary99/repeat2-fold2/audit.json,models/tangent_center/candidates/3/fold_auc/0,0.7472527472527473
results/primary99/repeat2-fold2/audit.json,models/tangent_center/candidates/3/fold_auc/1,0.6964285714285714
results/primary99/repeat2-fold2/audit.json,models/tangent_center/candidates/3/fold_auc/2,0.7797619047619047
results/primary99/repeat2-fold2/audit.json,models/tangent_center/chosen/mean_inner_auc,0.7416056166056165
results/primary99/repeat2-fold2/audit.json,models/tangent_center/chosen/fold_auc/0,0.7307692307692308
results/primary99/repeat2-fold2/audit.json,models/tangent_center/chosen/fold_auc/1,0.7023809523809523
results/primary99/repeat2-fold2/audit.json,models/tangent_center/chosen/fold_auc/2,0.7916666666666665
results/primary99/repeat2-fold2/audit.json,models/tangent_center/threshold/min_recall,0.6756756756756757
results/primary99/repeat2-fold2/audit.json,models/tangent_center/threshold/balanced_accuracy,0.7068854568854569
results/primary99/repeat2-fold2/audit.json,models/tangent_pca/candidates/0/mean_inner_auc,0.6900183150183151
results/primary99/repeat2-fold2/audit.json,models/tangent_pca/candidates/0/fold_auc/0,0.6593406593406593
results/primary99/repeat2-fold2/audit.json,models/tangent_pca/candidates/0/fold_auc/1,0.6785714285714286
results/primary99/repeat2-fold2/audit.json,models/tangent_pca/candidates/0/fold_auc/2,0.7321428571428572
results/primary99/repeat2-fold2/audit.json,models/tangent_pca/candidates/1/mean_inner_auc,0.6993284493284494
results/primary99/repeat2-fold2/audit.json,models/tangent_pca/candidates/1/fold_auc/0,0.6813186813186812
results/primary99/repeat2-fold2/audit.json,models/tangent_pca/candidates/1/fold_auc/1,0.6726190476190477
results/primary99/repeat2-fold2/audit.json,models/tangent_pca/candidates/1/fold_auc/2,0.7440476190476191
results/primary99/repeat2-fold2/audit.json,models/tangent_pca/candidates/2/mean_inner_auc,0.6974969474969476
results/primary99/repeat2-fold2/audit.json,models/tangent_pca/candidates/2/fold_auc/0,0.6758241758241759
results/primary99/repeat2-fold2/audit.json,models/tangent_pca/candidates/2/fold_auc/1,0.6666666666666666
results/primary99/repeat2-fold2/audit.json,models/tangent_pca/candidates/2/fold_auc/2,0.75
results/primary99/repeat2-fold2/audit.json,models/tangent_pca/candidates/3/mean_inner_auc,0.6993284493284494
results/primary99/repeat2-fold2/audit.json,models/tangent_pca/candidates/3/fold_auc/0,0.6813186813186813
results/primary99/repeat2-fold2/audit.json,models/tangent_pca/candidates/3/fold_auc/1,0.6666666666666666
results/primary99/repeat2-fold2/audit.json,models/tangent_pca/candidates/3/fold_auc/2,0.75
results/primary99/repeat2-fold2/audit.json,models/tangent_pca/candidates/4/mean_inner_auc,0.7086385836385837
results/primary99/repeat2-fold2/audit.json,models/tangent_pca/candidates/4/fold_auc/0,0.7032967032967034
results/primary99/repeat2-fold2/audit.json,models/tangent_pca/candidates/4/fold_auc/1,0.6904761904761905
results/primary99/repeat2-fold2/audit.json,models/tangent_pca/candidates/4/fold_auc/2,0.7321428571428572
results/primary99/repeat2-fold2/audit.json,models/tangent_pca/candidates/5/mean_inner_auc,0.7097069597069597
results/primary99/repeat2-fold2/audit.json,models/tangent_pca/candidates/5/fold_auc/0,0.7362637362637363
results/primary99/repeat2-fold2/audit.json,models/tangent_pca/candidates/5/fold_auc/1,0.6666666666666666
results/primary99/repeat2-fold2/audit.json,models/tangent_pca/candidates/5/fold_auc/2,0.7261904761904763
results/primary99/repeat2-fold2/audit.json,models/tangent_pca/candidates/6/mean_inner_auc,0.6944444444444443
results/primary99/repeat2-fold2/audit.json,models/tangent_pca/candidates/6/fold_auc/0,0.7142857142857143
results/primary99/repeat2-fold2/audit.json,models/tangent_pca/candidates/6/fold_auc/1,0.6547619047619048
results/primary99/repeat2-fold2/audit.json,models/tangent_pca/candidates/6/fold_auc/2,0.7142857142857142
results/primary99/repeat2-fold2/audit.json,models/tangent_pca/candidates/7/mean_inner_auc,0.680860805860806
results/primary99/repeat2-fold2/audit.json,models/tangent_pca/candidates/7/fold_auc/0,0.7032967032967034
results/primary99/repeat2-fold2/audit.json,models/tangent_pca/candidates/7/fold_auc/1,0.6547619047619048
results/primary99/repeat2-fold2/audit.json,models/tangent_pca/candidates/7/fold_auc/2,0.6845238095238095
results/primary99/repeat2-fold2/audit.json,models/tangent_pca/chosen/mean_inner_auc,0.7097069597069597
results/primary99/repeat2-fold2/audit.json,models/tangent_pca/chosen/fold_auc/0,0.7362637362637363
results/primary99/repeat2-fold2/audit.json,models/tangent_pca/chosen/fold_auc/1,0.6666666666666666
results/primary99/repeat2-fold2/audit.json,models/tangent_pca/chosen/fold_auc/2,0.7261904761904763
results/primary99/repeat2-fold2/audit.json,models/tangent_pca/threshold/min_recall,0.6756756756756757
results/primary99/repeat2-fold2/audit.json,models/tangent_pca/threshold/balanced_accuracy,0.6949806949806949
results/primary99/repeat2-fold2/audit.json,models/tangent_select/candidates/0/mean_inner_auc,0.7002442002442003
results/primary99/repeat2-fold2/audit.json,models/tangent_select/candidates/0/fold_auc/0,0.7197802197802198
results/primary99/repeat2-fold2/audit.json,models/tangent_select/candidates/0/fold_auc/1,0.6190476190476191
results/primary99/repeat2-fold2/audit.json,models/tangent_select/candidates/0/fold_auc/2,0.7619047619047619
results/primary99/repeat2-fold2/audit.json,models/tangent_select/candidates/1/mean_inner_auc,0.6788766788766788
results/primary99/repeat2-fold2/audit.json,models/tangent_select/candidates/1/fold_auc/0,0.7032967032967032
results/primary99/repeat2-fold2/audit.json,models/tangent_select/candidates/1/fold_auc/1,0.5773809523809524
results/primary99/repeat2-fold2/audit.json,models/tangent_select/candidates/1/fold_auc/2,0.7559523809523808
results/primary99/repeat2-fold2/audit.json,models/tangent_select/candidates/2/mean_inner_auc,0.6588827838827839
results/primary99/repeat2-fold2/audit.json,models/tangent_select/candidates/2/fold_auc/0,0.7087912087912088
results/primary99/repeat2-fold2/audit.json,models/tangent_select/candidates/2/fold_auc/1,0.5595238095238095
results/primary99/repeat2-fold2/audit.json,models/tangent_select/candidates/2/fold_auc/2,0.7083333333333333
results/primary99/repeat2-fold2/audit.json,models/tangent_select/candidates/3/mean_inner_auc,0.6604090354090354
results/primary99/repeat2-fold2/audit.json,models/tangent_select/candidates/3/fold_auc/0,0.7252747252747253
results/primary99/repeat2-fold2/audit.json,models/tangent_select/candidates/3/fold_auc/1,0.5476190476190477
results/primary99/repeat2-fold2/audit.json,models/tangent_select/candidates/3/fold_auc/2,0.7083333333333333
results/primary99/repeat2-fold2/audit.json,models/tangent_select/candidates/4/mean_inner_auc,0.6991758241758242
results/primary99/repeat2-fold2/audit.json,models/tangent_select/candidates/4/fold_auc/0,0.6868131868131869
results/primary99/repeat2-fold2/audit.json,models/tangent_select/candidates/4/fold_auc/1,0.6428571428571429
results/primary99/repeat2-fold2/audit.json,models/tangent_select/candidates/4/fold_auc/2,0.7678571428571428
results/primary99/repeat2-fold2/audit.json,models/tangent_select/candidates/5/mean_inner_auc,0.7026862026862027
results/primary99/repeat2-fold2/audit.json,models/tangent_select/candidates/5/fold_auc/0,0.7032967032967034
results/primary99/repeat2-fold2/audit.json,models/tangent_select/candidates/5/fold_auc/1,0.6488095238095238
results/primary99/repeat2-fold2/audit.json,models/tangent_select/candidates/5/fold_auc/2,0.7559523809523809
results/primary99/repeat2-fold2/audit.json,models/tangent_select/candidates/6/mean_inner_auc,0.6944444444444445
results/primary99/repeat2-fold2/audit.json,models/tangent_select/candidates/6/fold_auc/0,0.7142857142857143
results/primary99/repeat2-fold2/audit.json,models/tangent_select/candidates/6/fold_auc/1,0.625
results/primary99/repeat2-fold2/audit.json,models/tangent_select/candidates/6/fold_auc/2,0.7440476190476191
results/primary99/repeat2-fold2/audit.json,models/tangent_select/candidates/7/mean_inner_auc,0.6981074481074482
results/primary99/repeat2-fold2/audit.json,models/tangent_select/candidates/7/fold_auc/0,0.7252747252747253
results/primary99/repeat2-fold2/audit.json,models/tangent_select/candidates/7/fold_auc/1,0.6190476190476191
results/primary99/repeat2-fold2/audit.json,models/tangent_select/candidates/7/fold_auc/2,0.75
results/primary99/repeat2-fold2/audit.json,models/tangent_select/chosen/mean_inner_auc,0.7026862026862027
results/primary99/repeat2-fold2/audit.json,models/tangent_select/chosen/fold_auc/0,0.7032967032967034
results/primary99/repeat2-fold2/audit.json,models/tangent_select/chosen/fold_auc/1,0.6488095238095238
results/primary99/repeat2-fold2/audit.json,models/tangent_select/chosen/fold_auc/2,0.7559523809523809
results/primary99/repeat2-fold2/audit.json,models/tangent_select/threshold/min_recall,0.6216216216216216
results/primary99/repeat2-fold2/audit.json,models/tangent_select/threshold/balanced_accuracy,0.6560489060489061
results/primary99/repeat2-fold3/audit.json,models/tangent_original/candidates/0/mean_inner_auc,0.75503663003663
results/primary99/repeat2-fold3/audit.json,models/tangent_original/candidates/0/fold_auc/0,0.8186813186813187
results/primary99/repeat2-fold3/audit.json,models/tangent_original/candidates/0/fold_auc/1,0.7559523809523809
results/primary99/repeat2-fold3/audit.json,models/tangent_original/candidates/0/fold_auc/2,0.6904761904761905
results/primary99/repeat2-fold3/audit.json,models/tangent_original/candidates/1/mean_inner_auc,0.7641941391941393
results/primary99/repeat2-fold3/audit.json,models/tangent_original/candidates/1/fold_auc/0,0.8461538461538461
results/primary99/repeat2-fold3/audit.json,models/tangent_original/candidates/1/fold_auc/1,0.7559523809523809
results/primary99/repeat2-fold3/audit.json,models/tangent_original/candidates/1/fold_auc/2,0.6904761904761905
results/primary99/repeat2-fold3/audit.json,models/tangent_original/candidates/2/mean_inner_auc,0.7701465201465201
results/primary99/repeat2-fold3/audit.json,models/tangent_original/candidates/2/fold_auc/0,0.8461538461538461
results/primary99/repeat2-fold3/audit.json,models/tangent_original/candidates/2/fold_auc/1,0.7619047619047619
results/primary99/repeat2-fold3/audit.json,models/tangent_original/candidates/2/fold_auc/2,0.7023809523809523
results/primary99/repeat2-fold3/audit.json,models/tangent_original/candidates/3/mean_inner_auc,0.7779304029304029
results/primary99/repeat2-fold3/audit.json,models/tangent_original/candidates/3/fold_auc/0,0.8516483516483516
results/primary99/repeat2-fold3/audit.json,models/tangent_original/candidates/3/fold_auc/1,0.7678571428571428
results/primary99/repeat2-fold3/audit.json,models/tangent_original/candidates/3/fold_auc/2,0.7142857142857142
results/primary99/repeat2-fold3/audit.json,models/tangent_original/chosen/mean_inner_auc,0.7779304029304029
results/primary99/repeat2-fold3/audit.json,models/tangent_original/chosen/fold_auc/0,0.8516483516483516
results/primary99/repeat2-fold3/audit.json,models/tangent_original/chosen/fold_auc/1,0.7678571428571428
results/primary99/repeat2-fold3/audit.json,models/tangent_original/chosen/fold_auc/2,0.7142857142857142
results/primary99/repeat2-fold3/audit.json,models/tangent_original/threshold/min_recall,0.7142857142857143
results/primary99/repeat2-fold3/audit.json,models/tangent_original/threshold/balanced_accuracy,0.722007722007722
results/primary99/repeat2-fold3/audit.json,models/tangent_center/candidates/0/mean_inner_auc,0.737942612942613
results/primary99/repeat2-fold3/audit.json,models/tangent_center/candidates/0/fold_auc/0,0.7912087912087913
results/primary99/repeat2-fold3/audit.json,models/tangent_center/candidates/0/fold_auc/1,0.75
results/primary99/repeat2-fold3/audit.json,models/tangent_center/candidates/0/fold_auc/2,0.6726190476190477
results/primary99/repeat2-fold3/audit.json,models/tangent_center/candidates/1/mean_inner_auc,0.7477106227106226
results/primary99/repeat2-fold3/audit.json,models/tangent_center/candidates/1/fold_auc/0,0.7967032967032966
results/primary99/repeat2-fold3/audit.json,models/tangent_center/candidates/1/fold_auc/1,0.7738095238095237
results/primary99/repeat2-fold3/audit.json,models/tangent_center/candidates/1/fold_auc/2,0.6726190476190477
results/primary99/repeat2-fold3/audit.json,models/tangent_center/candidates/2/mean_inner_auc,0.7612942612942613
results/primary99/repeat2-fold3/audit.json,models/tangent_center/candidates/2/fold_auc/0,0.8076923076923076
results/primary99/repeat2-fold3/audit.json,models/tangent_center/candidates/2/fold_auc/1,0.7857142857142857
results/primary99/repeat2-fold3/audit.json,models/tangent_center/candidates/2/fold_auc/2,0.6904761904761905
results/primary99/repeat2-fold3/audit.json,models/tangent_center/candidates/3/mean_inner_auc,0.7768620268620268
results/primary99/repeat2-fold3/audit.json,models/tangent_center/candidates/3/fold_auc/0,0.8186813186813187
results/primary99/repeat2-fold3/audit.json,models/tangent_center/candidates/3/fold_auc/1,0.7857142857142856
results/primary99/repeat2-fold3/audit.json,models/tangent_center/candidates/3/fold_auc/2,0.7261904761904763
results/primary99/repeat2-fold3/audit.json,models/tangent_center/chosen/mean_inner_auc,0.7768620268620268
results/primary99/repeat2-fold3/audit.json,models/tangent_center/chosen/fold_auc/0,0.8186813186813187
results/primary99/repeat2-fold3/audit.json,models/tangent_center/chosen/fold_auc/1,0.7857142857142856
results/primary99/repeat2-fold3/audit.json,models/tangent_center/chosen/fold_auc/2,0.7261904761904763
results/primary99/repeat2-fold3/audit.json,models/tangent_center/threshold/min_recall,0.7027027027027027
results/primary99/repeat2-fold3/audit.json,models/tangent_center/threshold/balanced_accuracy,0.7203989703989704
results/primary99/repeat2-fold3/audit.json,models/tangent_pca/candidates/0/mean_inner_auc,0.6880341880341879
results/primary99/repeat2-fold3/audit.json,models/tangent_pca/candidates/0/fold_auc/0,0.7307692307692307
results/primary99/repeat2-fold3/audit.json,models/tangent_pca/candidates/0/fold_auc/1,0.6845238095238095
results/primary99/repeat2-fold3/audit.json,models/tangent_pca/candidates/0/fold_auc/2,0.6488095238095238
results/primary99/repeat2-fold3/audit.json,models/tangent_pca/candidates/1/mean_inner_auc,0.6727716727716727
results/primary99/repeat2-fold3/audit.json,models/tangent_pca/candidates/1/fold_auc/0,0.7087912087912087
results/primary99/repeat2-fold3/audit.json,models/tangent_pca/candidates/1/fold_auc/1,0.6845238095238095
results/primary99/repeat2-fold3/audit.json,models/tangent_pca/candidates/1/fold_auc/2,0.625
results/primary99/repeat2-fold3/audit.json,models/tangent_pca/candidates/2/mean_inner_auc,0.6729242979242979
results/primary99/repeat2-fold3/audit.json,models/tangent_pca/candidates/2/fold_auc/0,0.7032967032967032
results/primary99/repeat2-fold3/audit.json,models/tangent_pca/candidates/2/fold_auc/1,0.6964285714285714
results/primary99/repeat2-fold3/audit.json,models/tangent_pca/candidates/2/fold_auc/2,0.6190476190476191
results/primary99/repeat2-fold3/audit.json,models/tangent_pca/candidates/3/mean_inner_auc,0.6709401709401709
results/primary99/repeat2-fold3/audit.json,models/tangent_pca/candidates/3/fold_auc/0,0.7032967032967032
results/primary99/repeat2-fold3/audit.json,models/tangent_pca/candidates/3/fold_auc/1,0.6904761904761905
results/primary99/repeat2-fold3/audit.json,models/tangent_pca/candidates/3/fold_auc/2,0.6190476190476191
results/primary99/repeat2-fold3/audit.json,models/tangent_pca/candidates/4/mean_inner_auc,0.7014652014652015
results/primary99/repeat2-fold3/audit.json,models/tangent_pca/candidates/4/fold_auc/0,0.7472527472527473
results/primary99/repeat2-fold3/audit.json,models/tangent_pca/candidates/4/fold_auc/1,0.6964285714285714
results/primary99/repeat2-fold3/audit.json,models/tangent_pca/candidates/4/fold_auc/2,0.6607142857142857
results/primary99/repeat2-fold3/audit.json,models/tangent_pca/candidates/5/mean_inner_auc,0.7032967032967034
results/primary99/repeat2-fold3/audit.json,models/tangent_pca/candidates/5/fold_auc/0,0.7527472527472527
results/primary99/repeat2-fold3/audit.json,models/tangent_pca/candidates/5/fold_auc/1,0.6964285714285714
results/primary99/repeat2-fold3/audit.json,models/tangent_pca/candidates/5/fold_auc/2,0.6607142857142857
results/primary99/repeat2-fold3/audit.json,models/tangent_pca/candidates/6/mean_inner_auc,0.6933760683760685
results/primary99/repeat2-fold3/audit.json,models/tangent_pca/candidates/6/fold_auc/0,0.7527472527472527
results/primary99/repeat2-fold3/audit.json,models/tangent_pca/candidates/6/fold_auc/1,0.6904761904761905
results/primary99/repeat2-fold3/audit.json,models/tangent_pca/candidates/6/fold_auc/2,0.636904761904762
results/primary99/repeat2-fold3/audit.json,models/tangent_pca/candidates/7/mean_inner_auc,0.706959706959707
results/primary99/repeat2-fold3/audit.json,models/tangent_pca/candidates/7/fold_auc/0,0.7637362637362637
results/primary99/repeat2-fold3/audit.json,models/tangent_pca/candidates/7/fold_auc/1,0.7202380952380952
results/primary99/repeat2-fold3/audit.json,models/tangent_pca/candidates/7/fold_auc/2,0.6369047619047619
results/primary99/repeat2-fold3/audit.json,models/tangent_pca/chosen/mean_inner_auc,0.706959706959707
results/primary99/repeat2-fold3/audit.json,models/tangent_pca/chosen/fold_auc/0,0.7637362637362637
results/primary99/repeat2-fold3/audit.json,models/tangent_pca/chosen/fold_auc/1,0.7202380952380952
results/primary99/repeat2-fold3/audit.json,models/tangent_pca/chosen/fold_auc/2,0.6369047619047619
results/primary99/repeat2-fold3/audit.json,models/tangent_pca/threshold/min_recall,0.6428571428571429
results/primary99/repeat2-fold3/audit.json,models/tangent_pca/threshold/balanced_accuracy,0.6457528957528957
results/primary99/repeat2-fold3/audit.json,models/tangent_select/candidates/0/mean_inner_auc,0.7783882783882783
results/primary99/repeat2-fold3/audit.json,models/tangent_select/candidates/0/fold_auc/0,0.7637362637362637
results/primary99/repeat2-fold3/audit.json,models/tangent_select/candidates/0/fold_auc/1,0.8095238095238095
results/primary99/repeat2-fold3/audit.json,models/tangent_select/candidates/0/fold_auc/2,0.7619047619047619
results/primary99/repeat2-fold3/audit.json,models/tangent_select/candidates/1/mean_inner_auc,0.7883089133089133
results/primary99/repeat2-fold3/audit.json,models/tangent_select/candidates/1/fold_auc/0,0.7637362637362637
results/primary99/repeat2-fold3/audit.json,models/tangent_select/candidates/1/fold_auc/1,0.8154761904761905
results/primary99/repeat2-fold3/audit.json,models/tangent_select/candidates/1/fold_auc/2,0.7857142857142857
results/primary99/repeat2-fold3/audit.json,models/tangent_select/candidates/2/mean_inner_auc,0.7999084249084248
results/primary99/repeat2-fold3/audit.json,models/tangent_select/candidates/2/fold_auc/0,0.7747252747252746
results/primary99/repeat2-fold3/audit.json,models/tangent_select/candidates/2/fold_auc/1,0.8273809523809523
results/primary99/repeat2-fold3/audit.json,models/tangent_select/candidates/2/fold_auc/2,0.7976190476190477
results/primary99/repeat2-fold3/audit.json,models/tangent_select/candidates/3/mean_inner_auc,0.8018925518925518
results/primary99/repeat2-fold3/audit.json,models/tangent_select/candidates/3/fold_auc/0,0.7747252747252746
results/primary99/repeat2-fold3/audit.json,models/tangent_select/candidates/3/fold_auc/1,0.8214285714285714
results/primary99/repeat2-fold3/audit.json,models/tangent_select/candidates/3/fold_auc/2,0.8095238095238095
results/primary99/repeat2-fold3/audit.json,models/tangent_select/candidates/4/mean_inner_auc,0.7416056166056165
results/primary99/repeat2-fold3/audit.json,models/tangent_select/candidates/4/fold_auc/0,0.8021978021978022
results/primary99/repeat2-fold3/audit.json,models/tangent_select/candidates/4/fold_auc/1,0.7261904761904762
results/primary99/repeat2-fold3/audit.json,models/tangent_select/candidates/4/fold_auc/2,0.6964285714285714
results/primary99/repeat2-fold3/audit.json,models/tangent_select/candidates/5/mean_inner_auc,0.7489316239316238
results/primary99/repeat2-fold3/audit.json,models/tangent_select/candidates/5/fold_auc/0,0.8241758241758241
results/primary99/repeat2-fold3/audit.json,models/tangent_select/candidates/5/fold_auc/1,0.738095238095238
results/primary99/repeat2-fold3/audit.json,models/tangent_select/candidates/5/fold_auc/2,0.6845238095238095
results/primary99/repeat2-fold3/audit.json,models/tangent_select/candidates/6/mean_inner_auc,0.7432844932844933
results/primary99/repeat2-fold3/audit.json,models/tangent_select/candidates/6/fold_auc/0,0.8131868131868132
results/primary99/repeat2-fold3/audit.json,models/tangent_select/candidates/6/fold_auc/1,0.738095238095238
results/primary99/repeat2-fold3/audit.json,models/tangent_select/candidates/6/fold_auc/2,0.6785714285714286
results/primary99/repeat2-fold3/audit.json,models/tangent_select/candidates/7/mean_inner_auc,0.7432844932844933
results/primary99/repeat2-fold3/audit.json,models/tangent_select/candidates/7/fold_auc/0,0.8131868131868132
results/primary99/repeat2-fold3/audit.json,models/tangent_select/candidates/7/fold_auc/1,0.738095238095238
results/primary99/repeat2-fold3/audit.json,models/tangent_select/candidates/7/fold_auc/2,0.6785714285714286
results/primary99/repeat2-fold3/audit.json,models/tangent_select/chosen/mean_inner_auc,0.8018925518925518
results/primary99/repeat2-fold3/audit.json,models/tangent_select/chosen/fold_auc/0,0.7747252747252746
results/primary99/repeat2-fold3/audit.json,models/tangent_select/chosen/fold_auc/1,0.8214285714285714
results/primary99/repeat2-fold3/audit.json,models/tangent_select/chosen/fold_auc/2,0.8095238095238095
results/primary99/repeat2-fold3/audit.json,models/tangent_select/threshold/min_recall,0.7380952380952381
results/primary99/repeat2-fold3/audit.json,models/tangent_select/threshold/balanced_accuracy,0.760939510939511
results/primary99/repeat2-fold4/audit.json,models/tangent_original/candidates/0/mean_inner_auc,0.720899470899471
results/primary99/repeat2-fold4/audit.json,models/tangent_original/candidates/0/fold_auc/0,0.7222222222222223
results/primary99/repeat2-fold4/audit.json,models/tangent_original/candidates/0/fold_auc/1,0.6964285714285715
results/primary99/repeat2-fold4/audit.json,models/tangent_original/candidates/0/fold_auc/2,0.7440476190476191
results/primary99/repeat2-fold4/audit.json,models/tangent_original/candidates/1/mean_inner_auc,0.7189153439153438
results/primary99/repeat2-fold4/audit.json,models/tangent_original/candidates/1/fold_auc/0,0.7222222222222223
results/primary99/repeat2-fold4/audit.json,models/tangent_original/candidates/1/fold_auc/1,0.6845238095238095
results/primary99/repeat2-fold4/audit.json,models/tangent_original/candidates/1/fold_auc/2,0.7499999999999999
results/primary99/repeat2-fold4/audit.json,models/tangent_original/candidates/2/mean_inner_auc,0.7207671957671957
results/primary99/repeat2-fold4/audit.json,models/tangent_original/candidates/2/fold_auc/0,0.7277777777777779
results/primary99/repeat2-fold4/audit.json,models/tangent_original/candidates/2/fold_auc/1,0.6845238095238095
results/primary99/repeat2-fold4/audit.json,models/tangent_original/candidates/2/fold_auc/2,0.7499999999999999
results/primary99/repeat2-fold4/audit.json,models/tangent_original/candidates/3/mean_inner_auc,0.7189153439153438
results/primary99/repeat2-fold4/audit.json,models/tangent_original/candidates/3/fold_auc/0,0.7222222222222222
results/primary99/repeat2-fold4/audit.json,models/tangent_original/candidates/3/fold_auc/1,0.6845238095238096
results/primary99/repeat2-fold4/audit.json,models/tangent_original/candidates/3/fold_auc/2,0.7499999999999999
results/primary99/repeat2-fold4/audit.json,models/tangent_original/chosen/mean_inner_auc,0.720899470899471
results/primary99/repeat2-fold4/audit.json,models/tangent_original/chosen/fold_auc/0,0.7222222222222223
results/primary99/repeat2-fold4/audit.json,models/tangent_original/chosen/fold_auc/1,0.6964285714285715
results/primary99/repeat2-fold4/audit.json,models/tangent_original/chosen/fold_auc/2,0.7440476190476191
results/primary99/repeat2-fold4/audit.json,models/tangent_original/threshold/min_recall,0.6944444444444444
results/primary99/repeat2-fold4/audit.json,models/tangent_original/threshold/balanced_accuracy,0.6960594315245479
results/primary99/repeat2-fold4/audit.json,models/tangent_center/candidates/0/mean_inner_auc,0.7599206349206349
results/primary99/repeat2-fold4/audit.json,models/tangent_center/candidates/0/fold_auc/0,0.75
results/primary99/repeat2-fold4/audit.json,models/tangent_center/candidates/0/fold_auc/1,0.7261904761904762
results/primary99/repeat2-fold4/audit.json,models/tangent_center/candidates/0/fold_auc/2,0.8035714285714285
results/primary99/repeat2-fold4/audit.json,models/tangent_center/candidates/1/mean_inner_auc,0.755952380952381
results/primary99/repeat2-fold4/audit.json,models/tangent_center/candidates/1/fold_auc/0,0.75
results/primary99/repeat2-fold4/audit.json,models/tangent_center/candidates/1/fold_auc/1,0.7202380952380952
results/primary99/repeat2-fold4/audit.json,models/tangent_center/candidates/1/fold_auc/2,0.7976190476190477
results/primary99/repeat2-fold4/audit.json,models/tangent_center/candidates/2/mean_inner_auc,0.751984126984127
results/primary99/repeat2-fold4/audit.json,models/tangent_center/candidates/2/fold_auc/0,0.75
results/primary99/repeat2-fold4/audit.json,models/tangent_center/candidates/2/fold_auc/1,0.7083333333333333
results/primary99/repeat2-fold4/audit.json,models/tangent_center/candidates/2/fold_auc/2,0.7976190476190476
results/primary99/repeat2-fold4/audit.json,models/tangent_center/candidates/3/mean_inner_auc,0.743915343915344
results/primary99/repeat2-fold4/audit.json,models/tangent_center/candidates/3/fold_auc/0,0.7555555555555555
results/primary99/repeat2-fold4/audit.json,models/tangent_center/candidates/3/fold_auc/1,0.6904761904761905
results/primary99/repeat2-fold4/audit.json,models/tangent_center/candidates/3/fold_auc/2,0.7857142857142857
results/primary99/repeat2-fold4/audit.json,models/tangent_center/chosen/mean_inner_auc,0.7599206349206349
results/primary99/repeat2-fold4/audit.json,models/tangent_center/chosen/fold_auc/0,0.75
results/primary99/repeat2-fold4/audit.json,models/tangent_center/chosen/fold_auc/1,0.7261904761904762
results/primary99/repeat2-fold4/audit.json,models/tangent_center/chosen/fold_auc/2,0.8035714285714285
results/primary99/repeat2-fold4/audit.json,models/tangent_center/threshold/min_recall,0.6944444444444444
results/primary99/repeat2-fold4/audit.json,models/tangent_center/threshold/balanced_accuracy,0.7193152454780362
results/primary99/repeat2-fold4/audit.json,models/tangent_pca/candidates/0/mean_inner_auc,0.7489417989417989
results/primary99/repeat2-fold4/audit.json,models/tangent_pca/candidates/0/fold_auc/0,0.7111111111111111
results/primary99/repeat2-fold4/audit.json,models/tangent_pca/candidates/0/fold_auc/1,0.7321428571428572
results/primary99/repeat2-fold4/audit.json,models/tangent_pca/candidates/0/fold_auc/2,0.8035714285714286
results/primary99/repeat2-fold4/audit.json,models/tangent_pca/candidates/1/mean_inner_auc,0.7412698412698413
results/primary99/repeat2-fold4/audit.json,models/tangent_pca/candidates/1/fold_auc/0,0.7000000000000001
results/primary99/repeat2-fold4/audit.json,models/tangent_pca/candidates/1/fold_auc/1,0.7142857142857143
results/primary99/repeat2-fold4/audit.json,models/tangent_pca/candidates/1/fold_auc/2,0.8095238095238095
results/primary99/repeat2-fold4/audit.json,models/tangent_pca/candidates/2/mean_inner_auc,0.7394179894179894
results/primary99/repeat2-fold4/audit.json,models/tangent_pca/candidates/2/fold_auc/0,0.6944444444444444
results/primary99/repeat2-fold4/audit.json,models/tangent_pca/candidates/2/fold_auc/1,0.7202380952380952
results/primary99/repeat2-fold4/audit.json,models/tangent_pca/candidates/2/fold_auc/2,0.8035714285714286
results/primary99/repeat2-fold4/audit.json,models/tangent_pca/candidates/3/mean_inner_auc,0.7431216931216932
results/primary99/repeat2-fold4/audit.json,models/tangent_pca/candidates/3/fold_auc/0,0.7055555555555556
results/primary99/repeat2-fold4/audit.json,models/tangent_pca/candidates/3/fold_auc/1,0.7202380952380952
results/primary99/repeat2-fold4/audit.json,models/tangent_pca/candidates/3/fold_auc/2,0.8035714285714286
results/primary99/repeat2-fold4/audit.json,models/tangent_pca/candidates/4/mean_inner_auc,0.7371693121693123
results/primary99/repeat2-fold4/audit.json,models/tangent_pca/candidates/4/fold_auc/0,0.7055555555555556
results/primary99/repeat2-fold4/audit.json,models/tangent_pca/candidates/4/fold_auc/1,0.7440476190476191
results/primary99/repeat2-fold4/audit.json,models/tangent_pca/candidates/4/fold_auc/2,0.7619047619047619
results/primary99/repeat2-fold4/audit.json,models/tangent_pca/candidates/5/mean_inner_auc,0.7353174603174604
results/primary99/repeat2-fold4/audit.json,models/tangent_pca/candidates/5/fold_auc/0,0.7000000000000001
results/primary99/repeat2-fold4/audit.json,models/tangent_pca/candidates/5/fold_auc/1,0.7440476190476191
results/primary99/repeat2-fold4/audit.json,models/tangent_pca/candidates/5/fold_auc/2,0.7619047619047619
results/primary99/repeat2-fold4/audit.json,models/tangent_pca/candidates/6/mean_inner_auc,0.7493386243386245
results/primary99/repeat2-fold4/audit.json,models/tangent_pca/candidates/6/fold_auc/0,0.6944444444444445
results/primary99/repeat2-fold4/audit.json,models/tangent_pca/candidates/6/fold_auc/1,0.7500000000000001
results/primary99/repeat2-fold4/audit.json,models/tangent_pca/candidates/6/fold_auc/2,0.8035714285714286
results/primary99/repeat2-fold4/audit.json,models/tangent_pca/candidates/7/mean_inner_auc,0.7576719576719576
results/primary99/repeat2-fold4/audit.json,models/tangent_pca/candidates/7/fold_auc/0,0.6777777777777778
results/primary99/repeat2-fold4/audit.json,models/tangent_pca/candidates/7/fold_auc/1,0.75
results/primary99/repeat2-fold4/audit.json,models/tangent_pca/candidates/7/fold_auc/2,0.8452380952380952
results/primary99/repeat2-fold4/audit.json,models/tangent_pca/chosen/mean_inner_auc,0.7576719576719576
results/primary99/repeat2-fold4/audit.json,models/tangent_pca/chosen/fold_auc/0,0.6777777777777778
results/primary99/repeat2-fold4/audit.json,models/tangent_pca/chosen/fold_auc/1,0.75
results/primary99/repeat2-fold4/audit.json,models/tangent_pca/chosen/fold_auc/2,0.8452380952380952
results/primary99/repeat2-fold4/audit.json,models/tangent_pca/threshold/min_recall,0.6744186046511628
results/primary99/repeat2-fold4/audit.json,models/tangent_pca/threshold/balanced_accuracy,0.6983204134366925
results/primary99/repeat2-fold4/audit.json,models/tangent_select/candidates/0/mean_inner_auc,0.6593915343915345
results/primary99/repeat2-fold4/audit.json,models/tangent_select/candidates/0/fold_auc/0,0.638888888888889
results/primary99/repeat2-fold4/audit.json,models/tangent_select/candidates/0/fold_auc/1,0.6666666666666667
results/primary99/repeat2-fold4/audit.json,models/tangent_select/candidates/0/fold_auc/2,0.6726190476190477
results/primary99/repeat2-fold4/audit.json,models/tangent_select/candidates/1/mean_inner_auc,0.6615079365079365
results/primary99/repeat2-fold4/audit.json,models/tangent_select/candidates/1/fold_auc/0,0.6333333333333334
results/primary99/repeat2-fold4/audit.json,models/tangent_select/candidates/1/fold_auc/1,0.6845238095238095
results/primary99/repeat2-fold4/audit.json,models/tangent_select/candidates/1/fold_auc/2,0.6666666666666666
results/primary99/repeat2-fold4/audit.json,models/tangent_select/candidates/2/mean_inner_auc,0.6435185185185185
results/primary99/repeat2-fold4/audit.json,models/tangent_select/candidates/2/fold_auc/0,0.638888888888889
results/primary99/repeat2-fold4/audit.json,models/tangent_select/candidates/2/fold_auc/1,0.6369047619047619
results/primary99/repeat2-fold4/audit.json,models/tangent_select/candidates/2/fold_auc/2,0.6547619047619048
results/primary99/repeat2-fold4/audit.json,models/tangent_select/candidates/3/mean_inner_auc,0.6338624338624338
results/primary99/repeat2-fold4/audit.json,models/tangent_select/candidates/3/fold_auc/0,0.6277777777777778
results/primary99/repeat2-fold4/audit.json,models/tangent_select/candidates/3/fold_auc/1,0.625
results/primary99/repeat2-fold4/audit.json,models/tangent_select/candidates/3/fold_auc/2,0.6488095238095237
results/primary99/repeat2-fold4/audit.json,models/tangent_select/candidates/4/mean_inner_auc,0.7247354497354497
results/primary99/repeat2-fold4/audit.json,models/tangent_select/candidates/4/fold_auc/0,0.7277777777777777
results/primary99/repeat2-fold4/audit.json,models/tangent_select/candidates/4/fold_auc/1,0.7023809523809523
results/primary99/repeat2-fold4/audit.json,models/tangent_select/candidates/4/fold_auc/2,0.7440476190476191
results/primary99/repeat2-fold4/audit.json,models/tangent_select/candidates/5/mean_inner_auc,0.7222222222222222
results/primary99/repeat2-fold4/audit.json,models/tangent_select/candidates/5/fold_auc/0,0.75
results/primary99/repeat2-fold4/audit.json,models/tangent_select/candidates/5/fold_auc/1,0.6607142857142857
results/primary99/repeat2-fold4/audit.json,models/tangent_select/candidates/5/fold_auc/2,0.7559523809523809
results/primary99/repeat2-fold4/audit.json,models/tangent_select/candidates/6/mean_inner_auc,0.7161375661375661
results/primary99/repeat2-fold4/audit.json,models/tangent_select/candidates/6/fold_auc/0,0.7555555555555555
results/primary99/repeat2-fold4/audit.json,models/tangent_select/candidates/6/fold_auc/1,0.6488095238095237
results/primary99/repeat2-fold4/audit.json,models/tangent_select/candidates/6/fold_auc/2,0.7440476190476191
results/primary99/repeat2-fold4/audit.json,models/tangent_select/candidates/7/mean_inner_auc,0.7162698412698413
results/primary99/repeat2-fold4/audit.json,models/tangent_select/candidates/7/fold_auc/0,0.75
results/primary99/repeat2-fold4/audit.json,models/tangent_select/candidates/7/fold_auc/1,0.6488095238095237
results/primary99/repeat2-fold4/audit.json,models/tangent_select/candidates/7/fold_auc/2,0.75
results/primary99/repeat2-fold4/audit.json,models/tangent_select/chosen/mean_inner_auc,0.7247354497354497
results/primary99/repeat2-fold4/audit.json,models/tangent_select/chosen/fold_auc/0,0.7277777777777777
results/primary99/repeat2-fold4/audit.json,models/tangent_select/chosen/fold_auc/1,0.7023809523809523
results/primary99/repeat2-fold4/audit.json,models/tangent_select/chosen/fold_auc/2,0.7440476190476191
results/primary99/repeat2-fold4/audit.json,models/tangent_select/threshold/min_recall,0.6666666666666666
results/primary99/repeat2-fold4/audit.json,models/tangent_select/threshold/balanced_accuracy,0.6821705426356589
results/primary99/repeat2-fold5/audit.json,models/tangent_original/candidates/0/mean_inner_auc,0.7107956857956857
results/primary99/repeat2-fold5/audit.json,models/tangent_original/candidates/0/fold_auc/0,0.8388888888888889
results/primary99/repeat2-fold5/audit.json,models/tangent_original/candidates/0/fold_auc/1,0.6208791208791209
results/primary99/repeat2-fold5/audit.json,models/tangent_original/candidates/0/fold_auc/2,0.6726190476190476
results/primary99/repeat2-fold5/audit.json,models/tangent_original/candidates/1/mean_inner_auc,0.7147842897842898
results/primary99/repeat2-fold5/audit.json,models/tangent_original/candidates/1/fold_auc/0,0.8444444444444446
results/primary99/repeat2-fold5/audit.json,models/tangent_original/candidates/1/fold_auc/1,0.6153846153846154
results/primary99/repeat2-fold5/audit.json,models/tangent_original/candidates/1/fold_auc/2,0.6845238095238095
results/primary99/repeat2-fold5/audit.json,models/tangent_original/candidates/2/mean_inner_auc,0.7073972323972324
results/primary99/repeat2-fold5/audit.json,models/tangent_original/candidates/2/fold_auc/0,0.8277777777777778
results/primary99/repeat2-fold5/audit.json,models/tangent_original/candidates/2/fold_auc/1,0.6098901098901099
results/primary99/repeat2-fold5/audit.json,models/tangent_original/candidates/2/fold_auc/2,0.6845238095238095
results/primary99/repeat2-fold5/audit.json,models/tangent_original/candidates/3/mean_inner_auc,0.7073972323972324
results/primary99/repeat2-fold5/audit.json,models/tangent_original/candidates/3/fold_auc/0,0.8277777777777777
results/primary99/repeat2-fold5/audit.json,models/tangent_original/candidates/3/fold_auc/1,0.6098901098901099
results/primary99/repeat2-fold5/audit.json,models/tangent_original/candidates/3/fold_auc/2,0.6845238095238095
results/primary99/repeat2-fold5/audit.json,models/tangent_original/chosen/mean_inner_auc,0.7147842897842898
results/primary99/repeat2-fold5/audit.json,models/tangent_original/chosen/fold_auc/0,0.8444444444444446
results/primary99/repeat2-fold5/audit.json,models/tangent_original/chosen/fold_auc/1,0.6153846153846154
results/primary99/repeat2-fold5/audit.json,models/tangent_original/chosen/fold_auc/2,0.6845238095238095
results/primary99/repeat2-fold5/audit.json,models/tangent_original/threshold/min_recall,0.627906976744186
results/primary99/repeat2-fold5/audit.json,models/tangent_original/threshold/balanced_accuracy,0.7058453802639849
results/primary99/repeat2-fold5/audit.json,models/tangent_center/candidates/0/mean_inner_auc,0.7044973544973545
results/primary99/repeat2-fold5/audit.json,models/tangent_center/candidates/0/fold_auc/0,0.827777777777778
results/primary99/repeat2-fold5/audit.json,models/tangent_center/candidates/0/fold_auc/1,0.6428571428571429
results/primary99/repeat2-fold5/audit.json,models/tangent_center/candidates/0/fold_auc/2,0.6428571428571428
results/primary99/repeat2-fold5/audit.json,models/tangent_center/candidates/1/mean_inner_auc,0.712016687016687
results/primary99/repeat2-fold5/audit.json,models/tangent_center/candidates/1/fold_auc/0,0.838888888888889
results/primary99/repeat2-fold5/audit.json,models/tangent_center/candidates/1/fold_auc/1,0.6483516483516484
results/primary99/repeat2-fold5/audit.json,models/tangent_center/candidates/1/fold_auc/2,0.6488095238095238
results/primary99/repeat2-fold5/audit.json,models/tangent_center/candidates/2/mean_inner_auc,0.7068477818477819
results/primary99/repeat2-fold5/audit.json,models/tangent_center/candidates/2/fold_auc/0,0.8444444444444443
results/primary99/repeat2-fold5/audit.json,models/tangent_center/candidates/2/fold_auc/1,0.6153846153846154
results/primary99/repeat2-fold5/audit.json,models/tangent_center/candidates/2/fold_auc/2,0.6607142857142857
results/primary99/repeat2-fold5/audit.json,models/tangent_center/candidates/3/mean_inner_auc,0.7107244607244607
results/primary99/repeat2-fold5/audit.json,models/tangent_center/candidates/3/fold_auc/0,0.8611111111111112
results/primary99/repeat2-fold5/audit.json,models/tangent_center/candidates/3/fold_auc/1,0.6043956043956045
results/primary99/repeat2-fold5/audit.json,models/tangent_center/candidates/3/fold_auc/2,0.6666666666666666
results/primary99/repeat2-fold5/audit.json,models/tangent_center/chosen/mean_inner_auc,0.712016687016687
results/primary99/repeat2-fold5/audit.json,models/tangent_center/chosen/fold_auc/0,0.838888888888889
results/primary99/repeat2-fold5/audit.json,models/tangent_center/chosen/fold_auc/1,0.6483516483516484
results/primary99/repeat2-fold5/audit.json,models/tangent_center/chosen/fold_auc/2,0.6488095238095238
results/primary99/repeat2-fold5/audit.json,models/tangent_center/threshold/min_recall,0.6511627906976745
results/primary99/repeat2-fold5/audit.json,models/tangent_center/threshold/balanced_accuracy,0.6769327467001887
results/primary99/repeat2-fold5/audit.json,models/tangent_pca/candidates/0/mean_inner_auc,0.700925925925926
results/primary99/repeat2-fold5/audit.json,models/tangent_pca/candidates/0/fold_auc/0,0.8111111111111111
results/primary99/repeat2-fold5/audit.json,models/tangent_pca/candidates/0/fold_auc/1,0.6428571428571428
results/primary99/repeat2-fold5/audit.json,models/tangent_pca/candidates/0/fold_auc/2,0.6488095238095237
results/primary99/repeat2-fold5/audit.json,models/tangent_pca/candidates/1/mean_inner_auc,0.692897842897843
results/primary99/repeat2-fold5/audit.json,models/tangent_pca/candidates/1/fold_auc/0,0.8277777777777778
results/primary99/repeat2-fold5/audit.json,models/tangent_pca/candidates/1/fold_auc/1,0.6318681318681318
results/primary99/repeat2-fold5/audit.json,models/tangent_pca/candidates/1/fold_auc/2,0.6190476190476191
results/primary99/repeat2-fold5/audit.json,models/tangent_pca/candidates/2/mean_inner_auc,0.6794668294668296
results/primary99/repeat2-fold5/audit.json,models/tangent_pca/candidates/2/fold_auc/0,0.8277777777777778
results/primary99/repeat2-fold5/audit.json,models/tangent_pca/candidates/2/fold_auc/1,0.6153846153846154
results/primary99/repeat2-fold5/audit.json,models/tangent_pca/candidates/2/fold_auc/2,0.5952380952380952
results/primary99/repeat2-fold5/audit.json,models/tangent_pca/candidates/3/mean_inner_auc,0.6812983312983314
results/primary99/repeat2-fold5/audit.json,models/tangent_pca/candidates/3/fold_auc/0,0.8277777777777778
results/primary99/repeat2-fold5/audit.json,models/tangent_pca/candidates/3/fold_auc/1,0.6208791208791209
results/primary99/repeat2-fold5/audit.json,models/tangent_pca/candidates/3/fold_auc/2,0.5952380952380952
results/primary99/repeat2-fold5/audit.json,models/tangent_pca/candidates/4/mean_inner_auc,0.6913308913308912
results/primary99/repeat2-fold5/audit.json,models/tangent_pca/candidates/4/fold_auc/0,0.8166666666666667
results/primary99/repeat2-fold5/audit.json,models/tangent_pca/candidates/4/fold_auc/1,0.6263736263736264
results/primary99/repeat2-fold5/audit.json,models/tangent_pca/candidates/4/fold_auc/2,0.6309523809523809
results/primary99/repeat2-fold5/audit.json,models/tangent_pca/candidates/5/mean_inner_auc,0.6841168091168092
results/primary99/repeat2-fold5/audit.json,models/tangent_pca/candidates/5/fold_auc/0,0.8055555555555556
results/primary99/repeat2-fold5/audit.json,models/tangent_pca/candidates/5/fold_auc/1,0.6098901098901099
results/primary99/repeat2-fold5/audit.json,models/tangent_pca/candidates/5/fold_auc/2,0.6369047619047619
results/primary99/repeat2-fold5/audit.json,models/tangent_pca/candidates/6/mean_inner_auc,0.6746642246642246
results/primary99/repeat2-fold5/audit.json,models/tangent_pca/candidates/6/fold_auc/0,0.7666666666666666
results/primary99/repeat2-fold5/audit.json,models/tangent_pca/candidates/6/fold_auc/1,0.6263736263736264
results/primary99/repeat2-fold5/audit.json,models/tangent_pca/candidates/6/fold_auc/2,0.6309523809523809
results/primary99/repeat2-fold5/audit.json,models/tangent_pca/candidates/7/mean_inner_auc,0.6767195767195767
results/primary99/repeat2-fold5/audit.json,models/tangent_pca/candidates/7/fold_auc/0,0.7444444444444445
results/primary99/repeat2-fold5/audit.json,models/tangent_pca/candidates/7/fold_auc/1,0.6428571428571429
results/primary99/repeat2-fold5/audit.json,models/tangent_pca/candidates/7/fold_auc/2,0.6428571428571428
results/primary99/repeat2-fold5/audit.json,models/tangent_pca/chosen/mean_inner_auc,0.700925925925926
results/primary99/repeat2-fold5/audit.json,models/tangent_pca/chosen/fold_auc/0,0.8111111111111111
results/primary99/repeat2-fold5/audit.json,models/tangent_pca/chosen/fold_auc/1,0.6428571428571428
results/primary99/repeat2-fold5/audit.json,models/tangent_pca/chosen/fold_auc/2,0.6488095238095237
results/primary99/repeat2-fold5/audit.json,models/tangent_pca/threshold/min_recall,0.7027027027027027
results/primary99/repeat2-fold5/audit.json,models/tangent_pca/threshold/balanced_accuracy,0.7118164676304211
results/primary99/repeat2-fold5/audit.json,models/tangent_select/candidates/0/mean_inner_auc,0.6840252340252341
results/primary99/repeat2-fold5/audit.json,models/tangent_select/candidates/0/fold_auc/0,0.8222222222222223
results/primary99/repeat2-fold5/audit.json,models/tangent_select/candidates/0/fold_auc/1,0.598901098901099
results/primary99/repeat2-fold5/audit.json,models/tangent_select/candidates/0/fold_auc/2,0.6309523809523809
results/primary99/repeat2-fold5/audit.json,models/tangent_select/candidates/1/mean_inner_auc,0.6741045991045992
results/primary99/repeat2-fold5/audit.json,models/tangent_select/candidates/1/fold_auc/0,0.8222222222222223
results/primary99/repeat2-fold5/audit.json,models/tangent_select/candidates/1/fold_auc/1,0.598901098901099
results/primary99/repeat2-fold5/audit.json,models/tangent_select/candidates/1/fold_auc/2,0.6011904761904762
results/primary99/repeat2-fold5/audit.json,models/tangent_select/candidates/2/mean_inner_auc,0.6681522181522181
results/primary99/repeat2-fold5/audit.json,models/tangent_select/candidates/2/fold_auc/0,0.8222222222222223
results/primary99/repeat2-fold5/audit.json,models/tangent_select/candidates/2/fold_auc/1,0.5989010989010989
results/primary99/repeat2-fold5/audit.json,models/tangent_select/candidates/2/fold_auc/2,0.5833333333333334
results/primary99/repeat2-fold5/audit.json,models/tangent_select/candidates/3/mean_inner_auc,0.6528286528286529
results/primary99/repeat2-fold5/audit.json,models/tangent_select/candidates/3/fold_auc/0,0.8055555555555556
results/primary99/repeat2-fold5/audit.json,models/tangent_select/candidates/3/fold_auc/1,0.5934065934065935
results/primary99/repeat2-fold5/audit.json,models/tangent_select/candidates/3/fold_auc/2,0.5595238095238095
results/primary99/repeat2-fold5/audit.json,models/tangent_select/candidates/4/mean_inner_auc,0.7163715913715913
results/primary99/repeat2-fold5/audit.json,models/tangent_select/candidates/4/fold_auc/0,0.8611111111111112
results/primary99/repeat2-fold5/audit.json,models/tangent_select/candidates/4/fold_auc/1,0.6153846153846154
results/primary99/repeat2-fold5/audit.json,models/tangent_select/candidates/4/fold_auc/2,0.6726190476190477
results/primary99/repeat2-fold5/audit.json,models/tangent_select/candidates/5/mean_inner_auc,0.7202075702075703
results/primary99/repeat2-fold5/audit.json,models/tangent_select/candidates/5/fold_auc/0,0.8666666666666667
results/primary99/repeat2-fold5/audit.json,models/tangent_select/candidates/5/fold_auc/1,0.6153846153846154
results/primary99/repeat2-fold5/audit.json,models/tangent_select/candidates/5/fold_auc/2,0.6785714285714286
results/primary99/repeat2-fold5/audit.json,models/tangent_select/candidates/6/mean_inner_auc,0.7165445665445667
results/primary99/repeat2-fold5/audit.json,models/tangent_select/candidates/6/fold_auc/0,0.8666666666666667
results/primary99/repeat2-fold5/audit.json,models/tangent_select/candidates/6/fold_auc/1,0.6043956043956045
results/primary99/repeat2-fold5/audit.json,models/tangent_select/candidates/6/fold_auc/2,0.6785714285714286
results/primary99/repeat2-fold5/audit.json,models/tangent_select/candidates/7/mean_inner_auc,0.7149776149776151
results/primary99/repeat2-fold5/audit.json,models/tangent_select/candidates/7/fold_auc/0,0.8555555555555556
results/primary99/repeat2-fold5/audit.json,models/tangent_select/candidates/7/fold_auc/1,0.598901098901099
results/primary99/repeat2-fold5/audit.json,models/tangent_select/candidates/7/fold_auc/2,0.6904761904761905
results/primary99/repeat2-fold5/audit.json,models/tangent_select/chosen/mean_inner_auc,0.7202075702075703
results/primary99/repeat2-fold5/audit.json,models/tangent_select/chosen/fold_auc/0,0.8666666666666667
results/primary99/repeat2-fold5/audit.json,models/tangent_select/chosen/fold_auc/1,0.6153846153846154
results/primary99/repeat2-fold5/audit.json,models/tangent_select/chosen/fold_auc/2,0.6785714285714286
results/primary99/repeat2-fold5/audit.json,models/tangent_select/threshold/min_recall,0.6511627906976745
results/primary99/repeat2-fold5/audit.json,models/tangent_select/threshold/balanced_accuracy,0.6769327467001887
results/primary99/repeat3-fold1/audit.json,models/tangent_original/candidates/0/mean_inner_auc,0.8058608058608058
results/primary99/repeat3-fold1/audit.json,models/tangent_original/candidates/0/fold_auc/0,0.7747252747252747
results/primary99/repeat3-fold1/audit.json,models/tangent_original/candidates/0/fold_auc/1,0.7916666666666666
results/primary99/repeat3-fold1/audit.json,models/tangent_original/candidates/0/fold_auc/2,0.8511904761904762
results/primary99/repeat3-fold1/audit.json,models/tangent_original/candidates/1/mean_inner_auc,0.8156288156288157
results/primary99/repeat3-fold1/audit.json,models/tangent_original/candidates/1/fold_auc/0,0.7802197802197802
results/primary99/repeat3-fold1/audit.json,models/tangent_original/candidates/1/fold_auc/1,0.8035714285714286
results/primary99/repeat3-fold1/audit.json,models/tangent_original/candidates/1/fold_auc/2,0.8630952380952381
results/primary99/repeat3-fold1/audit.json,models/tangent_original/candidates/2/mean_inner_auc,0.8116605616605618
results/primary99/repeat3-fold1/audit.json,models/tangent_original/candidates/2/fold_auc/0,0.7802197802197802
results/primary99/repeat3-fold1/audit.json,models/tangent_original/candidates/2/fold_auc/1,0.8095238095238095
results/primary99/repeat3-fold1/audit.json,models/tangent_original/candidates/2/fold_auc/2,0.8452380952380952
results/primary99/repeat3-fold1/audit.json,models/tangent_original/candidates/3/mean_inner_auc,0.8096764346764348
results/primary99/repeat3-fold1/audit.json,models/tangent_original/candidates/3/fold_auc/0,0.7802197802197802
results/primary99/repeat3-fold1/audit.json,models/tangent_original/candidates/3/fold_auc/1,0.8095238095238095
results/primary99/repeat3-fold1/audit.json,models/tangent_original/candidates/3/fold_auc/2,0.8392857142857143
results/primary99/repeat3-fold1/audit.json,models/tangent_original/chosen/mean_inner_auc,0.8156288156288157
results/primary99/repeat3-fold1/audit.json,models/tangent_original/chosen/fold_auc/0,0.7802197802197802
results/primary99/repeat3-fold1/audit.json,models/tangent_original/chosen/fold_auc/1,0.8035714285714286
results/primary99/repeat3-fold1/audit.json,models/tangent_original/chosen/fold_auc/2,0.8630952380952381
results/primary99/repeat3-fold1/audit.json,models/tangent_original/threshold/min_recall,0.7297297297297297
results/primary99/repeat3-fold1/audit.json,models/tangent_original/threshold/balanced_accuracy,0.7577220077220077
results/primary99/repeat3-fold1/audit.json,models/tangent_center/candidates/0/mean_inner_auc,0.780982905982906
results/primary99/repeat3-fold1/audit.json,models/tangent_center/candidates/0/fold_auc/0,0.7417582417582418
results/primary99/repeat3-fold1/audit.json,models/tangent_center/candidates/0/fold_auc/1,0.7857142857142858
results/primary99/repeat3-fold1/audit.json,models/tangent_center/candidates/0/fold_auc/2,0.8154761904761906
results/primary99/repeat3-fold1/audit.json,models/tangent_center/candidates/1/mean_inner_auc,0.7945665445665445
results/primary99/repeat3-fold1/audit.json,models/tangent_center/candidates/1/fold_auc/0,0.7527472527472527
results/primary99/repeat3-fold1/audit.json,models/tangent_center/candidates/1/fold_auc/1,0.8035714285714286
results/primary99/repeat3-fold1/audit.json,models/tangent_center/candidates/1/fold_auc/2,0.8273809523809524
results/primary99/repeat3-fold1/audit.json,models/tangent_center/candidates/2/mean_inner_auc,0.8160866910866912
results/primary99/repeat3-fold1/audit.json,models/tangent_center/candidates/2/fold_auc/0,0.7637362637362637
results/primary99/repeat3-fold1/audit.json,models/tangent_center/candidates/2/fold_auc/1,0.8333333333333334
results/primary99/repeat3-fold1/audit.json,models/tangent_center/candidates/2/fold_auc/2,0.8511904761904763
results/primary99/repeat3-fold1/audit.json,models/tangent_center/candidates/3/mean_inner_auc,0.821886446886447
results/primary99/repeat3-fold1/audit.json,models/tangent_center/candidates/3/fold_auc/0,0.7692307692307693
results/primary99/repeat3-fold1/audit.json,models/tangent_center/candidates/3/fold_auc/1,0.8333333333333334
results/primary99/repeat3-fold1/audit.json,models/tangent_center/candidates/3/fold_auc/2,0.8630952380952381
results/primary99/repeat3-fold1/audit.json,models/tangent_center/chosen/mean_inner_auc,0.821886446886447
results/primary99/repeat3-fold1/audit.json,models/tangent_center/chosen/fold_auc/0,0.7692307692307693
results/primary99/repeat3-fold1/audit.json,models/tangent_center/chosen/fold_auc/1,0.8333333333333334
results/primary99/repeat3-fold1/audit.json,models/tangent_center/chosen/fold_auc/2,0.8630952380952381
results/primary99/repeat3-fold1/audit.json,models/tangent_center/threshold/min_recall,0.7380952380952381
results/primary99/repeat3-fold1/audit.json,models/tangent_center/threshold/balanced_accuracy,0.7474259974259975
results/primary99/repeat3-fold1/audit.json,models/tangent_pca/candidates/0/mean_inner_auc,0.7463369963369964
results/primary99/repeat3-fold1/audit.json,models/tangent_pca/candidates/0/fold_auc/0,0.7032967032967032
results/primary99/repeat3-fold1/audit.json,models/tangent_pca/candidates/0/fold_auc/1,0.7321428571428572
results/primary99/repeat3-fold1/audit.json,models/tangent_pca/candidates/0/fold_auc/2,0.8035714285714287
results/primary99/repeat3-fold1/audit.json,models/tangent_pca/candidates/1/mean_inner_auc,0.751984126984127
results/primary99/repeat3-fold1/audit.json,models/tangent_pca/candidates/1/fold_auc/0,0.7142857142857143
results/primary99/repeat3-fold1/audit.json,models/tangent_pca/candidates/1/fold_auc/1,0.738095238095238
results/primary99/repeat3-fold1/audit.json,models/tangent_pca/candidates/1/fold_auc/2,0.8035714285714286
results/primary99/repeat3-fold1/audit.json,models/tangent_pca/candidates/2/mean_inner_auc,0.7518315018315018
results/primary99/repeat3-fold1/audit.json,models/tangent_pca/candidates/2/fold_auc/0,0.7197802197802199
results/primary99/repeat3-fold1/audit.json,models/tangent_pca/candidates/2/fold_auc/1,0.7440476190476191
results/primary99/repeat3-fold1/audit.json,models/tangent_pca/candidates/2/fold_auc/2,0.7916666666666667
results/primary99/repeat3-fold1/audit.json,models/tangent_pca/candidates/3/mean_inner_auc,0.7518315018315018
results/primary99/repeat3-fold1/audit.json,models/tangent_pca/candidates/3/fold_auc/0,0.7197802197802199
results/primary99/repeat3-fold1/audit.json,models/tangent_pca/candidates/3/fold_auc/1,0.7440476190476191
results/primary99/repeat3-fold1/audit.json,models/tangent_pca/candidates/3/fold_auc/2,0.7916666666666667
results/primary99/repeat3-fold1/audit.json,models/tangent_pca/candidates/4/mean_inner_auc,0.7490842490842491
results/primary99/repeat3-fold1/audit.json,models/tangent_pca/candidates/4/fold_auc/0,0.7472527472527474
results/primary99/repeat3-fold1/audit.json,models/tangent_pca/candidates/4/fold_auc/1,0.7142857142857143
results/primary99/repeat3-fold1/audit.json,models/tangent_pca/candidates/4/fold_auc/2,0.7857142857142856
results/primary99/repeat3-fold1/audit.json,models/tangent_pca/candidates/5/mean_inner_auc,0.7373321123321124
results/primary99/repeat3-fold1/audit.json,models/tangent_pca/candidates/5/fold_auc/0,0.7417582417582419
results/primary99/repeat3-fold1/audit.json,models/tangent_pca/candidates/5/fold_auc/1,0.7083333333333334
results/primary99/repeat3-fold1/audit.json,models/tangent_pca/candidates/5/fold_auc/2,0.7619047619047619
results/primary99/repeat3-fold1/audit.json,models/tangent_pca/candidates/6/mean_inner_auc,0.7290903540903542
results/primary99/repeat3-fold1/audit.json,models/tangent_pca/candidates/6/fold_auc/0,0.7527472527472528
results/primary99/repeat3-fold1/audit.json,models/tangent_pca/candidates/6/fold_auc/1,0.6785714285714286
results/primary99/repeat3-fold1/audit.json,models/tangent_pca/candidates/6/fold_auc/2,0.7559523809523809
results/primary99/repeat3-fold1/audit.json,models/tangent_pca/candidates/7/mean_inner_auc,0.7153540903540904
results/primary99/repeat3-fold1/audit.json,models/tangent_pca/candidates/7/fold_auc/0,0.7472527472527474
results/primary99/repeat3-fold1/audit.json,models/tangent_pca/candidates/7/fold_auc/1,0.6488095238095237
results/primary99/repeat3-fold1/audit.json,models/tangent_pca/candidates/7/fold_auc/2,0.75
results/primary99/repeat3-fold1/audit.json,models/tangent_pca/chosen/mean_inner_auc,0.751984126984127
results/primary99/repeat3-fold1/audit.json,models/tangent_pca/chosen/fold_auc/0,0.7142857142857143
results/primary99/repeat3-fold1/audit.json,models/tangent_pca/chosen/fold_auc/1,0.738095238095238
results/primary99/repeat3-fold1/audit.json,models/tangent_pca/chosen/fold_auc/2,0.8035714285714286
results/primary99/repeat3-fold1/audit.json,models/tangent_pca/threshold/min_recall,0.6904761904761905
results/primary99/repeat3-fold1/audit.json,models/tangent_pca/threshold/balanced_accuracy,0.6965894465894467
results/primary99/repeat3-fold1/audit.json,models/tangent_select/candidates/0/mean_inner_auc,0.7760989010989011
results/primary99/repeat3-fold1/audit.json,models/tangent_select/candidates/0/fold_auc/0,0.7032967032967032
results/primary99/repeat3-fold1/audit.json,models/tangent_select/candidates/0/fold_auc/1,0.7857142857142858
results/primary99/repeat3-fold1/audit.json,models/tangent_select/candidates/0/fold_auc/2,0.8392857142857142
results/primary99/repeat3-fold1/audit.json,models/tangent_select/candidates/1/mean_inner_auc,0.7780830280830281
results/primary99/repeat3-fold1/audit.json,models/tangent_select/candidates/1/fold_auc/0,0.7032967032967034
results/primary99/repeat3-fold1/audit.json,models/tangent_select/candidates/1/fold_auc/1,0.7857142857142857
results/primary99/repeat3-fold1/audit.json,models/tangent_select/candidates/1/fold_auc/2,0.8452380952380952
results/primary99/repeat3-fold1/audit.json,models/tangent_select/candidates/2/mean_inner_auc,0.7759462759462759
results/primary99/repeat3-fold1/audit.json,models/tangent_select/candidates/2/fold_auc/0,0.7087912087912087
results/primary99/repeat3-fold1/audit.json,models/tangent_select/candidates/2/fold_auc/1,0.7916666666666667
results/primary99/repeat3-fold1/audit.json,models/tangent_select/candidates/2/fold_auc/2,0.8273809523809523
results/primary99/repeat3-fold1/audit.json,models/tangent_select/candidates/3/mean_inner_auc,0.7623626373626374
results/primary99/repeat3-fold1/audit.json,models/tangent_select/candidates/3/fold_auc/0,0.6978021978021978
results/primary99/repeat3-fold1/audit.json,models/tangent_select/candidates/3/fold_auc/1,0.7797619047619049
results/primary99/repeat3-fold1/audit.json,models/tangent_select/candidates/3/fold_auc/2,0.8095238095238095
results/primary99/repeat3-fold1/audit.json,models/tangent_select/candidates/4/mean_inner_auc,0.7782356532356531
results/primary99/repeat3-fold1/audit.json,models/tangent_select/candidates/4/fold_auc/0,0.7692307692307693
results/primary99/repeat3-fold1/audit.json,models/tangent_select/candidates/4/fold_auc/1,0.7619047619047619
results/primary99/repeat3-fold1/audit.json,models/tangent_select/candidates/4/fold_auc/2,0.8035714285714285
results/primary99/repeat3-fold1/audit.json,models/tangent_select/candidates/5/mean_inner_auc,0.7912087912087912
results/primary99/repeat3-fold1/audit.json,models/tangent_select/candidates/5/fold_auc/0,0.8021978021978022
results/primary99/repeat3-fold1/audit.json,models/tangent_select/candidates/5/fold_auc/1,0.7559523809523809
results/primary99/repeat3-fold1/audit.json,models/tangent_select/candidates/5/fold_auc/2,0.8154761904761905
results/primary99/repeat3-fold1/audit.json,models/tangent_select/candidates/6/mean_inner_auc,0.7912087912087912
results/primary99/repeat3-fold1/audit.json,models/tangent_select/candidates/6/fold_auc/0,0.8021978021978022
results/primary99/repeat3-fold1/audit.json,models/tangent_select/candidates/6/fold_auc/1,0.7559523809523809
results/primary99/repeat3-fold1/audit.json,models/tangent_select/candidates/6/fold_auc/2,0.8154761904761905
results/primary99/repeat3-fold1/audit.json,models/tangent_select/candidates/7/mean_inner_auc,0.79502442002442
results/primary99/repeat3-fold1/audit.json,models/tangent_select/candidates/7/fold_auc/0,0.8076923076923077
results/primary99/repeat3-fold1/audit.json,models/tangent_select/candidates/7/fold_auc/1,0.7619047619047619
results/primary99/repeat3-fold1/audit.json,models/tangent_select/candidates/7/fold_auc/2,0.8154761904761905
results/primary99/repeat3-fold1/audit.json,models/tangent_select/chosen/mean_inner_auc,0.79502442002442
results/primary99/repeat3-fold1/audit.json,models/tangent_select/chosen/fold_auc/0,0.8076923076923077
results/primary99/repeat3-fold1/audit.json,models/tangent_select/chosen/fold_auc/1,0.7619047619047619
results/primary99/repeat3-fold1/audit.json,models/tangent_select/chosen/fold_auc/2,0.8154761904761905
results/primary99/repeat3-fold1/audit.json,models/tangent_select/threshold/min_recall,0.7142857142857143
results/primary99/repeat3-fold1/audit.json,models/tangent_select/threshold/balanced_accuracy,0.722007722007722
results/primary99/repeat3-fold2/audit.json,models/tangent_original/candidates/0/mean_inner_auc,0.7777777777777777
results/primary99/repeat3-fold2/audit.json,models/tangent_original/candidates/0/fold_auc/0,0.6428571428571429
results/primary99/repeat3-fold2/audit.json,models/tangent_original/candidates/0/fold_auc/1,0.8988095238095237
results/primary99/repeat3-fold2/audit.json,models/tangent_original/candidates/0/fold_auc/2,0.7916666666666667
results/primary99/repeat3-fold2/audit.json,models/tangent_original/candidates/1/mean_inner_auc,0.7760989010989011
results/primary99/repeat3-fold2/audit.json,models/tangent_original/candidates/1/fold_auc/0,0.6318681318681318
results/primary99/repeat3-fold2/audit.json,models/tangent_original/candidates/1/fold_auc/1,0.9047619047619047
results/primary99/repeat3-fold2/audit.json,models/tangent_original/candidates/1/fold_auc/2,0.7916666666666667
results/primary99/repeat3-fold2/audit.json,models/tangent_original/candidates/2/mean_inner_auc,0.7800671550671551
results/primary99/repeat3-fold2/audit.json,models/tangent_original/candidates/2/fold_auc/0,0.6318681318681318
results/primary99/repeat3-fold2/audit.json,models/tangent_original/candidates/2/fold_auc/1,0.9047619047619048
results/primary99/repeat3-fold2/audit.json,models/tangent_original/candidates/2/fold_auc/2,0.8035714285714286
results/primary99/repeat3-fold2/audit.json,models/tangent_original/candidates/3/mean_inner_auc,0.7800671550671551
results/primary99/repeat3-fold2/audit.json,models/tangent_original/candidates/3/fold_auc/0,0.6318681318681318
results/primary99/repeat3-fold2/audit.json,models/tangent_original/candidates/3/fold_auc/1,0.9047619047619048
results/primary99/repeat3-fold2/audit.json,models/tangent_original/candidates/3/fold_auc/2,0.8035714285714286
results/primary99/repeat3-fold2/audit.json,models/tangent_original/chosen/mean_inner_auc,0.7800671550671551
results/primary99/repeat3-fold2/audit.json,models/tangent_original/chosen/fold_auc/0,0.6318681318681318
results/primary99/repeat3-fold2/audit.json,models/tangent_original/chosen/fold_auc/1,0.9047619047619048
results/primary99/repeat3-fold2/audit.json,models/tangent_original/chosen/fold_auc/2,0.8035714285714286
results/primary99/repeat3-fold2/audit.json,models/tangent_original/threshold/min_recall,0.7027027027027027
results/primary99/repeat3-fold2/audit.json,models/tangent_original/threshold/balanced_accuracy,0.7084942084942085
results/primary99/repeat3-fold2/audit.json,models/tangent_center/candidates/0/mean_inner_auc,0.7445054945054945
results/primary99/repeat3-fold2/audit.json,models/tangent_center/candidates/0/fold_auc/0,0.6263736263736264
results/primary99/repeat3-fold2/audit.json,models/tangent_center/candidates/0/fold_auc/1,0.8690476190476191
results/primary99/repeat3-fold2/audit.json,models/tangent_center/candidates/0/fold_auc/2,0.7380952380952381
results/primary99/repeat3-fold2/audit.json,models/tangent_center/candidates/1/mean_inner_auc,0.7483211233211233
results/primary99/repeat3-fold2/audit.json,models/tangent_center/candidates/1/fold_auc/0,0.6318681318681318
results/primary99/repeat3-fold2/audit.json,models/tangent_center/candidates/1/fold_auc/1,0.875
results/primary99/repeat3-fold2/audit.json,models/tangent_center/candidates/1/fold_auc/2,0.7380952380952381
results/primary99/repeat3-fold2/audit.json,models/tangent_center/candidates/2/mean_inner_auc,0.7698412698412699
results/primary99/repeat3-fold2/audit.json,models/tangent_center/candidates/2/fold_auc/0,0.6428571428571429
results/primary99/repeat3-fold2/audit.json,models/tangent_center/candidates/2/fold_auc/1,0.8928571428571429
results/primary99/repeat3-fold2/audit.json,models/tangent_center/candidates/2/fold_auc/2,0.7738095238095238
results/primary99/repeat3-fold2/audit.json,models/tangent_center/candidates/3/mean_inner_auc,0.7754884004884004
results/primary99/repeat3-fold2/audit.json,models/tangent_center/candidates/3/fold_auc/0,0.6538461538461539
results/primary99/repeat3-fold2/audit.json,models/tangent_center/candidates/3/fold_auc/1,0.8869047619047619
results/primary99/repeat3-fold2/audit.json,models/tangent_center/candidates/3/fold_auc/2,0.7857142857142857
results/primary99/repeat3-fold2/audit.json,models/tangent_center/chosen/mean_inner_auc,0.7754884004884004
results/primary99/repeat3-fold2/audit.json,models/tangent_center/chosen/fold_auc/0,0.6538461538461539
results/primary99/repeat3-fold2/audit.json,models/tangent_center/chosen/fold_auc/1,0.8869047619047619
results/primary99/repeat3-fold2/audit.json,models/tangent_center/chosen/fold_auc/2,0.7857142857142857
results/primary99/repeat3-fold2/audit.json,models/tangent_center/threshold/min_recall,0.7297297297297297
results/primary99/repeat3-fold2/audit.json,models/tangent_center/threshold/balanced_accuracy,0.733912483912484
results/primary99/repeat3-fold2/audit.json,models/tangent_pca/candidates/0/mean_inner_auc,0.6915445665445666
results/primary99/repeat3-fold2/audit.json,models/tangent_pca/candidates/0/fold_auc/0,0.6043956043956045
results/primary99/repeat3-fold2/audit.json,models/tangent_pca/candidates/0/fold_auc/1,0.8214285714285714
results/primary99/repeat3-fold2/audit.json,models/tangent_pca/candidates/0/fold_auc/2,0.6488095238095237
results/primary99/repeat3-fold2/audit.json,models/tangent_pca/candidates/1/mean_inner_auc,0.6796398046398046
results/primary99/repeat3-fold2/audit.json,models/tangent_pca/candidates/1/fold_auc/0,0.6043956043956045
results/primary99/repeat3-fold2/audit.json,models/tangent_pca/candidates/1/fold_auc/1,0.7857142857142857
results/primary99/repeat3-fold2/audit.json,models/tangent_pca/candidates/1/fold_auc/2,0.6488095238095237
results/primary99/repeat3-fold2/audit.json,models/tangent_pca/candidates/2/mean_inner_auc,0.6794871794871794
results/primary99/repeat3-fold2/audit.json,models/tangent_pca/candidates/2/fold_auc/0,0.6098901098901099
results/primary99/repeat3-fold2/audit.json,models/tangent_pca/candidates/2/fold_auc/1,0.7678571428571428
results/primary99/repeat3-fold2/audit.json,models/tangent_pca/candidates/2/fold_auc/2,0.6607142857142857
results/primary99/repeat3-fold2/audit.json,models/tangent_pca/candidates/3/mean_inner_auc,0.6775030525030524
results/primary99/repeat3-fold2/audit.json,models/tangent_pca/candidates/3/fold_auc/0,0.6098901098901099
results/primary99/repeat3-fold2/audit.json,models/tangent_pca/candidates/3/fold_auc/1,0.7678571428571428
results/primary99/repeat3-fold2/audit.json,models/tangent_pca/candidates/3/fold_auc/2,0.6547619047619048
results/primary99/repeat3-fold2/audit.json,models/tangent_pca/candidates/4/mean_inner_auc,0.7003968253968255
results/primary99/repeat3-fold2/audit.json,models/tangent_pca/candidates/4/fold_auc/0,0.6428571428571429
results/primary99/repeat3-fold2/audit.json,models/tangent_pca/candidates/4/fold_auc/1,0.7678571428571429
results/primary99/repeat3-fold2/audit.json,models/tangent_pca/candidates/4/fold_auc/2,0.6904761904761905
results/primary99/repeat3-fold2/audit.json,models/tangent_pca/candidates/5/mean_inner_auc,0.7094017094017094
results/primary99/repeat3-fold2/audit.json,models/tangent_pca/candidates/5/fold_auc/0,0.6758241758241759
results/primary99/repeat3-fold2/audit.json,models/tangent_pca/candidates/5/fold_auc/1,0.7440476190476191
results/primary99/repeat3-fold2/audit.json,models/tangent_pca/candidates/5/fold_auc/2,0.7083333333333333
results/primary99/repeat3-fold2/audit.json,models/tangent_pca/candidates/6/mean_inner_auc,0.7278693528693528
results/primary99/repeat3-fold2/audit.json,models/tangent_pca/candidates/6/fold_auc/0,0.7252747252747253
results/primary99/repeat3-fold2/audit.json,models/tangent_pca/candidates/6/fold_auc/1,0.7321428571428571
results/primary99/repeat3-fold2/audit.json,models/tangent_pca/candidates/6/fold_auc/2,0.7261904761904762
results/primary99/repeat3-fold2/audit.json,models/tangent_pca/candidates/7/mean_inner_auc,0.7219169719169719
results/primary99/repeat3-fold2/audit.json,models/tangent_pca/candidates/7/fold_auc/0,0.7252747252747254
results/primary99/repeat3-fold2/audit.json,models/tangent_pca/candidates/7/fold_auc/1,0.7083333333333333
results/primary99/repeat3-fold2/audit.json,models/tangent_pca/candidates/7/fold_auc/2,0.7321428571428571
results/primary99/repeat3-fold2/audit.json,models/tangent_pca/chosen/mean_inner_auc,0.7278693528693528
results/primary99/repeat3-fold2/audit.json,models/tangent_pca/chosen/fold_auc/0,0.7252747252747253
results/primary99/repeat3-fold2/audit.json,models/tangent_pca/chosen/fold_auc/1,0.7321428571428571
results/primary99/repeat3-fold2/audit.json,models/tangent_pca/chosen/fold_auc/2,0.7261904761904762
results/primary99/repeat3-fold2/audit.json,models/tangent_pca/threshold/min_recall,0.6428571428571429
results/primary99/repeat3-fold2/audit.json,models/tangent_pca/threshold/balanced_accuracy,0.6592664092664093
results/primary99/repeat3-fold2/audit.json,models/tangent_select/candidates/0/mean_inner_auc,0.7123015873015873
results/primary99/repeat3-fold2/audit.json,models/tangent_select/candidates/0/fold_auc/0,0.5714285714285714
results/primary99/repeat3-fold2/audit.json,models/tangent_select/candidates/0/fold_auc/1,0.8511904761904762
results/primary99/repeat3-fold2/audit.json,models/tangent_select/candidates/0/fold_auc/2,0.7142857142857142
results/primary99/repeat3-fold2/audit.json,models/tangent_select/candidates/1/mean_inner_auc,0.7181013431013431
results/primary99/repeat3-fold2/audit.json,models/tangent_select/candidates/1/fold_auc/0,0.5769230769230769
results/primary99/repeat3-fold2/audit.json,models/tangent_select/candidates/1/fold_auc/1,0.8452380952380952
results/primary99/repeat3-fold2/audit.json,models/tangent_select/candidates/1/fold_auc/2,0.7321428571428572
results/primary99/repeat3-fold2/audit.json,models/tangent_select/candidates/2/mean_inner_auc,0.7217643467643468
results/primary99/repeat3-fold2/audit.json,models/tangent_select/candidates/2/fold_auc/0,0.5879120879120879
results/primary99/repeat3-fold2/audit.json,models/tangent_select/candidates/2/fold_auc/1,0.8273809523809523
results/primary99/repeat3-fold2/audit.json,models/tangent_select/candidates/2/fold_auc/2,0.75
results/primary99/repeat3-fold2/audit.json,models/tangent_select/candidates/3/mean_inner_auc,0.7235958485958486
results/primary99/repeat3-fold2/audit.json,models/tangent_select/candidates/3/fold_auc/0,0.5934065934065934
results/primary99/repeat3-fold2/audit.json,models/tangent_select/candidates/3/fold_auc/1,0.8154761904761904
results/primary99/repeat3-fold2/audit.json,models/tangent_select/candidates/3/fold_auc/2,0.7619047619047619
results/primary99/repeat3-fold2/audit.json,models/tangent_select/candidates/4/mean_inner_auc,0.7269536019536019
results/primary99/repeat3-fold2/audit.json,models/tangent_select/candidates/4/fold_auc/0,0.6153846153846154
results/primary99/repeat3-fold2/audit.json,models/tangent_select/candidates/4/fold_auc/1,0.8333333333333333
results/primary99/repeat3-fold2/audit.json,models/tangent_select/candidates/4/fold_auc/2,0.7321428571428571
results/primary99/repeat3-fold2/audit.json,models/tangent_select/candidates/5/mean_inner_auc,0.7322954822954824
results/primary99/repeat3-fold2/audit.json,models/tangent_select/candidates/5/fold_auc/0,0.6373626373626373
results/primary99/repeat3-fold2/audit.json,models/tangent_select/candidates/5/fold_auc/1,0.8035714285714286
results/primary99/repeat3-fold2/audit.json,models/tangent_select/candidates/5/fold_auc/2,0.7559523809523809
results/primary99/repeat3-fold2/audit.json,models/tangent_select/candidates/6/mean_inner_auc,0.7344322344322344
results/primary99/repeat3-fold2/audit.json,models/tangent_select/candidates/6/fold_auc/0,0.6318681318681318
results/primary99/repeat3-fold2/audit.json,models/tangent_select/candidates/6/fold_auc/1,0.7976190476190476
results/primary99/repeat3-fold2/audit.json,models/tangent_select/candidates/6/fold_auc/2,0.7738095238095238
results/primary99/repeat3-fold2/audit.json,models/tangent_select/candidates/7/mean_inner_auc,0.7384004884004884
results/primary99/repeat3-fold2/audit.json,models/tangent_select/candidates/7/fold_auc/0,0.6318681318681318
results/primary99/repeat3-fold2/audit.json,models/tangent_select/candidates/7/fold_auc/1,0.8035714285714286
results/primary99/repeat3-fold2/audit.json,models/tangent_select/candidates/7/fold_auc/2,0.7797619047619048
results/primary99/repeat3-fold2/audit.json,models/tangent_select/chosen/mean_inner_auc,0.7384004884004884
results/primary99/repeat3-fold2/audit.json,models/tangent_select/chosen/fold_auc/0,0.6318681318681318
results/primary99/repeat3-fold2/audit.json,models/tangent_select/chosen/fold_auc/1,0.8035714285714286
results/primary99/repeat3-fold2/audit.json,models/tangent_select/chosen/fold_auc/2,0.7797619047619048
results/primary99/repeat3-fold2/audit.json,models/tangent_select/threshold/min_recall,0.6756756756756757
results/primary99/repeat3-fold2/audit.json,models/tangent_select/threshold/balanced_accuracy,0.6949806949806949
results/primary99/repeat3-fold3/audit.json,models/tangent_original/candidates/0/mean_inner_auc,0.6907814407814407
results/primary99/repeat3-fold3/audit.json,models/tangent_original/candidates/0/fold_auc/0,0.7032967032967032
results/primary99/repeat3-fold3/audit.json,models/tangent_original/candidates/0/fold_auc/1,0.7142857142857143
results/primary99/repeat3-fold3/audit.json,models/tangent_original/candidates/0/fold_auc/2,0.6547619047619048
results/primary99/repeat3-fold3/audit.json,models/tangent_original/candidates/1/mean_inner_auc,0.694139194139194
results/primary99/repeat3-fold3/audit.json,models/tangent_original/candidates/1/fold_auc/0,0.7252747252747254
results/primary99/repeat3-fold3/audit.json,models/tangent_original/candidates/1/fold_auc/1,0.7142857142857142
results/primary99/repeat3-fold3/audit.json,models/tangent_original/candidates/1/fold_auc/2,0.6428571428571428
results/primary99/repeat3-fold3/audit.json,models/tangent_original/candidates/2/mean_inner_auc,0.6958180708180709
results/primary99/repeat3-fold3/audit.json,models/tangent_original/candidates/2/fold_auc/0,0.7362637362637363
results/primary99/repeat3-fold3/audit.json,models/tangent_original/candidates/2/fold_auc/1,0.7142857142857142
results/primary99/repeat3-fold3/audit.json,models/tangent_original/candidates/2/fold_auc/2,0.6369047619047619
results/primary99/repeat3-fold3/audit.json,models/tangent_original/candidates/3/mean_inner_auc,0.6997863247863249
results/primary99/repeat3-fold3/audit.json,models/tangent_original/candidates/3/fold_auc/0,0.7362637362637363
results/primary99/repeat3-fold3/audit.json,models/tangent_original/candidates/3/fold_auc/1,0.7202380952380952
results/primary99/repeat3-fold3/audit.json,models/tangent_original/candidates/3/fold_auc/2,0.6428571428571428
results/primary99/repeat3-fold3/audit.json,models/tangent_original/chosen/mean_inner_auc,0.6997863247863249
results/primary99/repeat3-fold3/audit.json,models/tangent_original/chosen/fold_auc/0,0.7362637362637363
results/primary99/repeat3-fold3/audit.json,models/tangent_original/chosen/fold_auc/1,0.7202380952380952
results/primary99/repeat3-fold3/audit.json,models/tangent_original/chosen/fold_auc/2,0.6428571428571428
results/primary99/repeat3-fold3/audit.json,models/tangent_original/threshold/min_recall,0.6216216216216216
results/primary99/repeat3-fold3/audit.json,models/tangent_original/threshold/balanced_accuracy,0.6322393822393823
results/primary99/repeat3-fold3/audit.json,models/tangent_center/candidates/0/mean_inner_auc,0.7066544566544567
results/primary99/repeat3-fold3/audit.json,models/tangent_center/candidates/0/fold_auc/0,0.7032967032967032
results/primary99/repeat3-fold3/audit.json,models/tangent_center/candidates/0/fold_auc/1,0.7142857142857143
results/primary99/repeat3-fold3/audit.json,models/tangent_center/candidates/0/fold_auc/2,0.7023809523809524
results/primary99/repeat3-fold3/audit.json,models/tangent_center/candidates/1/mean_inner_auc,0.7124542124542125
results/primary99/repeat3-fold3/audit.json,models/tangent_center/candidates/1/fold_auc/0,0.7087912087912087
results/primary99/repeat3-fold3/audit.json,models/tangent_center/candidates/1/fold_auc/1,0.7202380952380952
results/primary99/repeat3-fold3/audit.json,models/tangent_center/candidates/1/fold_auc/2,0.7083333333333334
results/primary99/repeat3-fold3/audit.json,models/tangent_center/candidates/2/mean_inner_auc,0.7025335775335776
results/primary99/repeat3-fold3/audit.json,models/tangent_center/candidates/2/fold_auc/0,0.7087912087912088
results/primary99/repeat3-fold3/audit.json,models/tangent_center/candidates/2/fold_auc/1,0.7202380952380952
results/primary99/repeat3-fold3/audit.json,models/tangent_center/candidates/2/fold_auc/2,0.6785714285714285
results/primary99/repeat3-fold3/audit.json,models/tangent_center/candidates/3/mean_inner_auc,0.7098595848595849
results/primary99/repeat3-fold3/audit.json,models/tangent_center/candidates/3/fold_auc/0,0.7307692307692308
results/primary99/repeat3-fold3/audit.json,models/tangent_center/candidates/3/fold_auc/1,0.7261904761904762
results/primary99/repeat3-fold3/audit.json,models/tangent_center/candidates/3/fold_auc/2,0.6726190476190476
results/primary99/repeat3-fold3/audit.json,models/tangent_center/chosen/mean_inner_auc,0.7124542124542125
results/primary99/repeat3-fold3/audit.json,models/tangent_center/chosen/fold_auc/0,0.7087912087912087
results/primary99/repeat3-fold3/audit.json,models/tangent_center/chosen/fold_auc/1,0.7202380952380952
results/primary99/repeat3-fold3/audit.json,models/tangent_center/chosen/fold_auc/2,0.7083333333333334
results/primary99/repeat3-fold3/audit.json,models/tangent_center/threshold/min_recall,0.6216216216216216
results/primary99/repeat3-fold3/audit.json,models/tangent_center/threshold/balanced_accuracy,0.6441441441441441
results/primary99/repeat3-fold3/audit.json,models/tangent_pca/candidates/0/mean_inner_auc,0.6127899877899877
results/primary99/repeat3-fold3/audit.json,models/tangent_pca/candidates/0/fold_auc/0,0.653846153846154
results/primary99/repeat3-fold3/audit.json,models/tangent_pca/candidates/0/fold_auc/1,0.6488095238095237
results/primary99/repeat3-fold3/audit.json,models/tangent_pca/candidates/0/fold_auc/2,0.5357142857142856
results/primary99/repeat3-fold3/audit.json,models/tangent_pca/candidates/1/mean_inner_auc,0.6205738705738706
results/primary99/repeat3-fold3/audit.json,models/tangent_pca/candidates/1/fold_auc/0,0.6593406593406593
results/primary99/repeat3-fold3/audit.json,models/tangent_pca/candidates/1/fold_auc/1,0.6666666666666666
results/primary99/repeat3-fold3/audit.json,models/tangent_pca/candidates/1/fold_auc/2,0.5357142857142857
results/primary99/repeat3-fold3/audit.json,models/tangent_pca/candidates/2/mean_inner_auc,0.6205738705738705
results/primary99/repeat3-fold3/audit.json,models/tangent_pca/candidates/2/fold_auc/0,0.6593406593406593
results/primary99/repeat3-fold3/audit.json,models/tangent_pca/candidates/2/fold_auc/1,0.6607142857142856
results/primary99/repeat3-fold3/audit.json,models/tangent_pca/candidates/2/fold_auc/2,0.5416666666666666
results/primary99/repeat3-fold3/audit.json,models/tangent_pca/candidates/3/mean_inner_auc,0.6086691086691086
results/primary99/repeat3-fold3/audit.json,models/tangent_pca/candidates/3/fold_auc/0,0.6593406593406593
results/primary99/repeat3-fold3/audit.json,models/tangent_pca/candidates/3/fold_auc/1,0.6607142857142856
results/primary99/repeat3-fold3/audit.json,models/tangent_pca/candidates/3/fold_auc/2,0.5059523809523809
results/primary99/repeat3-fold3/audit.json,models/tangent_pca/candidates/4/mean_inner_auc,0.6599511599511599
results/primary99/repeat3-fold3/audit.json,models/tangent_pca/candidates/4/fold_auc/0,0.6703296703296704
results/primary99/repeat3-fold3/audit.json,models/tangent_pca/candidates/4/fold_auc/1,0.7321428571428572
results/primary99/repeat3-fold3/audit.json,models/tangent_pca/candidates/4/fold_auc/2,0.5773809523809523
results/primary99/repeat3-fold3/audit.json,models/tangent_pca/candidates/5/mean_inner_auc,0.6601037851037851
results/primary99/repeat3-fold3/audit.json,models/tangent_pca/candidates/5/fold_auc/0,0.6648351648351648
results/primary99/repeat3-fold3/audit.json,models/tangent_pca/candidates/5/fold_auc/1,0.744047619047619
results/primary99/repeat3-fold3/audit.json,models/tangent_pca/candidates/5/fold_auc/2,0.5714285714285714
results/primary99/repeat3-fold3/audit.json,models/tangent_pca/candidates/6/mean_inner_auc,0.6384310134310134
results/primary99/repeat3-fold3/audit.json,models/tangent_pca/candidates/6/fold_auc/0,0.6593406593406593
results/primary99/repeat3-fold3/audit.json,models/tangent_pca/candidates/6/fold_auc/1,0.75
results/primary99/repeat3-fold3/audit.json,models/tangent_pca/candidates/6/fold_auc/2,0.5059523809523809
results/primary99/repeat3-fold3/audit.json,models/tangent_pca/candidates/7/mean_inner_auc,0.6462148962148963
results/primary99/repeat3-fold3/audit.json,models/tangent_pca/candidates/7/fold_auc/0,0.6648351648351649
results/primary99/repeat3-fold3/audit.json,models/tangent_pca/candidates/7/fold_auc/1,0.7619047619047619
results/primary99/repeat3-fold3/audit.json,models/tangent_pca/candidates/7/fold_auc/2,0.5119047619047619
results/primary99/repeat3-fold3/audit.json,models/tangent_pca/chosen/mean_inner_auc,0.6601037851037851
results/primary99/repeat3-fold3/audit.json,models/tangent_pca/chosen/fold_auc/0,0.6648351648351648
results/primary99/repeat3-fold3/audit.json,models/tangent_pca/chosen/fold_auc/1,0.744047619047619
results/primary99/repeat3-fold3/audit.json,models/tangent_pca/chosen/fold_auc/2,0.5714285714285714
results/primary99/repeat3-fold3/audit.json,models/tangent_pca/threshold/min_recall,0.6190476190476191
results/primary99/repeat3-fold3/audit.json,models/tangent_pca/threshold/balanced_accuracy,0.6338481338481339
results/primary99/repeat3-fold3/audit.json,models/tangent_select/candidates/0/mean_inner_auc,0.6494200244200243
results/primary99/repeat3-fold3/audit.json,models/tangent_select/candidates/0/fold_auc/0,0.6923076923076923
results/primary99/repeat3-fold3/audit.json,models/tangent_select/candidates/0/fold_auc/1,0.6428571428571428
results/primary99/repeat3-fold3/audit.json,models/tangent_select/candidates/0/fold_auc/2,0.613095238095238
results/primary99/repeat3-fold3/audit.json,models/tangent_select/candidates/1/mean_inner_auc,0.6588827838827839
results/primary99/repeat3-fold3/audit.json,models/tangent_select/candidates/1/fold_auc/0,0.7087912087912088
results/primary99/repeat3-fold3/audit.json,models/tangent_select/candidates/1/fold_auc/1,0.6547619047619047
results/primary99/repeat3-fold3/audit.json,models/tangent_select/candidates/1/fold_auc/2,0.6130952380952381
results/primary99/repeat3-fold3/audit.json,models/tangent_select/candidates/2/mean_inner_auc,0.6584249084249084
results/primary99/repeat3-fold3/audit.json,models/tangent_select/candidates/2/fold_auc/0,0.7252747252747254
results/primary99/repeat3-fold3/audit.json,models/tangent_select/candidates/2/fold_auc/1,0.6488095238095237
results/primary99/repeat3-fold3/audit.json,models/tangent_select/candidates/2/fold_auc/2,0.6011904761904762
results/primary99/repeat3-fold3/audit.json,models/tangent_select/candidates/3/mean_inner_auc,0.6662087912087912
results/primary99/repeat3-fold3/audit.json,models/tangent_select/candidates/3/fold_auc/0,0.7307692307692308
results/primary99/repeat3-fold3/audit.json,models/tangent_select/candidates/3/fold_auc/1,0.6488095238095237
results/primary99/repeat3-fold3/audit.json,models/tangent_select/candidates/3/fold_auc/2,0.6190476190476191
results/primary99/repeat3-fold3/audit.json,models/tangent_select/candidates/4/mean_inner_auc,0.6933760683760685
results/primary99/repeat3-fold3/audit.json,models/tangent_select/candidates/4/fold_auc/0,0.6813186813186813
results/primary99/repeat3-fold3/audit.json,models/tangent_select/candidates/4/fold_auc/1,0.7261904761904762
results/primary99/repeat3-fold3/audit.json,models/tangent_select/candidates/4/fold_auc/2,0.6726190476190477
results/primary99/repeat3-fold3/audit.json,models/tangent_select/candidates/5/mean_inner_auc,0.6932234432234433
results/primary99/repeat3-fold3/audit.json,models/tangent_select/candidates/5/fold_auc/0,0.6868131868131868
results/primary99/repeat3-fold3/audit.json,models/tangent_select/candidates/5/fold_auc/1,0.75
results/primary99/repeat3-fold3/audit.json,models/tangent_select/candidates/5/fold_auc/2,0.6428571428571429
results/primary99/repeat3-fold3/audit.json,models/tangent_select/candidates/6/mean_inner_auc,0.7022283272283273
results/primary99/repeat3-fold3/audit.json,models/tangent_select/candidates/6/fold_auc/0,0.7197802197802198
results/primary99/repeat3-fold3/audit.json,models/tangent_select/candidates/6/fold_auc/1,0.7619047619047619
results/primary99/repeat3-fold3/audit.json,models/tangent_select/candidates/6/fold_auc/2,0.625
results/primary99/repeat3-fold3/audit.json,models/tangent_select/candidates/7/mean_inner_auc,0.7136752136752137
results/primary99/repeat3-fold3/audit.json,models/tangent_select/candidates/7/fold_auc/0,0.7362637362637363
results/primary99/repeat3-fold3/audit.json,models/tangent_select/candidates/7/fold_auc/1,0.7738095238095237
results/primary99/repeat3-fold3/audit.json,models/tangent_select/candidates/7/fold_auc/2,0.6309523809523809
results/primary99/repeat3-fold3/audit.json,models/tangent_select/chosen/mean_inner_auc,0.7136752136752137
results/primary99/repeat3-fold3/audit.json,models/tangent_select/chosen/fold_auc/0,0.7362637362637363
results/primary99/repeat3-fold3/audit.json,models/tangent_select/chosen/fold_auc/1,0.7738095238095237
results/primary99/repeat3-fold3/audit.json,models/tangent_select/chosen/fold_auc/2,0.6309523809523809
results/primary99/repeat3-fold3/audit.json,models/tangent_select/threshold/min_recall,0.6486486486486487
results/primary99/repeat3-fold3/audit.json,models/tangent_select/threshold/balanced_accuracy,0.6814671814671815
results/primary99/repeat3-fold4/audit.json,models/tangent_original/candidates/0/mean_inner_auc,0.7773809523809524
results/primary99/repeat3-fold4/audit.json,models/tangent_original/candidates/0/fold_auc/0,0.6833333333333333
results/primary99/repeat3-fold4/audit.json,models/tangent_original/candidates/0/fold_auc/1,0.8928571428571429
results/primary99/repeat3-fold4/audit.json,models/tangent_original/candidates/0/fold_auc/2,0.7559523809523809
results/primary99/repeat3-fold4/audit.json,models/tangent_original/candidates/1/mean_inner_auc,0.7870370370370371
results/primary99/repeat3-fold4/audit.json,models/tangent_original/candidates/1/fold_auc/0,0.6944444444444444
results/primary99/repeat3-fold4/audit.json,models/tangent_original/candidates/1/fold_auc/1,0.8869047619047619
results/primary99/repeat3-fold4/audit.json,models/tangent_original/candidates/1/fold_auc/2,0.7797619047619048
results/primary99/repeat3-fold4/audit.json,models/tangent_original/candidates/2/mean_inner_auc,0.7871693121693122
results/primary99/repeat3-fold4/audit.json,models/tangent_original/candidates/2/fold_auc/0,0.6888888888888889
results/primary99/repeat3-fold4/audit.json,models/tangent_original/candidates/2/fold_auc/1,0.8869047619047619
results/primary99/repeat3-fold4/audit.json,models/tangent_original/candidates/2/fold_auc/2,0.7857142857142857
results/primary99/repeat3-fold4/audit.json,models/tangent_original/candidates/3/mean_inner_auc,0.7832010582010582
results/primary99/repeat3-fold4/audit.json,models/tangent_original/candidates/3/fold_auc/0,0.6888888888888889
results/primary99/repeat3-fold4/audit.json,models/tangent_original/candidates/3/fold_auc/1,0.875
results/primary99/repeat3-fold4/audit.json,models/tangent_original/candidates/3/fold_auc/2,0.7857142857142857
results/primary99/repeat3-fold4/audit.json,models/tangent_original/chosen/mean_inner_auc,0.7871693121693122
results/primary99/repeat3-fold4/audit.json,models/tangent_original/chosen/fold_auc/0,0.6888888888888889
results/primary99/repeat3-fold4/audit.json,models/tangent_original/chosen/fold_auc/1,0.8869047619047619
results/primary99/repeat3-fold4/audit.json,models/tangent_original/chosen/fold_auc/2,0.7857142857142857
results/primary99/repeat3-fold4/audit.json,models/tangent_original/threshold/min_recall,0.6744186046511628
results/primary99/repeat3-fold4/audit.json,models/tangent_original/threshold/balanced_accuracy,0.6844315245478036
results/primary99/repeat3-fold4/audit.json,models/tangent_center/candidates/0/mean_inner_auc,0.7843915343915344
results/primary99/repeat3-fold4/audit.json,models/tangent_center/candidates/0/fold_auc/0,0.7222222222222223
results/primary99/repeat3-fold4/audit.json,models/tangent_center/candidates/0/fold_auc/1,0.8809523809523809
results/primary99/repeat3-fold4/audit.json,models/tangent_center/candidates/0/fold_auc/2,0.75
results/primary99/repeat3-fold4/audit.json,models/tangent_center/candidates/1/mean_inner_auc,0.7883597883597884
results/primary99/repeat3-fold4/audit.json,models/tangent_center/candidates/1/fold_auc/0,0.7222222222222223
results/primary99/repeat3-fold4/audit.json,models/tangent_center/candidates/1/fold_auc/1,0.8809523809523809
results/primary99/repeat3-fold4/audit.json,models/tangent_center/candidates/1/fold_auc/2,0.7619047619047619
results/primary99/repeat3-fold4/audit.json,models/tangent_center/candidates/2/mean_inner_auc,0.7906084656084656
results/primary99/repeat3-fold4/audit.json,models/tangent_center/candidates/2/fold_auc/0,0.711111111111111
results/primary99/repeat3-fold4/audit.json,models/tangent_center/candidates/2/fold_auc/1,0.8809523809523809
results/primary99/repeat3-fold4/audit.json,models/tangent_center/candidates/2/fold_auc/2,0.7797619047619048
results/primary99/repeat3-fold4/audit.json,models/tangent_center/candidates/3/mean_inner_auc,0.7947089947089947
results/primary99/repeat3-fold4/audit.json,models/tangent_center/candidates/3/fold_auc/0,0.7055555555555555
results/primary99/repeat3-fold4/audit.json,models/tangent_center/candidates/3/fold_auc/1,0.8869047619047619
results/primary99/repeat3-fold4/audit.json,models/tangent_center/candidates/3/fold_auc/2,0.7916666666666667
results/primary99/repeat3-fold4/audit.json,models/tangent_center/chosen/mean_inner_auc,0.7947089947089947
results/primary99/repeat3-fold4/audit.json,models/tangent_center/chosen/fold_auc/0,0.7055555555555555
results/primary99/repeat3-fold4/audit.json,models/tangent_center/chosen/fold_auc/1,0.8869047619047619
results/primary99/repeat3-fold4/audit.json,models/tangent_center/chosen/fold_auc/2,0.7916666666666667
results/primary99/repeat3-fold4/audit.json,models/tangent_center/threshold/min_recall,0.6944444444444444
results/primary99/repeat3-fold4/audit.json,models/tangent_center/threshold/balanced_accuracy,0.707687338501292
results/primary99/repeat3-fold4/audit.json,models/tangent_pca/candidates/0/mean_inner_auc,0.7417989417989418
results/primary99/repeat3-fold4/audit.json,models/tangent_pca/candidates/0/fold_auc/0,0.6777777777777777
results/primary99/repeat3-fold4/audit.json,models/tangent_pca/candidates/0/fold_auc/1,0.8392857142857142
results/primary99/repeat3-fold4/audit.json,models/tangent_pca/candidates/0/fold_auc/2,0.7083333333333333
results/primary99/repeat3-fold4/audit.json,models/tangent_pca/candidates/1/mean_inner_auc,0.7285714285714285
results/primary99/repeat3-fold4/audit.json,models/tangent_pca/candidates/1/fold_auc/0,0.6499999999999999
results/primary99/repeat3-fold4/audit.json,models/tangent_pca/candidates/1/fold_auc/1,0.8095238095238095
results/primary99/repeat3-fold4/audit.json,models/tangent_pca/candidates/1/fold_auc/2,0.7261904761904762
results/primary99/repeat3-fold4/audit.json,models/tangent_pca/candidates/2/mean_inner_auc,0.7285714285714285
results/primary99/repeat3-fold4/audit.json,models/tangent_pca/candidates/2/fold_auc/0,0.6499999999999999
results/primary99/repeat3-fold4/audit.json,models/tangent_pca/candidates/2/fold_auc/1,0.8154761904761905
results/primary99/repeat3-fold4/audit.json,models/tangent_pca/candidates/2/fold_auc/2,0.7202380952380952
results/primary99/repeat3-fold4/audit.json,models/tangent_pca/candidates/3/mean_inner_auc,0.7324074074074075
results/primary99/repeat3-fold4/audit.json,models/tangent_pca/candidates/3/fold_auc/0,0.6555555555555554
results/primary99/repeat3-fold4/audit.json,models/tangent_pca/candidates/3/fold_auc/1,0.8214285714285715
results/primary99/repeat3-fold4/audit.json,models/tangent_pca/candidates/3/fold_auc/2,0.7202380952380952
results/primary99/repeat3-fold4/audit.json,models/tangent_pca/candidates/4/mean_inner_auc,0.744973544973545
results/primary99/repeat3-fold4/audit.json,models/tangent_pca/candidates/4/fold_auc/0,0.6277777777777778
results/primary99/repeat3-fold4/audit.json,models/tangent_pca/candidates/4/fold_auc/1,0.8511904761904762
results/primary99/repeat3-fold4/audit.json,models/tangent_pca/candidates/4/fold_auc/2,0.7559523809523809
results/primary99/repeat3-fold4/audit.json,models/tangent_pca/candidates/5/mean_inner_auc,0.7469576719576719
results/primary99/repeat3-fold4/audit.json,models/tangent_pca/candidates/5/fold_auc/0,0.6277777777777778
results/primary99/repeat3-fold4/audit.json,models/tangent_pca/candidates/5/fold_auc/1,0.8511904761904762
results/primary99/repeat3-fold4/audit.json,models/tangent_pca/candidates/5/fold_auc/2,0.7619047619047619
results/primary99/repeat3-fold4/audit.json,models/tangent_pca/candidates/6/mean_inner_auc,0.7297619047619048
results/primary99/repeat3-fold4/audit.json,models/tangent_pca/candidates/6/fold_auc/0,0.6000000000000001
results/primary99/repeat3-fold4/audit.json,models/tangent_pca/candidates/6/fold_auc/1,0.8511904761904762
results/primary99/repeat3-fold4/audit.json,models/tangent_pca/candidates/6/fold_auc/2,0.738095238095238
results/primary99/repeat3-fold4/audit.json,models/tangent_pca/candidates/7/mean_inner_auc,0.7202380952380952
results/primary99/repeat3-fold4/audit.json,models/tangent_pca/candidates/7/fold_auc/0,0.5833333333333333
results/primary99/repeat3-fold4/audit.json,models/tangent_pca/candidates/7/fold_auc/1,0.8571428571428571
results/primary99/repeat3-fold4/audit.json,models/tangent_pca/candidates/7/fold_auc/2,0.7202380952380952
results/primary99/repeat3-fold4/audit.json,models/tangent_pca/chosen/mean_inner_auc,0.7469576719576719
results/primary99/repeat3-fold4/audit.json,models/tangent_pca/chosen/fold_auc/0,0.6277777777777778
results/primary99/repeat3-fold4/audit.json,models/tangent_pca/chosen/fold_auc/1,0.8511904761904762
results/primary99/repeat3-fold4/audit.json,models/tangent_pca/chosen/fold_auc/2,0.7619047619047619
results/primary99/repeat3-fold4/audit.json,models/tangent_pca/threshold/min_recall,0.6944444444444444
results/primary99/repeat3-fold4/audit.json,models/tangent_pca/threshold/balanced_accuracy,0.6960594315245479
results/primary99/repeat3-fold4/audit.json,models/tangent_select/candidates/0/mean_inner_auc,0.7091269841269842
results/primary99/repeat3-fold4/audit.json,models/tangent_select/candidates/0/fold_auc/0,0.6333333333333333
results/primary99/repeat3-fold4/audit.json,models/tangent_select/candidates/0/fold_auc/1,0.8273809523809523
results/primary99/repeat3-fold4/audit.json,models/tangent_select/candidates/0/fold_auc/2,0.6666666666666665
results/primary99/repeat3-fold4/audit.json,models/tangent_select/candidates/1/mean_inner_auc,0.7054232804232804
results/primary99/repeat3-fold4/audit.json,models/tangent_select/candidates/1/fold_auc/0,0.6222222222222222
results/primary99/repeat3-fold4/audit.json,models/tangent_select/candidates/1/fold_auc/1,0.8273809523809523
results/primary99/repeat3-fold4/audit.json,models/tangent_select/candidates/1/fold_auc/2,0.6666666666666665
results/primary99/repeat3-fold4/audit.json,models/tangent_select/candidates/2/mean_inner_auc,0.6899470899470899
results/primary99/repeat3-fold4/audit.json,models/tangent_select/candidates/2/fold_auc/0,0.6055555555555555
results/primary99/repeat3-fold4/audit.json,models/tangent_select/candidates/2/fold_auc/1,0.8095238095238095
results/primary99/repeat3-fold4/audit.json,models/tangent_select/candidates/2/fold_auc/2,0.6547619047619047
results/primary99/repeat3-fold4/audit.json,models/tangent_select/candidates/3/mean_inner_auc,0.6899470899470899
results/primary99/repeat3-fold4/audit.json,models/tangent_select/candidates/3/fold_auc/0,0.6055555555555556
results/primary99/repeat3-fold4/audit.json,models/tangent_select/candidates/3/fold_auc/1,0.8095238095238095
results/primary99/repeat3-fold4/audit.json,models/tangent_select/candidates/3/fold_auc/2,0.6547619047619047
results/primary99/repeat3-fold4/audit.json,models/tangent_select/candidates/4/mean_inner_auc,0.7425925925925926
results/primary99/repeat3-fold4/audit.json,models/tangent_select/candidates/4/fold_auc/0,0.6444444444444445
results/primary99/repeat3-fold4/audit.json,models/tangent_select/candidates/4/fold_auc/1,0.8511904761904762
results/primary99/repeat3-fold4/audit.json,models/tangent_select/candidates/4/fold_auc/2,0.7321428571428571
results/primary99/repeat3-fold4/audit.json,models/tangent_select/candidates/5/mean_inner_auc,0.7366402116402117
results/primary99/repeat3-fold4/audit.json,models/tangent_select/candidates/5/fold_auc/0,0.6444444444444444
results/primary99/repeat3-fold4/audit.json,models/tangent_select/candidates/5/fold_auc/1,0.8511904761904762
results/primary99/repeat3-fold4/audit.json,models/tangent_select/candidates/5/fold_auc/2,0.7142857142857143
results/primary99/repeat3-fold4/audit.json,models/tangent_select/candidates/6/mean_inner_auc,0.728968253968254
results/primary99/repeat3-fold4/audit.json,models/tangent_select/candidates/6/fold_auc/0,0.6333333333333333
results/primary99/repeat3-fold4/audit.json,models/tangent_select/candidates/6/fold_auc/1,0.8511904761904762
results/primary99/repeat3-fold4/audit.json,models/tangent_select/candidates/6/fold_auc/2,0.7023809523809524
results/primary99/repeat3-fold4/audit.json,models/tangent_select/candidates/7/mean_inner_auc,0.7269841269841271
results/primary99/repeat3-fold4/audit.json,models/tangent_select/candidates/7/fold_auc/0,0.6333333333333333
results/primary99/repeat3-fold4/audit.json,models/tangent_select/candidates/7/fold_auc/1,0.8511904761904762
results/primary99/repeat3-fold4/audit.json,models/tangent_select/candidates/7/fold_auc/2,0.6964285714285714
results/primary99/repeat3-fold4/audit.json,models/tangent_select/chosen/mean_inner_auc,0.7425925925925926
results/primary99/repeat3-fold4/audit.json,models/tangent_select/chosen/fold_auc/0,0.6444444444444445
results/primary99/repeat3-fold4/audit.json,models/tangent_select/chosen/fold_auc/1,0.8511904761904762
results/primary99/repeat3-fold4/audit.json,models/tangent_select/chosen/fold_auc/2,0.7321428571428571
results/primary99/repeat3-fold4/audit.json,models/tangent_select/threshold/min_recall,0.6944444444444444
results/primary99/repeat3-fold4/audit.json,models/tangent_select/threshold/balanced_accuracy,0.6960594315245479
results/primary99/repeat3-fold5/audit.json,models/tangent_original/candidates/0/mean_inner_auc,0.7581807081807082
results/primary99/repeat3-fold5/audit.json,models/tangent_original/candidates/0/fold_auc/0,0.7333333333333334
results/primary99/repeat3-fold5/audit.json,models/tangent_original/candidates/0/fold_auc/1,0.7197802197802198
results/primary99/repeat3-fold5/audit.json,models/tangent_original/candidates/0/fold_auc/2,0.8214285714285714
results/primary99/repeat3-fold5/audit.json,models/tangent_original/candidates/1/mean_inner_auc,0.7563492063492063
results/primary99/repeat3-fold5/audit.json,models/tangent_original/candidates/1/fold_auc/0,0.7333333333333334
results/primary99/repeat3-fold5/audit.json,models/tangent_original/candidates/1/fold_auc/1,0.7142857142857143
results/primary99/repeat3-fold5/audit.json,models/tangent_original/candidates/1/fold_auc/2,0.8214285714285714
results/primary99/repeat3-fold5/audit.json,models/tangent_original/candidates/2/mean_inner_auc,0.7508343508343508
results/primary99/repeat3-fold5/audit.json,models/tangent_original/candidates/2/fold_auc/0,0.7277777777777779
results/primary99/repeat3-fold5/audit.json,models/tangent_original/candidates/2/fold_auc/1,0.7032967032967032
results/primary99/repeat3-fold5/audit.json,models/tangent_original/candidates/2/fold_auc/2,0.8214285714285714
results/primary99/repeat3-fold5/audit.json,models/tangent_original/candidates/3/mean_inner_auc,0.749002849002849
results/primary99/repeat3-fold5/audit.json,models/tangent_original/candidates/3/fold_auc/0,0.7277777777777779
results/primary99/repeat3-fold5/audit.json,models/tangent_original/candidates/3/fold_auc/1,0.6978021978021978
results/primary99/repeat3-fold5/audit.json,models/tangent_original/candidates/3/fold_auc/2,0.8214285714285714
results/primary99/repeat3-fold5/audit.json,models/tangent_original/chosen/mean_inner_auc,0.7581807081807082
results/primary99/repeat3-fold5/audit.json,models/tangent_original/chosen/fold_auc/0,0.7333333333333334
results/primary99/repeat3-fold5/audit.json,models/tangent_original/chosen/fold_auc/1,0.7197802197802198
results/primary99/repeat3-fold5/audit.json,models/tangent_original/chosen/fold_auc/2,0.8214285714285714
results/primary99/repeat3-fold5/audit.json,models/tangent_original/threshold/min_recall,0.7297297297297297
results/primary99/repeat3-fold5/audit.json,models/tangent_original/threshold/balanced_accuracy,0.7369578881206789
results/primary99/repeat3-fold5/audit.json,models/tangent_center/candidates/0/mean_inner_auc,0.7526658526658526
results/primary99/repeat3-fold5/audit.json,models/tangent_center/candidates/0/fold_auc/0,0.7277777777777779
results/primary99/repeat3-fold5/audit.json,models/tangent_center/candidates/0/fold_auc/1,0.7087912087912088
results/primary99/repeat3-fold5/audit.json,models/tangent_center/candidates/0/fold_auc/2,0.8214285714285714
results/primary99/repeat3-fold5/audit.json,models/tangent_center/candidates/1/mean_inner_auc,0.76003256003256
results/primary99/repeat3-fold5/audit.json,models/tangent_center/candidates/1/fold_auc/0,0.7388888888888889
results/primary99/repeat3-fold5/audit.json,models/tangent_center/candidates/1/fold_auc/1,0.7197802197802198
results/primary99/repeat3-fold5/audit.json,models/tangent_center/candidates/1/fold_auc/2,0.8214285714285714
results/primary99/repeat3-fold5/audit.json,models/tangent_center/candidates/2/mean_inner_auc,0.7547110297110297
results/primary99/repeat3-fold5/audit.json,models/tangent_center/candidates/2/fold_auc/0,0.7444444444444445
results/primary99/repeat3-fold5/audit.json,models/tangent_center/candidates/2/fold_auc/1,0.6923076923076923
results/primary99/repeat3-fold5/audit.json,models/tangent_center/candidates/2/fold_auc/2,0.8273809523809523
results/primary99/repeat3-fold5/audit.json,models/tangent_center/candidates/3/mean_inner_auc,0.7511803011803012
results/primary99/repeat3-fold5/audit.json,models/tangent_center/candidates/3/fold_auc/0,0.7388888888888889
results/primary99/repeat3-fold5/audit.json,models/tangent_center/candidates/3/fold_auc/1,0.6813186813186813
results/primary99/repeat3-fold5/audit.json,models/tangent_center/candidates/3/fold_auc/2,0.8333333333333333
results/primary99/repeat3-fold5/audit.json,models/tangent_center/chosen/mean_inner_auc,0.76003256003256
results/primary99/repeat3-fold5/audit.json,models/tangent_center/chosen/fold_auc/0,0.7388888888888889
results/primary99/repeat3-fold5/audit.json,models/tangent_center/chosen/fold_auc/1,0.7197802197802198
results/primary99/repeat3-fold5/audit.json,models/tangent_center/chosen/fold_auc/2,0.8214285714285714
results/primary99/repeat3-fold5/audit.json,models/tangent_center/threshold/min_recall,0.6756756756756757
results/primary99/repeat3-fold5/audit.json,models/tangent_center/threshold/balanced_accuracy,0.721558768070396
results/primary99/repeat3-fold5/audit.json,models/tangent_pca/candidates/0/mean_inner_auc,0.7578347578347578
results/primary99/repeat3-fold5/audit.json,models/tangent_pca/candidates/0/fold_auc/0,0.7222222222222222
results/primary99/repeat3-fold5/audit.json,models/tangent_pca/candidates/0/fold_auc/1,0.7417582417582417
results/primary99/repeat3-fold5/audit.json,models/tangent_pca/candidates/0/fold_auc/2,0.8095238095238095
results/primary99/repeat3-fold5/audit.json,models/tangent_pca/candidates/1/mean_inner_auc,0.7637464387464389
results/primary99/repeat3-fold5/audit.json,models/tangent_pca/candidates/1/fold_auc/0,0.7111111111111112
results/primary99/repeat3-fold5/audit.json,models/tangent_pca/candidates/1/fold_auc/1,0.7527472527472527
results/primary99/repeat3-fold5/audit.json,models/tangent_pca/candidates/1/fold_auc/2,0.8273809523809523
results/primary99/repeat3-fold5/audit.json,models/tangent_pca/candidates/2/mean_inner_auc,0.7584757834757835
results/primary99/repeat3-fold5/audit.json,models/tangent_pca/candidates/2/fold_auc/0,0.6888888888888889
results/primary99/repeat3-fold5/audit.json,models/tangent_pca/candidates/2/fold_auc/1,0.7472527472527473
results/primary99/repeat3-fold5/audit.json,models/tangent_pca/candidates/2/fold_auc/2,0.8392857142857143
results/primary99/repeat3-fold5/audit.json,models/tangent_pca/candidates/3/mean_inner_auc,0.7584757834757835
results/primary99/repeat3-fold5/audit.json,models/tangent_pca/candidates/3/fold_auc/0,0.6888888888888889
results/primary99/repeat3-fold5/audit.json,models/tangent_pca/candidates/3/fold_auc/1,0.7472527472527473
results/primary99/repeat3-fold5/audit.json,models/tangent_pca/candidates/3/fold_auc/2,0.8392857142857143
results/primary99/repeat3-fold5/audit.json,models/tangent_pca/candidates/4/mean_inner_auc,0.74486161986162
results/primary99/repeat3-fold5/audit.json,models/tangent_pca/candidates/4/fold_auc/0,0.7222222222222223
results/primary99/repeat3-fold5/audit.json,models/tangent_pca/candidates/4/fold_auc/1,0.7087912087912088
results/primary99/repeat3-fold5/audit.json,models/tangent_pca/candidates/4/fold_auc/2,0.8035714285714286
results/primary99/repeat3-fold5/audit.json,models/tangent_pca/candidates/5/mean_inner_auc,0.7434167684167684
results/primary99/repeat3-fold5/audit.json,models/tangent_pca/candidates/5/fold_auc/0,0.7444444444444445
results/primary99/repeat3-fold5/audit.json,models/tangent_pca/candidates/5/fold_auc/1,0.6703296703296704
results/primary99/repeat3-fold5/audit.json,models/tangent_pca/candidates/5/fold_auc/2,0.8154761904761905
results/primary99/repeat3-fold5/audit.json,models/tangent_pca/candidates/6/mean_inner_auc,0.7397537647537646
results/primary99/repeat3-fold5/audit.json,models/tangent_pca/candidates/6/fold_auc/0,0.7444444444444445
results/primary99/repeat3-fold5/audit.json,models/tangent_pca/candidates/6/fold_auc/1,0.6593406593406593
results/primary99/repeat3-fold5/audit.json,models/tangent_pca/candidates/6/fold_auc/2,0.8154761904761905
results/primary99/repeat3-fold5/audit.json,models/tangent_pca/candidates/7/mean_inner_auc,0.7434167684167684
results/primary99/repeat3-fold5/audit.json,models/tangent_pca/candidates/7/fold_auc/0,0.7444444444444445
results/primary99/repeat3-fold5/audit.json,models/tangent_pca/candidates/7/fold_auc/1,0.6703296703296704
results/primary99/repeat3-fold5/audit.json,models/tangent_pca/candidates/7/fold_auc/2,0.8154761904761905
results/primary99/repeat3-fold5/audit.json,models/tangent_pca/chosen/mean_inner_auc,0.7637464387464389
results/primary99/repeat3-fold5/audit.json,models/tangent_pca/chosen/fold_auc/0,0.7111111111111112
results/primary99/repeat3-fold5/audit.json,models/tangent_pca/chosen/fold_auc/1,0.7527472527472527
results/primary99/repeat3-fold5/audit.json,models/tangent_pca/chosen/fold_auc/2,0.8273809523809523
results/primary99/repeat3-fold5/audit.json,models/tangent_pca/threshold/min_recall,0.6756756756756757
results/primary99/repeat3-fold5/audit.json,models/tangent_pca/threshold/balanced_accuracy,0.6866750471401635
results/primary99/repeat3-fold5/audit.json,models/tangent_select/candidates/0/mean_inner_auc,0.728032153032153
results/primary99/repeat3-fold5/audit.json,models/tangent_select/candidates/0/fold_auc/0,0.711111111111111
results/primary99/repeat3-fold5/audit.json,models/tangent_select/candidates/0/fold_auc/1,0.6813186813186813
results/primary99/repeat3-fold5/audit.json,models/tangent_select/candidates/0/fold_auc/2,0.7916666666666667
results/primary99/repeat3-fold5/audit.json,models/tangent_select/candidates/1/mean_inner_auc,0.7031135531135532
results/primary99/repeat3-fold5/audit.json,models/tangent_select/candidates/1/fold_auc/0,0.7
results/primary99/repeat3-fold5/audit.json,models/tangent_select/candidates/1/fold_auc/1,0.6593406593406594
results/primary99/repeat3-fold5/audit.json,models/tangent_select/candidates/1/fold_auc/2,0.75
results/primary99/repeat3-fold5/audit.json,models/tangent_select/candidates/2/mean_inner_auc,0.6902116402116403
results/primary99/repeat3-fold5/audit.json,models/tangent_select/candidates/2/fold_auc/0,0.6777777777777778
results/primary99/repeat3-fold5/audit.json,models/tangent_select/candidates/2/fold_auc/1,0.6428571428571429
results/primary99/repeat3-fold5/audit.json,models/tangent_select/candidates/2/fold_auc/2,0.75
results/primary99/repeat3-fold5/audit.json,models/tangent_select/candidates/3/mean_inner_auc,0.664031339031339
results/primary99/repeat3-fold5/audit.json,models/tangent_select/candidates/3/fold_auc/0,0.6555555555555556
results/primary99/repeat3-fold5/audit.json,models/tangent_select/candidates/3/fold_auc/1,0.6043956043956045
results/primary99/repeat3-fold5/audit.json,models/tangent_select/candidates/3/fold_auc/2,0.7321428571428571
results/primary99/repeat3-fold5/audit.json,models/tangent_select/candidates/4/mean_inner_auc,0.718121693121693
results/primary99/repeat3-fold5/audit.json,models/tangent_select/candidates/4/fold_auc/0,0.7555555555555555
results/primary99/repeat3-fold5/audit.json,models/tangent_select/candidates/4/fold_auc/1,0.6428571428571428
results/primary99/repeat3-fold5/audit.json,models/tangent_select/candidates/4/fold_auc/2,0.7559523809523809
results/primary99/repeat3-fold5/audit.json,models/tangent_select/candidates/5/mean_inner_auc,0.7032763532763533
results/primary99/repeat3-fold5/audit.json,models/tangent_select/candidates/5/fold_auc/0,0.7444444444444445
results/primary99/repeat3-fold5/audit.json,models/tangent_select/candidates/5/fold_auc/1,0.6153846153846153
results/primary99/repeat3-fold5/audit.json,models/tangent_select/candidates/5/fold_auc/2,0.75
results/primary99/repeat3-fold5/audit.json,models/tangent_select/candidates/6/mean_inner_auc,0.6941188441188442
results/primary99/repeat3-fold5/audit.json,models/tangent_select/candidates/6/fold_auc/0,0.7444444444444445
results/primary99/repeat3-fold5/audit.json,models/tangent_select/candidates/6/fold_auc/1,0.5879120879120879
results/primary99/repeat3-fold5/audit.json,models/tangent_select/candidates/6/fold_auc/2,0.75
results/primary99/repeat3-fold5/audit.json,models/tangent_select/candidates/7/mean_inner_auc,0.6941188441188442
results/primary99/repeat3-fold5/audit.json,models/tangent_select/candidates/7/fold_auc/0,0.7444444444444445
results/primary99/repeat3-fold5/audit.json,models/tangent_select/candidates/7/fold_auc/1,0.5879120879120879
results/primary99/repeat3-fold5/audit.json,models/tangent_select/candidates/7/fold_auc/2,0.75
results/primary99/repeat3-fold5/audit.json,models/tangent_select/chosen/mean_inner_auc,0.728032153032153
results/primary99/repeat3-fold5/audit.json,models/tangent_select/chosen/fold_auc/0,0.711111111111111
results/primary99/repeat3-fold5/audit.json,models/tangent_select/chosen/fold_auc/1,0.6813186813186813
results/primary99/repeat3-fold5/audit.json,models/tangent_select/chosen/fold_auc/2,0.7916666666666667
results/primary99/repeat3-fold5/audit.json,models/tangent_select/threshold/min_recall,0.6486486486486487
results/primary99/repeat3-fold5/audit.json,models/tangent_select/threshold/balanced_accuracy,0.6731615336266499
results/primary99/repeat4-fold1/audit.json,models/tangent_original/candidates/0/mean_inner_auc,0.7461843711843712
results/primary99/repeat4-fold1/audit.json,models/tangent_original/candidates/0/fold_auc/0,0.6373626373626373
results/primary99/repeat4-fold1/audit.json,models/tangent_original/candidates/0/fold_auc/1,0.8095238095238095
results/primary99/repeat4-fold1/audit.json,models/tangent_original/candidates/0/fold_auc/2,0.7916666666666666
results/primary99/repeat4-fold1/audit.json,models/tangent_original/candidates/1/mean_inner_auc,0.737942612942613
results/primary99/repeat4-fold1/audit.json,models/tangent_original/candidates/1/fold_auc/0,0.6483516483516484
results/primary99/repeat4-fold1/audit.json,models/tangent_original/candidates/1/fold_auc/1,0.7976190476190477
results/primary99/repeat4-fold1/audit.json,models/tangent_original/candidates/1/fold_auc/2,0.7678571428571428
results/primary99/repeat4-fold1/audit.json,models/tangent_original/candidates/2/mean_inner_auc,0.735958485958486
results/primary99/repeat4-fold1/audit.json,models/tangent_original/candidates/2/fold_auc/0,0.6483516483516484
results/primary99/repeat4-fold1/audit.json,models/tangent_original/candidates/2/fold_auc/1,0.7916666666666666
results/primary99/repeat4-fold1/audit.json,models/tangent_original/candidates/2/fold_auc/2,0.7678571428571428
results/primary99/repeat4-fold1/audit.json,models/tangent_original/candidates/3/mean_inner_auc,0.735958485958486
results/primary99/repeat4-fold1/audit.json,models/tangent_original/candidates/3/fold_auc/0,0.6483516483516484
results/primary99/repeat4-fold1/audit.json,models/tangent_original/candidates/3/fold_auc/1,0.7916666666666666
results/primary99/repeat4-fold1/audit.json,models/tangent_original/candidates/3/fold_auc/2,0.7678571428571428
results/primary99/repeat4-fold1/audit.json,models/tangent_original/chosen/mean_inner_auc,0.7461843711843712
results/primary99/repeat4-fold1/audit.json,models/tangent_original/chosen/fold_auc/0,0.6373626373626373
results/primary99/repeat4-fold1/audit.json,models/tangent_original/chosen/fold_auc/1,0.8095238095238095
results/primary99/repeat4-fold1/audit.json,models/tangent_original/chosen/fold_auc/2,0.7916666666666666
results/primary99/repeat4-fold1/audit.json,models/tangent_original/threshold/min_recall,0.6756756756756757
results/primary99/repeat4-fold1/audit.json,models/tangent_original/threshold/balanced_accuracy,0.6949806949806949
results/primary99/repeat4-fold1/audit.json,models/tangent_center/candidates/0/mean_inner_auc,0.7568681318681318
results/primary99/repeat4-fold1/audit.json,models/tangent_center/candidates/0/fold_auc/0,0.6098901098901099
results/primary99/repeat4-fold1/audit.json,models/tangent_center/candidates/0/fold_auc/1,0.8214285714285714
results/primary99/repeat4-fold1/audit.json,models/tangent_center/candidates/0/fold_auc/2,0.8392857142857143
results/primary99/repeat4-fold1/audit.json,models/tangent_center/candidates/1/mean_inner_auc,0.7583943833943834
results/primary99/repeat4-fold1/audit.json,models/tangent_center/candidates/1/fold_auc/0,0.6263736263736264
results/primary99/repeat4-fold1/audit.json,models/tangent_center/candidates/1/fold_auc/1,0.8095238095238095
results/primary99/repeat4-fold1/audit.json,models/tangent_center/candidates/1/fold_auc/2,0.8392857142857143
results/primary99/repeat4-fold1/audit.json,models/tangent_center/candidates/2/mean_inner_auc,0.7525946275946276
results/primary99/repeat4-fold1/audit.json,models/tangent_center/candidates/2/fold_auc/0,0.6208791208791209
results/primary99/repeat4-fold1/audit.json,models/tangent_center/candidates/2/fold_auc/1,0.8154761904761905
results/primary99/repeat4-fold1/audit.json,models/tangent_center/candidates/2/fold_auc/2,0.8214285714285714
results/primary99/repeat4-fold1/audit.json,models/tangent_center/candidates/3/mean_inner_auc,0.7524420024420024
results/primary99/repeat4-fold1/audit.json,models/tangent_center/candidates/3/fold_auc/0,0.6263736263736265
results/primary99/repeat4-fold1/audit.json,models/tangent_center/candidates/3/fold_auc/1,0.8214285714285715
results/primary99/repeat4-fold1/audit.json,models/tangent_center/candidates/3/fold_auc/2,0.8095238095238094
results/primary99/repeat4-fold1/audit.json,models/tangent_center/chosen/mean_inner_auc,0.7583943833943834
results/primary99/repeat4-fold1/audit.json,models/tangent_center/chosen/fold_auc/0,0.6263736263736264
results/primary99/repeat4-fold1/audit.json,models/tangent_center/chosen/fold_auc/1,0.8095238095238095
results/primary99/repeat4-fold1/audit.json,models/tangent_center/chosen/fold_auc/2,0.8392857142857143
results/primary99/repeat4-fold1/audit.json,models/tangent_center/threshold/min_recall,0.6904761904761905
results/primary99/repeat4-fold1/audit.json,models/tangent_center/threshold/balanced_accuracy,0.6965894465894467
results/primary99/repeat4-fold1/audit.json,models/tangent_pca/candidates/0/mean_inner_auc,0.7200854700854701
results/primary99/repeat4-fold1/audit.json,models/tangent_pca/candidates/0/fold_auc/0,0.5769230769230769
results/primary99/repeat4-fold1/audit.json,models/tangent_pca/candidates/0/fold_auc/1,0.7738095238095238
results/primary99/repeat4-fold1/audit.json,models/tangent_pca/candidates/0/fold_auc/2,0.8095238095238094
results/primary99/repeat4-fold1/audit.json,models/tangent_pca/candidates/1/mean_inner_auc,0.7161172161172159
results/primary99/repeat4-fold1/audit.json,models/tangent_pca/candidates/1/fold_auc/0,0.5769230769230769
results/primary99/repeat4-fold1/audit.json,models/tangent_pca/candidates/1/fold_auc/1,0.744047619047619
results/primary99/repeat4-fold1/audit.json,models/tangent_pca/candidates/1/fold_auc/2,0.8273809523809523
results/primary99/repeat4-fold1/audit.json,models/tangent_pca/candidates/2/mean_inner_auc,0.7255799755799757
results/primary99/repeat4-fold1/audit.json,models/tangent_pca/candidates/2/fold_auc/0,0.5934065934065935
results/primary99/repeat4-fold1/audit.json,models/tangent_pca/candidates/2/fold_auc/1,0.7440476190476191
results/primary99/repeat4-fold1/audit.json,models/tangent_pca/candidates/2/fold_auc/2,0.8392857142857142
results/primary99/repeat4-fold1/audit.json,models/tangent_pca/candidates/3/mean_inner_auc,0.7274114774114775
results/primary99/repeat4-fold1/audit.json,models/tangent_pca/candidates/3/fold_auc/0,0.5989010989010989
results/primary99/repeat4-fold1/audit.json,models/tangent_pca/candidates/3/fold_auc/1,0.7440476190476191
results/primary99/repeat4-fold1/audit.json,models/tangent_pca/candidates/3/fold_auc/2,0.8392857142857142
results/primary99/repeat4-fold1/audit.json,models/tangent_pca/candidates/4/mean_inner_auc,0.7292429792429792
results/primary99/repeat4-fold1/audit.json,models/tangent_pca/candidates/4/fold_auc/0,0.6043956043956045
results/primary99/repeat4-fold1/audit.json,models/tangent_pca/candidates/4/fold_auc/1,0.8095238095238094
results/primary99/repeat4-fold1/audit.json,models/tangent_pca/candidates/4/fold_auc/2,0.7738095238095238
results/primary99/repeat4-fold1/audit.json,models/tangent_pca/candidates/5/mean_inner_auc,0.717032967032967
results/primary99/repeat4-fold1/audit.json,models/tangent_pca/candidates/5/fold_auc/0,0.6153846153846154
results/primary99/repeat4-fold1/audit.json,models/tangent_pca/candidates/5/fold_auc/1,0.7678571428571428
results/primary99/repeat4-fold1/audit.json,models/tangent_pca/candidates/5/fold_auc/2,0.7678571428571429
results/primary99/repeat4-fold1/audit.json,models/tangent_pca/candidates/6/mean_inner_auc,0.7208485958485958
results/primary99/repeat4-fold1/audit.json,models/tangent_pca/candidates/6/fold_auc/0,0.6208791208791209
results/primary99/repeat4-fold1/audit.json,models/tangent_pca/candidates/6/fold_auc/1,0.7738095238095237
results/primary99/repeat4-fold1/audit.json,models/tangent_pca/candidates/6/fold_auc/2,0.7678571428571428
results/primary99/repeat4-fold1/audit.json,models/tangent_pca/candidates/7/mean_inner_auc,0.7286324786324786
results/primary99/repeat4-fold1/audit.json,models/tangent_pca/candidates/7/fold_auc/0,0.6263736263736264
results/primary99/repeat4-fold1/audit.json,models/tangent_pca/candidates/7/fold_auc/1,0.7797619047619047
results/primary99/repeat4-fold1/audit.json,models/tangent_pca/candidates/7/fold_auc/2,0.7797619047619048
results/primary99/repeat4-fold1/audit.json,models/tangent_pca/chosen/mean_inner_auc,0.7292429792429792
results/primary99/repeat4-fold1/audit.json,models/tangent_pca/chosen/fold_auc/0,0.6043956043956045
results/primary99/repeat4-fold1/audit.json,models/tangent_pca/chosen/fold_auc/1,0.8095238095238094
results/primary99/repeat4-fold1/audit.json,models/tangent_pca/chosen/fold_auc/2,0.7738095238095238
results/primary99/repeat4-fold1/audit.json,models/tangent_pca/threshold/min_recall,0.6666666666666666
results/primary99/repeat4-fold1/audit.json,models/tangent_pca/threshold/balanced_accuracy,0.6846846846846847
results/primary99/repeat4-fold1/audit.json,models/tangent_select/candidates/0/mean_inner_auc,0.7097069597069597
results/primary99/repeat4-fold1/audit.json,models/tangent_select/candidates/0/fold_auc/0,0.5934065934065934
results/primary99/repeat4-fold1/audit.json,models/tangent_select/candidates/0/fold_auc/1,0.8035714285714286
results/primary99/repeat4-fold1/audit.json,models/tangent_select/candidates/0/fold_auc/2,0.7321428571428572
results/primary99/repeat4-fold1/audit.json,models/tangent_select/candidates/1/mean_inner_auc,0.7040598290598291
results/primary99/repeat4-fold1/audit.json,models/tangent_select/candidates/1/fold_auc/0,0.5824175824175823
results/primary99/repeat4-fold1/audit.json,models/tangent_select/candidates/1/fold_auc/1,0.8154761904761905
results/primary99/repeat4-fold1/audit.json,models/tangent_select/candidates/1/fold_auc/2,0.7142857142857143
results/primary99/repeat4-fold1/audit.json,models/tangent_select/candidates/2/mean_inner_auc,0.6965811965811964
results/primary99/repeat4-fold1/audit.json,models/tangent_select/candidates/2/fold_auc/0,0.5659340659340659
results/primary99/repeat4-fold1/audit.json,models/tangent_select/candidates/2/fold_auc/1,0.8333333333333333
results/primary99/repeat4-fold1/audit.json,models/tangent_select/candidates/2/fold_auc/2,0.6904761904761905
results/primary99/repeat4-fold1/audit.json,models/tangent_select/candidates/3/mean_inner_auc,0.6793345543345543
results/primary99/repeat4-fold1/audit.json,models/tangent_select/candidates/3/fold_auc/0,0.543956043956044
results/primary99/repeat4-fold1/audit.json,models/tangent_select/candidates/3/fold_auc/1,0.8333333333333333
results/primary99/repeat4-fold1/audit.json,models/tangent_select/candidates/3/fold_auc/2,0.6607142857142857
results/primary99/repeat4-fold1/audit.json,models/tangent_select/candidates/4/mean_inner_auc,0.7463369963369964
results/primary99/repeat4-fold1/audit.json,models/tangent_select/candidates/4/fold_auc/0,0.6318681318681318
results/primary99/repeat4-fold1/audit.json,models/tangent_select/candidates/4/fold_auc/1,0.8035714285714286
results/primary99/repeat4-fold1/audit.json,models/tangent_select/candidates/4/fold_auc/2,0.8035714285714286
results/primary99/repeat4-fold1/audit.json,models/tangent_select/candidates/5/mean_inner_auc,0.748015873015873
results/primary99/repeat4-fold1/audit.json,models/tangent_select/candidates/5/fold_auc/0,0.6428571428571429
results/primary99/repeat4-fold1/audit.json,models/tangent_select/candidates/5/fold_auc/1,0.8154761904761905
results/primary99/repeat4-fold1/audit.json,models/tangent_select/candidates/5/fold_auc/2,0.7857142857142857
results/primary99/repeat4-fold1/audit.json,models/tangent_select/candidates/6/mean_inner_auc,0.7362637362637363
results/primary99/repeat4-fold1/audit.json,models/tangent_select/candidates/6/fold_auc/0,0.6373626373626373
results/primary99/repeat4-fold1/audit.json,models/tangent_select/candidates/6/fold_auc/1,0.8214285714285714
results/primary99/repeat4-fold1/audit.json,models/tangent_select/candidates/6/fold_auc/2,0.75
results/primary99/repeat4-fold1/audit.json,models/tangent_select/candidates/7/mean_inner_auc,0.73992673992674
results/primary99/repeat4-fold1/audit.json,models/tangent_select/candidates/7/fold_auc/0,0.6483516483516484
results/primary99/repeat4-fold1/audit.json,models/tangent_select/candidates/7/fold_auc/1,0.8214285714285714
results/primary99/repeat4-fold1/audit.json,models/tangent_select/candidates/7/fold_auc/2,0.75
results/primary99/repeat4-fold1/audit.json,models/tangent_select/chosen/mean_inner_auc,0.748015873015873
results/primary99/repeat4-fold1/audit.json,models/tangent_select/chosen/fold_auc/0,0.6428571428571429
results/primary99/repeat4-fold1/audit.json,models/tangent_select/chosen/fold_auc/1,0.8154761904761905
results/primary99/repeat4-fold1/audit.json,models/tangent_select/chosen/fold_auc/2,0.7857142857142857
results/primary99/repeat4-fold1/audit.json,models/tangent_select/threshold/min_recall,0.6666666666666666
results/primary99/repeat4-fold1/audit.json,models/tangent_select/threshold/balanced_accuracy,0.6711711711711712
results/primary99/repeat4-fold2/audit.json,models/tangent_original/candidates/0/mean_inner_auc,0.6987179487179488
results/primary99/repeat4-fold2/audit.json,models/tangent_original/candidates/0/fold_auc/0,0.8461538461538463
results/primary99/repeat4-fold2/audit.json,models/tangent_original/candidates/0/fold_auc/1,0.4583333333333333
results/primary99/repeat4-fold2/audit.json,models/tangent_original/candidates/0/fold_auc/2,0.7916666666666666
results/primary99/repeat4-fold2/audit.json,models/tangent_original/candidates/1/mean_inner_auc,0.6933760683760685
results/primary99/repeat4-fold2/audit.json,models/tangent_original/candidates/1/fold_auc/0,0.8241758241758242
results/primary99/repeat4-fold2/audit.json,models/tangent_original/candidates/1/fold_auc/1,0.4642857142857143
results/primary99/repeat4-fold2/audit.json,models/tangent_original/candidates/1/fold_auc/2,0.7916666666666666
results/primary99/repeat4-fold2/audit.json,models/tangent_original/candidates/2/mean_inner_auc,0.6897130647130648
results/primary99/repeat4-fold2/audit.json,models/tangent_original/candidates/2/fold_auc/0,0.8131868131868133
results/primary99/repeat4-fold2/audit.json,models/tangent_original/candidates/2/fold_auc/1,0.4642857142857143
results/primary99/repeat4-fold2/audit.json,models/tangent_original/candidates/2/fold_auc/2,0.7916666666666666
results/primary99/repeat4-fold2/audit.json,models/tangent_original/candidates/3/mean_inner_auc,0.6915445665445666
results/primary99/repeat4-fold2/audit.json,models/tangent_original/candidates/3/fold_auc/0,0.8186813186813188
results/primary99/repeat4-fold2/audit.json,models/tangent_original/candidates/3/fold_auc/1,0.4642857142857143
results/primary99/repeat4-fold2/audit.json,models/tangent_original/candidates/3/fold_auc/2,0.7916666666666666
results/primary99/repeat4-fold2/audit.json,models/tangent_original/chosen/mean_inner_auc,0.6987179487179488
results/primary99/repeat4-fold2/audit.json,models/tangent_original/chosen/fold_auc/0,0.8461538461538463
results/primary99/repeat4-fold2/audit.json,models/tangent_original/chosen/fold_auc/1,0.4583333333333333
results/primary99/repeat4-fold2/audit.json,models/tangent_original/chosen/fold_auc/2,0.7916666666666666
results/primary99/repeat4-fold2/audit.json,models/tangent_original/threshold/min_recall,0.6216216216216216
results/primary99/repeat4-fold2/audit.json,models/tangent_original/threshold/balanced_accuracy,0.6560489060489061
results/primary99/repeat4-fold2/audit.json,models/tangent_center/candidates/0/mean_inner_auc,0.7274114774114775
results/primary99/repeat4-fold2/audit.json,models/tangent_center/candidates/0/fold_auc/0,0.8846153846153847
results/primary99/repeat4-fold2/audit.json,models/tangent_center/candidates/0/fold_auc/1,0.48809523809523814
results/primary99/repeat4-fold2/audit.json,models/tangent_center/candidates/0/fold_auc/2,0.8095238095238095
results/primary99/repeat4-fold2/audit.json,models/tangent_center/candidates/1/mean_inner_auc,0.7275641025641025
results/primary99/repeat4-fold2/audit.json,models/tangent_center/candidates/1/fold_auc/0,0.8791208791208791
results/primary99/repeat4-fold2/audit.json,models/tangent_center/candidates/1/fold_auc/1,0.4821428571428572
results/primary99/repeat4-fold2/audit.json,models/tangent_center/candidates/1/fold_auc/2,0.8214285714285714
results/primary99/repeat4-fold2/audit.json,models/tangent_center/candidates/2/mean_inner_auc,0.7318376068376068
results/primary99/repeat4-fold2/audit.json,models/tangent_center/candidates/2/fold_auc/0,0.8681318681318682
results/primary99/repeat4-fold2/audit.json,models/tangent_center/candidates/2/fold_auc/1,0.5
results/primary99/repeat4-fold2/audit.json,models/tangent_center/candidates/2/fold_auc/2,0.8273809523809523
results/primary99/repeat4-fold2/audit.json,models/tangent_center/candidates/3/mean_inner_auc,0.7225274725274725
results/primary99/repeat4-fold2/audit.json,models/tangent_center/candidates/3/fold_auc/0,0.8461538461538461
results/primary99/repeat4-fold2/audit.json,models/tangent_center/candidates/3/fold_auc/1,0.4880952380952381
results/primary99/repeat4-fold2/audit.json,models/tangent_center/candidates/3/fold_auc/2,0.8333333333333333
results/primary99/repeat4-fold2/audit.json,models/tangent_center/chosen/mean_inner_auc,0.7318376068376068
results/primary99/repeat4-fold2/audit.json,models/tangent_center/chosen/fold_auc/0,0.8681318681318682
results/primary99/repeat4-fold2/audit.json,models/tangent_center/chosen/fold_auc/1,0.5
results/primary99/repeat4-fold2/audit.json,models/tangent_center/chosen/fold_auc/2,0.8273809523809523
results/primary99/repeat4-fold2/audit.json,models/tangent_center/threshold/min_recall,0.6666666666666666
results/primary99/repeat4-fold2/audit.json,models/tangent_center/threshold/balanced_accuracy,0.6846846846846847
results/primary99/repeat4-fold2/audit.json,models/tangent_pca/candidates/0/mean_inner_auc,0.7203907203907205
results/primary99/repeat4-fold2/audit.json,models/tangent_pca/candidates/0/fold_auc/0,0.8516483516483516
results/primary99/repeat4-fold2/audit.json,models/tangent_pca/candidates/0/fold_auc/1,0.5059523809523809
results/primary99/repeat4-fold2/audit.json,models/tangent_pca/candidates/0/fold_auc/2,0.8035714285714286
results/primary99/repeat4-fold2/audit.json,models/tangent_pca/candidates/1/mean_inner_auc,0.7150488400488401
results/primary99/repeat4-fold2/audit.json,models/tangent_pca/candidates/1/fold_auc/0,0.8296703296703297
results/primary99/repeat4-fold2/audit.json,models/tangent_pca/candidates/1/fold_auc/1,0.494047619047619
results/primary99/repeat4-fold2/audit.json,models/tangent_pca/candidates/1/fold_auc/2,0.8214285714285714
results/primary99/repeat4-fold2/audit.json,models/tangent_pca/candidates/2/mean_inner_auc,0.7152014652014652
results/primary99/repeat4-fold2/audit.json,models/tangent_pca/candidates/2/fold_auc/0,0.8241758241758241
results/primary99/repeat4-fold2/audit.json,models/tangent_pca/candidates/2/fold_auc/1,0.4880952380952381
results/primary99/repeat4-fold2/audit.json,models/tangent_pca/candidates/2/fold_auc/2,0.8333333333333333
results/primary99/repeat4-fold2/audit.json,models/tangent_pca/candidates/3/mean_inner_auc,0.7152014652014652
results/primary99/repeat4-fold2/audit.json,models/tangent_pca/candidates/3/fold_auc/0,0.8241758241758241
results/primary99/repeat4-fold2/audit.json,models/tangent_pca/candidates/3/fold_auc/1,0.4880952380952381
results/primary99/repeat4-fold2/audit.json,models/tangent_pca/candidates/3/fold_auc/2,0.8333333333333333
results/primary99/repeat4-fold2/audit.json,models/tangent_pca/candidates/4/mean_inner_auc,0.6974969474969476
results/primary99/repeat4-fold2/audit.json,models/tangent_pca/candidates/4/fold_auc/0,0.8186813186813188
results/primary99/repeat4-fold2/audit.json,models/tangent_pca/candidates/4/fold_auc/1,0.47619047619047616
results/primary99/repeat4-fold2/audit.json,models/tangent_pca/candidates/4/fold_auc/2,0.7976190476190477
results/primary99/repeat4-fold2/audit.json,models/tangent_pca/candidates/5/mean_inner_auc,0.6884920634920636
results/primary99/repeat4-fold2/audit.json,models/tangent_pca/candidates/5/fold_auc/0,0.7857142857142857
results/primary99/repeat4-fold2/audit.json,models/tangent_pca/candidates/5/fold_auc/1,0.47619047619047616
results/primary99/repeat4-fold2/audit.json,models/tangent_pca/candidates/5/fold_auc/2,0.8035714285714286
results/primary99/repeat4-fold2/audit.json,models/tangent_pca/candidates/6/mean_inner_auc,0.68482905982906
results/primary99/repeat4-fold2/audit.json,models/tangent_pca/candidates/6/fold_auc/0,0.7747252747252747
results/primary99/repeat4-fold2/audit.json,models/tangent_pca/candidates/6/fold_auc/1,0.47619047619047616
results/primary99/repeat4-fold2/audit.json,models/tangent_pca/candidates/6/fold_auc/2,0.8035714285714286
results/primary99/repeat4-fold2/audit.json,models/tangent_pca/candidates/7/mean_inner_auc,0.6849816849816849
results/primary99/repeat4-fold2/audit.json,models/tangent_pca/candidates/7/fold_auc/0,0.7692307692307693
results/primary99/repeat4-fold2/audit.json,models/tangent_pca/candidates/7/fold_auc/1,0.47023809523809523
results/primary99/repeat4-fold2/audit.json,models/tangent_pca/candidates/7/fold_auc/2,0.8154761904761905
results/primary99/repeat4-fold2/audit.json,models/tangent_pca/chosen/mean_inner_auc,0.7203907203907205
results/primary99/repeat4-fold2/audit.json,models/tangent_pca/chosen/fold_auc/0,0.8516483516483516
results/primary99/repeat4-fold2/audit.json,models/tangent_pca/chosen/fold_auc/1,0.5059523809523809
results/primary99/repeat4-fold2/audit.json,models/tangent_pca/chosen/fold_auc/2,0.8035714285714286
results/primary99/repeat4-fold2/audit.json,models/tangent_pca/threshold/min_recall,0.6666666666666666
results/primary99/repeat4-fold2/audit.json,models/tangent_pca/threshold/balanced_accuracy,0.6846846846846847
results/primary99/repeat4-fold2/audit.json,models/tangent_select/candidates/0/mean_inner_auc,0.6746031746031745
results/primary99/repeat4-fold2/audit.json,models/tangent_select/candidates/0/fold_auc/0,0.7857142857142857
results/primary99/repeat4-fold2/audit.json,models/tangent_select/candidates/0/fold_auc/1,0.4642857142857143
results/primary99/repeat4-fold2/audit.json,models/tangent_select/candidates/0/fold_auc/2,0.7738095238095238
results/primary99/repeat4-fold2/audit.json,models/tangent_select/candidates/1/mean_inner_auc,0.6634615384615384
results/primary99/repeat4-fold2/audit.json,models/tangent_select/candidates/1/fold_auc/0,0.7582417582417583
results/primary99/repeat4-fold2/audit.json,models/tangent_select/candidates/1/fold_auc/1,0.4642857142857143
results/primary99/repeat4-fold2/audit.json,models/tangent_select/candidates/1/fold_auc/2,0.7678571428571428
results/primary99/repeat4-fold2/audit.json,models/tangent_select/candidates/2/mean_inner_auc,0.6503357753357754
results/primary99/repeat4-fold2/audit.json,models/tangent_select/candidates/2/fold_auc/0,0.7307692307692308
results/primary99/repeat4-fold2/audit.json,models/tangent_select/candidates/2/fold_auc/1,0.46428571428571425
results/primary99/repeat4-fold2/audit.json,models/tangent_select/candidates/2/fold_auc/2,0.7559523809523809
results/primary99/repeat4-fold2/audit.json,models/tangent_select/candidates/3/mean_inner_auc,0.6387362637362637
results/primary99/repeat4-fold2/audit.json,models/tangent_select/candidates/3/fold_auc/0,0.7197802197802199
results/primary99/repeat4-fold2/audit.json,models/tangent_select/candidates/3/fold_auc/1,0.46428571428571425
results/primary99/repeat4-fold2/audit.json,models/tangent_select/candidates/3/fold_auc/2,0.7321428571428571
results/primary99/repeat4-fold2/audit.json,models/tangent_select/candidates/4/mean_inner_auc,0.6945970695970697
results/primary99/repeat4-fold2/audit.json,models/tangent_select/candidates/4/fold_auc/0,0.8516483516483516
results/primary99/repeat4-fold2/audit.json,models/tangent_select/candidates/4/fold_auc/1,0.48214285714285715
results/primary99/repeat4-fold2/audit.json,models/tangent_select/candidates/4/fold_auc/2,0.75
results/primary99/repeat4-fold2/audit.json,models/tangent_select/candidates/5/mean_inner_auc,0.6906288156288155
results/primary99/repeat4-fold2/audit.json,models/tangent_select/candidates/5/fold_auc/0,0.8516483516483516
results/primary99/repeat4-fold2/audit.json,models/tangent_select/candidates/5/fold_auc/1,0.48214285714285715
results/primary99/repeat4-fold2/audit.json,models/tangent_select/candidates/5/fold_auc/2,0.738095238095238
results/primary99/repeat4-fold2/audit.json,models/tangent_select/candidates/6/mean_inner_auc,0.6811660561660561
results/primary99/repeat4-fold2/audit.json,models/tangent_select/candidates/6/fold_auc/0,0.8351648351648351
results/primary99/repeat4-fold2/audit.json,models/tangent_select/candidates/6/fold_auc/1,0.4821428571428571
results/primary99/repeat4-fold2/audit.json,models/tangent_select/candidates/6/fold_auc/2,0.7261904761904762
results/primary99/repeat4-fold2/audit.json,models/tangent_select/candidates/7/mean_inner_auc,0.6697191697191697
results/primary99/repeat4-fold2/audit.json,models/tangent_select/candidates/7/fold_auc/0,0.8186813186813188
results/primary99/repeat4-fold2/audit.json,models/tangent_select/candidates/7/fold_auc/1,0.47619047619047616
results/primary99/repeat4-fold2/audit.json,models/tangent_select/candidates/7/fold_auc/2,0.7142857142857143
results/primary99/repeat4-fold2/audit.json,models/tangent_select/chosen/mean_inner_auc,0.6945970695970697
results/primary99/repeat4-fold2/audit.json,models/tangent_select/chosen/fold_auc/0,0.8516483516483516
results/primary99/repeat4-fold2/audit.json,models/tangent_select/chosen/fold_auc/1,0.48214285714285715
results/primary99/repeat4-fold2/audit.json,models/tangent_select/chosen/fold_auc/2,0.75
results/primary99/repeat4-fold2/audit.json,models/tangent_select/threshold/min_recall,0.6486486486486487
results/primary99/repeat4-fold2/audit.json,models/tangent_select/threshold/balanced_accuracy,0.6576576576576576
results/primary99/repeat4-fold3/audit.json,models/tangent_original/candidates/0/mean_inner_auc,0.769993894993895
results/primary99/repeat4-fold3/audit.json,models/tangent_original/candidates/0/fold_auc/0,0.7802197802197802
results/primary99/repeat4-fold3/audit.json,models/tangent_original/candidates/0/fold_auc/1,0.7142857142857143
results/primary99/repeat4-fold3/audit.json,models/tangent_original/candidates/0/fold_auc/2,0.8154761904761905
results/primary99/repeat4-fold3/audit.json,models/tangent_original/candidates/1/mean_inner_auc,0.7834249084249084
results/primary99/repeat4-fold3/audit.json,models/tangent_original/candidates/1/fold_auc/0,0.7967032967032968
results/primary99/repeat4-fold3/audit.json,models/tangent_original/candidates/1/fold_auc/1,0.7142857142857142
results/primary99/repeat4-fold3/audit.json,models/tangent_original/candidates/1/fold_auc/2,0.8392857142857142
results/primary99/repeat4-fold3/audit.json,models/tangent_original/candidates/2/mean_inner_auc,0.7873931623931624
results/primary99/repeat4-fold3/audit.json,models/tangent_original/candidates/2/fold_auc/0,0.7967032967032968
results/primary99/repeat4-fold3/audit.json,models/tangent_original/candidates/2/fold_auc/1,0.7202380952380951
results/primary99/repeat4-fold3/audit.json,models/tangent_original/candidates/2/fold_auc/2,0.8452380952380951
results/primary99/repeat4-fold3/audit.json,models/tangent_original/candidates/3/mean_inner_auc,0.7873931623931624
results/primary99/repeat4-fold3/audit.json,models/tangent_original/candidates/3/fold_auc/0,0.7967032967032968
results/primary99/repeat4-fold3/audit.json,models/tangent_original/candidates/3/fold_auc/1,0.7202380952380951
results/primary99/repeat4-fold3/audit.json,models/tangent_original/candidates/3/fold_auc/2,0.8452380952380951
results/primary99/repeat4-fold3/audit.json,models/tangent_original/chosen/mean_inner_auc,0.7873931623931624
results/primary99/repeat4-fold3/audit.json,models/tangent_original/chosen/fold_auc/0,0.7967032967032968
results/primary99/repeat4-fold3/audit.json,models/tangent_original/chosen/fold_auc/1,0.7202380952380951
results/primary99/repeat4-fold3/audit.json,models/tangent_original/chosen/fold_auc/2,0.8452380952380951
results/primary99/repeat4-fold3/audit.json,models/tangent_original/threshold/min_recall,0.7142857142857143
results/primary99/repeat4-fold3/audit.json,models/tangent_original/threshold/balanced_accuracy,0.7490347490347491
results/primary99/repeat4-fold3/audit.json,models/tangent_center/candidates/0/mean_inner_auc,0.7507631257631258
results/primary99/repeat4-fold3/audit.json,models/tangent_center/candidates/0/fold_auc/0,0.7582417582417582
results/primary99/repeat4-fold3/audit.json,models/tangent_center/candidates/0/fold_auc/1,0.7023809523809524
results/primary99/repeat4-fold3/audit.json,models/tangent_center/candidates/0/fold_auc/2,0.7916666666666666
results/primary99/repeat4-fold3/audit.json,models/tangent_center/candidates/1/mean_inner_auc,0.7527472527472527
results/primary99/repeat4-fold3/audit.json,models/tangent_center/candidates/1/fold_auc/0,0.7582417582417582
results/primary99/repeat4-fold3/audit.json,models/tangent_center/candidates/1/fold_auc/1,0.6964285714285715
results/primary99/repeat4-fold3/audit.json,models/tangent_center/candidates/1/fold_auc/2,0.8035714285714285
results/primary99/repeat4-fold3/audit.json,models/tangent_center/candidates/2/mean_inner_auc,0.7858669108669109
results/primary99/repeat4-fold3/audit.json,models/tangent_center/candidates/2/fold_auc/0,0.7802197802197802
results/primary99/repeat4-fold3/audit.json,models/tangent_center/candidates/2/fold_auc/1,0.7202380952380953
results/primary99/repeat4-fold3/audit.json,models/tangent_center/candidates/2/fold_auc/2,0.8571428571428572
results/primary99/repeat4-fold3/audit.json,models/tangent_center/candidates/3/mean_inner_auc,0.7996031746031748
results/primary99/repeat4-fold3/audit.json,models/tangent_center/candidates/3/fold_auc/0,0.7857142857142858
results/primary99/repeat4-fold3/audit.json,models/tangent_center/candidates/3/fold_auc/1,0.7380952380952382
results/primary99/repeat4-fold3/audit.json,models/tangent_center/candidates/3/fold_auc/2,0.875
results/primary99/repeat4-fold3/audit.json,models/tangent_center/chosen/mean_inner_auc,0.7996031746031748
results/primary99/repeat4-fold3/audit.json,models/tangent_center/chosen/fold_auc/0,0.7857142857142858
results/primary99/repeat4-fold3/audit.json,models/tangent_center/chosen/fold_auc/1,0.7380952380952382
results/primary99/repeat4-fold3/audit.json,models/tangent_center/chosen/fold_auc/2,0.875
results/primary99/repeat4-fold3/audit.json,models/tangent_center/threshold/min_recall,0.6904761904761905
results/primary99/repeat4-fold3/audit.json,models/tangent_center/threshold/balanced_accuracy,0.7371299871299871
results/primary99/repeat4-fold3/audit.json,models/tangent_pca/candidates/0/mean_inner_auc,0.7055860805860806
results/primary99/repeat4-fold3/audit.json,models/tangent_pca/candidates/0/fold_auc/0,0.7417582417582418
results/primary99/repeat4-fold3/audit.json,models/tangent_pca/candidates/0/fold_auc/1,0.6488095238095238
results/primary99/repeat4-fold3/audit.json,models/tangent_pca/candidates/0/fold_auc/2,0.7261904761904762
results/primary99/repeat4-fold3/audit.json,models/tangent_pca/candidates/1/mean_inner_auc,0.7055860805860806
results/primary99/repeat4-fold3/audit.json,models/tangent_pca/candidates/1/fold_auc/0,0.7417582417582418
results/primary99/repeat4-fold3/audit.json,models/tangent_pca/candidates/1/fold_auc/1,0.6369047619047619
results/primary99/repeat4-fold3/audit.json,models/tangent_pca/candidates/1/fold_auc/2,0.7380952380952381
results/primary99/repeat4-fold3/audit.json,models/tangent_pca/candidates/2/mean_inner_auc,0.7097069597069597
results/primary99/repeat4-fold3/audit.json,models/tangent_pca/candidates/2/fold_auc/0,0.7362637362637363
results/primary99/repeat4-fold3/audit.json,models/tangent_pca/candidates/2/fold_auc/1,0.6547619047619048
results/primary99/repeat4-fold3/audit.json,models/tangent_pca/candidates/2/fold_auc/2,0.7380952380952381
results/primary99/repeat4-fold3/audit.json,models/tangent_pca/candidates/3/mean_inner_auc,0.7078754578754579
results/primary99/repeat4-fold3/audit.json,models/tangent_pca/candidates/3/fold_auc/0,0.7307692307692307
results/primary99/repeat4-fold3/audit.json,models/tangent_pca/candidates/3/fold_auc/1,0.6547619047619048
results/primary99/repeat4-fold3/audit.json,models/tangent_pca/candidates/3/fold_auc/2,0.7380952380952381
results/primary99/repeat4-fold3/audit.json,models/tangent_pca/candidates/4/mean_inner_auc,0.7504578754578756
results/primary99/repeat4-fold3/audit.json,models/tangent_pca/candidates/4/fold_auc/0,0.7692307692307693
results/primary99/repeat4-fold3/audit.json,models/tangent_pca/candidates/4/fold_auc/1,0.6845238095238095
results/primary99/repeat4-fold3/audit.json,models/tangent_pca/candidates/4/fold_auc/2,0.7976190476190477
results/primary99/repeat4-fold3/audit.json,models/tangent_pca/candidates/5/mean_inner_auc,0.7384004884004884
results/primary99/repeat4-fold3/audit.json,models/tangent_pca/candidates/5/fold_auc/0,0.7747252747252747
results/primary99/repeat4-fold3/audit.json,models/tangent_pca/candidates/5/fold_auc/1,0.6845238095238095
results/primary99/repeat4-fold3/audit.json,models/tangent_pca/candidates/5/fold_auc/2,0.7559523809523809
results/primary99/repeat4-fold3/audit.json,models/tangent_pca/candidates/6/mean_inner_auc,0.7443528693528694
results/primary99/repeat4-fold3/audit.json,models/tangent_pca/candidates/6/fold_auc/0,0.7747252747252747
results/primary99/repeat4-fold3/audit.json,models/tangent_pca/candidates/6/fold_auc/1,0.6964285714285714
results/primary99/repeat4-fold3/audit.json,models/tangent_pca/candidates/6/fold_auc/2,0.761904761904762
results/primary99/repeat4-fold3/audit.json,models/tangent_pca/candidates/7/mean_inner_auc,0.7368742368742369
results/primary99/repeat4-fold3/audit.json,models/tangent_pca/candidates/7/fold_auc/0,0.7582417582417583
results/primary99/repeat4-fold3/audit.json,models/tangent_pca/candidates/7/fold_auc/1,0.6964285714285714
results/primary99/repeat4-fold3/audit.json,models/tangent_pca/candidates/7/fold_auc/2,0.7559523809523809
results/primary99/repeat4-fold3/audit.json,models/tangent_pca/chosen/mean_inner_auc,0.7504578754578756
results/primary99/repeat4-fold3/audit.json,models/tangent_pca/chosen/fold_auc/0,0.7692307692307693
results/primary99/repeat4-fold3/audit.json,models/tangent_pca/chosen/fold_auc/1,0.6845238095238095
results/primary99/repeat4-fold3/audit.json,models/tangent_pca/chosen/fold_auc/2,0.7976190476190477
results/primary99/repeat4-fold3/audit.json,models/tangent_pca/threshold/min_recall,0.6666666666666666
results/primary99/repeat4-fold3/audit.json,models/tangent_pca/threshold/balanced_accuracy,0.7117117117117118
results/primary99/repeat4-fold3/audit.json,models/tangent_select/candidates/0/mean_inner_auc,0.7173382173382173
results/primary99/repeat4-fold3/audit.json,models/tangent_select/candidates/0/fold_auc/0,0.7472527472527473
results/primary99/repeat4-fold3/audit.json,models/tangent_select/candidates/0/fold_auc/1,0.6607142857142857
results/primary99/repeat4-fold3/audit.json,models/tangent_select/candidates/0/fold_auc/2,0.7440476190476191
results/primary99/repeat4-fold3/audit.json,models/tangent_select/candidates/1/mean_inner_auc,0.7194749694749695
results/primary99/repeat4-fold3/audit.json,models/tangent_select/candidates/1/fold_auc/0,0.7417582417582418
results/primary99/repeat4-fold3/audit.json,models/tangent_select/candidates/1/fold_auc/1,0.6666666666666666
results/primary99/repeat4-fold3/audit.json,models/tangent_select/candidates/1/fold_auc/2,0.75
results/primary99/repeat4-fold3/audit.json,models/tangent_select/candidates/2/mean_inner_auc,0.6984126984126985
results/primary99/repeat4-fold3/audit.json,models/tangent_select/candidates/2/fold_auc/0,0.7142857142857143
results/primary99/repeat4-fold3/audit.json,models/tangent_select/candidates/2/fold_auc/1,0.6488095238095238
results/primary99/repeat4-fold3/audit.json,models/tangent_select/candidates/2/fold_auc/2,0.7321428571428571
results/primary99/repeat4-fold3/audit.json,models/tangent_select/candidates/3/mean_inner_auc,0.6907814407814409
results/primary99/repeat4-fold3/audit.json,models/tangent_select/candidates/3/fold_auc/0,0.7032967032967034
results/primary99/repeat4-fold3/audit.json,models/tangent_select/candidates/3/fold_auc/1,0.6428571428571428
results/primary99/repeat4-fold3/audit.json,models/tangent_select/candidates/3/fold_auc/2,0.7261904761904762
results/primary99/repeat4-fold3/audit.json,models/tangent_select/candidates/4/mean_inner_auc,0.7677045177045176
results/primary99/repeat4-fold3/audit.json,models/tangent_select/candidates/4/fold_auc/0,0.7912087912087913
results/primary99/repeat4-fold3/audit.json,models/tangent_select/candidates/4/fold_auc/1,0.7202380952380951
results/primary99/repeat4-fold3/audit.json,models/tangent_select/candidates/4/fold_auc/2,0.7916666666666667
results/primary99/repeat4-fold3/audit.json,models/tangent_select/candidates/5/mean_inner_auc,0.7756410256410255
results/primary99/repeat4-fold3/audit.json,models/tangent_select/candidates/5/fold_auc/0,0.7912087912087913
results/primary99/repeat4-fold3/audit.json,models/tangent_select/candidates/5/fold_auc/1,0.7321428571428571
results/primary99/repeat4-fold3/audit.json,models/tangent_select/candidates/5/fold_auc/2,0.8035714285714286
results/primary99/repeat4-fold3/audit.json,models/tangent_select/candidates/6/mean_inner_auc,0.7760989010989011
results/primary99/repeat4-fold3/audit.json,models/tangent_select/candidates/6/fold_auc/0,0.7747252747252747
results/primary99/repeat4-fold3/audit.json,models/tangent_select/candidates/6/fold_auc/1,0.7380952380952381
results/primary99/repeat4-fold3/audit.json,models/tangent_select/candidates/6/fold_auc/2,0.8154761904761905
results/primary99/repeat4-fold3/audit.json,models/tangent_select/candidates/7/mean_inner_auc,0.7759462759462759
results/primary99/repeat4-fold3/audit.json,models/tangent_select/candidates/7/fold_auc/0,0.7802197802197802
results/primary99/repeat4-fold3/audit.json,models/tangent_select/candidates/7/fold_auc/1,0.7321428571428572
results/primary99/repeat4-fold3/audit.json,models/tangent_select/candidates/7/fold_auc/2,0.8154761904761905
results/primary99/repeat4-fold3/audit.json,models/tangent_select/chosen/mean_inner_auc,0.7760989010989011
results/primary99/repeat4-fold3/audit.json,models/tangent_select/chosen/fold_auc/0,0.7747252747252747
results/primary99/repeat4-fold3/audit.json,models/tangent_select/chosen/fold_auc/1,0.7380952380952381
results/primary99/repeat4-fold3/audit.json,models/tangent_select/chosen/fold_auc/2,0.8154761904761905
results/primary99/repeat4-fold3/audit.json,models/tangent_select/threshold/min_recall,0.7142857142857143
results/primary99/repeat4-fold3/audit.json,models/tangent_select/threshold/balanced_accuracy,0.7355212355212355
results/primary99/repeat4-fold4/audit.json,models/tangent_original/candidates/0/mean_inner_auc,0.7277777777777779
results/primary99/repeat4-fold4/audit.json,models/tangent_original/candidates/0/fold_auc/0,0.6833333333333333
results/primary99/repeat4-fold4/audit.json,models/tangent_original/candidates/0/fold_auc/1,0.75
results/primary99/repeat4-fold4/audit.json,models/tangent_original/candidates/0/fold_auc/2,0.75
results/primary99/repeat4-fold4/audit.json,models/tangent_original/candidates/1/mean_inner_auc,0.7334656084656084
results/primary99/repeat4-fold4/audit.json,models/tangent_original/candidates/1/fold_auc/0,0.6944444444444444
results/primary99/repeat4-fold4/audit.json,models/tangent_original/candidates/1/fold_auc/1,0.75
results/primary99/repeat4-fold4/audit.json,models/tangent_original/candidates/1/fold_auc/2,0.7559523809523809
results/primary99/repeat4-fold4/audit.json,models/tangent_original/candidates/2/mean_inner_auc,0.7432539682539682
results/primary99/repeat4-fold4/audit.json,models/tangent_original/candidates/2/fold_auc/0,0.7
results/primary99/repeat4-fold4/audit.json,models/tangent_original/candidates/2/fold_auc/1,0.7619047619047619
results/primary99/repeat4-fold4/audit.json,models/tangent_original/candidates/2/fold_auc/2,0.7678571428571428
results/primary99/repeat4-fold4/audit.json,models/tangent_original/candidates/3/mean_inner_auc,0.7452380952380953
results/primary99/repeat4-fold4/audit.json,models/tangent_original/candidates/3/fold_auc/0,0.7
results/primary99/repeat4-fold4/audit.json,models/tangent_original/candidates/3/fold_auc/1,0.7678571428571428
results/primary99/repeat4-fold4/audit.json,models/tangent_original/candidates/3/fold_auc/2,0.7678571428571428
results/primary99/repeat4-fold4/audit.json,models/tangent_original/chosen/mean_inner_auc,0.7452380952380953
results/primary99/repeat4-fold4/audit.json,models/tangent_original/chosen/fold_auc/0,0.7
results/primary99/repeat4-fold4/audit.json,models/tangent_original/chosen/fold_auc/1,0.7678571428571428
results/primary99/repeat4-fold4/audit.json,models/tangent_original/chosen/fold_auc/2,0.7678571428571428
results/primary99/repeat4-fold4/audit.json,models/tangent_original/threshold/min_recall,0.6666666666666666
results/primary99/repeat4-fold4/audit.json,models/tangent_original/threshold/balanced_accuracy,0.693798449612403
results/primary99/repeat4-fold4/audit.json,models/tangent_center/candidates/0/mean_inner_auc,0.739021164021164
results/primary99/repeat4-fold4/audit.json,models/tangent_center/candidates/0/fold_auc/0,0.7111111111111111
results/primary99/repeat4-fold4/audit.json,models/tangent_center/candidates/0/fold_auc/1,0.7619047619047619
results/primary99/repeat4-fold4/audit.json,models/tangent_center/candidates/0/fold_auc/2,0.7440476190476191
results/primary99/repeat4-fold4/audit.json,models/tangent_center/candidates/1/mean_inner_auc,0.7373015873015873
results/primary99/repeat4-fold4/audit.json,models/tangent_center/candidates/1/fold_auc/0,0.7
results/primary99/repeat4-fold4/audit.json,models/tangent_center/candidates/1/fold_auc/1,0.7678571428571429
results/primary99/repeat4-fold4/audit.json,models/tangent_center/candidates/1/fold_auc/2,0.744047619047619
results/primary99/repeat4-fold4/audit.json,models/tangent_center/candidates/2/mean_inner_auc,0.7531746031746032
results/primary99/repeat4-fold4/audit.json,models/tangent_center/candidates/2/fold_auc/0,0.7
results/primary99/repeat4-fold4/audit.json,models/tangent_center/candidates/2/fold_auc/1,0.7797619047619047
results/primary99/repeat4-fold4/audit.json,models/tangent_center/candidates/2/fold_auc/2,0.7797619047619047
results/primary99/repeat4-fold4/audit.json,models/tangent_center/candidates/3/mean_inner_auc,0.7530423280423278
results/primary99/repeat4-fold4/audit.json,models/tangent_center/candidates/3/fold_auc/0,0.7055555555555555
results/primary99/repeat4-fold4/audit.json,models/tangent_center/candidates/3/fold_auc/1,0.7738095238095237
results/primary99/repeat4-fold4/audit.json,models/tangent_center/candidates/3/fold_auc/2,0.7797619047619047
results/primary99/repeat4-fold4/audit.json,models/tangent_center/chosen/mean_inner_auc,0.7531746031746032
results/primary99/repeat4-fold4/audit.json,models/tangent_center/chosen/fold_auc/0,0.7
results/primary99/repeat4-fold4/audit.json,models/tangent_center/chosen/fold_auc/1,0.7797619047619047
results/primary99/repeat4-fold4/audit.json,models/tangent_center/chosen/fold_auc/2,0.7797619047619047
results/primary99/repeat4-fold4/audit.json,models/tangent_center/threshold/min_recall,0.6976744186046512
results/primary99/repeat4-fold4/audit.json,models/tangent_center/threshold/balanced_accuracy,0.7099483204134367
results/primary99/repeat4-fold4/audit.json,models/tangent_pca/candidates/0/mean_inner_auc,0.6828042328042329
results/primary99/repeat4-fold4/audit.json,models/tangent_pca/candidates/0/fold_auc/0,0.6555555555555557
results/primary99/repeat4-fold4/audit.json,models/tangent_pca/candidates/0/fold_auc/1,0.6845238095238095
results/primary99/repeat4-fold4/audit.json,models/tangent_pca/candidates/0/fold_auc/2,0.7083333333333334
results/primary99/repeat4-fold4/audit.json,models/tangent_pca/candidates/1/mean_inner_auc,0.6982804232804233
results/primary99/repeat4-fold4/audit.json,models/tangent_pca/candidates/1/fold_auc/0,0.6722222222222223
results/primary99/repeat4-fold4/audit.json,models/tangent_pca/candidates/1/fold_auc/1,0.7023809523809523
results/primary99/repeat4-fold4/audit.json,models/tangent_pca/candidates/1/fold_auc/2,0.7202380952380952
results/primary99/repeat4-fold4/audit.json,models/tangent_pca/candidates/2/mean_inner_auc,0.707936507936508
results/primary99/repeat4-fold4/audit.json,models/tangent_pca/candidates/2/fold_auc/0,0.6833333333333335
results/primary99/repeat4-fold4/audit.json,models/tangent_pca/candidates/2/fold_auc/1,0.7023809523809523
results/primary99/repeat4-fold4/audit.json,models/tangent_pca/candidates/2/fold_auc/2,0.7380952380952381
results/primary99/repeat4-fold4/audit.json,models/tangent_pca/candidates/3/mean_inner_auc,0.7116402116402116
results/primary99/repeat4-fold4/audit.json,models/tangent_pca/candidates/3/fold_auc/0,0.6944444444444444
results/primary99/repeat4-fold4/audit.json,models/tangent_pca/candidates/3/fold_auc/1,0.7023809523809523
results/primary99/repeat4-fold4/audit.json,models/tangent_pca/candidates/3/fold_auc/2,0.7380952380952381
results/primary99/repeat4-fold4/audit.json,models/tangent_pca/candidates/4/mean_inner_auc,0.6990740740740741
results/primary99/repeat4-fold4/audit.json,models/tangent_pca/candidates/4/fold_auc/0,0.6388888888888888
results/primary99/repeat4-fold4/audit.json,models/tangent_pca/candidates/4/fold_auc/1,0.7083333333333334
results/primary99/repeat4-fold4/audit.json,models/tangent_pca/candidates/4/fold_auc/2,0.7500000000000001
results/primary99/repeat4-fold4/audit.json,models/tangent_pca/candidates/5/mean_inner_auc,0.7071428571428572
results/primary99/repeat4-fold4/audit.json,models/tangent_pca/candidates/5/fold_auc/0,0.6333333333333333
results/primary99/repeat4-fold4/audit.json,models/tangent_pca/candidates/5/fold_auc/1,0.7321428571428571
results/primary99/repeat4-fold4/audit.json,models/tangent_pca/candidates/5/fold_auc/2,0.755952380952381
results/primary99/repeat4-fold4/audit.json,models/tangent_pca/candidates/6/mean_inner_auc,0.7164021164021164
results/primary99/repeat4-fold4/audit.json,models/tangent_pca/candidates/6/fold_auc/0,0.6611111111111111
results/primary99/repeat4-fold4/audit.json,models/tangent_pca/candidates/6/fold_auc/1,0.7202380952380952
results/primary99/repeat4-fold4/audit.json,models/tangent_pca/candidates/6/fold_auc/2,0.7678571428571428
results/primary99/repeat4-fold4/audit.json,models/tangent_pca/candidates/7/mean_inner_auc,0.7017195767195767
results/primary99/repeat4-fold4/audit.json,models/tangent_pca/candidates/7/fold_auc/0,0.6111111111111112
results/primary99/repeat4-fold4/audit.json,models/tangent_pca/candidates/7/fold_auc/1,0.7440476190476191
results/primary99/repeat4-fold4/audit.json,models/tangent_pca/candidates/7/fold_auc/2,0.75
results/primary99/repeat4-fold4/audit.json,models/tangent_pca/chosen/mean_inner_auc,0.7164021164021164
results/primary99/repeat4-fold4/audit.json,models/tangent_pca/chosen/fold_auc/0,0.6611111111111111
results/primary99/repeat4-fold4/audit.json,models/tangent_pca/chosen/fold_auc/1,0.7202380952380952
results/primary99/repeat4-fold4/audit.json,models/tangent_pca/chosen/fold_auc/2,0.7678571428571428
results/primary99/repeat4-fold4/audit.json,models/tangent_pca/threshold/min_recall,0.6388888888888888
results/primary99/repeat4-fold4/audit.json,models/tangent_pca/threshold/balanced_accuracy,0.66828165374677
results/primary99/repeat4-fold4/audit.json,models/tangent_select/candidates/0/mean_inner_auc,0.7134920634920635
results/primary99/repeat4-fold4/audit.json,models/tangent_select/candidates/0/fold_auc/0,0.7
results/primary99/repeat4-fold4/audit.json,models/tangent_select/candidates/0/fold_auc/1,0.6785714285714286
results/primary99/repeat4-fold4/audit.json,models/tangent_select/candidates/0/fold_auc/2,0.7619047619047619
results/primary99/repeat4-fold4/audit.json,models/tangent_select/candidates/1/mean_inner_auc,0.71005291005291
results/primary99/repeat4-fold4/audit.json,models/tangent_select/candidates/1/fold_auc/0,0.6777777777777778
results/primary99/repeat4-fold4/audit.json,models/tangent_select/candidates/1/fold_auc/1,0.6785714285714286
results/primary99/repeat4-fold4/audit.json,models/tangent_select/candidates/1/fold_auc/2,0.7738095238095237
results/primary99/repeat4-fold4/audit.json,models/tangent_select/candidates/2/mean_inner_auc,0.7119047619047619
results/primary99/repeat4-fold4/audit.json,models/tangent_select/candidates/2/fold_auc/0,0.6833333333333333
results/primary99/repeat4-fold4/audit.json,models/tangent_select/candidates/2/fold_auc/1,0.6666666666666667
results/primary99/repeat4-fold4/audit.json,models/tangent_select/candidates/2/fold_auc/2,0.7857142857142856
results/primary99/repeat4-fold4/audit.json,models/tangent_select/candidates/3/mean_inner_auc,0.7096560846560847
results/primary99/repeat4-fold4/audit.json,models/tangent_select/candidates/3/fold_auc/0,0.6944444444444444
results/primary99/repeat4-fold4/audit.json,models/tangent_select/candidates/3/fold_auc/1,0.6547619047619048
results/primary99/repeat4-fold4/audit.json,models/tangent_select/candidates/3/fold_auc/2,0.7797619047619047
results/primary99/repeat4-fold4/audit.json,models/tangent_select/candidates/4/mean_inner_auc,0.694973544973545
results/primary99/repeat4-fold4/audit.json,models/tangent_select/candidates/4/fold_auc/0,0.6444444444444445
results/primary99/repeat4-fold4/audit.json,models/tangent_select/candidates/4/fold_auc/1,0.7083333333333334
results/primary99/repeat4-fold4/audit.json,models/tangent_select/candidates/4/fold_auc/2,0.7321428571428571
results/primary99/repeat4-fold4/audit.json,models/tangent_select/candidates/5/mean_inner_auc,0.7007936507936509
results/primary99/repeat4-fold4/audit.json,models/tangent_select/candidates/5/fold_auc/0,0.65
results/primary99/repeat4-fold4/audit.json,models/tangent_select/candidates/5/fold_auc/1,0.7083333333333334
results/primary99/repeat4-fold4/audit.json,models/tangent_select/candidates/5/fold_auc/2,0.7440476190476191
results/primary99/repeat4-fold4/audit.json,models/tangent_select/candidates/6/mean_inner_auc,0.7029100529100529
results/primary99/repeat4-fold4/audit.json,models/tangent_select/candidates/6/fold_auc/0,0.6444444444444444
results/primary99/repeat4-fold4/audit.json,models/tangent_select/candidates/6/fold_auc/1,0.7083333333333334
results/primary99/repeat4-fold4/audit.json,models/tangent_select/candidates/6/fold_auc/2,0.7559523809523809
results/primary99/repeat4-fold4/audit.json,models/tangent_select/candidates/7/mean_inner_auc,0.7026455026455026
results/primary99/repeat4-fold4/audit.json,models/tangent_select/candidates/7/fold_auc/0,0.6555555555555556
results/primary99/repeat4-fold4/audit.json,models/tangent_select/candidates/7/fold_auc/1,0.7023809523809524
results/primary99/repeat4-fold4/audit.json,models/tangent_select/candidates/7/fold_auc/2,0.7499999999999999
results/primary99/repeat4-fold4/audit.json,models/tangent_select/chosen/mean_inner_auc,0.7134920634920635
results/primary99/repeat4-fold4/audit.json,models/tangent_select/chosen/fold_auc/0,0.7
results/primary99/repeat4-fold4/audit.json,models/tangent_select/chosen/fold_auc/1,0.6785714285714286
results/primary99/repeat4-fold4/audit.json,models/tangent_select/chosen/fold_auc/2,0.7619047619047619
results/primary99/repeat4-fold4/audit.json,models/tangent_select/threshold/min_recall,0.6111111111111112
results/primary99/repeat4-fold4/audit.json,models/tangent_select/threshold/balanced_accuracy,0.6543927648578811
results/primary99/repeat4-fold5/audit.json,models/tangent_original/candidates/0/mean_inner_auc,0.7515771265771266
results/primary99/repeat4-fold5/audit.json,models/tangent_original/candidates/0/fold_auc/0,0.8055555555555556
results/primary99/repeat4-fold5/audit.json,models/tangent_original/candidates/0/fold_auc/1,0.6098901098901099
results/primary99/repeat4-fold5/audit.json,models/tangent_original/candidates/0/fold_auc/2,0.8392857142857143
results/primary99/repeat4-fold5/audit.json,models/tangent_original/candidates/1/mean_inner_auc,0.7569597069597069
results/primary99/repeat4-fold5/audit.json,models/tangent_original/candidates/1/fold_auc/0,0.8166666666666668
results/primary99/repeat4-fold5/audit.json,models/tangent_original/candidates/1/fold_auc/1,0.6208791208791209
results/primary99/repeat4-fold5/audit.json,models/tangent_original/candidates/1/fold_auc/2,0.8333333333333333
results/primary99/repeat4-fold5/audit.json,models/tangent_original/candidates/2/mean_inner_auc,0.7626271876271877
results/primary99/repeat4-fold5/audit.json,models/tangent_original/candidates/2/fold_auc/0,0.8222222222222223
results/primary99/repeat4-fold5/audit.json,models/tangent_original/candidates/2/fold_auc/1,0.6263736263736264
results/primary99/repeat4-fold5/audit.json,models/tangent_original/candidates/2/fold_auc/2,0.8392857142857143
results/primary99/repeat4-fold5/audit.json,models/tangent_original/candidates/3/mean_inner_auc,0.7626271876271877
results/primary99/repeat4-fold5/audit.json,models/tangent_original/candidates/3/fold_auc/0,0.8222222222222223
results/primary99/repeat4-fold5/audit.json,models/tangent_original/candidates/3/fold_auc/1,0.6263736263736264
results/primary99/repeat4-fold5/audit.json,models/tangent_original/candidates/3/fold_auc/2,0.8392857142857143
results/primary99/repeat4-fold5/audit.json,models/tangent_original/chosen/mean_inner_auc,0.7626271876271877
results/primary99/repeat4-fold5/audit.json,models/tangent_original/chosen/fold_auc/0,0.8222222222222223
results/primary99/repeat4-fold5/audit.json,models/tangent_original/chosen/fold_auc/1,0.6263736263736264
results/primary99/repeat4-fold5/audit.json,models/tangent_original/chosen/fold_auc/2,0.8392857142857143
results/primary99/repeat4-fold5/audit.json,models/tangent_original/threshold/min_recall,0.6744186046511628
results/primary99/repeat4-fold5/audit.json,models/tangent_original/threshold/balanced_accuracy,0.7020741671904462
results/primary99/repeat4-fold5/audit.json,models/tangent_center/candidates/0/mean_inner_auc,0.7361009361009362
results/primary99/repeat4-fold5/audit.json,models/tangent_center/candidates/0/fold_auc/0,0.788888888888889
results/primary99/repeat4-fold5/audit.json,models/tangent_center/candidates/0/fold_auc/1,0.6098901098901099
results/primary99/repeat4-fold5/audit.json,models/tangent_center/candidates/0/fold_auc/2,0.8095238095238095
results/primary99/repeat4-fold5/audit.json,models/tangent_center/candidates/1/mean_inner_auc,0.735948310948311
results/primary99/repeat4-fold5/audit.json,models/tangent_center/candidates/1/fold_auc/0,0.788888888888889
results/primary99/repeat4-fold5/audit.json,models/tangent_center/candidates/1/fold_auc/1,0.6153846153846154
results/primary99/repeat4-fold5/audit.json,models/tangent_center/candidates/1/fold_auc/2,0.8035714285714286
results/primary99/repeat4-fold5/audit.json,models/tangent_center/candidates/2/mean_inner_auc,0.7298636548636549
results/primary99/repeat4-fold5/audit.json,models/tangent_center/candidates/2/fold_auc/0,0.7944444444444445
results/primary99/repeat4-fold5/audit.json,models/tangent_center/candidates/2/fold_auc/1,0.6153846153846154
results/primary99/repeat4-fold5/audit.json,models/tangent_center/candidates/2/fold_auc/2,0.7797619047619048
results/primary99/repeat4-fold5/audit.json,models/tangent_center/candidates/3/mean_inner_auc,0.7412393162393163
results/primary99/repeat4-fold5/audit.json,models/tangent_center/candidates/3/fold_auc/0,0.8166666666666667
results/primary99/repeat4-fold5/audit.json,models/tangent_center/candidates/3/fold_auc/1,0.6153846153846154
results/primary99/repeat4-fold5/audit.json,models/tangent_center/candidates/3/fold_auc/2,0.7916666666666666
results/primary99/repeat4-fold5/audit.json,models/tangent_center/chosen/mean_inner_auc,0.7412393162393163
results/primary99/repeat4-fold5/audit.json,models/tangent_center/chosen/fold_auc/0,0.8166666666666667
results/primary99/repeat4-fold5/audit.json,models/tangent_center/chosen/fold_auc/1,0.6153846153846154
results/primary99/repeat4-fold5/audit.json,models/tangent_center/chosen/fold_auc/2,0.7916666666666666
results/primary99/repeat4-fold5/audit.json,models/tangent_center/threshold/min_recall,0.6744186046511628
results/primary99/repeat4-fold5/audit.json,models/tangent_center/threshold/balanced_accuracy,0.6750471401634193
results/primary99/repeat4-fold5/audit.json,models/tangent_pca/candidates/0/mean_inner_auc,0.6853276353276354
results/primary99/repeat4-fold5/audit.json,models/tangent_pca/candidates/0/fold_auc/0,0.7611111111111112
results/primary99/repeat4-fold5/audit.json,models/tangent_pca/candidates/0/fold_auc/1,0.5329670329670331
results/primary99/repeat4-fold5/audit.json,models/tangent_pca/candidates/0/fold_auc/2,0.7619047619047619
results/primary99/repeat4-fold5/audit.json,models/tangent_pca/candidates/1/mean_inner_auc,0.6966625966625967
results/primary99/repeat4-fold5/audit.json,models/tangent_pca/candidates/1/fold_auc/0,0.7722222222222223
results/primary99/repeat4-fold5/audit.json,models/tangent_pca/candidates/1/fold_auc/1,0.5439560439560439
results/primary99/repeat4-fold5/audit.json,models/tangent_pca/candidates/1/fold_auc/2,0.7738095238095238
results/primary99/repeat4-fold5/audit.json,models/tangent_pca/candidates/2/mean_inner_auc,0.7063390313390313
results/primary99/repeat4-fold5/audit.json,models/tangent_pca/candidates/2/fold_auc/0,0.788888888888889
results/primary99/repeat4-fold5/audit.json,models/tangent_pca/candidates/2/fold_auc/1,0.5384615384615384
results/primary99/repeat4-fold5/audit.json,models/tangent_pca/candidates/2/fold_auc/2,0.7916666666666666
results/primary99/repeat4-fold5/audit.json,models/tangent_pca/candidates/3/mean_inner_auc,0.7083231583231583
results/primary99/repeat4-fold5/audit.json,models/tangent_pca/candidates/3/fold_auc/0,0.788888888888889
results/primary99/repeat4-fold5/audit.json,models/tangent_pca/candidates/3/fold_auc/1,0.5384615384615384
results/primary99/repeat4-fold5/audit.json,models/tangent_pca/candidates/3/fold_auc/2,0.7976190476190476
results/primary99/repeat4-fold5/audit.json,models/tangent_pca/candidates/4/mean_inner_auc,0.7104599104599104
results/primary99/repeat4-fold5/audit.json,models/tangent_pca/candidates/4/fold_auc/0,0.7888888888888889
results/primary99/repeat4-fold5/audit.json,models/tangent_pca/candidates/4/fold_auc/1,0.6043956043956045
results/primary99/repeat4-fold5/audit.json,models/tangent_pca/candidates/4/fold_auc/2,0.7380952380952381
results/primary99/repeat4-fold5/audit.json,models/tangent_pca/candidates/5/mean_inner_auc,0.6965506715506716
results/primary99/repeat4-fold5/audit.json,models/tangent_pca/candidates/5/fold_auc/0,0.7833333333333333
results/primary99/repeat4-fold5/audit.json,models/tangent_pca/candidates/5/fold_auc/1,0.6098901098901099
results/primary99/repeat4-fold5/audit.json,models/tangent_pca/candidates/5/fold_auc/2,0.6964285714285714
results/primary99/repeat4-fold5/audit.json,models/tangent_pca/candidates/6/mean_inner_auc,0.688990638990639
results/primary99/repeat4-fold5/audit.json,models/tangent_pca/candidates/6/fold_auc/0,0.7611111111111111
results/primary99/repeat4-fold5/audit.json,models/tangent_pca/candidates/6/fold_auc/1,0.6153846153846154
results/primary99/repeat4-fold5/audit.json,models/tangent_pca/candidates/6/fold_auc/2,0.6904761904761905
results/primary99/repeat4-fold5/audit.json,models/tangent_pca/candidates/7/mean_inner_auc,0.6889499389499388
results/primary99/repeat4-fold5/audit.json,models/tangent_pca/candidates/7/fold_auc/0,0.75
results/primary99/repeat4-fold5/audit.json,models/tangent_pca/candidates/7/fold_auc/1,0.6263736263736264
results/primary99/repeat4-fold5/audit.json,models/tangent_pca/candidates/7/fold_auc/2,0.6904761904761905
results/primary99/repeat4-fold5/audit.json,models/tangent_pca/chosen/mean_inner_auc,0.7104599104599104
results/primary99/repeat4-fold5/audit.json,models/tangent_pca/chosen/fold_auc/0,0.7888888888888889
results/primary99/repeat4-fold5/audit.json,models/tangent_pca/chosen/fold_auc/1,0.6043956043956045
results/primary99/repeat4-fold5/audit.json,models/tangent_pca/chosen/fold_auc/2,0.7380952380952381
results/primary99/repeat4-fold5/audit.json,models/tangent_pca/threshold/min_recall,0.6511627906976745
results/primary99/repeat4-fold5/audit.json,models/tangent_pca/threshold/balanced_accuracy,0.6634192331866751
results/primary99/repeat4-fold5/audit.json,models/tangent_select/candidates/0/mean_inner_auc,0.681023606023606
results/primary99/repeat4-fold5/audit.json,models/tangent_select/candidates/0/fold_auc/0,0.7944444444444444
results/primary99/repeat4-fold5/audit.json,models/tangent_select/candidates/0/fold_auc/1,0.5164835164835164
results/primary99/repeat4-fold5/audit.json,models/tangent_select/candidates/0/fold_auc/2,0.7321428571428572
results/primary99/repeat4-fold5/audit.json,models/tangent_select/candidates/1/mean_inner_auc,0.6791921041921042
results/primary99/repeat4-fold5/audit.json,models/tangent_select/candidates/1/fold_auc/0,0.7944444444444445
results/primary99/repeat4-fold5/audit.json,models/tangent_select/candidates/1/fold_auc/1,0.510989010989011
results/primary99/repeat4-fold5/audit.json,models/tangent_select/candidates/1/fold_auc/2,0.7321428571428571
results/primary99/repeat4-fold5/audit.json,models/tangent_select/candidates/2/mean_inner_auc,0.6808201058201058
results/primary99/repeat4-fold5/audit.json,models/tangent_select/candidates/2/fold_auc/0,0.8222222222222222
results/primary99/repeat4-fold5/audit.json,models/tangent_select/candidates/2/fold_auc/1,0.5
results/primary99/repeat4-fold5/audit.json,models/tangent_select/candidates/2/fold_auc/2,0.7202380952380952
results/primary99/repeat4-fold5/audit.json,models/tangent_select/candidates/3/mean_inner_auc,0.6805759055759056
results/primary99/repeat4-fold5/audit.json,models/tangent_select/candidates/3/fold_auc/0,0.8388888888888889
results/primary99/repeat4-fold5/audit.json,models/tangent_select/candidates/3/fold_auc/1,0.4945054945054945
results/primary99/repeat4-fold5/audit.json,models/tangent_select/candidates/3/fold_auc/2,0.7083333333333333
results/primary99/repeat4-fold5/audit.json,models/tangent_select/candidates/4/mean_inner_auc,0.7092389092389092
results/primary99/repeat4-fold5/audit.json,models/tangent_select/candidates/4/fold_auc/0,0.788888888888889
results/primary99/repeat4-fold5/audit.json,models/tangent_select/candidates/4/fold_auc/1,0.5769230769230769
results/primary99/repeat4-fold5/audit.json,models/tangent_select/candidates/4/fold_auc/2,0.7619047619047619
results/primary99/repeat4-fold5/audit.json,models/tangent_select/candidates/5/mean_inner_auc,0.7183964183964185
results/primary99/repeat4-fold5/audit.json,models/tangent_select/candidates/5/fold_auc/0,0.788888888888889
results/primary99/repeat4-fold5/audit.json,models/tangent_select/candidates/5/fold_auc/1,0.6043956043956045
results/primary99/repeat4-fold5/audit.json,models/tangent_select/candidates/5/fold_auc/2,0.7619047619047619
results/primary99/repeat4-fold5/audit.json,models/tangent_select/candidates/6/mean_inner_auc,0.7237586487586487
results/primary99/repeat4-fold5/audit.json,models/tangent_select/candidates/6/fold_auc/0,0.7944444444444445
results/primary99/repeat4-fold5/audit.json,models/tangent_select/candidates/6/fold_auc/1,0.6208791208791209
results/primary99/repeat4-fold5/audit.json,models/tangent_select/candidates/6/fold_auc/2,0.7559523809523809
results/primary99/repeat4-fold5/audit.json,models/tangent_select/candidates/7/mean_inner_auc,0.7257224257224258
results/primary99/repeat4-fold5/audit.json,models/tangent_select/candidates/7/fold_auc/0,0.788888888888889
results/primary99/repeat4-fold5/audit.json,models/tangent_select/candidates/7/fold_auc/1,0.6263736263736264
results/primary99/repeat4-fold5/audit.json,models/tangent_select/candidates/7/fold_auc/2,0.761904761904762
results/primary99/repeat4-fold5/audit.json,models/tangent_select/chosen/mean_inner_auc,0.7257224257224258
results/primary99/repeat4-fold5/audit.json,models/tangent_select/chosen/fold_auc/0,0.788888888888889
results/primary99/repeat4-fold5/audit.json,models/tangent_select/chosen/fold_auc/1,0.6263736263736264
results/primary99/repeat4-fold5/audit.json,models/tangent_select/chosen/fold_auc/2,0.761904761904762
results/primary99/repeat4-fold5/audit.json,models/tangent_select/threshold/min_recall,0.6216216216216216
results/primary99/repeat4-fold5/audit.json,models/tangent_select/threshold/balanced_accuracy,0.6596480201131364
results/primary99/repeat5-fold1/audit.json,models/tangent_original/candidates/0/mean_inner_auc,0.7356532356532357
results/primary99/repeat5-fold1/audit.json,models/tangent_original/candidates/0/fold_auc/0,0.6593406593406593
results/primary99/repeat5-fold1/audit.json,models/tangent_original/candidates/0/fold_auc/1,0.7976190476190477
results/primary99/repeat5-fold1/audit.json,models/tangent_original/candidates/0/fold_auc/2,0.75
results/primary99/repeat5-fold1/audit.json,models/tangent_original/candidates/1/mean_inner_auc,0.7374847374847375
results/primary99/repeat5-fold1/audit.json,models/tangent_original/candidates/1/fold_auc/0,0.6648351648351649
results/primary99/repeat5-fold1/audit.json,models/tangent_original/candidates/1/fold_auc/1,0.7976190476190477
results/primary99/repeat5-fold1/audit.json,models/tangent_original/candidates/1/fold_auc/2,0.75
results/primary99/repeat5-fold1/audit.json,models/tangent_original/candidates/2/mean_inner_auc,0.7333638583638584
results/primary99/repeat5-fold1/audit.json,models/tangent_original/candidates/2/fold_auc/0,0.6703296703296704
results/primary99/repeat5-fold1/audit.json,models/tangent_original/candidates/2/fold_auc/1,0.7857142857142857
results/primary99/repeat5-fold1/audit.json,models/tangent_original/candidates/2/fold_auc/2,0.7440476190476191
results/primary99/repeat5-fold1/audit.json,models/tangent_original/candidates/3/mean_inner_auc,0.7332112332112333
results/primary99/repeat5-fold1/audit.json,models/tangent_original/candidates/3/fold_auc/0,0.6758241758241759
results/primary99/repeat5-fold1/audit.json,models/tangent_original/candidates/3/fold_auc/1,0.7857142857142857
results/primary99/repeat5-fold1/audit.json,models/tangent_original/candidates/3/fold_auc/2,0.738095238095238
results/primary99/repeat5-fold1/audit.json,models/tangent_original/chosen/mean_inner_auc,0.7374847374847375
results/primary99/repeat5-fold1/audit.json,models/tangent_original/chosen/fold_auc/0,0.6648351648351649
results/primary99/repeat5-fold1/audit.json,models/tangent_original/chosen/fold_auc/1,0.7976190476190477
results/primary99/repeat5-fold1/audit.json,models/tangent_original/chosen/fold_auc/2,0.75
results/primary99/repeat5-fold1/audit.json,models/tangent_original/threshold/min_recall,0.6216216216216216
results/primary99/repeat5-fold1/audit.json,models/tangent_original/threshold/balanced_accuracy,0.6560489060489061
results/primary99/repeat5-fold1/audit.json,models/tangent_center/candidates/0/mean_inner_auc,0.7493894993894994
results/primary99/repeat5-fold1/audit.json,models/tangent_center/candidates/0/fold_auc/0,0.6648351648351648
results/primary99/repeat5-fold1/audit.json,models/tangent_center/candidates/0/fold_auc/1,0.8273809523809523
results/primary99/repeat5-fold1/audit.json,models/tangent_center/candidates/0/fold_auc/2,0.7559523809523809
results/primary99/repeat5-fold1/audit.json,models/tangent_center/candidates/1/mean_inner_auc,0.7492368742368742
results/primary99/repeat5-fold1/audit.json,models/tangent_center/candidates/1/fold_auc/0,0.6703296703296704
results/primary99/repeat5-fold1/audit.json,models/tangent_center/candidates/1/fold_auc/1,0.8273809523809523
results/primary99/repeat5-fold1/audit.json,models/tangent_center/candidates/1/fold_auc/2,0.7499999999999999
results/primary99/repeat5-fold1/audit.json,models/tangent_center/candidates/2/mean_inner_auc,0.7568681318681318
results/primary99/repeat5-fold1/audit.json,models/tangent_center/candidates/2/fold_auc/0,0.6813186813186813
results/primary99/repeat5-fold1/audit.json,models/tangent_center/candidates/2/fold_auc/1,0.8392857142857143
results/primary99/repeat5-fold1/audit.json,models/tangent_center/candidates/2/fold_auc/2,0.75
results/primary99/repeat5-fold1/audit.json,models/tangent_center/candidates/3/mean_inner_auc,0.7545787545787546
results/primary99/repeat5-fold1/audit.json,models/tangent_center/candidates/3/fold_auc/0,0.6923076923076923
results/primary99/repeat5-fold1/audit.json,models/tangent_center/candidates/3/fold_auc/1,0.8273809523809523
results/primary99/repeat5-fold1/audit.json,models/tangent_center/candidates/3/fold_auc/2,0.7440476190476191
results/primary99/repeat5-fold1/audit.json,models/tangent_center/chosen/mean_inner_auc,0.7568681318681318
results/primary99/repeat5-fold1/audit.json,models/tangent_center/chosen/fold_auc/0,0.6813186813186813
results/primary99/repeat5-fold1/audit.json,models/tangent_center/chosen/fold_auc/1,0.8392857142857143
results/primary99/repeat5-fold1/audit.json,models/tangent_center/chosen/fold_auc/2,0.75
results/primary99/repeat5-fold1/audit.json,models/tangent_center/threshold/min_recall,0.6428571428571429
results/primary99/repeat5-fold1/audit.json,models/tangent_center/threshold/balanced_accuracy,0.6592664092664093
results/primary99/repeat5-fold1/audit.json,models/tangent_pca/candidates/0/mean_inner_auc,0.6694139194139194
results/primary99/repeat5-fold1/audit.json,models/tangent_pca/candidates/0/fold_auc/0,0.6153846153846154
results/primary99/repeat5-fold1/audit.json,models/tangent_pca/candidates/0/fold_auc/1,0.7857142857142857
results/primary99/repeat5-fold1/audit.json,models/tangent_pca/candidates/0/fold_auc/2,0.6071428571428572
results/primary99/repeat5-fold1/audit.json,models/tangent_pca/candidates/1/mean_inner_auc,0.6617826617826618
results/primary99/repeat5-fold1/audit.json,models/tangent_pca/candidates/1/fold_auc/0,0.6043956043956045
results/primary99/repeat5-fold1/audit.json,models/tangent_pca/candidates/1/fold_auc/1,0.7916666666666666
results/primary99/repeat5-fold1/audit.json,models/tangent_pca/candidates/1/fold_auc/2,0.5892857142857142
results/primary99/repeat5-fold1/audit.json,models/tangent_pca/candidates/2/mean_inner_auc,0.6697191697191697
results/primary99/repeat5-fold1/audit.json,models/tangent_pca/candidates/2/fold_auc/0,0.6043956043956045
results/primary99/repeat5-fold1/audit.json,models/tangent_pca/candidates/2/fold_auc/1,0.8095238095238095
results/primary99/repeat5-fold1/audit.json,models/tangent_pca/candidates/2/fold_auc/2,0.5952380952380952
results/primary99/repeat5-fold1/audit.json,models/tangent_pca/candidates/3/mean_inner_auc,0.6756715506715508
results/primary99/repeat5-fold1/audit.json,models/tangent_pca/candidates/3/fold_auc/0,0.6043956043956045
results/primary99/repeat5-fold1/audit.json,models/tangent_pca/candidates/3/fold_auc/1,0.8095238095238095
results/primary99/repeat5-fold1/audit.json,models/tangent_pca/candidates/3/fold_auc/2,0.6130952380952381
results/primary99/repeat5-fold1/audit.json,models/tangent_pca/candidates/4/mean_inner_auc,0.6811660561660563
results/primary99/repeat5-fold1/audit.json,models/tangent_pca/candidates/4/fold_auc/0,0.6208791208791209
results/primary99/repeat5-fold1/audit.json,models/tangent_pca/candidates/4/fold_auc/1,0.8154761904761905
results/primary99/repeat5-fold1/audit.json,models/tangent_pca/candidates/4/fold_auc/2,0.6071428571428572
results/primary99/repeat5-fold1/audit.json,models/tangent_pca/candidates/5/mean_inner_auc,0.7010073260073261
results/primary99/repeat5-fold1/audit.json,models/tangent_pca/candidates/5/fold_auc/0,0.6208791208791209
results/primary99/repeat5-fold1/audit.json,models/tangent_pca/candidates/5/fold_auc/1,0.8273809523809523
results/primary99/repeat5-fold1/audit.json,models/tangent_pca/candidates/5/fold_auc/2,0.6547619047619048
results/primary99/repeat5-fold1/audit.json,models/tangent_pca/candidates/6/mean_inner_auc,0.7161172161172161
results/primary99/repeat5-fold1/audit.json,models/tangent_pca/candidates/6/fold_auc/0,0.6483516483516484
results/primary99/repeat5-fold1/audit.json,models/tangent_pca/candidates/6/fold_auc/1,0.8333333333333333
results/primary99/repeat5-fold1/audit.json,models/tangent_pca/candidates/6/fold_auc/2,0.6666666666666666
results/primary99/repeat5-fold1/audit.json,models/tangent_pca/candidates/7/mean_inner_auc,0.7318376068376068
results/primary99/repeat5-fold1/audit.json,models/tangent_pca/candidates/7/fold_auc/0,0.6538461538461539
results/primary99/repeat5-fold1/audit.json,models/tangent_pca/candidates/7/fold_auc/1,0.8392857142857143
results/primary99/repeat5-fold1/audit.json,models/tangent_pca/candidates/7/fold_auc/2,0.7023809523809523
results/primary99/repeat5-fold1/audit.json,models/tangent_pca/chosen/mean_inner_auc,0.7318376068376068
results/primary99/repeat5-fold1/audit.json,models/tangent_pca/chosen/fold_auc/0,0.6538461538461539
results/primary99/repeat5-fold1/audit.json,models/tangent_pca/chosen/fold_auc/1,0.8392857142857143
results/primary99/repeat5-fold1/audit.json,models/tangent_pca/chosen/fold_auc/2,0.7023809523809523
results/primary99/repeat5-fold1/audit.json,models/tangent_pca/threshold/min_recall,0.6486486486486487
results/primary99/repeat5-fold1/audit.json,models/tangent_pca/threshold/balanced_accuracy,0.6576576576576576
results/primary99/repeat5-fold1/audit.json,models/tangent_select/candidates/0/mean_inner_auc,0.6564407814407814
results/primary99/repeat5-fold1/audit.json,models/tangent_select/candidates/0/fold_auc/0,0.5824175824175825
results/primary99/repeat5-fold1/audit.json,models/tangent_select/candidates/0/fold_auc/1,0.6845238095238095
results/primary99/repeat5-fold1/audit.json,models/tangent_select/candidates/0/fold_auc/2,0.7023809523809524
results/primary99/repeat5-fold1/audit.json,models/tangent_select/candidates/1/mean_inner_auc,0.6498778998778999
results/primary99/repeat5-fold1/audit.json,models/tangent_select/candidates/1/fold_auc/0,0.6043956043956045
results/primary99/repeat5-fold1/audit.json,models/tangent_select/candidates/1/fold_auc/1,0.6428571428571428
results/primary99/repeat5-fold1/audit.json,models/tangent_select/candidates/1/fold_auc/2,0.7023809523809524
results/primary99/repeat5-fold1/audit.json,models/tangent_select/candidates/2/mean_inner_auc,0.637973137973138
results/primary99/repeat5-fold1/audit.json,models/tangent_select/candidates/2/fold_auc/0,0.6043956043956045
results/primary99/repeat5-fold1/audit.json,models/tangent_select/candidates/2/fold_auc/1,0.6011904761904762
results/primary99/repeat5-fold1/audit.json,models/tangent_select/candidates/2/fold_auc/2,0.7083333333333333
results/primary99/repeat5-fold1/audit.json,models/tangent_select/candidates/3/mean_inner_auc,0.621947496947497
results/primary99/repeat5-fold1/audit.json,models/tangent_select/candidates/3/fold_auc/0,0.6098901098901098
results/primary99/repeat5-fold1/audit.json,models/tangent_select/candidates/3/fold_auc/1,0.5476190476190477
results/primary99/repeat5-fold1/audit.json,models/tangent_select/candidates/3/fold_auc/2,0.7083333333333334
results/primary99/repeat5-fold1/audit.json,models/tangent_select/candidates/4/mean_inner_auc,0.7147435897435898
results/primary99/repeat5-fold1/audit.json,models/tangent_select/candidates/4/fold_auc/0,0.6263736263736264
results/primary99/repeat5-fold1/audit.json,models/tangent_select/candidates/4/fold_auc/1,0.7738095238095238
results/primary99/repeat5-fold1/audit.json,models/tangent_select/candidates/4/fold_auc/2,0.744047619047619
results/primary99/repeat5-fold1/audit.json,models/tangent_select/candidates/5/mean_inner_auc,0.7013125763125764
results/primary99/repeat5-fold1/audit.json,models/tangent_select/candidates/5/fold_auc/0,0.6098901098901099
results/primary99/repeat5-fold1/audit.json,models/tangent_select/candidates/5/fold_auc/1,0.738095238095238
results/primary99/repeat5-fold1/audit.json,models/tangent_select/candidates/5/fold_auc/2,0.7559523809523808
results/primary99/repeat5-fold1/audit.json,models/tangent_select/candidates/6/mean_inner_auc,0.6913919413919415
results/primary99/repeat5-fold1/audit.json,models/tangent_select/candidates/6/fold_auc/0,0.6098901098901099
results/primary99/repeat5-fold1/audit.json,models/tangent_select/candidates/6/fold_auc/1,0.7261904761904762
results/primary99/repeat5-fold1/audit.json,models/tangent_select/candidates/6/fold_auc/2,0.7380952380952381
results/primary99/repeat5-fold1/audit.json,models/tangent_select/candidates/7/mean_inner_auc,0.6854395604395603
results/primary99/repeat5-fold1/audit.json,models/tangent_select/candidates/7/fold_auc/0,0.6098901098901099
results/primary99/repeat5-fold1/audit.json,models/tangent_select/candidates/7/fold_auc/1,0.7142857142857142
results/primary99/repeat5-fold1/audit.json,models/tangent_select/candidates/7/fold_auc/2,0.7321428571428571
results/primary99/repeat5-fold1/audit.json,models/tangent_select/chosen/mean_inner_auc,0.7147435897435898
results/primary99/repeat5-fold1/audit.json,models/tangent_select/chosen/fold_auc/0,0.6263736263736264
results/primary99/repeat5-fold1/audit.json,models/tangent_select/chosen/fold_auc/1,0.7738095238095238
results/primary99/repeat5-fold1/audit.json,models/tangent_select/chosen/fold_auc/2,0.744047619047619
results/primary99/repeat5-fold1/audit.json,models/tangent_select/threshold/min_recall,0.6486486486486487
results/primary99/repeat5-fold1/audit.json,models/tangent_select/threshold/balanced_accuracy,0.6576576576576576
results/primary99/repeat5-fold2/audit.json,models/tangent_original/candidates/0/mean_inner_auc,0.7329059829059829
results/primary99/repeat5-fold2/audit.json,models/tangent_original/candidates/0/fold_auc/0,0.8296703296703297
results/primary99/repeat5-fold2/audit.json,models/tangent_original/candidates/0/fold_auc/1,0.8273809523809523
results/primary99/repeat5-fold2/audit.json,models/tangent_original/candidates/0/fold_auc/2,0.5416666666666666
results/primary99/repeat5-fold2/audit.json,models/tangent_original/candidates/1/mean_inner_auc,0.7426739926739927
results/primary99/repeat5-fold2/audit.json,models/tangent_original/candidates/1/fold_auc/0,0.8351648351648352
results/primary99/repeat5-fold2/audit.json,models/tangent_original/candidates/1/fold_auc/1,0.8333333333333334
results/primary99/repeat5-fold2/audit.json,models/tangent_original/candidates/1/fold_auc/2,0.5595238095238095
results/primary99/repeat5-fold2/audit.json,models/tangent_original/candidates/2/mean_inner_auc,0.7464896214896215
results/primary99/repeat5-fold2/audit.json,models/tangent_original/candidates/2/fold_auc/0,0.8406593406593407
results/primary99/repeat5-fold2/audit.json,models/tangent_original/candidates/2/fold_auc/1,0.8333333333333334
results/primary99/repeat5-fold2/audit.json,models/tangent_original/candidates/2/fold_auc/2,0.5654761904761905
results/primary99/repeat5-fold2/audit.json,models/tangent_original/candidates/3/mean_inner_auc,0.7484737484737485
results/primary99/repeat5-fold2/audit.json,models/tangent_original/candidates/3/fold_auc/0,0.8406593406593407
results/primary99/repeat5-fold2/audit.json,models/tangent_original/candidates/3/fold_auc/1,0.8333333333333334
results/primary99/repeat5-fold2/audit.json,models/tangent_original/candidates/3/fold_auc/2,0.5714285714285714
results/primary99/repeat5-fold2/audit.json,models/tangent_original/chosen/mean_inner_auc,0.7484737484737485
results/primary99/repeat5-fold2/audit.json,models/tangent_original/chosen/fold_auc/0,0.8406593406593407
results/primary99/repeat5-fold2/audit.json,models/tangent_original/chosen/fold_auc/1,0.8333333333333334
results/primary99/repeat5-fold2/audit.json,models/tangent_original/chosen/fold_auc/2,0.5714285714285714
results/primary99/repeat5-fold2/audit.json,models/tangent_original/threshold/min_recall,0.6756756756756757
results/primary99/repeat5-fold2/audit.json,models/tangent_original/threshold/balanced_accuracy,0.7306949806949807
results/primary99/repeat5-fold2/audit.json,models/tangent_center/candidates/0/mean_inner_auc,0.6971916971916973
results/primary99/repeat5-fold2/audit.json,models/tangent_center/candidates/0/fold_auc/0,0.8296703296703297
results/primary99/repeat5-fold2/audit.json,models/tangent_center/candidates/0/fold_auc/1,0.7559523809523809
results/primary99/repeat5-fold2/audit.json,models/tangent_center/candidates/0/fold_auc/2,0.5059523809523809
results/primary99/repeat5-fold2/audit.json,models/tangent_center/candidates/1/mean_inner_auc,0.701159951159951
results/primary99/repeat5-fold2/audit.json,models/tangent_center/candidates/1/fold_auc/0,0.8296703296703296
results/primary99/repeat5-fold2/audit.json,models/tangent_center/candidates/1/fold_auc/1,0.7678571428571428
results/primary99/repeat5-fold2/audit.json,models/tangent_center/candidates/1/fold_auc/2,0.5059523809523809
results/primary99/repeat5-fold2/audit.json,models/tangent_center/candidates/2/mean_inner_auc,0.7246642246642246
results/primary99/repeat5-fold2/audit.json,models/tangent_center/candidates/2/fold_auc/0,0.8406593406593407
results/primary99/repeat5-fold2/audit.json,models/tangent_center/candidates/2/fold_auc/1,0.8035714285714285
results/primary99/repeat5-fold2/audit.json,models/tangent_center/candidates/2/fold_auc/2,0.5297619047619048
results/primary99/repeat5-fold2/audit.json,models/tangent_center/candidates/3/mean_inner_auc,0.7364163614163614
results/primary99/repeat5-fold2/audit.json,models/tangent_center/candidates/3/fold_auc/0,0.8461538461538461
results/primary99/repeat5-fold2/audit.json,models/tangent_center/candidates/3/fold_auc/1,0.8154761904761905
results/primary99/repeat5-fold2/audit.json,models/tangent_center/candidates/3/fold_auc/2,0.5476190476190476
results/primary99/repeat5-fold2/audit.json,models/tangent_center/chosen/mean_inner_auc,0.7364163614163614
results/primary99/repeat5-fold2/audit.json,models/tangent_center/chosen/fold_auc/0,0.8461538461538461
results/primary99/repeat5-fold2/audit.json,models/tangent_center/chosen/fold_auc/1,0.8154761904761905
results/primary99/repeat5-fold2/audit.json,models/tangent_center/chosen/fold_auc/2,0.5476190476190476
results/primary99/repeat5-fold2/audit.json,models/tangent_center/threshold/min_recall,0.7027027027027027
results/primary99/repeat5-fold2/audit.json,models/tangent_center/threshold/balanced_accuracy,0.7084942084942085
results/primary99/repeat5-fold2/audit.json,models/tangent_pca/candidates/0/mean_inner_auc,0.6439255189255189
results/primary99/repeat5-fold2/audit.json,models/tangent_pca/candidates/0/fold_auc/0,0.6758241758241759
results/primary99/repeat5-fold2/audit.json,models/tangent_pca/candidates/0/fold_auc/1,0.7142857142857143
results/primary99/repeat5-fold2/audit.json,models/tangent_pca/candidates/0/fold_auc/2,0.5416666666666666
results/primary99/repeat5-fold2/audit.json,models/tangent_pca/candidates/1/mean_inner_auc,0.6379731379731379
results/primary99/repeat5-fold2/audit.json,models/tangent_pca/candidates/1/fold_auc/0,0.6758241758241759
results/primary99/repeat5-fold2/audit.json,models/tangent_pca/candidates/1/fold_auc/1,0.7202380952380952
results/primary99/repeat5-fold2/audit.json,models/tangent_pca/candidates/1/fold_auc/2,0.5178571428571429
results/primary99/repeat5-fold2/audit.json,models/tangent_pca/candidates/2/mean_inner_auc,0.6379731379731379
results/primary99/repeat5-fold2/audit.json,models/tangent_pca/candidates/2/fold_auc/0,0.6758241758241759
results/primary99/repeat5-fold2/audit.json,models/tangent_pca/candidates/2/fold_auc/1,0.7142857142857143
results/primary99/repeat5-fold2/audit.json,models/tangent_pca/candidates/2/fold_auc/2,0.5238095238095238
results/primary99/repeat5-fold2/audit.json,models/tangent_pca/candidates/3/mean_inner_auc,0.6399572649572649
results/primary99/repeat5-fold2/audit.json,models/tangent_pca/candidates/3/fold_auc/0,0.6758241758241759
results/primary99/repeat5-fold2/audit.json,models/tangent_pca/candidates/3/fold_auc/1,0.7202380952380952
results/primary99/repeat5-fold2/audit.json,models/tangent_pca/candidates/3/fold_auc/2,0.5238095238095238
results/primary99/repeat5-fold2/audit.json,models/tangent_pca/candidates/4/mean_inner_auc,0.6494200244200244
results/primary99/repeat5-fold2/audit.json,models/tangent_pca/candidates/4/fold_auc/0,0.7637362637362637
results/primary99/repeat5-fold2/audit.json,models/tangent_pca/candidates/4/fold_auc/1,0.6904761904761905
results/primary99/repeat5-fold2/audit.json,models/tangent_pca/candidates/4/fold_auc/2,0.49404761904761907
results/primary99/repeat5-fold2/audit.json,models/tangent_pca/candidates/5/mean_inner_auc,0.661019536019536
results/primary99/repeat5-fold2/audit.json,models/tangent_pca/candidates/5/fold_auc/0,0.7747252747252747
results/primary99/repeat5-fold2/audit.json,models/tangent_pca/candidates/5/fold_auc/1,0.7023809523809523
results/primary99/repeat5-fold2/audit.json,models/tangent_pca/candidates/5/fold_auc/2,0.5059523809523809
results/primary99/repeat5-fold2/audit.json,models/tangent_pca/candidates/6/mean_inner_auc,0.6552197802197802
results/primary99/repeat5-fold2/audit.json,models/tangent_pca/candidates/6/fold_auc/0,0.7692307692307693
results/primary99/repeat5-fold2/audit.json,models/tangent_pca/candidates/6/fold_auc/1,0.6726190476190477
results/primary99/repeat5-fold2/audit.json,models/tangent_pca/candidates/6/fold_auc/2,0.5238095238095238
results/primary99/repeat5-fold2/audit.json,models/tangent_pca/candidates/7/mean_inner_auc,0.657051282051282
results/primary99/repeat5-fold2/audit.json,models/tangent_pca/candidates/7/fold_auc/0,0.7747252747252747
results/primary99/repeat5-fold2/audit.json,models/tangent_pca/candidates/7/fold_auc/1,0.6666666666666667
results/primary99/repeat5-fold2/audit.json,models/tangent_pca/candidates/7/fold_auc/2,0.5297619047619048
results/primary99/repeat5-fold2/audit.json,models/tangent_pca/chosen/mean_inner_auc,0.661019536019536
results/primary99/repeat5-fold2/audit.json,models/tangent_pca/chosen/fold_auc/0,0.7747252747252747
results/primary99/repeat5-fold2/audit.json,models/tangent_pca/chosen/fold_auc/1,0.7023809523809523
results/primary99/repeat5-fold2/audit.json,models/tangent_pca/chosen/fold_auc/2,0.5059523809523809
results/primary99/repeat5-fold2/audit.json,models/tangent_pca/threshold/min_recall,0.6428571428571429
results/primary99/repeat5-fold2/audit.json,models/tangent_pca/threshold/balanced_accuracy,0.6592664092664093
results/primary99/repeat5-fold2/audit.json,models/tangent_select/candidates/0/mean_inner_auc,0.7005494505494506
results/primary99/repeat5-fold2/audit.json,models/tangent_select/candidates/0/fold_auc/0,0.7802197802197802
results/primary99/repeat5-fold2/audit.json,models/tangent_select/candidates/0/fold_auc/1,0.7738095238095238
results/primary99/repeat5-fold2/audit.json,models/tangent_select/candidates/0/fold_auc/2,0.5476190476190476
results/primary99/repeat5-fold2/audit.json,models/tangent_select/candidates/1/mean_inner_auc,0.7084859584859585
results/primary99/repeat5-fold2/audit.json,models/tangent_select/candidates/1/fold_auc/0,0.7802197802197802
results/primary99/repeat5-fold2/audit.json,models/tangent_select/candidates/1/fold_auc/1,0.7797619047619048
results/primary99/repeat5-fold2/audit.json,models/tangent_select/candidates/1/fold_auc/2,0.5654761904761905
results/primary99/repeat5-fold2/audit.json,models/tangent_select/candidates/2/mean_inner_auc,0.7301587301587301
results/primary99/repeat5-fold2/audit.json,models/tangent_select/candidates/2/fold_auc/0,0.7857142857142857
results/primary99/repeat5-fold2/audit.json,models/tangent_select/candidates/2/fold_auc/1,0.8035714285714285
results/primary99/repeat5-fold2/audit.json,models/tangent_select/candidates/2/fold_auc/2,0.6011904761904762
results/primary99/repeat5-fold2/audit.json,models/tangent_select/candidates/3/mean_inner_auc,0.7303113553113553
results/primary99/repeat5-fold2/audit.json,models/tangent_select/candidates/3/fold_auc/0,0.7802197802197802
results/primary99/repeat5-fold2/audit.json,models/tangent_select/candidates/3/fold_auc/1,0.8095238095238094
results/primary99/repeat5-fold2/audit.json,models/tangent_select/candidates/3/fold_auc/2,0.601190476190476
results/primary99/repeat5-fold2/audit.json,models/tangent_select/candidates/4/mean_inner_auc,0.7116910866910867
results/primary99/repeat5-fold2/audit.json,models/tangent_select/candidates/4/fold_auc/0,0.8076923076923077
results/primary99/repeat5-fold2/audit.json,models/tangent_select/candidates/4/fold_auc/1,0.7619047619047619
results/primary99/repeat5-fold2/audit.json,models/tangent_select/candidates/4/fold_auc/2,0.5654761904761905
results/primary99/repeat5-fold2/audit.json,models/tangent_select/candidates/5/mean_inner_auc,0.7177960927960928
results/primary99/repeat5-fold2/audit.json,models/tangent_select/candidates/5/fold_auc/0,0.8021978021978022
results/primary99/repeat5-fold2/audit.json,models/tangent_select/candidates/5/fold_auc/1,0.7678571428571429
results/primary99/repeat5-fold2/audit.json,models/tangent_select/candidates/5/fold_auc/2,0.5833333333333333
results/primary99/repeat5-fold2/audit.json,models/tangent_select/candidates/6/mean_inner_auc,0.7237484737484738
results/primary99/repeat5-fold2/audit.json,models/tangent_select/candidates/6/fold_auc/0,0.8021978021978022
results/primary99/repeat5-fold2/audit.json,models/tangent_select/candidates/6/fold_auc/1,0.7857142857142857
results/primary99/repeat5-fold2/audit.json,models/tangent_select/candidates/6/fold_auc/2,0.5833333333333333
results/primary99/repeat5-fold2/audit.json,models/tangent_select/candidates/7/mean_inner_auc,0.7237484737484738
results/primary99/repeat5-fold2/audit.json,models/tangent_select/candidates/7/fold_auc/0,0.8021978021978022
results/primary99/repeat5-fold2/audit.json,models/tangent_select/candidates/7/fold_auc/1,0.7857142857142857
results/primary99/repeat5-fold2/audit.json,models/tangent_select/candidates/7/fold_auc/2,0.5833333333333333
results/primary99/repeat5-fold2/audit.json,models/tangent_select/chosen/mean_inner_auc,0.7303113553113553
results/primary99/repeat5-fold2/audit.json,models/tangent_select/chosen/fold_auc/0,0.7802197802197802
results/primary99/repeat5-fold2/audit.json,models/tangent_select/chosen/fold_auc/1,0.8095238095238094
results/primary99/repeat5-fold2/audit.json,models/tangent_select/chosen/fold_auc/2,0.601190476190476
results/primary99/repeat5-fold2/audit.json,models/tangent_select/threshold/min_recall,0.6486486486486487
results/primary99/repeat5-fold2/audit.json,models/tangent_select/threshold/balanced_accuracy,0.6576576576576576
results/primary99/repeat5-fold3/audit.json,models/tangent_original/candidates/0/mean_inner_auc,0.7916666666666666
results/primary99/repeat5-fold3/audit.json,models/tangent_original/candidates/0/fold_auc/0,0.7857142857142857
results/primary99/repeat5-fold3/audit.json,models/tangent_original/candidates/0/fold_auc/1,0.738095238095238
results/primary99/repeat5-fold3/audit.json,models/tangent_original/candidates/0/fold_auc/2,0.8511904761904762
results/primary99/repeat5-fold3/audit.json,models/tangent_original/candidates/1/mean_inner_auc,0.7933455433455432
results/primary99/repeat5-fold3/audit.json,models/tangent_original/candidates/1/fold_auc/0,0.7967032967032968
results/primary99/repeat5-fold3/audit.json,models/tangent_original/candidates/1/fold_auc/1,0.744047619047619
results/primary99/repeat5-fold3/audit.json,models/tangent_original/candidates/1/fold_auc/2,0.8392857142857142
results/primary99/repeat5-fold3/audit.json,models/tangent_original/candidates/2/mean_inner_auc,0.7934981684981685
results/primary99/repeat5-fold3/audit.json,models/tangent_original/candidates/2/fold_auc/0,0.7912087912087913
results/primary99/repeat5-fold3/audit.json,models/tangent_original/candidates/2/fold_auc/1,0.744047619047619
results/primary99/repeat5-fold3/audit.json,models/tangent_original/candidates/2/fold_auc/2,0.8452380952380951
results/primary99/repeat5-fold3/audit.json,models/tangent_original/candidates/3/mean_inner_auc,0.7934981684981685
results/primary99/repeat5-fold3/audit.json,models/tangent_original/candidates/3/fold_auc/0,0.7912087912087913
results/primary99/repeat5-fold3/audit.json,models/tangent_original/candidates/3/fold_auc/1,0.744047619047619
results/primary99/repeat5-fold3/audit.json,models/tangent_original/candidates/3/fold_auc/2,0.8452380952380951
results/primary99/repeat5-fold3/audit.json,models/tangent_original/chosen/mean_inner_auc,0.7934981684981685
results/primary99/repeat5-fold3/audit.json,models/tangent_original/chosen/fold_auc/0,0.7912087912087913
results/primary99/repeat5-fold3/audit.json,models/tangent_original/chosen/fold_auc/1,0.744047619047619
results/primary99/repeat5-fold3/audit.json,models/tangent_original/chosen/fold_auc/2,0.8452380952380951
results/primary99/repeat5-fold3/audit.json,models/tangent_original/threshold/min_recall,0.6756756756756757
results/primary99/repeat5-fold3/audit.json,models/tangent_original/threshold/balanced_accuracy,0.6830759330759331
results/primary99/repeat5-fold3/audit.json,models/tangent_center/candidates/0/mean_inner_auc,0.784035409035409
results/primary99/repeat5-fold3/audit.json,models/tangent_center/candidates/0/fold_auc/0,0.7747252747252747
results/primary99/repeat5-fold3/audit.json,models/tangent_center/candidates/0/fold_auc/1,0.7380952380952381
results/primary99/repeat5-fold3/audit.json,models/tangent_center/candidates/0/fold_auc/2,0.8392857142857142
results/primary99/repeat5-fold3/audit.json,models/tangent_center/candidates/1/mean_inner_auc,0.788003663003663
results/primary99/repeat5-fold3/audit.json,models/tangent_center/candidates/1/fold_auc/0,0.7747252747252747
results/primary99/repeat5-fold3/audit.json,models/tangent_center/candidates/1/fold_auc/1,0.738095238095238
results/primary99/repeat5-fold3/audit.json,models/tangent_center/candidates/1/fold_auc/2,0.8511904761904762
results/primary99/repeat5-fold3/audit.json,models/tangent_center/candidates/2/mean_inner_auc,0.8028083028083027
results/primary99/repeat5-fold3/audit.json,models/tangent_center/candidates/2/fold_auc/0,0.8131868131868132
results/primary99/repeat5-fold3/audit.json,models/tangent_center/candidates/2/fold_auc/1,0.7440476190476191
results/primary99/repeat5-fold3/audit.json,models/tangent_center/candidates/2/fold_auc/2,0.8511904761904762
results/primary99/repeat5-fold3/audit.json,models/tangent_center/candidates/3/mean_inner_auc,0.8066239316239315
results/primary99/repeat5-fold3/audit.json,models/tangent_center/candidates/3/fold_auc/0,0.8186813186813187
results/primary99/repeat5-fold3/audit.json,models/tangent_center/candidates/3/fold_auc/1,0.7559523809523809
results/primary99/repeat5-fold3/audit.json,models/tangent_center/candidates/3/fold_auc/2,0.8452380952380952
results/primary99/repeat5-fold3/audit.json,models/tangent_center/chosen/mean_inner_auc,0.8066239316239315
results/primary99/repeat5-fold3/audit.json,models/tangent_center/chosen/fold_auc/0,0.8186813186813187
results/primary99/repeat5-fold3/audit.json,models/tangent_center/chosen/fold_auc/1,0.7559523809523809
results/primary99/repeat5-fold3/audit.json,models/tangent_center/chosen/fold_auc/2,0.8452380952380952
results/primary99/repeat5-fold3/audit.json,models/tangent_center/threshold/min_recall,0.7027027027027027
results/primary99/repeat5-fold3/audit.json,models/tangent_center/threshold/balanced_accuracy,0.7084942084942085
results/primary99/repeat5-fold3/audit.json,models/tangent_pca/candidates/0/mean_inner_auc,0.7165750915750916
results/primary99/repeat5-fold3/audit.json,models/tangent_pca/candidates/0/fold_auc/0,0.7032967032967032
results/primary99/repeat5-fold3/audit.json,models/tangent_pca/candidates/0/fold_auc/1,0.6428571428571428
results/primary99/repeat5-fold3/audit.json,models/tangent_pca/candidates/0/fold_auc/2,0.8035714285714286
results/primary99/repeat5-fold3/audit.json,models/tangent_pca/candidates/1/mean_inner_auc,0.7284798534798534
results/primary99/repeat5-fold3/audit.json,models/tangent_pca/candidates/1/fold_auc/0,0.7032967032967032
results/primary99/repeat5-fold3/audit.json,models/tangent_pca/candidates/1/fold_auc/1,0.6666666666666667
results/primary99/repeat5-fold3/audit.json,models/tangent_pca/candidates/1/fold_auc/2,0.8154761904761905
results/primary99/repeat5-fold3/audit.json,models/tangent_pca/candidates/2/mean_inner_auc,0.7266483516483516
results/primary99/repeat5-fold3/audit.json,models/tangent_pca/candidates/2/fold_auc/0,0.6978021978021979
results/primary99/repeat5-fold3/audit.json,models/tangent_pca/candidates/2/fold_auc/1,0.6666666666666667
results/primary99/repeat5-fold3/audit.json,models/tangent_pca/candidates/2/fold_auc/2,0.8154761904761905
results/primary99/repeat5-fold3/audit.json,models/tangent_pca/candidates/3/mean_inner_auc,0.7286324786324787
results/primary99/repeat5-fold3/audit.json,models/tangent_pca/candidates/3/fold_auc/0,0.6978021978021979
results/primary99/repeat5-fold3/audit.json,models/tangent_pca/candidates/3/fold_auc/1,0.6666666666666667
results/primary99/repeat5-fold3/audit.json,models/tangent_pca/candidates/3/fold_auc/2,0.8214285714285714
results/primary99/repeat5-fold3/audit.json,models/tangent_pca/candidates/4/mean_inner_auc,0.7396214896214895
results/primary99/repeat5-fold3/audit.json,models/tangent_pca/candidates/4/fold_auc/0,0.7307692307692308
results/primary99/repeat5-fold3/audit.json,models/tangent_pca/candidates/4/fold_auc/1,0.6726190476190476
results/primary99/repeat5-fold3/audit.json,models/tangent_pca/candidates/4/fold_auc/2,0.8154761904761904
results/primary99/repeat5-fold3/audit.json,models/tangent_pca/candidates/5/mean_inner_auc,0.7535103785103785
results/primary99/repeat5-fold3/audit.json,models/tangent_pca/candidates/5/fold_auc/0,0.7307692307692308
results/primary99/repeat5-fold3/audit.json,models/tangent_pca/candidates/5/fold_auc/1,0.6904761904761905
results/primary99/repeat5-fold3/audit.json,models/tangent_pca/candidates/5/fold_auc/2,0.8392857142857142
results/primary99/repeat5-fold3/audit.json,models/tangent_pca/candidates/6/mean_inner_auc,0.7385531135531135
results/primary99/repeat5-fold3/audit.json,models/tangent_pca/candidates/6/fold_auc/0,0.6978021978021979
results/primary99/repeat5-fold3/audit.json,models/tangent_pca/candidates/6/fold_auc/1,0.6726190476190476
results/primary99/repeat5-fold3/audit.json,models/tangent_pca/candidates/6/fold_auc/2,0.8452380952380951
results/primary99/repeat5-fold3/audit.json,models/tangent_pca/candidates/7/mean_inner_auc,0.7365689865689866
results/primary99/repeat5-fold3/audit.json,models/tangent_pca/candidates/7/fold_auc/0,0.6978021978021979
results/primary99/repeat5-fold3/audit.json,models/tangent_pca/candidates/7/fold_auc/1,0.6666666666666666
results/primary99/repeat5-fold3/audit.json,models/tangent_pca/candidates/7/fold_auc/2,0.8452380952380951
results/primary99/repeat5-fold3/audit.json,models/tangent_pca/chosen/mean_inner_auc,0.7535103785103785
results/primary99/repeat5-fold3/audit.json,models/tangent_pca/chosen/fold_auc/0,0.7307692307692308
results/primary99/repeat5-fold3/audit.json,models/tangent_pca/chosen/fold_auc/1,0.6904761904761905
results/primary99/repeat5-fold3/audit.json,models/tangent_pca/chosen/fold_auc/2,0.8392857142857142
results/primary99/repeat5-fold3/audit.json,models/tangent_pca/threshold/min_recall,0.6904761904761905
results/primary99/repeat5-fold3/audit.json,models/tangent_pca/threshold/balanced_accuracy,0.6965894465894467
results/primary99/repeat5-fold3/audit.json,models/tangent_select/candidates/0/mean_inner_auc,0.750152625152625
results/primary99/repeat5-fold3/audit.json,models/tangent_select/candidates/0/fold_auc/0,0.7802197802197802
results/primary99/repeat5-fold3/audit.json,models/tangent_select/candidates/0/fold_auc/1,0.6547619047619047
results/primary99/repeat5-fold3/audit.json,models/tangent_select/candidates/0/fold_auc/2,0.8154761904761905
results/primary99/repeat5-fold3/audit.json,models/tangent_select/candidates/1/mean_inner_auc,0.7538156288156287
results/primary99/repeat5-fold3/audit.json,models/tangent_select/candidates/1/fold_auc/0,0.7912087912087912
results/primary99/repeat5-fold3/audit.json,models/tangent_select/candidates/1/fold_auc/1,0.6607142857142856
results/primary99/repeat5-fold3/audit.json,models/tangent_select/candidates/1/fold_auc/2,0.8095238095238095
results/primary99/repeat5-fold3/audit.json,models/tangent_select/candidates/2/mean_inner_auc,0.7513736263736264
results/primary99/repeat5-fold3/audit.json,models/tangent_select/candidates/2/fold_auc/0,0.8076923076923077
results/primary99/repeat5-fold3/audit.json,models/tangent_select/candidates/2/fold_auc/1,0.6428571428571428
results/primary99/repeat5-fold3/audit.json,models/tangent_select/candidates/2/fold_auc/2,0.8035714285714286
results/primary99/repeat5-fold3/audit.json,models/tangent_select/candidates/3/mean_inner_auc,0.7513736263736265
results/primary99/repeat5-fold3/audit.json,models/tangent_select/candidates/3/fold_auc/0,0.8076923076923077
results/primary99/repeat5-fold3/audit.json,models/tangent_select/candidates/3/fold_auc/1,0.6428571428571429
results/primary99/repeat5-fold3/audit.json,models/tangent_select/candidates/3/fold_auc/2,0.8035714285714286
results/primary99/repeat5-fold3/audit.json,models/tangent_select/candidates/4/mean_inner_auc,0.7388583638583638
results/primary99/repeat5-fold3/audit.json,models/tangent_select/candidates/4/fold_auc/0,0.7582417582417582
results/primary99/repeat5-fold3/audit.json,models/tangent_select/candidates/4/fold_auc/1,0.6428571428571429
results/primary99/repeat5-fold3/audit.json,models/tangent_select/candidates/4/fold_auc/2,0.8154761904761905
results/primary99/repeat5-fold3/audit.json,models/tangent_select/candidates/5/mean_inner_auc,0.7486263736263736
results/primary99/repeat5-fold3/audit.json,models/tangent_select/candidates/5/fold_auc/0,0.7637362637362637
results/primary99/repeat5-fold3/audit.json,models/tangent_select/candidates/5/fold_auc/1,0.6666666666666667
results/primary99/repeat5-fold3/audit.json,models/tangent_select/candidates/5/fold_auc/2,0.8154761904761905
results/primary99/repeat5-fold3/audit.json,models/tangent_select/candidates/6/mean_inner_auc,0.763888888888889
results/primary99/repeat5-fold3/audit.json,models/tangent_select/candidates/6/fold_auc/0,0.7857142857142858
results/primary99/repeat5-fold3/audit.json,models/tangent_select/candidates/6/fold_auc/1,0.6904761904761905
results/primary99/repeat5-fold3/audit.json,models/tangent_select/candidates/6/fold_auc/2,0.8154761904761905
results/primary99/repeat5-fold3/audit.json,models/tangent_select/candidates/7/mean_inner_auc,0.7619047619047619
results/primary99/repeat5-fold3/audit.json,models/tangent_select/candidates/7/fold_auc/0,0.7857142857142858
results/primary99/repeat5-fold3/audit.json,models/tangent_select/candidates/7/fold_auc/1,0.6785714285714286
results/primary99/repeat5-fold3/audit.json,models/tangent_select/candidates/7/fold_auc/2,0.8214285714285714
results/primary99/repeat5-fold3/audit.json,models/tangent_select/chosen/mean_inner_auc,0.763888888888889
results/primary99/repeat5-fold3/audit.json,models/tangent_select/chosen/fold_auc/0,0.7857142857142858
results/primary99/repeat5-fold3/audit.json,models/tangent_select/chosen/fold_auc/1,0.6904761904761905
results/primary99/repeat5-fold3/audit.json,models/tangent_select/chosen/fold_auc/2,0.8154761904761905
results/primary99/repeat5-fold3/audit.json,models/tangent_select/threshold/min_recall,0.6756756756756757
results/primary99/repeat5-fold3/audit.json,models/tangent_select/threshold/balanced_accuracy,0.6830759330759331
results/primary99/repeat5-fold4/audit.json,models/tangent_original/candidates/0/mean_inner_auc,0.7205026455026454
results/primary99/repeat5-fold4/audit.json,models/tangent_original/candidates/0/fold_auc/0,0.9055555555555557
results/primary99/repeat5-fold4/audit.json,models/tangent_original/candidates/0/fold_auc/1,0.5535714285714286
results/primary99/repeat5-fold4/audit.json,models/tangent_original/candidates/0/fold_auc/2,0.7023809523809523
results/primary99/repeat5-fold4/audit.json,models/tangent_original/candidates/1/mean_inner_auc,0.7183862433862434
results/primary99/repeat5-fold4/audit.json,models/tangent_original/candidates/1/fold_auc/0,0.9111111111111112
results/primary99/repeat5-fold4/audit.json,models/tangent_original/candidates/1/fold_auc/1,0.5416666666666666
results/primary99/repeat5-fold4/audit.json,models/tangent_original/candidates/1/fold_auc/2,0.7023809523809523
results/primary99/repeat5-fold4/audit.json,models/tangent_original/candidates/2/mean_inner_auc,0.7145502645502647
results/primary99/repeat5-fold4/audit.json,models/tangent_original/candidates/2/fold_auc/0,0.9055555555555557
results/primary99/repeat5-fold4/audit.json,models/tangent_original/candidates/2/fold_auc/1,0.5357142857142857
results/primary99/repeat5-fold4/audit.json,models/tangent_original/candidates/2/fold_auc/2,0.7023809523809523
results/primary99/repeat5-fold4/audit.json,models/tangent_original/candidates/3/mean_inner_auc,0.7105820105820108
results/primary99/repeat5-fold4/audit.json,models/tangent_original/candidates/3/fold_auc/0,0.9055555555555557
results/primary99/repeat5-fold4/audit.json,models/tangent_original/candidates/3/fold_auc/1,0.5297619047619048
results/primary99/repeat5-fold4/audit.json,models/tangent_original/candidates/3/fold_auc/2,0.6964285714285714
results/primary99/repeat5-fold4/audit.json,models/tangent_original/chosen/mean_inner_auc,0.7205026455026454
results/primary99/repeat5-fold4/audit.json,models/tangent_original/chosen/fold_auc/0,0.9055555555555557
results/primary99/repeat5-fold4/audit.json,models/tangent_original/chosen/fold_auc/1,0.5535714285714286
results/primary99/repeat5-fold4/audit.json,models/tangent_original/chosen/fold_auc/2,0.7023809523809523
results/primary99/repeat5-fold4/audit.json,models/tangent_original/threshold/min_recall,0.6511627906976745
results/primary99/repeat5-fold4/audit.json,models/tangent_original/threshold/balanced_accuracy,0.6589147286821706
results/primary99/repeat5-fold4/audit.json,models/tangent_center/candidates/0/mean_inner_auc,0.7318783068783069
results/primary99/repeat5-fold4/audit.json,models/tangent_center/candidates/0/fold_auc/0,0.9277777777777778
results/primary99/repeat5-fold4/audit.json,models/tangent_center/candidates/0/fold_auc/1,0.5476190476190477
results/primary99/repeat5-fold4/audit.json,models/tangent_center/candidates/0/fold_auc/2,0.7202380952380952
results/primary99/repeat5-fold4/audit.json,models/tangent_center/candidates/1/mean_inner_auc,0.7298941798941799
results/primary99/repeat5-fold4/audit.json,models/tangent_center/candidates/1/fold_auc/0,0.9277777777777778
results/primary99/repeat5-fold4/audit.json,models/tangent_center/candidates/1/fold_auc/1,0.5416666666666667
results/primary99/repeat5-fold4/audit.json,models/tangent_center/candidates/1/fold_auc/2,0.7202380952380952
results/primary99/repeat5-fold4/audit.json,models/tangent_center/candidates/2/mean_inner_auc,0.7300264550264551
results/primary99/repeat5-fold4/audit.json,models/tangent_center/candidates/2/fold_auc/0,0.9222222222222223
results/primary99/repeat5-fold4/audit.json,models/tangent_center/candidates/2/fold_auc/1,0.5357142857142858
results/primary99/repeat5-fold4/audit.json,models/tangent_center/candidates/2/fold_auc/2,0.7321428571428571
results/primary99/repeat5-fold4/audit.json,models/tangent_center/candidates/3/mean_inner_auc,0.7203703703703704
results/primary99/repeat5-fold4/audit.json,models/tangent_center/candidates/3/fold_auc/0,0.9111111111111111
results/primary99/repeat5-fold4/audit.json,models/tangent_center/candidates/3/fold_auc/1,0.5357142857142858
results/primary99/repeat5-fold4/audit.json,models/tangent_center/candidates/3/fold_auc/2,0.7142857142857142
results/primary99/repeat5-fold4/audit.json,models/tangent_center/chosen/mean_inner_auc,0.7318783068783069
results/primary99/repeat5-fold4/audit.json,models/tangent_center/chosen/fold_auc/0,0.9277777777777778
results/primary99/repeat5-fold4/audit.json,models/tangent_center/chosen/fold_auc/1,0.5476190476190477
results/primary99/repeat5-fold4/audit.json,models/tangent_center/chosen/fold_auc/2,0.7202380952380952
results/primary99/repeat5-fold4/audit.json,models/tangent_center/threshold/min_recall,0.6511627906976745
results/primary99/repeat5-fold4/audit.json,models/tangent_center/threshold/balanced_accuracy,0.6866925064599483
results/primary99/repeat5-fold4/audit.json,models/tangent_pca/candidates/0/mean_inner_auc,0.7244708994708994
results/primary99/repeat5-fold4/audit.json,models/tangent_pca/candidates/0/fold_auc/0,0.9055555555555556
results/primary99/repeat5-fold4/audit.json,models/tangent_pca/candidates/0/fold_auc/1,0.5714285714285714
results/primary99/repeat5-fold4/audit.json,models/tangent_pca/candidates/0/fold_auc/2,0.6964285714285714
results/primary99/repeat5-fold4/audit.json,models/tangent_pca/candidates/1/mean_inner_auc,0.7301587301587302
results/primary99/repeat5-fold4/audit.json,models/tangent_pca/candidates/1/fold_auc/0,0.9166666666666667
results/primary99/repeat5-fold4/audit.json,models/tangent_pca/candidates/1/fold_auc/1,0.5833333333333334
results/primary99/repeat5-fold4/audit.json,models/tangent_pca/candidates/1/fold_auc/2,0.6904761904761905
results/primary99/repeat5-fold4/audit.json,models/tangent_pca/candidates/2/mean_inner_auc,0.7321428571428571
results/primary99/repeat5-fold4/audit.json,models/tangent_pca/candidates/2/fold_auc/0,0.9166666666666667
results/primary99/repeat5-fold4/audit.json,models/tangent_pca/candidates/2/fold_auc/1,0.5892857142857143
results/primary99/repeat5-fold4/audit.json,models/tangent_pca/candidates/2/fold_auc/2,0.6904761904761904
results/primary99/repeat5-fold4/audit.json,models/tangent_pca/candidates/3/mean_inner_auc,0.7341269841269841
results/primary99/repeat5-fold4/audit.json,models/tangent_pca/candidates/3/fold_auc/0,0.9166666666666667
results/primary99/repeat5-fold4/audit.json,models/tangent_pca/candidates/3/fold_auc/1,0.5952380952380952
results/primary99/repeat5-fold4/audit.json,models/tangent_pca/candidates/3/fold_auc/2,0.6904761904761904
results/primary99/repeat5-fold4/audit.json,models/tangent_pca/candidates/4/mean_inner_auc,0.7191798941798941
results/primary99/repeat5-fold4/audit.json,models/tangent_pca/candidates/4/fold_auc/0,0.8777777777777778
results/primary99/repeat5-fold4/audit.json,models/tangent_pca/candidates/4/fold_auc/1,0.5833333333333333
results/primary99/repeat5-fold4/audit.json,models/tangent_pca/candidates/4/fold_auc/2,0.6964285714285713
results/primary99/repeat5-fold4/audit.json,models/tangent_pca/candidates/5/mean_inner_auc,0.7055555555555556
results/primary99/repeat5-fold4/audit.json,models/tangent_pca/candidates/5/fold_auc/0,0.8666666666666667
results/primary99/repeat5-fold4/audit.json,models/tangent_pca/candidates/5/fold_auc/1,0.5714285714285714
results/primary99/repeat5-fold4/audit.json,models/tangent_pca/candidates/5/fold_auc/2,0.6785714285714285
results/primary99/repeat5-fold4/audit.json,models/tangent_pca/candidates/6/mean_inner_auc,0.705952380952381
results/primary99/repeat5-fold4/audit.json,models/tangent_pca/candidates/6/fold_auc/0,0.8500000000000001
results/primary99/repeat5-fold4/audit.json,models/tangent_pca/candidates/6/fold_auc/1,0.5833333333333333
results/primary99/repeat5-fold4/audit.json,models/tangent_pca/candidates/6/fold_auc/2,0.6845238095238095
results/primary99/repeat5-fold4/audit.json,models/tangent_pca/candidates/7/mean_inner_auc,0.7037037037037037
results/primary99/repeat5-fold4/audit.json,models/tangent_pca/candidates/7/fold_auc/0,0.8611111111111112
results/primary99/repeat5-fold4/audit.json,models/tangent_pca/candidates/7/fold_auc/1,0.5892857142857143
results/primary99/repeat5-fold4/audit.json,models/tangent_pca/candidates/7/fold_auc/2,0.6607142857142857
results/primary99/repeat5-fold4/audit.json,models/tangent_pca/chosen/mean_inner_auc,0.7341269841269841
results/primary99/repeat5-fold4/audit.json,models/tangent_pca/chosen/fold_auc/0,0.9166666666666667
results/primary99/repeat5-fold4/audit.json,models/tangent_pca/chosen/fold_auc/1,0.5952380952380952
results/primary99/repeat5-fold4/audit.json,models/tangent_pca/chosen/fold_auc/2,0.6904761904761904
results/primary99/repeat5-fold4/audit.json,models/tangent_pca/threshold/min_recall,0.6666666666666666
results/primary99/repeat5-fold4/audit.json,models/tangent_pca/threshold/balanced_accuracy,0.6821705426356589
results/primary99/repeat5-fold4/audit.json,models/tangent_select/candidates/0/mean_inner_auc,0.6619047619047619
results/primary99/repeat5-fold4/audit.json,models/tangent_select/candidates/0/fold_auc/0,0.8666666666666667
results/primary99/repeat5-fold4/audit.json,models/tangent_select/candidates/0/fold_auc/1,0.47023809523809523
results/primary99/repeat5-fold4/audit.json,models/tangent_select/candidates/0/fold_auc/2,0.6488095238095238
results/primary99/repeat5-fold4/audit.json,models/tangent_select/candidates/1/mean_inner_auc,0.6521164021164022
results/primary99/repeat5-fold4/audit.json,models/tangent_select/candidates/1/fold_auc/0,0.8611111111111112
results/primary99/repeat5-fold4/audit.json,models/tangent_select/candidates/1/fold_auc/1,0.4642857142857143
results/primary99/repeat5-fold4/audit.json,models/tangent_select/candidates/1/fold_auc/2,0.6309523809523809
results/primary99/repeat5-fold4/audit.json,models/tangent_select/candidates/2/mean_inner_auc,0.6424603174603175
results/primary99/repeat5-fold4/audit.json,models/tangent_select/candidates/2/fold_auc/0,0.85
results/primary99/repeat5-fold4/audit.json,models/tangent_select/candidates/2/fold_auc/1,0.44642857142857145
results/primary99/repeat5-fold4/audit.json,models/tangent_select/candidates/2/fold_auc/2,0.6309523809523809
results/primary99/repeat5-fold4/audit.json,models/tangent_select/candidates/3/mean_inner_auc,0.6427248677248677
results/primary99/repeat5-fold4/audit.json,models/tangent_select/candidates/3/fold_auc/0,0.8388888888888889
results/primary99/repeat5-fold4/audit.json,models/tangent_select/candidates/3/fold_auc/1,0.45238095238095244
results/primary99/repeat5-fold4/audit.json,models/tangent_select/candidates/3/fold_auc/2,0.6369047619047619
results/primary99/repeat5-fold4/audit.json,models/tangent_select/candidates/4/mean_inner_auc,0.7112433862433862
results/primary99/repeat5-fold4/audit.json,models/tangent_select/candidates/4/fold_auc/0,0.8777777777777778
results/primary99/repeat5-fold4/audit.json,models/tangent_select/candidates/4/fold_auc/1,0.5178571428571428
results/primary99/repeat5-fold4/audit.json,models/tangent_select/candidates/4/fold_auc/2,0.738095238095238
results/primary99/repeat5-fold4/audit.json,models/tangent_select/candidates/5/mean_inner_auc,0.7021164021164021
results/primary99/repeat5-fold4/audit.json,models/tangent_select/candidates/5/fold_auc/0,0.8444444444444444
results/primary99/repeat5-fold4/audit.json,models/tangent_select/candidates/5/fold_auc/1,0.511904761904762
results/primary99/repeat5-fold4/audit.json,models/tangent_select/candidates/5/fold_auc/2,0.75
results/primary99/repeat5-fold4/audit.json,models/tangent_select/candidates/6/mean_inner_auc,0.7001322751322752
results/primary99/repeat5-fold4/audit.json,models/tangent_select/candidates/6/fold_auc/0,0.8444444444444444
results/primary99/repeat5-fold4/audit.json,models/tangent_select/candidates/6/fold_auc/1,0.5
results/primary99/repeat5-fold4/audit.json,models/tangent_select/candidates/6/fold_auc/2,0.7559523809523809
results/primary99/repeat5-fold4/audit.json,models/tangent_select/candidates/7/mean_inner_auc,0.6982804232804233
results/primary99/repeat5-fold4/audit.json,models/tangent_select/candidates/7/fold_auc/0,0.8388888888888888
results/primary99/repeat5-fold4/audit.json,models/tangent_select/candidates/7/fold_auc/1,0.5059523809523809
results/primary99/repeat5-fold4/audit.json,models/tangent_select/candidates/7/fold_auc/2,0.75
results/primary99/repeat5-fold4/audit.json,models/tangent_select/chosen/mean_inner_auc,0.7112433862433862
results/primary99/repeat5-fold4/audit.json,models/tangent_select/chosen/fold_auc/0,0.8777777777777778
results/primary99/repeat5-fold4/audit.json,models/tangent_select/chosen/fold_auc/1,0.5178571428571428
results/primary99/repeat5-fold4/audit.json,models/tangent_select/chosen/fold_auc/2,0.738095238095238
results/primary99/repeat5-fold4/audit.json,models/tangent_select/threshold/min_recall,0.6388888888888888
results/primary99/repeat5-fold4/audit.json,models/tangent_select/threshold/balanced_accuracy,0.6450258397932817
results/primary99/repeat5-fold5/audit.json,models/tangent_original/candidates/0/mean_inner_auc,0.7763329263329263
results/primary99/repeat5-fold5/audit.json,models/tangent_original/candidates/0/fold_auc/0,0.7722222222222221
results/primary99/repeat5-fold5/audit.json,models/tangent_original/candidates/0/fold_auc/1,0.8186813186813187
results/primary99/repeat5-fold5/audit.json,models/tangent_original/candidates/0/fold_auc/2,0.738095238095238
results/primary99/repeat5-fold5/audit.json,models/tangent_original/candidates/1/mean_inner_auc,0.786009361009361
results/primary99/repeat5-fold5/audit.json,models/tangent_original/candidates/1/fold_auc/0,0.788888888888889
results/primary99/repeat5-fold5/audit.json,models/tangent_original/candidates/1/fold_auc/1,0.8131868131868132
results/primary99/repeat5-fold5/audit.json,models/tangent_original/candidates/1/fold_auc/2,0.7559523809523809
results/primary99/repeat5-fold5/audit.json,models/tangent_original/candidates/2/mean_inner_auc,0.7858770858770859
results/primary99/repeat5-fold5/audit.json,models/tangent_original/candidates/2/fold_auc/0,0.7944444444444445
results/primary99/repeat5-fold5/audit.json,models/tangent_original/candidates/2/fold_auc/1,0.8131868131868132
results/primary99/repeat5-fold5/audit.json,models/tangent_original/candidates/2/fold_auc/2,0.75
results/primary99/repeat5-fold5/audit.json,models/tangent_original/candidates/3/mean_inner_auc,0.7803825803825805
results/primary99/repeat5-fold5/audit.json,models/tangent_original/candidates/3/fold_auc/0,0.7944444444444445
results/primary99/repeat5-fold5/audit.json,models/tangent_original/candidates/3/fold_auc/1,0.7967032967032968
results/primary99/repeat5-fold5/audit.json,models/tangent_original/candidates/3/fold_auc/2,0.75
results/primary99/repeat5-fold5/audit.json,models/tangent_original/chosen/mean_inner_auc,0.786009361009361
results/primary99/repeat5-fold5/audit.json,models/tangent_original/chosen/fold_auc/0,0.788888888888889
results/primary99/repeat5-fold5/audit.json,models/tangent_original/chosen/fold_auc/1,0.8131868131868132
results/primary99/repeat5-fold5/audit.json,models/tangent_original/chosen/fold_auc/2,0.7559523809523809
results/primary99/repeat5-fold5/audit.json,models/tangent_original/threshold/min_recall,0.7209302325581395
results/primary99/repeat5-fold5/audit.json,models/tangent_original/threshold/balanced_accuracy,0.7658705216844752
results/primary99/repeat5-fold5/audit.json,models/tangent_center/candidates/0/mean_inner_auc,0.7644383394383395
results/primary99/repeat5-fold5/audit.json,models/tangent_center/candidates/0/fold_auc/0,0.7333333333333334
results/primary99/repeat5-fold5/audit.json,models/tangent_center/candidates/0/fold_auc/1,0.8516483516483516
results/primary99/repeat5-fold5/audit.json,models/tangent_center/candidates/0/fold_auc/2,0.7083333333333334
results/primary99/repeat5-fold5/audit.json,models/tangent_center/candidates/1/mean_inner_auc,0.7776658526658528
results/primary99/repeat5-fold5/audit.json,models/tangent_center/candidates/1/fold_auc/0,0.7611111111111111
results/primary99/repeat5-fold5/audit.json,models/tangent_center/candidates/1/fold_auc/1,0.8516483516483516
results/primary99/repeat5-fold5/audit.json,models/tangent_center/candidates/1/fold_auc/2,0.7202380952380952
results/primary99/repeat5-fold5/audit.json,models/tangent_center/candidates/2/mean_inner_auc,0.7989824989824991
results/primary99/repeat5-fold5/audit.json,models/tangent_center/candidates/2/fold_auc/0,0.788888888888889
results/primary99/repeat5-fold5/audit.json,models/tangent_center/candidates/2/fold_auc/1,0.8461538461538463
results/primary99/repeat5-fold5/audit.json,models/tangent_center/candidates/2/fold_auc/2,0.7619047619047619
results/primary99/repeat5-fold5/audit.json,models/tangent_center/candidates/3/mean_inner_auc,0.8063288563288563
results/primary99/repeat5-fold5/audit.json,models/tangent_center/candidates/3/fold_auc/0,0.7944444444444444
results/primary99/repeat5-fold5/audit.json,models/tangent_center/candidates/3/fold_auc/1,0.8626373626373626
results/primary99/repeat5-fold5/audit.json,models/tangent_center/candidates/3/fold_auc/2,0.7619047619047619
results/primary99/repeat5-fold5/audit.json,models/tangent_center/chosen/mean_inner_auc,0.8063288563288563
results/primary99/repeat5-fold5/audit.json,models/tangent_center/chosen/fold_auc/0,0.7944444444444444
results/primary99/repeat5-fold5/audit.json,models/tangent_center/chosen/fold_auc/1,0.8626373626373626
results/primary99/repeat5-fold5/audit.json,models/tangent_center/chosen/fold_auc/2,0.7619047619047619
results/primary99/repeat5-fold5/audit.json,models/tangent_center/threshold/min_recall,0.7441860465116279
results/primary99/repeat5-fold5/audit.json,models/tangent_center/threshold/balanced_accuracy,0.7639849151477058
results/primary99/repeat5-fold5/audit.json,models/tangent_pca/candidates/0/mean_inner_auc,0.7681827431827433
results/primary99/repeat5-fold5/audit.json,models/tangent_pca/candidates/0/fold_auc/0,0.7555555555555556
results/primary99/repeat5-fold5/audit.json,models/tangent_pca/candidates/0/fold_auc/1,0.8406593406593407
results/primary99/repeat5-fold5/audit.json,models/tangent_pca/candidates/0/fold_auc/2,0.7083333333333334
results/primary99/repeat5-fold5/audit.json,models/tangent_pca/candidates/1/mean_inner_auc,0.7891941391941392
results/primary99/repeat5-fold5/audit.json,models/tangent_pca/candidates/1/fold_auc/0,0.7833333333333334
results/primary99/repeat5-fold5/audit.json,models/tangent_pca/candidates/1/fold_auc/1,0.8461538461538461
results/primary99/repeat5-fold5/audit.json,models/tangent_pca/candidates/1/fold_auc/2,0.738095238095238
results/primary99/repeat5-fold5/audit.json,models/tangent_pca/candidates/2/mean_inner_auc,0.7893467643467643
results/primary99/repeat5-fold5/audit.json,models/tangent_pca/candidates/2/fold_auc/0,0.7833333333333333
results/primary99/repeat5-fold5/audit.json,models/tangent_pca/candidates/2/fold_auc/1,0.8406593406593407
results/primary99/repeat5-fold5/audit.json,models/tangent_pca/candidates/2/fold_auc/2,0.7440476190476191
results/primary99/repeat5-fold5/audit.json,models/tangent_pca/candidates/3/mean_inner_auc,0.7930504680504681
results/primary99/repeat5-fold5/audit.json,models/tangent_pca/candidates/3/fold_auc/0,0.7944444444444445
results/primary99/repeat5-fold5/audit.json,models/tangent_pca/candidates/3/fold_auc/1,0.8406593406593407
results/primary99/repeat5-fold5/audit.json,models/tangent_pca/candidates/3/fold_auc/2,0.7440476190476191
results/primary99/repeat5-fold5/audit.json,models/tangent_pca/candidates/4/mean_inner_auc,0.7626678876678877
results/primary99/repeat5-fold5/audit.json,models/tangent_pca/candidates/4/fold_auc/0,0.7500000000000002
results/primary99/repeat5-fold5/audit.json,models/tangent_pca/candidates/4/fold_auc/1,0.8296703296703296
results/primary99/repeat5-fold5/audit.json,models/tangent_pca/candidates/4/fold_auc/2,0.7083333333333334
results/primary99/repeat5-fold5/audit.json,models/tangent_pca/candidates/5/mean_inner_auc,0.7663715913715915
results/primary99/repeat5-fold5/audit.json,models/tangent_pca/candidates/5/fold_auc/0,0.7611111111111112
results/primary99/repeat5-fold5/audit.json,models/tangent_pca/candidates/5/fold_auc/1,0.8296703296703297
results/primary99/repeat5-fold5/audit.json,models/tangent_pca/candidates/5/fold_auc/2,0.7083333333333333
results/primary99/repeat5-fold5/audit.json,models/tangent_pca/candidates/6/mean_inner_auc,0.7741554741554743
results/primary99/repeat5-fold5/audit.json,models/tangent_pca/candidates/6/fold_auc/0,0.7611111111111112
results/primary99/repeat5-fold5/audit.json,models/tangent_pca/candidates/6/fold_auc/1,0.8351648351648352
results/primary99/repeat5-fold5/audit.json,models/tangent_pca/candidates/6/fold_auc/2,0.7261904761904762
results/primary99/repeat5-fold5/audit.json,models/tangent_pca/candidates/7/mean_inner_auc,0.7689662189662191
results/primary99/repeat5-fold5/audit.json,models/tangent_pca/candidates/7/fold_auc/0,0.7611111111111112
results/primary99/repeat5-fold5/audit.json,models/tangent_pca/candidates/7/fold_auc/1,0.8076923076923077
results/primary99/repeat5-fold5/audit.json,models/tangent_pca/candidates/7/fold_auc/2,0.7380952380952381
results/primary99/repeat5-fold5/audit.json,models/tangent_pca/chosen/mean_inner_auc,0.7930504680504681
results/primary99/repeat5-fold5/audit.json,models/tangent_pca/chosen/fold_auc/0,0.7944444444444445
results/primary99/repeat5-fold5/audit.json,models/tangent_pca/chosen/fold_auc/1,0.8406593406593407
results/primary99/repeat5-fold5/audit.json,models/tangent_pca/chosen/fold_auc/2,0.7440476190476191
results/primary99/repeat5-fold5/audit.json,models/tangent_pca/threshold/min_recall,0.7441860465116279
results/primary99/repeat5-fold5/audit.json,models/tangent_pca/threshold/balanced_accuracy,0.7504714016341923
results/primary99/repeat5-fold5/audit.json,models/tangent_select/candidates/0/mean_inner_auc,0.7501119251119251
results/primary99/repeat5-fold5/audit.json,models/tangent_select/candidates/0/fold_auc/0,0.7388888888888889
results/primary99/repeat5-fold5/audit.json,models/tangent_select/candidates/0/fold_auc/1,0.7912087912087912
results/primary99/repeat5-fold5/audit.json,models/tangent_select/candidates/0/fold_auc/2,0.7202380952380952
results/primary99/repeat5-fold5/audit.json,models/tangent_select/candidates/1/mean_inner_auc,0.7498880748880747
results/primary99/repeat5-fold5/audit.json,models/tangent_select/candidates/1/fold_auc/0,0.7611111111111111
results/primary99/repeat5-fold5/audit.json,models/tangent_select/candidates/1/fold_auc/1,0.7802197802197802
results/primary99/repeat5-fold5/audit.json,models/tangent_select/candidates/1/fold_auc/2,0.7083333333333333
results/primary99/repeat5-fold5/audit.json,models/tangent_select/candidates/2/mean_inner_auc,0.7499491249491249
results/primary99/repeat5-fold5/audit.json,models/tangent_select/candidates/2/fold_auc/0,0.7777777777777778
results/primary99/repeat5-fold5/audit.json,models/tangent_select/candidates/2/fold_auc/1,0.7637362637362637
results/primary99/repeat5-fold5/audit.json,models/tangent_select/candidates/2/fold_auc/2,0.7083333333333334
results/primary99/repeat5-fold5/audit.json,models/tangent_select/candidates/3/mean_inner_auc,0.7368233618233617
results/primary99/repeat5-fold5/audit.json,models/tangent_select/candidates/3/fold_auc/0,0.7777777777777778
results/primary99/repeat5-fold5/audit.json,models/tangent_select/candidates/3/fold_auc/1,0.7362637362637363
results/primary99/repeat5-fold5/audit.json,models/tangent_select/candidates/3/fold_auc/2,0.6964285714285714
results/primary99/repeat5-fold5/audit.json,models/tangent_select/candidates/4/mean_inner_auc,0.7435693935693936
results/primary99/repeat5-fold5/audit.json,models/tangent_select/candidates/4/fold_auc/0,0.7444444444444445
results/primary99/repeat5-fold5/audit.json,models/tangent_select/candidates/4/fold_auc/1,0.8076923076923077
results/primary99/repeat5-fold5/audit.json,models/tangent_select/candidates/4/fold_auc/2,0.6785714285714286
results/primary99/repeat5-fold5/audit.json,models/tangent_select/candidates/5/mean_inner_auc,0.7422873422873423
results/primary99/repeat5-fold5/audit.json,models/tangent_select/candidates/5/fold_auc/0,0.7277777777777779
results/primary99/repeat5-fold5/audit.json,models/tangent_select/candidates/5/fold_auc/1,0.7967032967032968
results/primary99/repeat5-fold5/audit.json,models/tangent_select/candidates/5/fold_auc/2,0.7023809523809523
results/primary99/repeat5-fold5/audit.json,models/tangent_select/candidates/6/mean_inner_auc,0.7423076923076923
results/primary99/repeat5-fold5/audit.json,models/tangent_select/candidates/6/fold_auc/0,0.7333333333333334
results/primary99/repeat5-fold5/audit.json,models/tangent_select/candidates/6/fold_auc/1,0.7912087912087913
results/primary99/repeat5-fold5/audit.json,models/tangent_select/candidates/6/fold_auc/2,0.7023809523809524
results/primary99/repeat5-fold5/audit.json,models/tangent_select/candidates/7/mean_inner_auc,0.7441595441595442
results/primary99/repeat5-fold5/audit.json,models/tangent_select/candidates/7/fold_auc/0,0.7388888888888888
results/primary99/repeat5-fold5/audit.json,models/tangent_select/candidates/7/fold_auc/1,0.7912087912087913
results/primary99/repeat5-fold5/audit.json,models/tangent_select/candidates/7/fold_auc/2,0.7023809523809523
results/primary99/repeat5-fold5/audit.json,models/tangent_select/chosen/mean_inner_auc,0.7501119251119251
results/primary99/repeat5-fold5/audit.json,models/tangent_select/chosen/fold_auc/0,0.7388888888888889
results/primary99/repeat5-fold5/audit.json,models/tangent_select/chosen/fold_auc/1,0.7912087912087912
results/primary99/repeat5-fold5/audit.json,models/tangent_select/chosen/fold_auc/2,0.7202380952380952
results/primary99/repeat5-fold5/audit.json,models/tangent_select/threshold/min_recall,0.6511627906976745
results/primary99/repeat5-fold5/audit.json,models/tangent_select/threshold/balanced_accuracy,0.690446260213702
results/sensitivity96/repeat1-fold1/audit.json,models/tangent_original/candidates/0/mean_inner_auc,0.7929292929292929
results/sensitivity96/repeat1-fold1/audit.json,models/tangent_original/candidates/0/fold_auc/0,0.761904761904762
results/sensitivity96/repeat1-fold1/audit.json,models/tangent_original/candidates/0/fold_auc/1,0.7662337662337663
results/sensitivity96/repeat1-fold1/audit.json,models/tangent_original/candidates/0/fold_auc/2,0.8506493506493507
results/sensitivity96/repeat1-fold1/audit.json,models/tangent_original/candidates/1/mean_inner_auc,0.7997835497835498
results/sensitivity96/repeat1-fold1/audit.json,models/tangent_original/candidates/1/fold_auc/0,0.75
results/sensitivity96/repeat1-fold1/audit.json,models/tangent_original/candidates/1/fold_auc/1,0.7792207792207793
results/sensitivity96/repeat1-fold1/audit.json,models/tangent_original/candidates/1/fold_auc/2,0.8701298701298701
results/sensitivity96/repeat1-fold1/audit.json,models/tangent_original/candidates/2/mean_inner_auc,0.8084415584415584
results/sensitivity96/repeat1-fold1/audit.json,models/tangent_original/candidates/2/fold_auc/0,0.75
results/sensitivity96/repeat1-fold1/audit.json,models/tangent_original/candidates/2/fold_auc/1,0.8051948051948052
results/sensitivity96/repeat1-fold1/audit.json,models/tangent_original/candidates/2/fold_auc/2,0.8701298701298701
results/sensitivity96/repeat1-fold1/audit.json,models/tangent_original/candidates/3/mean_inner_auc,0.8062770562770561
results/sensitivity96/repeat1-fold1/audit.json,models/tangent_original/candidates/3/fold_auc/0,0.75
results/sensitivity96/repeat1-fold1/audit.json,models/tangent_original/candidates/3/fold_auc/1,0.7987012987012987
results/sensitivity96/repeat1-fold1/audit.json,models/tangent_original/candidates/3/fold_auc/2,0.8701298701298701
results/sensitivity96/repeat1-fold1/audit.json,models/tangent_original/chosen/mean_inner_auc,0.8084415584415584
results/sensitivity96/repeat1-fold1/audit.json,models/tangent_original/chosen/fold_auc/0,0.75
results/sensitivity96/repeat1-fold1/audit.json,models/tangent_original/chosen/fold_auc/1,0.8051948051948052
results/sensitivity96/repeat1-fold1/audit.json,models/tangent_original/chosen/fold_auc/2,0.8701298701298701
results/sensitivity96/repeat1-fold1/audit.json,models/tangent_original/threshold/min_recall,0.7352941176470589
results/sensitivity96/repeat1-fold1/audit.json,models/tangent_original/threshold/balanced_accuracy,0.7366946778711485
results/sensitivity96/repeat1-fold1/audit.json,models/tangent_center/candidates/0/mean_inner_auc,0.7720057720057719
results/sensitivity96/repeat1-fold1/audit.json,models/tangent_center/candidates/0/fold_auc/0,0.738095238095238
results/sensitivity96/repeat1-fold1/audit.json,models/tangent_center/candidates/0/fold_auc/1,0.7272727272727273
results/sensitivity96/repeat1-fold1/audit.json,models/tangent_center/candidates/0/fold_auc/2,0.8506493506493507
results/sensitivity96/repeat1-fold1/audit.json,models/tangent_center/candidates/1/mean_inner_auc,0.7741702741702742
results/sensitivity96/repeat1-fold1/audit.json,models/tangent_center/candidates/1/fold_auc/0,0.738095238095238
results/sensitivity96/repeat1-fold1/audit.json,models/tangent_center/candidates/1/fold_auc/1,0.7272727272727273
results/sensitivity96/repeat1-fold1/audit.json,models/tangent_center/candidates/1/fold_auc/2,0.8571428571428571
results/sensitivity96/repeat1-fold1/audit.json,models/tangent_center/candidates/2/mean_inner_auc,0.7851731601731601
results/sensitivity96/repeat1-fold1/audit.json,models/tangent_center/candidates/2/fold_auc/0,0.732142857142857
results/sensitivity96/repeat1-fold1/audit.json,models/tangent_center/candidates/2/fold_auc/1,0.7532467532467533
results/sensitivity96/repeat1-fold1/audit.json,models/tangent_center/candidates/2/fold_auc/2,0.8701298701298701
results/sensitivity96/repeat1-fold1/audit.json,models/tangent_center/candidates/3/mean_inner_auc,0.7979797979797979
results/sensitivity96/repeat1-fold1/audit.json,models/tangent_center/candidates/3/fold_auc/0,0.738095238095238
results/sensitivity96/repeat1-fold1/audit.json,models/tangent_center/candidates/3/fold_auc/1,0.7662337662337662
results/sensitivity96/repeat1-fold1/audit.json,models/tangent_center/candidates/3/fold_auc/2,0.8896103896103895
results/sensitivity96/repeat1-fold1/audit.json,models/tangent_center/chosen/mean_inner_auc,0.7979797979797979
results/sensitivity96/repeat1-fold1/audit.json,models/tangent_center/chosen/fold_auc/0,0.738095238095238
results/sensitivity96/repeat1-fold1/audit.json,models/tangent_center/chosen/fold_auc/1,0.7662337662337662
results/sensitivity96/repeat1-fold1/audit.json,models/tangent_center/chosen/fold_auc/2,0.8896103896103895
results/sensitivity96/repeat1-fold1/audit.json,models/tangent_center/threshold/min_recall,0.7142857142857143
results/sensitivity96/repeat1-fold1/audit.json,models/tangent_center/threshold/balanced_accuracy,0.7247899159663866
results/sensitivity96/repeat1-fold1/audit.json,models/tangent_pca/candidates/0/mean_inner_auc,0.6888528138528138
results/sensitivity96/repeat1-fold1/audit.json,models/tangent_pca/candidates/0/fold_auc/0,0.625
results/sensitivity96/repeat1-fold1/audit.json,models/tangent_pca/candidates/0/fold_auc/1,0.7012987012987013
results/sensitivity96/repeat1-fold1/audit.json,models/tangent_pca/candidates/0/fold_auc/2,0.7402597402597403
results/sensitivity96/repeat1-fold1/audit.json,models/tangent_pca/candidates/1/mean_inner_auc,0.6866883116883117
results/sensitivity96/repeat1-fold1/audit.json,models/tangent_pca/candidates/1/fold_auc/0,0.625
results/sensitivity96/repeat1-fold1/audit.json,models/tangent_pca/candidates/1/fold_auc/1,0.6948051948051949
results/sensitivity96/repeat1-fold1/audit.json,models/tangent_pca/candidates/1/fold_auc/2,0.7402597402597403
results/sensitivity96/repeat1-fold1/audit.json,models/tangent_pca/candidates/2/mean_inner_auc,0.6744227994227995
results/sensitivity96/repeat1-fold1/audit.json,models/tangent_pca/candidates/2/fold_auc/0,0.6011904761904762
results/sensitivity96/repeat1-fold1/audit.json,models/tangent_pca/candidates/2/fold_auc/1,0.6948051948051949
results/sensitivity96/repeat1-fold1/audit.json,models/tangent_pca/candidates/2/fold_auc/2,0.7272727272727273
results/sensitivity96/repeat1-fold1/audit.json,models/tangent_pca/candidates/3/mean_inner_auc,0.6722582972582973
results/sensitivity96/repeat1-fold1/audit.json,models/tangent_pca/candidates/3/fold_auc/0,0.6011904761904762
results/sensitivity96/repeat1-fold1/audit.json,models/tangent_pca/candidates/3/fold_auc/1,0.6883116883116883
results/sensitivity96/repeat1-fold1/audit.json,models/tangent_pca/candidates/3/fold_auc/2,0.7272727272727273
results/sensitivity96/repeat1-fold1/audit.json,models/tangent_pca/candidates/4/mean_inner_auc,0.7252886002886004
results/sensitivity96/repeat1-fold1/audit.json,models/tangent_pca/candidates/4/fold_auc/0,0.7083333333333334
results/sensitivity96/repeat1-fold1/audit.json,models/tangent_pca/candidates/4/fold_auc/1,0.7012987012987013
results/sensitivity96/repeat1-fold1/audit.json,models/tangent_pca/candidates/4/fold_auc/2,0.7662337662337663
results/sensitivity96/repeat1-fold1/audit.json,models/tangent_pca/candidates/5/mean_inner_auc,0.7317821067821068
results/sensitivity96/repeat1-fold1/audit.json,models/tangent_pca/candidates/5/fold_auc/0,0.7083333333333333
results/sensitivity96/repeat1-fold1/audit.json,models/tangent_pca/candidates/5/fold_auc/1,0.7077922077922079
results/sensitivity96/repeat1-fold1/audit.json,models/tangent_pca/candidates/5/fold_auc/2,0.7792207792207793
results/sensitivity96/repeat1-fold1/audit.json,models/tangent_pca/candidates/6/mean_inner_auc,0.7306998556998557
results/sensitivity96/repeat1-fold1/audit.json,models/tangent_pca/candidates/6/fold_auc/0,0.7440476190476191
results/sensitivity96/repeat1-fold1/audit.json,models/tangent_pca/candidates/6/fold_auc/1,0.6883116883116883
results/sensitivity96/repeat1-fold1/audit.json,models/tangent_pca/candidates/6/fold_auc/2,0.7597402597402597
results/sensitivity96/repeat1-fold1/audit.json,models/tangent_pca/candidates/7/mean_inner_auc,0.7308802308802309
results/sensitivity96/repeat1-fold1/audit.json,models/tangent_pca/candidates/7/fold_auc/0,0.7380952380952381
results/sensitivity96/repeat1-fold1/audit.json,models/tangent_pca/candidates/7/fold_auc/1,0.7012987012987013
results/sensitivity96/repeat1-fold1/audit.json,models/tangent_pca/candidates/7/fold_auc/2,0.7532467532467533
results/sensitivity96/repeat1-fold1/audit.json,models/tangent_pca/chosen/mean_inner_auc,0.7317821067821068
results/sensitivity96/repeat1-fold1/audit.json,models/tangent_pca/chosen/fold_auc/0,0.7083333333333333
results/sensitivity96/repeat1-fold1/audit.json,models/tangent_pca/chosen/fold_auc/1,0.7077922077922079
results/sensitivity96/repeat1-fold1/audit.json,models/tangent_pca/chosen/fold_auc/2,0.7792207792207793
results/sensitivity96/repeat1-fold1/audit.json,models/tangent_pca/threshold/min_recall,0.6904761904761905
results/sensitivity96/repeat1-fold1/audit.json,models/tangent_pca/threshold/balanced_accuracy,0.7128851540616247
results/sensitivity96/repeat1-fold1/audit.json,models/tangent_select/candidates/0/mean_inner_auc,0.6942640692640693
results/sensitivity96/repeat1-fold1/audit.json,models/tangent_select/candidates/0/fold_auc/0,0.6607142857142857
results/sensitivity96/repeat1-fold1/audit.json,models/tangent_select/candidates/0/fold_auc/1,0.6233766233766234
results/sensitivity96/repeat1-fold1/audit.json,models/tangent_select/candidates/0/fold_auc/2,0.7987012987012988
results/sensitivity96/repeat1-fold1/audit.json,models/tangent_select/candidates/1/mean_inner_auc,0.6829004329004329
results/sensitivity96/repeat1-fold1/audit.json,models/tangent_select/candidates/1/fold_auc/0,0.6785714285714286
results/sensitivity96/repeat1-fold1/audit.json,models/tangent_select/candidates/1/fold_auc/1,0.6168831168831169
results/sensitivity96/repeat1-fold1/audit.json,models/tangent_select/candidates/1/fold_auc/2,0.7532467532467533
results/sensitivity96/repeat1-fold1/audit.json,models/tangent_select/candidates/2/mean_inner_auc,0.6843434343434344
results/sensitivity96/repeat1-fold1/audit.json,models/tangent_select/candidates/2/fold_auc/0,0.7023809523809524
results/sensitivity96/repeat1-fold1/audit.json,models/tangent_select/candidates/2/fold_auc/1,0.6103896103896105
results/sensitivity96/repeat1-fold1/audit.json,models/tangent_select/candidates/2/fold_auc/2,0.7402597402597403
results/sensitivity96/repeat1-fold1/audit.json,models/tangent_select/candidates/3/mean_inner_auc,0.6863275613275613
results/sensitivity96/repeat1-fold1/audit.json,models/tangent_select/candidates/3/fold_auc/0,0.7083333333333334
results/sensitivity96/repeat1-fold1/audit.json,models/tangent_select/candidates/3/fold_auc/1,0.6103896103896105
results/sensitivity96/repeat1-fold1/audit.json,models/tangent_select/candidates/3/fold_auc/2,0.7402597402597403
results/sensitivity96/repeat1-fold1/audit.json,models/tangent_select/candidates/4/mean_inner_auc,0.7546897546897547
results/sensitivity96/repeat1-fold1/audit.json,models/tangent_select/candidates/4/fold_auc/0,0.7380952380952381
results/sensitivity96/repeat1-fold1/audit.json,models/tangent_select/candidates/4/fold_auc/1,0.7077922077922079
results/sensitivity96/repeat1-fold1/audit.json,models/tangent_select/candidates/4/fold_auc/2,0.8181818181818182
results/sensitivity96/repeat1-fold1/audit.json,models/tangent_select/candidates/5/mean_inner_auc,0.7691197691197691
results/sensitivity96/repeat1-fold1/audit.json,models/tangent_select/candidates/5/fold_auc/0,0.7619047619047619
results/sensitivity96/repeat1-fold1/audit.json,models/tangent_select/candidates/5/fold_auc/1,0.7272727272727273
results/sensitivity96/repeat1-fold1/audit.json,models/tangent_select/candidates/5/fold_auc/2,0.8181818181818182
results/sensitivity96/repeat1-fold1/audit.json,models/tangent_select/candidates/6/mean_inner_auc,0.7714646464646465
results/sensitivity96/repeat1-fold1/audit.json,models/tangent_select/candidates/6/fold_auc/0,0.7559523809523809
results/sensitivity96/repeat1-fold1/audit.json,models/tangent_select/candidates/6/fold_auc/1,0.7402597402597403
results/sensitivity96/repeat1-fold1/audit.json,models/tangent_select/candidates/6/fold_auc/2,0.8181818181818182
results/sensitivity96/repeat1-fold1/audit.json,models/tangent_select/candidates/7/mean_inner_auc,0.7714646464646465
results/sensitivity96/repeat1-fold1/audit.json,models/tangent_select/candidates/7/fold_auc/0,0.7559523809523809
results/sensitivity96/repeat1-fold1/audit.json,models/tangent_select/candidates/7/fold_auc/1,0.7402597402597403
results/sensitivity96/repeat1-fold1/audit.json,models/tangent_select/candidates/7/fold_auc/2,0.8181818181818182
results/sensitivity96/repeat1-fold1/audit.json,models/tangent_select/chosen/mean_inner_auc,0.7714646464646465
results/sensitivity96/repeat1-fold1/audit.json,models/tangent_select/chosen/fold_auc/0,0.7559523809523809
results/sensitivity96/repeat1-fold1/audit.json,models/tangent_select/chosen/fold_auc/1,0.7402597402597403
results/sensitivity96/repeat1-fold1/audit.json,models/tangent_select/chosen/fold_auc/2,0.8181818181818182
results/sensitivity96/repeat1-fold1/audit.json,models/tangent_select/threshold/min_recall,0.6764705882352942
results/sensitivity96/repeat1-fold1/audit.json,models/tangent_select/threshold/balanced_accuracy,0.719187675070028
results/sensitivity96/repeat1-fold2/audit.json,models/tangent_original/candidates/0/mean_inner_auc,0.6660380218072527
results/sensitivity96/repeat1-fold2/audit.json,models/tangent_original/candidates/0/fold_auc/0,0.6804733727810651
results/sensitivity96/repeat1-fold2/audit.json,models/tangent_original/candidates/0/fold_auc/1,0.7202380952380952
results/sensitivity96/repeat1-fold2/audit.json,models/tangent_original/candidates/0/fold_auc/2,0.5974025974025975
results/sensitivity96/repeat1-fold2/audit.json,models/tangent_original/candidates/1/mean_inner_auc,0.6766801574493883
results/sensitivity96/repeat1-fold2/audit.json,models/tangent_original/candidates/1/fold_auc/0,0.680473372781065
results/sensitivity96/repeat1-fold2/audit.json,models/tangent_original/candidates/1/fold_auc/1,0.7261904761904762
results/sensitivity96/repeat1-fold2/audit.json,models/tangent_original/candidates/1/fold_auc/2,0.6233766233766234
results/sensitivity96/repeat1-fold2/audit.json,models/tangent_original/candidates/2/mean_inner_auc,0.674696030465261
results/sensitivity96/repeat1-fold2/audit.json,models/tangent_original/candidates/2/fold_auc/0,0.680473372781065
results/sensitivity96/repeat1-fold2/audit.json,models/tangent_original/candidates/2/fold_auc/1,0.7202380952380952
results/sensitivity96/repeat1-fold2/audit.json,models/tangent_original/candidates/2/fold_auc/2,0.6233766233766234
results/sensitivity96/repeat1-fold2/audit.json,models/tangent_original/candidates/3/mean_inner_auc,0.6727236438774901
results/sensitivity96/repeat1-fold2/audit.json,models/tangent_original/candidates/3/fold_auc/0,0.6745562130177516
results/sensitivity96/repeat1-fold2/audit.json,models/tangent_original/candidates/3/fold_auc/1,0.7202380952380952
results/sensitivity96/repeat1-fold2/audit.json,models/tangent_original/candidates/3/fold_auc/2,0.6233766233766234
results/sensitivity96/repeat1-fold2/audit.json,models/tangent_original/chosen/mean_inner_auc,0.6766801574493883
results/sensitivity96/repeat1-fold2/audit.json,models/tangent_original/chosen/fold_auc/0,0.680473372781065
results/sensitivity96/repeat1-fold2/audit.json,models/tangent_original/chosen/fold_auc/1,0.7261904761904762
results/sensitivity96/repeat1-fold2/audit.json,models/tangent_original/chosen/fold_auc/2,0.6233766233766234
results/sensitivity96/repeat1-fold2/audit.json,models/tangent_original/threshold/min_recall,0.6341463414634146
results/sensitivity96/repeat1-fold2/audit.json,models/tangent_original/threshold/balanced_accuracy,0.6504065040650406
results/sensitivity96/repeat1-fold2/audit.json,models/tangent_center/candidates/0/mean_inner_auc,0.6866755039831963
results/sensitivity96/repeat1-fold2/audit.json,models/tangent_center/candidates/0/fold_auc/0,0.7337278106508877
results/sensitivity96/repeat1-fold2/audit.json,models/tangent_center/candidates/0/fold_auc/1,0.7678571428571428
results/sensitivity96/repeat1-fold2/audit.json,models/tangent_center/candidates/0/fold_auc/2,0.5584415584415584
results/sensitivity96/repeat1-fold2/audit.json,models/tangent_center/candidates/1/mean_inner_auc,0.6825268748345671
results/sensitivity96/repeat1-fold2/audit.json,models/tangent_center/candidates/1/fold_auc/0,0.7337278106508875
results/sensitivity96/repeat1-fold2/audit.json,models/tangent_center/candidates/1/fold_auc/1,0.7619047619047619
results/sensitivity96/repeat1-fold2/audit.json,models/tangent_center/candidates/1/fold_auc/2,0.551948051948052
results/sensitivity96/repeat1-fold2/audit.json,models/tangent_center/candidates/2/mean_inner_auc,0.6811073541842774
results/sensitivity96/repeat1-fold2/audit.json,models/tangent_center/candidates/2/fold_auc/0,0.7218934911242604
results/sensitivity96/repeat1-fold2/audit.json,models/tangent_center/candidates/2/fold_auc/1,0.75
results/sensitivity96/repeat1-fold2/audit.json,models/tangent_center/candidates/2/fold_auc/2,0.5714285714285715
results/sensitivity96/repeat1-fold2/audit.json,models/tangent_center/candidates/3/mean_inner_auc,0.6850756081525313
results/sensitivity96/repeat1-fold2/audit.json,models/tangent_center/candidates/3/fold_auc/0,0.7218934911242604
results/sensitivity96/repeat1-fold2/audit.json,models/tangent_center/candidates/3/fold_auc/1,0.7619047619047619
results/sensitivity96/repeat1-fold2/audit.json,models/tangent_center/candidates/3/fold_auc/2,0.5714285714285714
results/sensitivity96/repeat1-fold2/audit.json,models/tangent_center/chosen/mean_inner_auc,0.6866755039831963
results/sensitivity96/repeat1-fold2/audit.json,models/tangent_center/chosen/fold_auc/0,0.7337278106508877
results/sensitivity96/repeat1-fold2/audit.json,models/tangent_center/chosen/fold_auc/1,0.7678571428571428
results/sensitivity96/repeat1-fold2/audit.json,models/tangent_center/chosen/fold_auc/2,0.5584415584415584
results/sensitivity96/repeat1-fold2/audit.json,models/tangent_center/threshold/min_recall,0.5365853658536586
results/sensitivity96/repeat1-fold2/audit.json,models/tangent_center/threshold/balanced_accuracy,0.6016260162601625
results/sensitivity96/repeat1-fold2/audit.json,models/tangent_pca/candidates/0/mean_inner_auc,0.6251280770511539
results/sensitivity96/repeat1-fold2/audit.json,models/tangent_pca/candidates/0/fold_auc/0,0.6627218934911242
results/sensitivity96/repeat1-fold2/audit.json,models/tangent_pca/candidates/0/fold_auc/1,0.6607142857142856
results/sensitivity96/repeat1-fold2/audit.json,models/tangent_pca/candidates/0/fold_auc/2,0.551948051948052
results/sensitivity96/repeat1-fold2/audit.json,models/tangent_pca/candidates/1/mean_inner_auc,0.6298178317409087
results/sensitivity96/repeat1-fold2/audit.json,models/tangent_pca/candidates/1/fold_auc/0,0.6627218934911243
results/sensitivity96/repeat1-fold2/audit.json,models/tangent_pca/candidates/1/fold_auc/1,0.6488095238095237
results/sensitivity96/repeat1-fold2/audit.json,models/tangent_pca/candidates/1/fold_auc/2,0.577922077922078
results/sensitivity96/repeat1-fold2/audit.json,models/tangent_pca/candidates/2/mean_inner_auc,0.6258378373762989
results/sensitivity96/repeat1-fold2/audit.json,models/tangent_pca/candidates/2/fold_auc/0,0.668639053254438
results/sensitivity96/repeat1-fold2/audit.json,models/tangent_pca/candidates/2/fold_auc/1,0.6309523809523809
results/sensitivity96/repeat1-fold2/audit.json,models/tangent_pca/candidates/2/fold_auc/2,0.577922077922078
results/sensitivity96/repeat1-fold2/audit.json,models/tangent_pca/candidates/3/mean_inner_auc,0.623853710392172
results/sensitivity96/repeat1-fold2/audit.json,models/tangent_pca/candidates/3/fold_auc/0,0.668639053254438
results/sensitivity96/repeat1-fold2/audit.json,models/tangent_pca/candidates/3/fold_auc/1,0.625
results/sensitivity96/repeat1-fold2/audit.json,models/tangent_pca/candidates/3/fold_auc/2,0.577922077922078
results/sensitivity96/repeat1-fold2/audit.json,models/tangent_pca/candidates/4/mean_inner_auc,0.6294336005874467
results/sensitivity96/repeat1-fold2/audit.json,models/tangent_pca/candidates/4/fold_auc/0,0.6745562130177515
results/sensitivity96/repeat1-fold2/audit.json,models/tangent_pca/candidates/4/fold_auc/1,0.6488095238095237
results/sensitivity96/repeat1-fold2/audit.json,models/tangent_pca/candidates/4/fold_auc/2,0.564935064935065
results/sensitivity96/repeat1-fold2/audit.json,models/tangent_pca/candidates/5/mean_inner_auc,0.6193443308827925
results/sensitivity96/repeat1-fold2/audit.json,models/tangent_pca/candidates/5/fold_auc/0,0.668639053254438
results/sensitivity96/repeat1-fold2/audit.json,models/tangent_pca/candidates/5/fold_auc/1,0.6309523809523809
results/sensitivity96/repeat1-fold2/audit.json,models/tangent_pca/candidates/5/fold_auc/2,0.5584415584415585
results/sensitivity96/repeat1-fold2/audit.json,models/tangent_pca/candidates/6/mean_inner_auc,0.6296022353714662
results/sensitivity96/repeat1-fold2/audit.json,models/tangent_pca/candidates/6/fold_auc/0,0.6804733727810651
results/sensitivity96/repeat1-fold2/audit.json,models/tangent_pca/candidates/6/fold_auc/1,0.6369047619047619
results/sensitivity96/repeat1-fold2/audit.json,models/tangent_pca/candidates/6/fold_auc/2,0.5714285714285714
results/sensitivity96/repeat1-fold2/audit.json,models/tangent_pca/candidates/7/mean_inner_auc,0.627676810369118
results/sensitivity96/repeat1-fold2/audit.json,models/tangent_pca/candidates/7/fold_auc/0,0.650887573964497
results/sensitivity96/repeat1-fold2/audit.json,models/tangent_pca/candidates/7/fold_auc/1,0.6607142857142856
results/sensitivity96/repeat1-fold2/audit.json,models/tangent_pca/candidates/7/fold_auc/2,0.5714285714285714
results/sensitivity96/repeat1-fold2/audit.json,models/tangent_pca/chosen/mean_inner_auc,0.6298178317409087
results/sensitivity96/repeat1-fold2/audit.json,models/tangent_pca/chosen/fold_auc/0,0.6627218934911243
results/sensitivity96/repeat1-fold2/audit.json,models/tangent_pca/chosen/fold_auc/1,0.6488095238095237
results/sensitivity96/repeat1-fold2/audit.json,models/tangent_pca/chosen/fold_auc/2,0.577922077922078
results/sensitivity96/repeat1-fold2/audit.json,models/tangent_pca/threshold/min_recall,0.5853658536585366
results/sensitivity96/repeat1-fold2/audit.json,models/tangent_pca/threshold/balanced_accuracy,0.5982384823848239
results/sensitivity96/repeat1-fold2/audit.json,models/tangent_select/candidates/0/mean_inner_auc,0.6362014054321747
results/sensitivity96/repeat1-fold2/audit.json,models/tangent_select/candidates/0/fold_auc/0,0.6272189349112427
results/sensitivity96/repeat1-fold2/audit.json,models/tangent_select/candidates/0/fold_auc/1,0.6904761904761905
results/sensitivity96/repeat1-fold2/audit.json,models/tangent_select/candidates/0/fold_auc/2,0.5909090909090909
results/sensitivity96/repeat1-fold2/audit.json,models/tangent_select/candidates/1/mean_inner_auc,0.6288529846222154
results/sensitivity96/repeat1-fold2/audit.json,models/tangent_select/candidates/1/fold_auc/0,0.6035502958579883
results/sensitivity96/repeat1-fold2/audit.json,models/tangent_select/candidates/1/fold_auc/1,0.6726190476190476
results/sensitivity96/repeat1-fold2/audit.json,models/tangent_select/candidates/1/fold_auc/2,0.6103896103896104
results/sensitivity96/repeat1-fold2/audit.json,models/tangent_select/candidates/2/mean_inner_auc,0.6337465952850568
results/sensitivity96/repeat1-fold2/audit.json,models/tangent_select/candidates/2/fold_auc/0,0.591715976331361
results/sensitivity96/repeat1-fold2/audit.json,models/tangent_select/candidates/2/fold_auc/1,0.6666666666666666
results/sensitivity96/repeat1-fold2/audit.json,models/tangent_select/candidates/2/fold_auc/2,0.6428571428571428
results/sensitivity96/repeat1-fold2/audit.json,models/tangent_select/candidates/3/mean_inner_auc,0.6357072414764722
results/sensitivity96/repeat1-fold2/audit.json,models/tangent_select/candidates/3/fold_auc/0,0.6035502958579881
results/sensitivity96/repeat1-fold2/audit.json,models/tangent_select/candidates/3/fold_auc/1,0.6607142857142857
results/sensitivity96/repeat1-fold2/audit.json,models/tangent_select/candidates/3/fold_auc/2,0.6428571428571428
results/sensitivity96/repeat1-fold2/audit.json,models/tangent_select/candidates/4/mean_inner_auc,0.6658341658341658
results/sensitivity96/repeat1-fold2/audit.json,models/tangent_select/candidates/4/fold_auc/0,0.6923076923076923
results/sensitivity96/repeat1-fold2/audit.json,models/tangent_select/candidates/4/fold_auc/1,0.7142857142857142
results/sensitivity96/repeat1-fold2/audit.json,models/tangent_select/candidates/4/fold_auc/2,0.5909090909090909
results/sensitivity96/repeat1-fold2/audit.json,models/tangent_select/candidates/5/mean_inner_auc,0.6748764056456364
results/sensitivity96/repeat1-fold2/audit.json,models/tangent_select/candidates/5/fold_auc/0,0.6804733727810651
results/sensitivity96/repeat1-fold2/audit.json,models/tangent_select/candidates/5/fold_auc/1,0.7142857142857143
results/sensitivity96/repeat1-fold2/audit.json,models/tangent_select/candidates/5/fold_auc/2,0.6298701298701299
results/sensitivity96/repeat1-fold2/audit.json,models/tangent_select/candidates/6/mean_inner_auc,0.6791819291819291
results/sensitivity96/repeat1-fold2/audit.json,models/tangent_select/candidates/6/fold_auc/0,0.6923076923076923
results/sensitivity96/repeat1-fold2/audit.json,models/tangent_select/candidates/6/fold_auc/1,0.7023809523809523
results/sensitivity96/repeat1-fold2/audit.json,models/tangent_select/candidates/6/fold_auc/2,0.6428571428571428
results/sensitivity96/repeat1-fold2/audit.json,models/tangent_select/candidates/7/mean_inner_auc,0.6957529649837341
results/sensitivity96/repeat1-fold2/audit.json,models/tangent_select/candidates/7/fold_auc/0,0.7041420118343196
results/sensitivity96/repeat1-fold2/audit.json,models/tangent_select/candidates/7/fold_auc/1,0.7142857142857143
results/sensitivity96/repeat1-fold2/audit.json,models/tangent_select/candidates/7/fold_auc/2,0.6688311688311688
results/sensitivity96/repeat1-fold2/audit.json,models/tangent_select/chosen/mean_inner_auc,0.6957529649837341
results/sensitivity96/repeat1-fold2/audit.json,models/tangent_select/chosen/fold_auc/0,0.7041420118343196
results/sensitivity96/repeat1-fold2/audit.json,models/tangent_select/chosen/fold_auc/1,0.7142857142857143
results/sensitivity96/repeat1-fold2/audit.json,models/tangent_select/chosen/fold_auc/2,0.6688311688311688
results/sensitivity96/repeat1-fold2/audit.json,models/tangent_select/threshold/min_recall,0.6388888888888888
results/sensitivity96/repeat1-fold2/audit.json,models/tangent_select/threshold/balanced_accuracy,0.6487127371273713
results/sensitivity96/repeat1-fold3/audit.json,models/tangent_original/candidates/0/mean_inner_auc,0.7681463835309988
results/sensitivity96/repeat1-fold3/audit.json,models/tangent_original/candidates/0/fold_auc/0,0.7633136094674556
results/sensitivity96/repeat1-fold3/audit.json,models/tangent_original/candidates/0/fold_auc/1,0.6904761904761905
results/sensitivity96/repeat1-fold3/audit.json,models/tangent_original/candidates/0/fold_auc/2,0.8506493506493507
results/sensitivity96/repeat1-fold3/audit.json,models/tangent_original/candidates/1/mean_inner_auc,0.7560964676349292
results/sensitivity96/repeat1-fold3/audit.json,models/tangent_original/candidates/1/fold_auc/0,0.7455621301775147
results/sensitivity96/repeat1-fold3/audit.json,models/tangent_original/candidates/1/fold_auc/1,0.6785714285714286
results/sensitivity96/repeat1-fold3/audit.json,models/tangent_original/candidates/1/fold_auc/2,0.8441558441558441
results/sensitivity96/repeat1-fold3/audit.json,models/tangent_original/candidates/2/mean_inner_auc,0.7578884790423251
results/sensitivity96/repeat1-fold3/audit.json,models/tangent_original/candidates/2/fold_auc/0,0.7514792899408284
results/sensitivity96/repeat1-fold3/audit.json,models/tangent_original/candidates/2/fold_auc/1,0.6845238095238095
results/sensitivity96/repeat1-fold3/audit.json,models/tangent_original/candidates/2/fold_auc/2,0.8376623376623377
results/sensitivity96/repeat1-fold3/audit.json,models/tangent_original/candidates/3/mean_inner_auc,0.7579002194386809
results/sensitivity96/repeat1-fold3/audit.json,models/tangent_original/candidates/3/fold_auc/0,0.7455621301775147
results/sensitivity96/repeat1-fold3/audit.json,models/tangent_original/candidates/3/fold_auc/1,0.6904761904761905
results/sensitivity96/repeat1-fold3/audit.json,models/tangent_original/candidates/3/fold_auc/2,0.8376623376623377
results/sensitivity96/repeat1-fold3/audit.json,models/tangent_original/chosen/mean_inner_auc,0.7681463835309988
results/sensitivity96/repeat1-fold3/audit.json,models/tangent_original/chosen/fold_auc/0,0.7633136094674556
results/sensitivity96/repeat1-fold3/audit.json,models/tangent_original/chosen/fold_auc/1,0.6904761904761905
results/sensitivity96/repeat1-fold3/audit.json,models/tangent_original/chosen/fold_auc/2,0.8506493506493507
results/sensitivity96/repeat1-fold3/audit.json,models/tangent_original/threshold/min_recall,0.7073170731707317
results/sensitivity96/repeat1-fold3/audit.json,models/tangent_original/threshold/balanced_accuracy,0.7286585365853658
results/sensitivity96/repeat1-fold3/audit.json,models/tangent_center/candidates/0/mean_inner_auc,0.7472698241929011
results/sensitivity96/repeat1-fold3/audit.json,models/tangent_center/candidates/0/fold_auc/0,0.7396449704142012
results/sensitivity96/repeat1-fold3/audit.json,models/tangent_center/candidates/0/fold_auc/1,0.6904761904761905
results/sensitivity96/repeat1-fold3/audit.json,models/tangent_center/candidates/0/fold_auc/2,0.8116883116883116
results/sensitivity96/repeat1-fold3/audit.json,models/tangent_center/candidates/1/mean_inner_auc,0.7557357172741788
results/sensitivity96/repeat1-fold3/audit.json,models/tangent_center/candidates/1/fold_auc/0,0.7455621301775147
results/sensitivity96/repeat1-fold3/audit.json,models/tangent_center/candidates/1/fold_auc/1,0.6904761904761905
results/sensitivity96/repeat1-fold3/audit.json,models/tangent_center/candidates/1/fold_auc/2,0.8311688311688311
results/sensitivity96/repeat1-fold3/audit.json,models/tangent_center/candidates/2/mean_inner_auc,0.7600647216031832
results/sensitivity96/repeat1-fold3/audit.json,models/tangent_center/candidates/2/fold_auc/0,0.7455621301775148
results/sensitivity96/repeat1-fold3/audit.json,models/tangent_center/candidates/2/fold_auc/1,0.6904761904761905
results/sensitivity96/repeat1-fold3/audit.json,models/tangent_center/candidates/2/fold_auc/2,0.8441558441558441
results/sensitivity96/repeat1-fold3/audit.json,models/tangent_center/candidates/3/mean_inner_auc,0.749830297907221
results/sensitivity96/repeat1-fold3/audit.json,models/tangent_center/candidates/3/fold_auc/0,0.7218934911242604
results/sensitivity96/repeat1-fold3/audit.json,models/tangent_center/candidates/3/fold_auc/1,0.6964285714285715
results/sensitivity96/repeat1-fold3/audit.json,models/tangent_center/candidates/3/fold_auc/2,0.8311688311688311
results/sensitivity96/repeat1-fold3/audit.json,models/tangent_center/chosen/mean_inner_auc,0.7600647216031832
results/sensitivity96/repeat1-fold3/audit.json,models/tangent_center/chosen/fold_auc/0,0.7455621301775148
results/sensitivity96/repeat1-fold3/audit.json,models/tangent_center/chosen/fold_auc/1,0.6904761904761905
results/sensitivity96/repeat1-fold3/audit.json,models/tangent_center/chosen/fold_auc/2,0.8441558441558441
results/sensitivity96/repeat1-fold3/audit.json,models/tangent_center/threshold/min_recall,0.7073170731707317
results/sensitivity96/repeat1-fold3/audit.json,models/tangent_center/threshold/balanced_accuracy,0.7286585365853658
results/sensitivity96/repeat1-fold3/audit.json,models/tangent_pca/candidates/0/mean_inner_auc,0.7569236319236318
results/sensitivity96/repeat1-fold3/audit.json,models/tangent_pca/candidates/0/fold_auc/0,0.6923076923076923
results/sensitivity96/repeat1-fold3/audit.json,models/tangent_pca/candidates/0/fold_auc/1,0.7083333333333333
results/sensitivity96/repeat1-fold3/audit.json,models/tangent_pca/candidates/0/fold_auc/2,0.8701298701298701
results/sensitivity96/repeat1-fold3/audit.json,models/tangent_pca/candidates/1/mean_inner_auc,0.7610840014686168
results/sensitivity96/repeat1-fold3/audit.json,models/tangent_pca/candidates/1/fold_auc/0,0.6863905325443787
results/sensitivity96/repeat1-fold3/audit.json,models/tangent_pca/candidates/1/fold_auc/1,0.7202380952380952
results/sensitivity96/repeat1-fold3/audit.json,models/tangent_pca/candidates/1/fold_auc/2,0.8766233766233765
results/sensitivity96/repeat1-fold3/audit.json,models/tangent_pca/candidates/2/mean_inner_auc,0.7713419059572906
results/sensitivity96/repeat1-fold3/audit.json,models/tangent_pca/candidates/2/fold_auc/0,0.6982248520710059
results/sensitivity96/repeat1-fold3/audit.json,models/tangent_pca/candidates/2/fold_auc/1,0.7261904761904762
results/sensitivity96/repeat1-fold3/audit.json,models/tangent_pca/candidates/2/fold_auc/2,0.8896103896103895
results/sensitivity96/repeat1-fold3/audit.json,models/tangent_pca/candidates/3/mean_inner_auc,0.7752984195291887
results/sensitivity96/repeat1-fold3/audit.json,models/tangent_pca/candidates/3/fold_auc/0,0.7041420118343196
results/sensitivity96/repeat1-fold3/audit.json,models/tangent_pca/candidates/3/fold_auc/1,0.7321428571428571
results/sensitivity96/repeat1-fold3/audit.json,models/tangent_pca/candidates/3/fold_auc/2,0.8896103896103895
results/sensitivity96/repeat1-fold3/audit.json,models/tangent_pca/candidates/4/mean_inner_auc,0.752896675973599
results/sensitivity96/repeat1-fold3/audit.json,models/tangent_pca/candidates/4/fold_auc/0,0.7218934911242603
results/sensitivity96/repeat1-fold3/audit.json,models/tangent_pca/candidates/4/fold_auc/1,0.6666666666666667
results/sensitivity96/repeat1-fold3/audit.json,models/tangent_pca/candidates/4/fold_auc/2,0.8701298701298701
results/sensitivity96/repeat1-fold3/audit.json,models/tangent_pca/candidates/5/mean_inner_auc,0.7519830596753675
results/sensitivity96/repeat1-fold3/audit.json,models/tangent_pca/candidates/5/fold_auc/0,0.727810650887574
results/sensitivity96/repeat1-fold3/audit.json,models/tangent_pca/candidates/5/fold_auc/1,0.6904761904761906
results/sensitivity96/repeat1-fold3/audit.json,models/tangent_pca/candidates/5/fold_auc/2,0.8376623376623378
results/sensitivity96/repeat1-fold3/audit.json,models/tangent_pca/candidates/6/mean_inner_auc,0.7180565161334392
results/sensitivity96/repeat1-fold3/audit.json,models/tangent_pca/candidates/6/fold_auc/0,0.6449704142011834
results/sensitivity96/repeat1-fold3/audit.json,models/tangent_pca/candidates/6/fold_auc/1,0.6845238095238095
results/sensitivity96/repeat1-fold3/audit.json,models/tangent_pca/candidates/6/fold_auc/2,0.8246753246753247
results/sensitivity96/repeat1-fold3/audit.json,models/tangent_pca/candidates/7/mean_inner_auc,0.7239736758967528
results/sensitivity96/repeat1-fold3/audit.json,models/tangent_pca/candidates/7/fold_auc/0,0.6627218934911243
results/sensitivity96/repeat1-fold3/audit.json,models/tangent_pca/candidates/7/fold_auc/1,0.6845238095238095
results/sensitivity96/repeat1-fold3/audit.json,models/tangent_pca/candidates/7/fold_auc/2,0.8246753246753247
results/sensitivity96/repeat1-fold3/audit.json,models/tangent_pca/chosen/mean_inner_auc,0.7752984195291887
results/sensitivity96/repeat1-fold3/audit.json,models/tangent_pca/chosen/fold_auc/0,0.7041420118343196
results/sensitivity96/repeat1-fold3/audit.json,models/tangent_pca/chosen/fold_auc/1,0.7321428571428571
results/sensitivity96/repeat1-fold3/audit.json,models/tangent_pca/chosen/fold_auc/2,0.8896103896103895
results/sensitivity96/repeat1-fold3/audit.json,models/tangent_pca/threshold/min_recall,0.6944444444444444
results/sensitivity96/repeat1-fold3/audit.json,models/tangent_pca/threshold/balanced_accuracy,0.700880758807588
results/sensitivity96/repeat1-fold3/audit.json,models/tangent_select/candidates/0/mean_inner_auc,0.7124179239563855
results/sensitivity96/repeat1-fold3/audit.json,models/tangent_select/candidates/0/fold_auc/0,0.6686390532544378
results/sensitivity96/repeat1-fold3/audit.json,models/tangent_select/candidates/0/fold_auc/1,0.6309523809523809
results/sensitivity96/repeat1-fold3/audit.json,models/tangent_select/candidates/0/fold_auc/2,0.8376623376623377
results/sensitivity96/repeat1-fold3/audit.json,models/tangent_select/candidates/1/mean_inner_auc,0.7059596386519463
results/sensitivity96/repeat1-fold3/audit.json,models/tangent_select/candidates/1/fold_auc/0,0.650887573964497
results/sensitivity96/repeat1-fold3/audit.json,models/tangent_select/candidates/1/fold_auc/1,0.6488095238095237
results/sensitivity96/repeat1-fold3/audit.json,models/tangent_select/candidates/1/fold_auc/2,0.8181818181818182
results/sensitivity96/repeat1-fold3/audit.json,models/tangent_select/candidates/2/mean_inner_auc,0.687753485830409
results/sensitivity96/repeat1-fold3/audit.json,models/tangent_select/candidates/2/fold_auc/0,0.6449704142011834
results/sensitivity96/repeat1-fold3/audit.json,models/tangent_select/candidates/2/fold_auc/1,0.6130952380952381
results/sensitivity96/repeat1-fold3/audit.json,models/tangent_select/candidates/2/fold_auc/2,0.8051948051948051
results/sensitivity96/repeat1-fold3/audit.json,models/tangent_select/candidates/3/mean_inner_auc,0.6875965914427452
results/sensitivity96/repeat1-fold3/audit.json,models/tangent_select/candidates/3/fold_auc/0,0.6331360946745562
results/sensitivity96/repeat1-fold3/audit.json,models/tangent_select/candidates/3/fold_auc/1,0.6309523809523809
results/sensitivity96/repeat1-fold3/audit.json,models/tangent_select/candidates/3/fold_auc/2,0.7987012987012987
results/sensitivity96/repeat1-fold3/audit.json,models/tangent_select/candidates/4/mean_inner_auc,0.7335965316734546
results/sensitivity96/repeat1-fold3/audit.json,models/tangent_select/candidates/4/fold_auc/0,0.7218934911242604
results/sensitivity96/repeat1-fold3/audit.json,models/tangent_select/candidates/4/fold_auc/1,0.6607142857142857
results/sensitivity96/repeat1-fold3/audit.json,models/tangent_select/candidates/4/fold_auc/2,0.8181818181818181
results/sensitivity96/repeat1-fold3/audit.json,models/tangent_select/candidates/5/mean_inner_auc,0.7071753033291496
results/sensitivity96/repeat1-fold3/audit.json,models/tangent_select/candidates/5/fold_auc/0,0.6745562130177515
results/sensitivity96/repeat1-fold3/audit.json,models/tangent_select/candidates/5/fold_auc/1,0.6547619047619048
results/sensitivity96/repeat1-fold3/audit.json,models/tangent_select/candidates/5/fold_auc/2,0.7922077922077922
results/sensitivity96/repeat1-fold3/audit.json,models/tangent_select/candidates/6/mean_inner_auc,0.7068028125720435
results/sensitivity96/repeat1-fold3/audit.json,models/tangent_select/candidates/6/fold_auc/0,0.680473372781065
results/sensitivity96/repeat1-fold3/audit.json,models/tangent_select/candidates/6/fold_auc/1,0.6607142857142857
results/sensitivity96/repeat1-fold3/audit.json,models/tangent_select/candidates/6/fold_auc/2,0.7792207792207793
results/sensitivity96/repeat1-fold3/audit.json,models/tangent_select/candidates/7/mean_inner_auc,0.7085830835830835
results/sensitivity96/repeat1-fold3/audit.json,models/tangent_select/candidates/7/fold_auc/0,0.6923076923076923
results/sensitivity96/repeat1-fold3/audit.json,models/tangent_select/candidates/7/fold_auc/1,0.6607142857142857
results/sensitivity96/repeat1-fold3/audit.json,models/tangent_select/candidates/7/fold_auc/2,0.7727272727272727
results/sensitivity96/repeat1-fold3/audit.json,models/tangent_select/chosen/mean_inner_auc,0.7335965316734546
results/sensitivity96/repeat1-fold3/audit.json,models/tangent_select/chosen/fold_auc/0,0.7218934911242604
results/sensitivity96/repeat1-fold3/audit.json,models/tangent_select/chosen/fold_auc/1,0.6607142857142857
results/sensitivity96/repeat1-fold3/audit.json,models/tangent_select/chosen/fold_auc/2,0.8181818181818181
results/sensitivity96/repeat1-fold3/audit.json,models/tangent_select/threshold/min_recall,0.6388888888888888
results/sensitivity96/repeat1-fold3/audit.json,models/tangent_select/threshold/balanced_accuracy,0.6487127371273713
results/sensitivity96/repeat1-fold4/audit.json,models/tangent_original/candidates/0/mean_inner_auc,0.7641621199313507
results/sensitivity96/repeat1-fold4/audit.json,models/tangent_original/candidates/0/fold_auc/0,0.6804733727810651
results/sensitivity96/repeat1-fold4/audit.json,models/tangent_original/candidates/0/fold_auc/1,0.7678571428571428
results/sensitivity96/repeat1-fold4/audit.json,models/tangent_original/candidates/0/fold_auc/2,0.8441558441558441
results/sensitivity96/repeat1-fold4/audit.json,models/tangent_original/candidates/1/mean_inner_auc,0.7625504837043299
results/sensitivity96/repeat1-fold4/audit.json,models/tangent_original/candidates/1/fold_auc/0,0.6745562130177514
results/sensitivity96/repeat1-fold4/audit.json,models/tangent_original/candidates/1/fold_auc/1,0.7559523809523809
results/sensitivity96/repeat1-fold4/audit.json,models/tangent_original/candidates/1/fold_auc/2,0.8571428571428571
results/sensitivity96/repeat1-fold4/audit.json,models/tangent_original/candidates/2/mean_inner_auc,0.7587860857091626
results/sensitivity96/repeat1-fold4/audit.json,models/tangent_original/candidates/2/fold_auc/0,0.6627218934911243
results/sensitivity96/repeat1-fold4/audit.json,models/tangent_original/candidates/2/fold_auc/1,0.75
results/sensitivity96/repeat1-fold4/audit.json,models/tangent_original/candidates/2/fold_auc/2,0.8636363636363636
results/sensitivity96/repeat1-fold4/audit.json,models/tangent_original/candidates/3/mean_inner_auc,0.7568136991213915
results/sensitivity96/repeat1-fold4/audit.json,models/tangent_original/candidates/3/fold_auc/0,0.6568047337278107
results/sensitivity96/repeat1-fold4/audit.json,models/tangent_original/candidates/3/fold_auc/1,0.75
results/sensitivity96/repeat1-fold4/audit.json,models/tangent_original/candidates/3/fold_auc/2,0.8636363636363636
results/sensitivity96/repeat1-fold4/audit.json,models/tangent_original/chosen/mean_inner_auc,0.7641621199313507
results/sensitivity96/repeat1-fold4/audit.json,models/tangent_original/chosen/fold_auc/0,0.6804733727810651
results/sensitivity96/repeat1-fold4/audit.json,models/tangent_original/chosen/fold_auc/1,0.7678571428571428
results/sensitivity96/repeat1-fold4/audit.json,models/tangent_original/chosen/fold_auc/2,0.8441558441558441
results/sensitivity96/repeat1-fold4/audit.json,models/tangent_original/threshold/min_recall,0.6666666666666666
results/sensitivity96/repeat1-fold4/audit.json,models/tangent_original/threshold/balanced_accuracy,0.6869918699186992
results/sensitivity96/repeat1-fold4/audit.json,models/tangent_center/candidates/0/mean_inner_auc,0.7664365548980933
results/sensitivity96/repeat1-fold4/audit.json,models/tangent_center/candidates/0/fold_auc/0,0.7159763313609466
results/sensitivity96/repeat1-fold4/audit.json,models/tangent_center/candidates/0/fold_auc/1,0.7976190476190476
results/sensitivity96/repeat1-fold4/audit.json,models/tangent_center/candidates/0/fold_auc/2,0.7857142857142857
results/sensitivity96/repeat1-fold4/audit.json,models/tangent_center/candidates/1/mean_inner_auc,0.7670011612319305
results/sensitivity96/repeat1-fold4/audit.json,models/tangent_center/candidates/1/fold_auc/0,0.7041420118343195
results/sensitivity96/repeat1-fold4/audit.json,models/tangent_center/candidates/1/fold_auc/1,0.7916666666666666
results/sensitivity96/repeat1-fold4/audit.json,models/tangent_center/candidates/1/fold_auc/2,0.8051948051948052
results/sensitivity96/repeat1-fold4/audit.json,models/tangent_center/candidates/2/mean_inner_auc,0.7796391642545489
results/sensitivity96/repeat1-fold4/audit.json,models/tangent_center/candidates/2/fold_auc/0,0.6982248520710059
results/sensitivity96/repeat1-fold4/audit.json,models/tangent_center/candidates/2/fold_auc/1,0.8095238095238095
results/sensitivity96/repeat1-fold4/audit.json,models/tangent_center/candidates/2/fold_auc/2,0.8311688311688311
results/sensitivity96/repeat1-fold4/audit.json,models/tangent_center/candidates/3/mean_inner_auc,0.7699341257033564
results/sensitivity96/repeat1-fold4/audit.json,models/tangent_center/candidates/3/fold_auc/0,0.680473372781065
results/sensitivity96/repeat1-fold4/audit.json,models/tangent_center/candidates/3/fold_auc/1,0.7916666666666666
results/sensitivity96/repeat1-fold4/audit.json,models/tangent_center/candidates/3/fold_auc/2,0.8376623376623376
results/sensitivity96/repeat1-fold4/audit.json,models/tangent_center/chosen/mean_inner_auc,0.7796391642545489
results/sensitivity96/repeat1-fold4/audit.json,models/tangent_center/chosen/fold_auc/0,0.6982248520710059
results/sensitivity96/repeat1-fold4/audit.json,models/tangent_center/chosen/fold_auc/1,0.8095238095238095
results/sensitivity96/repeat1-fold4/audit.json,models/tangent_center/chosen/fold_auc/2,0.8311688311688311
results/sensitivity96/repeat1-fold4/audit.json,models/tangent_center/threshold/min_recall,0.6829268292682927
results/sensitivity96/repeat1-fold4/audit.json,models/tangent_center/threshold/balanced_accuracy,0.6886856368563685
results/sensitivity96/repeat1-fold4/audit.json,models/tangent_pca/candidates/0/mean_inner_auc,0.7219660681199143
results/sensitivity96/repeat1-fold4/audit.json,models/tangent_pca/candidates/0/fold_auc/0,0.6745562130177515
results/sensitivity96/repeat1-fold4/audit.json,models/tangent_pca/candidates/0/fold_auc/1,0.7380952380952381
results/sensitivity96/repeat1-fold4/audit.json,models/tangent_pca/candidates/0/fold_auc/2,0.7532467532467533
results/sensitivity96/repeat1-fold4/audit.json,models/tangent_pca/candidates/1/mean_inner_auc,0.7115630096399327
results/sensitivity96/repeat1-fold4/audit.json,models/tangent_pca/candidates/1/fold_auc/0,0.6449704142011834
results/sensitivity96/repeat1-fold4/audit.json,models/tangent_pca/candidates/1/fold_auc/1,0.7559523809523809
results/sensitivity96/repeat1-fold4/audit.json,models/tangent_pca/candidates/1/fold_auc/2,0.7337662337662337
results/sensitivity96/repeat1-fold4/audit.json,models/tangent_pca/candidates/2/mean_inner_auc,0.7051164647318493
results/sensitivity96/repeat1-fold4/audit.json,models/tangent_pca/candidates/2/fold_auc/0,0.6213017751479291
results/sensitivity96/repeat1-fold4/audit.json,models/tangent_pca/candidates/2/fold_auc/1,0.7797619047619047
results/sensitivity96/repeat1-fold4/audit.json,models/tangent_pca/candidates/2/fold_auc/2,0.7142857142857143
results/sensitivity96/repeat1-fold4/audit.json,models/tangent_pca/candidates/3/mean_inner_auc,0.7051164647318493
results/sensitivity96/repeat1-fold4/audit.json,models/tangent_pca/candidates/3/fold_auc/0,0.6213017751479291
results/sensitivity96/repeat1-fold4/audit.json,models/tangent_pca/candidates/3/fold_auc/1,0.7797619047619047
results/sensitivity96/repeat1-fold4/audit.json,models/tangent_pca/candidates/3/fold_auc/2,0.7142857142857143
results/sensitivity96/repeat1-fold4/audit.json,models/tangent_pca/candidates/4/mean_inner_auc,0.7399566245720092
results/sensitivity96/repeat1-fold4/audit.json,models/tangent_pca/candidates/4/fold_auc/0,0.6982248520710059
results/sensitivity96/repeat1-fold4/audit.json,models/tangent_pca/candidates/4/fold_auc/1,0.7619047619047619
results/sensitivity96/repeat1-fold4/audit.json,models/tangent_pca/candidates/4/fold_auc/2,0.7597402597402597
results/sensitivity96/repeat1-fold4/audit.json,models/tangent_pca/candidates/5/mean_inner_auc,0.7363960825499287
results/sensitivity96/repeat1-fold4/audit.json,models/tangent_pca/candidates/5/fold_auc/0,0.6745562130177514
results/sensitivity96/repeat1-fold4/audit.json,models/tangent_pca/candidates/5/fold_auc/1,0.7619047619047619
results/sensitivity96/repeat1-fold4/audit.json,models/tangent_pca/candidates/5/fold_auc/2,0.7727272727272727
results/sensitivity96/repeat1-fold4/audit.json,models/tangent_pca/candidates/6/mean_inner_auc,0.7243696474465705
results/sensitivity96/repeat1-fold4/audit.json,models/tangent_pca/candidates/6/fold_auc/0,0.6449704142011834
results/sensitivity96/repeat1-fold4/audit.json,models/tangent_pca/candidates/6/fold_auc/1,0.7619047619047619
results/sensitivity96/repeat1-fold4/audit.json,models/tangent_pca/candidates/6/fold_auc/2,0.7662337662337663
results/sensitivity96/repeat1-fold4/audit.json,models/tangent_pca/candidates/7/mean_inner_auc,0.724346166653859
results/sensitivity96/repeat1-fold4/audit.json,models/tangent_pca/candidates/7/fold_auc/0,0.6568047337278107
results/sensitivity96/repeat1-fold4/audit.json,models/tangent_pca/candidates/7/fold_auc/1,0.75
results/sensitivity96/repeat1-fold4/audit.json,models/tangent_pca/candidates/7/fold_auc/2,0.7662337662337662
results/sensitivity96/repeat1-fold4/audit.json,models/tangent_pca/chosen/mean_inner_auc,0.7399566245720092
results/sensitivity96/repeat1-fold4/audit.json,models/tangent_pca/chosen/fold_auc/0,0.6982248520710059
results/sensitivity96/repeat1-fold4/audit.json,models/tangent_pca/chosen/fold_auc/1,0.7619047619047619
results/sensitivity96/repeat1-fold4/audit.json,models/tangent_pca/chosen/fold_auc/2,0.7597402597402597
results/sensitivity96/repeat1-fold4/audit.json,models/tangent_pca/threshold/min_recall,0.6585365853658537
results/sensitivity96/repeat1-fold4/audit.json,models/tangent_pca/threshold/balanced_accuracy,0.676490514905149
results/sensitivity96/repeat1-fold4/audit.json,models/tangent_select/candidates/0/mean_inner_auc,0.7533630899015513
results/sensitivity96/repeat1-fold4/audit.json,models/tangent_select/candidates/0/fold_auc/0,0.6686390532544378
results/sensitivity96/repeat1-fold4/audit.json,models/tangent_select/candidates/0/fold_auc/1,0.7797619047619047
results/sensitivity96/repeat1-fold4/audit.json,models/tangent_select/candidates/0/fold_auc/2,0.8116883116883116
results/sensitivity96/repeat1-fold4/audit.json,models/tangent_select/candidates/1/mean_inner_auc,0.7551551013089474
results/sensitivity96/repeat1-fold4/audit.json,models/tangent_select/candidates/1/fold_auc/0,0.6745562130177515
results/sensitivity96/repeat1-fold4/audit.json,models/tangent_select/candidates/1/fold_auc/1,0.7857142857142857
results/sensitivity96/repeat1-fold4/audit.json,models/tangent_select/candidates/1/fold_auc/2,0.8051948051948051
results/sensitivity96/repeat1-fold4/audit.json,models/tangent_select/candidates/2/mean_inner_auc,0.7490458259689029
results/sensitivity96/repeat1-fold4/audit.json,models/tangent_select/candidates/2/fold_auc/0,0.6627218934911243
results/sensitivity96/repeat1-fold4/audit.json,models/tangent_select/candidates/2/fold_auc/1,0.7857142857142857
results/sensitivity96/repeat1-fold4/audit.json,models/tangent_select/candidates/2/fold_auc/2,0.7987012987012987
results/sensitivity96/repeat1-fold4/audit.json,models/tangent_select/candidates/3/mean_inner_auc,0.7425640598717521
results/sensitivity96/repeat1-fold4/audit.json,models/tangent_select/candidates/3/fold_auc/0,0.6568047337278107
results/sensitivity96/repeat1-fold4/audit.json,models/tangent_select/candidates/3/fold_auc/1,0.7916666666666666
results/sensitivity96/repeat1-fold4/audit.json,models/tangent_select/candidates/3/fold_auc/2,0.7792207792207791
results/sensitivity96/repeat1-fold4/audit.json,models/tangent_select/candidates/4/mean_inner_auc,0.7371293236677853
results/sensitivity96/repeat1-fold4/audit.json,models/tangent_select/candidates/4/fold_auc/0,0.6686390532544378
results/sensitivity96/repeat1-fold4/audit.json,models/tangent_select/candidates/4/fold_auc/1,0.7440476190476191
results/sensitivity96/repeat1-fold4/audit.json,models/tangent_select/candidates/4/fold_auc/2,0.7987012987012987
results/sensitivity96/repeat1-fold4/audit.json,models/tangent_select/candidates/5/mean_inner_auc,0.7331845504922428
results/sensitivity96/repeat1-fold4/audit.json,models/tangent_select/candidates/5/fold_auc/0,0.6568047337278107
results/sensitivity96/repeat1-fold4/audit.json,models/tangent_select/candidates/5/fold_auc/1,0.744047619047619
results/sensitivity96/repeat1-fold4/audit.json,models/tangent_select/candidates/5/fold_auc/2,0.7987012987012987
results/sensitivity96/repeat1-fold4/audit.json,models/tangent_select/candidates/6/mean_inner_auc,0.725295004141158
results/sensitivity96/repeat1-fold4/audit.json,models/tangent_select/candidates/6/fold_auc/0,0.6331360946745561
results/sensitivity96/repeat1-fold4/audit.json,models/tangent_select/candidates/6/fold_auc/1,0.744047619047619
results/sensitivity96/repeat1-fold4/audit.json,models/tangent_select/candidates/6/fold_auc/2,0.7987012987012987
results/sensitivity96/repeat1-fold4/audit.json,models/tangent_select/candidates/7/mean_inner_auc,0.7312121639044715
results/sensitivity96/repeat1-fold4/audit.json,models/tangent_select/candidates/7/fold_auc/0,0.650887573964497
results/sensitivity96/repeat1-fold4/audit.json,models/tangent_select/candidates/7/fold_auc/1,0.744047619047619
results/sensitivity96/repeat1-fold4/audit.json,models/tangent_select/candidates/7/fold_auc/2,0.7987012987012987
results/sensitivity96/repeat1-fold4/audit.json,models/tangent_select/chosen/mean_inner_auc,0.7551551013089474
results/sensitivity96/repeat1-fold4/audit.json,models/tangent_select/chosen/fold_auc/0,0.6745562130177515
results/sensitivity96/repeat1-fold4/audit.json,models/tangent_select/chosen/fold_auc/1,0.7857142857142857
results/sensitivity96/repeat1-fold4/audit.json,models/tangent_select/chosen/fold_auc/2,0.8051948051948051
results/sensitivity96/repeat1-fold4/audit.json,models/tangent_select/threshold/min_recall,0.6388888888888888
results/sensitivity96/repeat1-fold4/audit.json,models/tangent_select/threshold/balanced_accuracy,0.6487127371273713
results/sensitivity96/repeat1-fold5/audit.json,models/tangent_original/candidates/0/mean_inner_auc,0.7583694083694085
results/sensitivity96/repeat1-fold5/audit.json,models/tangent_original/candidates/0/fold_auc/0,0.7393939393939394
results/sensitivity96/repeat1-fold5/audit.json,models/tangent_original/candidates/0/fold_auc/1,0.8214285714285714
results/sensitivity96/repeat1-fold5/audit.json,models/tangent_original/candidates/0/fold_auc/2,0.7142857142857143
results/sensitivity96/repeat1-fold5/audit.json,models/tangent_original/candidates/1/mean_inner_auc,0.7604617604617605
results/sensitivity96/repeat1-fold5/audit.json,models/tangent_original/candidates/1/fold_auc/0,0.7575757575757576
results/sensitivity96/repeat1-fold5/audit.json,models/tangent_original/candidates/1/fold_auc/1,0.8095238095238094
results/sensitivity96/repeat1-fold5/audit.json,models/tangent_original/candidates/1/fold_auc/2,0.7142857142857144
results/sensitivity96/repeat1-fold5/audit.json,models/tangent_original/candidates/2/mean_inner_auc,0.7668109668109668
results/sensitivity96/repeat1-fold5/audit.json,models/tangent_original/candidates/2/fold_auc/0,0.7636363636363637
results/sensitivity96/repeat1-fold5/audit.json,models/tangent_original/candidates/2/fold_auc/1,0.8095238095238094
results/sensitivity96/repeat1-fold5/audit.json,models/tangent_original/candidates/2/fold_auc/2,0.7272727272727273
results/sensitivity96/repeat1-fold5/audit.json,models/tangent_original/candidates/3/mean_inner_auc,0.7687950937950938
results/sensitivity96/repeat1-fold5/audit.json,models/tangent_original/candidates/3/fold_auc/0,0.7636363636363637
results/sensitivity96/repeat1-fold5/audit.json,models/tangent_original/candidates/3/fold_auc/1,0.8154761904761905
results/sensitivity96/repeat1-fold5/audit.json,models/tangent_original/candidates/3/fold_auc/2,0.7272727272727273
results/sensitivity96/repeat1-fold5/audit.json,models/tangent_original/chosen/mean_inner_auc,0.7687950937950938
results/sensitivity96/repeat1-fold5/audit.json,models/tangent_original/chosen/fold_auc/0,0.7636363636363637
results/sensitivity96/repeat1-fold5/audit.json,models/tangent_original/chosen/fold_auc/1,0.8154761904761905
results/sensitivity96/repeat1-fold5/audit.json,models/tangent_original/chosen/fold_auc/2,0.7272727272727273
results/sensitivity96/repeat1-fold5/audit.json,models/tangent_original/threshold/min_recall,0.6511627906976745
results/sensitivity96/repeat1-fold5/audit.json,models/tangent_original/threshold/balanced_accuracy,0.6638166894664843
results/sensitivity96/repeat1-fold5/audit.json,models/tangent_center/candidates/0/mean_inner_auc,0.7542929292929292
results/sensitivity96/repeat1-fold5/audit.json,models/tangent_center/candidates/0/fold_auc/0,0.6909090909090909
results/sensitivity96/repeat1-fold5/audit.json,models/tangent_center/candidates/0/fold_auc/1,0.8511904761904762
results/sensitivity96/repeat1-fold5/audit.json,models/tangent_center/candidates/0/fold_auc/2,0.7207792207792207
results/sensitivity96/repeat1-fold5/audit.json,models/tangent_center/candidates/1/mean_inner_auc,0.7564935064935066
results/sensitivity96/repeat1-fold5/audit.json,models/tangent_center/candidates/1/fold_auc/0,0.696969696969697
results/sensitivity96/repeat1-fold5/audit.json,models/tangent_center/candidates/1/fold_auc/1,0.8452380952380952
results/sensitivity96/repeat1-fold5/audit.json,models/tangent_center/candidates/1/fold_auc/2,0.7272727272727273
results/sensitivity96/repeat1-fold5/audit.json,models/tangent_center/candidates/2/mean_inner_auc,0.7664862914862915
results/sensitivity96/repeat1-fold5/audit.json,models/tangent_center/candidates/2/fold_auc/0,0.7393939393939394
results/sensitivity96/repeat1-fold5/audit.json,models/tangent_center/candidates/2/fold_auc/1,0.8392857142857143
results/sensitivity96/repeat1-fold5/audit.json,models/tangent_center/candidates/2/fold_auc/2,0.7207792207792207
results/sensitivity96/repeat1-fold5/audit.json,models/tangent_center/candidates/3/mean_inner_auc,0.7641414141414141
results/sensitivity96/repeat1-fold5/audit.json,models/tangent_center/candidates/3/fold_auc/0,0.7696969696969697
results/sensitivity96/repeat1-fold5/audit.json,models/tangent_center/candidates/3/fold_auc/1,0.8214285714285715
results/sensitivity96/repeat1-fold5/audit.json,models/tangent_center/candidates/3/fold_auc/2,0.7012987012987013
results/sensitivity96/repeat1-fold5/audit.json,models/tangent_center/chosen/mean_inner_auc,0.7664862914862915
results/sensitivity96/repeat1-fold5/audit.json,models/tangent_center/chosen/fold_auc/0,0.7393939393939394
results/sensitivity96/repeat1-fold5/audit.json,models/tangent_center/chosen/fold_auc/1,0.8392857142857143
results/sensitivity96/repeat1-fold5/audit.json,models/tangent_center/chosen/fold_auc/2,0.7207792207792207
results/sensitivity96/repeat1-fold5/audit.json,models/tangent_center/threshold/min_recall,0.6976744186046512
results/sensitivity96/repeat1-fold5/audit.json,models/tangent_center/threshold/balanced_accuracy,0.716484268125855
results/sensitivity96/repeat1-fold5/audit.json,models/tangent_pca/candidates/0/mean_inner_auc,0.7078643578643579
results/sensitivity96/repeat1-fold5/audit.json,models/tangent_pca/candidates/0/fold_auc/0,0.6484848484848484
results/sensitivity96/repeat1-fold5/audit.json,models/tangent_pca/candidates/0/fold_auc/1,0.7738095238095238
results/sensitivity96/repeat1-fold5/audit.json,models/tangent_pca/candidates/0/fold_auc/2,0.7012987012987013
results/sensitivity96/repeat1-fold5/audit.json,models/tangent_pca/candidates/1/mean_inner_auc,0.704112554112554
results/sensitivity96/repeat1-fold5/audit.json,models/tangent_pca/candidates/1/fold_auc/0,0.6848484848484848
results/sensitivity96/repeat1-fold5/audit.json,models/tangent_pca/candidates/1/fold_auc/1,0.7261904761904762
results/sensitivity96/repeat1-fold5/audit.json,models/tangent_pca/candidates/1/fold_auc/2,0.7012987012987013
results/sensitivity96/repeat1-fold5/audit.json,models/tangent_pca/candidates/2/mean_inner_auc,0.7083333333333334
results/sensitivity96/repeat1-fold5/audit.json,models/tangent_pca/candidates/2/fold_auc/0,0.696969696969697
results/sensitivity96/repeat1-fold5/audit.json,models/tangent_pca/candidates/2/fold_auc/1,0.7202380952380952
results/sensitivity96/repeat1-fold5/audit.json,models/tangent_pca/candidates/2/fold_auc/2,0.7077922077922076
results/sensitivity96/repeat1-fold5/audit.json,models/tangent_pca/candidates/3/mean_inner_auc,0.7041486291486292
results/sensitivity96/repeat1-fold5/audit.json,models/tangent_pca/candidates/3/fold_auc/0,0.6909090909090909
results/sensitivity96/repeat1-fold5/audit.json,models/tangent_pca/candidates/3/fold_auc/1,0.7202380952380952
results/sensitivity96/repeat1-fold5/audit.json,models/tangent_pca/candidates/3/fold_auc/2,0.7012987012987013
results/sensitivity96/repeat1-fold5/audit.json,models/tangent_pca/candidates/4/mean_inner_auc,0.7276695526695526
results/sensitivity96/repeat1-fold5/audit.json,models/tangent_pca/candidates/4/fold_auc/0,0.703030303030303
results/sensitivity96/repeat1-fold5/audit.json,models/tangent_pca/candidates/4/fold_auc/1,0.7916666666666666
results/sensitivity96/repeat1-fold5/audit.json,models/tangent_pca/candidates/4/fold_auc/2,0.6883116883116883
results/sensitivity96/repeat1-fold5/audit.json,models/tangent_pca/candidates/5/mean_inner_auc,0.7334054834054834
results/sensitivity96/repeat1-fold5/audit.json,models/tangent_pca/candidates/5/fold_auc/0,0.7272727272727273
results/sensitivity96/repeat1-fold5/audit.json,models/tangent_pca/candidates/5/fold_auc/1,0.7976190476190477
results/sensitivity96/repeat1-fold5/audit.json,models/tangent_pca/candidates/5/fold_auc/2,0.6753246753246753
results/sensitivity96/repeat1-fold5/audit.json,models/tangent_pca/candidates/6/mean_inner_auc,0.726911976911977
results/sensitivity96/repeat1-fold5/audit.json,models/tangent_pca/candidates/6/fold_auc/0,0.7272727272727273
results/sensitivity96/repeat1-fold5/audit.json,models/tangent_pca/candidates/6/fold_auc/1,0.7976190476190477
results/sensitivity96/repeat1-fold5/audit.json,models/tangent_pca/candidates/6/fold_auc/2,0.6558441558441559
results/sensitivity96/repeat1-fold5/audit.json,models/tangent_pca/candidates/7/mean_inner_auc,0.730844155844156
results/sensitivity96/repeat1-fold5/audit.json,models/tangent_pca/candidates/7/fold_auc/0,0.7212121212121212
results/sensitivity96/repeat1-fold5/audit.json,models/tangent_pca/candidates/7/fold_auc/1,0.8154761904761905
results/sensitivity96/repeat1-fold5/audit.json,models/tangent_pca/candidates/7/fold_auc/2,0.6558441558441559
results/sensitivity96/repeat1-fold5/audit.json,models/tangent_pca/chosen/mean_inner_auc,0.7334054834054834
results/sensitivity96/repeat1-fold5/audit.json,models/tangent_pca/chosen/fold_auc/0,0.7272727272727273
results/sensitivity96/repeat1-fold5/audit.json,models/tangent_pca/chosen/fold_auc/1,0.7976190476190477
results/sensitivity96/repeat1-fold5/audit.json,models/tangent_pca/chosen/fold_auc/2,0.6753246753246753
results/sensitivity96/repeat1-fold5/audit.json,models/tangent_pca/threshold/min_recall,0.7058823529411765
results/sensitivity96/repeat1-fold5/audit.json,models/tangent_pca/threshold/balanced_accuracy,0.7250341997264023
results/sensitivity96/repeat1-fold5/audit.json,models/tangent_select/candidates/0/mean_inner_auc,0.7224025974025974
results/sensitivity96/repeat1-fold5/audit.json,models/tangent_select/candidates/0/fold_auc/0,0.6666666666666666
results/sensitivity96/repeat1-fold5/audit.json,models/tangent_select/candidates/0/fold_auc/1,0.8511904761904762
results/sensitivity96/repeat1-fold5/audit.json,models/tangent_select/candidates/0/fold_auc/2,0.6493506493506495
results/sensitivity96/repeat1-fold5/audit.json,models/tangent_select/candidates/1/mean_inner_auc,0.7205266955266955
results/sensitivity96/repeat1-fold5/audit.json,models/tangent_select/candidates/1/fold_auc/0,0.6545454545454545
results/sensitivity96/repeat1-fold5/audit.json,models/tangent_select/candidates/1/fold_auc/1,0.8511904761904762
results/sensitivity96/repeat1-fold5/audit.json,models/tangent_select/candidates/1/fold_auc/2,0.6558441558441559
results/sensitivity96/repeat1-fold5/audit.json,models/tangent_select/candidates/2/mean_inner_auc,0.7247113997113998
results/sensitivity96/repeat1-fold5/audit.json,models/tangent_select/candidates/2/fold_auc/0,0.6606060606060606
results/sensitivity96/repeat1-fold5/audit.json,models/tangent_select/candidates/2/fold_auc/1,0.8511904761904762
results/sensitivity96/repeat1-fold5/audit.json,models/tangent_select/candidates/2/fold_auc/2,0.6623376623376623
results/sensitivity96/repeat1-fold5/audit.json,models/tangent_select/candidates/3/mean_inner_auc,0.7245310245310245
results/sensitivity96/repeat1-fold5/audit.json,models/tangent_select/candidates/3/fold_auc/0,0.6606060606060605
results/sensitivity96/repeat1-fold5/audit.json,models/tangent_select/candidates/3/fold_auc/1,0.8571428571428571
results/sensitivity96/repeat1-fold5/audit.json,models/tangent_select/candidates/3/fold_auc/2,0.6558441558441559
results/sensitivity96/repeat1-fold5/audit.json,models/tangent_select/candidates/4/mean_inner_auc,0.7624098124098125
results/sensitivity96/repeat1-fold5/audit.json,models/tangent_select/candidates/4/fold_auc/0,0.6909090909090909
results/sensitivity96/repeat1-fold5/audit.json,models/tangent_select/candidates/4/fold_auc/1,0.869047619047619
results/sensitivity96/repeat1-fold5/audit.json,models/tangent_select/candidates/4/fold_auc/2,0.7272727272727273
results/sensitivity96/repeat1-fold5/audit.json,models/tangent_select/candidates/5/mean_inner_auc,0.7542929292929292
results/sensitivity96/repeat1-fold5/audit.json,models/tangent_select/candidates/5/fold_auc/0,0.6909090909090909
results/sensitivity96/repeat1-fold5/audit.json,models/tangent_select/candidates/5/fold_auc/1,0.8511904761904762
results/sensitivity96/repeat1-fold5/audit.json,models/tangent_select/candidates/5/fold_auc/2,0.7207792207792207
results/sensitivity96/repeat1-fold5/audit.json,models/tangent_select/candidates/6/mean_inner_auc,0.7502525252525253
results/sensitivity96/repeat1-fold5/audit.json,models/tangent_select/candidates/6/fold_auc/0,0.6787878787878788
results/sensitivity96/repeat1-fold5/audit.json,models/tangent_select/candidates/6/fold_auc/1,0.8511904761904762
results/sensitivity96/repeat1-fold5/audit.json,models/tangent_select/candidates/6/fold_auc/2,0.7207792207792209
results/sensitivity96/repeat1-fold5/audit.json,models/tangent_select/candidates/7/mean_inner_auc,0.7610750360750361
results/sensitivity96/repeat1-fold5/audit.json,models/tangent_select/candidates/7/fold_auc/0,0.6787878787878788
results/sensitivity96/repeat1-fold5/audit.json,models/tangent_select/candidates/7/fold_auc/1,0.8511904761904762
results/sensitivity96/repeat1-fold5/audit.json,models/tangent_select/candidates/7/fold_auc/2,0.7532467532467533
results/sensitivity96/repeat1-fold5/audit.json,models/tangent_select/chosen/mean_inner_auc,0.7624098124098125
results/sensitivity96/repeat1-fold5/audit.json,models/tangent_select/chosen/fold_auc/0,0.6909090909090909
results/sensitivity96/repeat1-fold5/audit.json,models/tangent_select/chosen/fold_auc/1,0.869047619047619
results/sensitivity96/repeat1-fold5/audit.json,models/tangent_select/chosen/fold_auc/2,0.7272727272727273
results/sensitivity96/repeat1-fold5/audit.json,models/tangent_select/threshold/min_recall,0.7058823529411765
results/sensitivity96/repeat1-fold5/audit.json,models/tangent_select/threshold/balanced_accuracy,0.713406292749658
results/sensitivity96/repeat2-fold1/audit.json,models/tangent_original/candidates/0/mean_inner_auc,0.7234848484848485
results/sensitivity96/repeat2-fold1/audit.json,models/tangent_original/candidates/0/fold_auc/0,0.7678571428571428
results/sensitivity96/repeat2-fold1/audit.json,models/tangent_original/candidates/0/fold_auc/1,0.8051948051948052
results/sensitivity96/repeat2-fold1/audit.json,models/tangent_original/candidates/0/fold_auc/2,0.5974025974025974
results/sensitivity96/repeat2-fold1/audit.json,models/tangent_original/candidates/1/mean_inner_auc,0.7382756132756132
results/sensitivity96/repeat2-fold1/audit.json,models/tangent_original/candidates/1/fold_auc/0,0.7797619047619048
results/sensitivity96/repeat2-fold1/audit.json,models/tangent_original/candidates/1/fold_auc/1,0.8181818181818181
results/sensitivity96/repeat2-fold1/audit.json,models/tangent_original/candidates/1/fold_auc/2,0.6168831168831168
results/sensitivity96/repeat2-fold1/audit.json,models/tangent_original/candidates/2/mean_inner_auc,0.735930735930736
results/sensitivity96/repeat2-fold1/audit.json,models/tangent_original/candidates/2/fold_auc/0,0.7857142857142857
results/sensitivity96/repeat2-fold1/audit.json,models/tangent_original/candidates/2/fold_auc/1,0.8051948051948052
results/sensitivity96/repeat2-fold1/audit.json,models/tangent_original/candidates/2/fold_auc/2,0.6168831168831168
results/sensitivity96/repeat2-fold1/audit.json,models/tangent_original/candidates/3/mean_inner_auc,0.7380952380952381
results/sensitivity96/repeat2-fold1/audit.json,models/tangent_original/candidates/3/fold_auc/0,0.7857142857142857
results/sensitivity96/repeat2-fold1/audit.json,models/tangent_original/candidates/3/fold_auc/1,0.8051948051948052
results/sensitivity96/repeat2-fold1/audit.json,models/tangent_original/candidates/3/fold_auc/2,0.6233766233766234
results/sensitivity96/repeat2-fold1/audit.json,models/tangent_original/chosen/mean_inner_auc,0.7382756132756132
results/sensitivity96/repeat2-fold1/audit.json,models/tangent_original/chosen/fold_auc/0,0.7797619047619048
results/sensitivity96/repeat2-fold1/audit.json,models/tangent_original/chosen/fold_auc/1,0.8181818181818181
results/sensitivity96/repeat2-fold1/audit.json,models/tangent_original/chosen/fold_auc/2,0.6168831168831168
results/sensitivity96/repeat2-fold1/audit.json,models/tangent_original/threshold/min_recall,0.6764705882352942
results/sensitivity96/repeat2-fold1/audit.json,models/tangent_original/threshold/balanced_accuracy,0.6834733893557423
results/sensitivity96/repeat2-fold1/audit.json,models/tangent_center/candidates/0/mean_inner_auc,0.7189754689754689
results/sensitivity96/repeat2-fold1/audit.json,models/tangent_center/candidates/0/fold_auc/0,0.7738095238095238
results/sensitivity96/repeat2-fold1/audit.json,models/tangent_center/candidates/0/fold_auc/1,0.7857142857142857
results/sensitivity96/repeat2-fold1/audit.json,models/tangent_center/candidates/0/fold_auc/2,0.5974025974025974
results/sensitivity96/repeat2-fold1/audit.json,models/tangent_center/candidates/1/mean_inner_auc,0.7168109668109669
results/sensitivity96/repeat2-fold1/audit.json,models/tangent_center/candidates/1/fold_auc/0,0.7738095238095238
results/sensitivity96/repeat2-fold1/audit.json,models/tangent_center/candidates/1/fold_auc/1,0.7792207792207793
results/sensitivity96/repeat2-fold1/audit.json,models/tangent_center/candidates/1/fold_auc/2,0.5974025974025974
results/sensitivity96/repeat2-fold1/audit.json,models/tangent_center/candidates/2/mean_inner_auc,0.7440476190476191
results/sensitivity96/repeat2-fold1/audit.json,models/tangent_center/candidates/2/fold_auc/0,0.8035714285714286
results/sensitivity96/repeat2-fold1/audit.json,models/tangent_center/candidates/2/fold_auc/1,0.8116883116883118
results/sensitivity96/repeat2-fold1/audit.json,models/tangent_center/candidates/2/fold_auc/2,0.6168831168831169
results/sensitivity96/repeat2-fold1/audit.json,models/tangent_center/candidates/3/mean_inner_auc,0.7458513708513709
results/sensitivity96/repeat2-fold1/audit.json,models/tangent_center/candidates/3/fold_auc/0,0.8154761904761905
results/sensitivity96/repeat2-fold1/audit.json,models/tangent_center/candidates/3/fold_auc/1,0.8116883116883118
results/sensitivity96/repeat2-fold1/audit.json,models/tangent_center/candidates/3/fold_auc/2,0.6103896103896104
results/sensitivity96/repeat2-fold1/audit.json,models/tangent_center/chosen/mean_inner_auc,0.7458513708513709
results/sensitivity96/repeat2-fold1/audit.json,models/tangent_center/chosen/fold_auc/0,0.8154761904761905
results/sensitivity96/repeat2-fold1/audit.json,models/tangent_center/chosen/fold_auc/1,0.8116883116883118
results/sensitivity96/repeat2-fold1/audit.json,models/tangent_center/chosen/fold_auc/2,0.6103896103896104
results/sensitivity96/repeat2-fold1/audit.json,models/tangent_center/threshold/min_recall,0.6904761904761905
results/sensitivity96/repeat2-fold1/audit.json,models/tangent_center/threshold/balanced_accuracy,0.6981792717086834
results/sensitivity96/repeat2-fold1/audit.json,models/tangent_pca/candidates/0/mean_inner_auc,0.6282467532467533
results/sensitivity96/repeat2-fold1/audit.json,models/tangent_pca/candidates/0/fold_auc/0,0.6964285714285714
results/sensitivity96/repeat2-fold1/audit.json,models/tangent_pca/candidates/0/fold_auc/1,0.6298701298701299
results/sensitivity96/repeat2-fold1/audit.json,models/tangent_pca/candidates/0/fold_auc/2,0.5584415584415585
results/sensitivity96/repeat2-fold1/audit.json,models/tangent_pca/candidates/1/mean_inner_auc,0.6150793650793651
results/sensitivity96/repeat2-fold1/audit.json,models/tangent_pca/candidates/1/fold_auc/0,0.7023809523809524
results/sensitivity96/repeat2-fold1/audit.json,models/tangent_pca/candidates/1/fold_auc/1,0.6038961038961039
results/sensitivity96/repeat2-fold1/audit.json,models/tangent_pca/candidates/1/fold_auc/2,0.538961038961039
results/sensitivity96/repeat2-fold1/audit.json,models/tangent_pca/candidates/2/mean_inner_auc,0.6233766233766233
results/sensitivity96/repeat2-fold1/audit.json,models/tangent_pca/candidates/2/fold_auc/0,0.7142857142857143
results/sensitivity96/repeat2-fold1/audit.json,models/tangent_pca/candidates/2/fold_auc/1,0.6168831168831168
results/sensitivity96/repeat2-fold1/audit.json,models/tangent_pca/candidates/2/fold_auc/2,0.538961038961039
results/sensitivity96/repeat2-fold1/audit.json,models/tangent_pca/candidates/3/mean_inner_auc,0.6255411255411255
results/sensitivity96/repeat2-fold1/audit.json,models/tangent_pca/candidates/3/fold_auc/0,0.7142857142857143
results/sensitivity96/repeat2-fold1/audit.json,models/tangent_pca/candidates/3/fold_auc/1,0.6233766233766234
results/sensitivity96/repeat2-fold1/audit.json,models/tangent_pca/candidates/3/fold_auc/2,0.538961038961039
results/sensitivity96/repeat2-fold1/audit.json,models/tangent_pca/candidates/4/mean_inner_auc,0.6531385281385281
results/sensitivity96/repeat2-fold1/audit.json,models/tangent_pca/candidates/4/fold_auc/0,0.7321428571428571
results/sensitivity96/repeat2-fold1/audit.json,models/tangent_pca/candidates/4/fold_auc/1,0.6493506493506492
results/sensitivity96/repeat2-fold1/audit.json,models/tangent_pca/candidates/4/fold_auc/2,0.577922077922078
results/sensitivity96/repeat2-fold1/audit.json,models/tangent_pca/candidates/5/mean_inner_auc,0.6488095238095238
results/sensitivity96/repeat2-fold1/audit.json,models/tangent_pca/candidates/5/fold_auc/0,0.7321428571428571
results/sensitivity96/repeat2-fold1/audit.json,models/tangent_pca/candidates/5/fold_auc/1,0.6428571428571428
results/sensitivity96/repeat2-fold1/audit.json,models/tangent_pca/candidates/5/fold_auc/2,0.5714285714285714
results/sensitivity96/repeat2-fold1/audit.json,models/tangent_pca/candidates/6/mean_inner_auc,0.6452020202020202
results/sensitivity96/repeat2-fold1/audit.json,models/tangent_pca/candidates/6/fold_auc/0,0.7083333333333333
results/sensitivity96/repeat2-fold1/audit.json,models/tangent_pca/candidates/6/fold_auc/1,0.6558441558441559
results/sensitivity96/repeat2-fold1/audit.json,models/tangent_pca/candidates/6/fold_auc/2,0.5714285714285714
results/sensitivity96/repeat2-fold1/audit.json,models/tangent_pca/candidates/7/mean_inner_auc,0.6455627705627706
results/sensitivity96/repeat2-fold1/audit.json,models/tangent_pca/candidates/7/fold_auc/0,0.6964285714285714
results/sensitivity96/repeat2-fold1/audit.json,models/tangent_pca/candidates/7/fold_auc/1,0.6753246753246753
results/sensitivity96/repeat2-fold1/audit.json,models/tangent_pca/candidates/7/fold_auc/2,0.564935064935065
results/sensitivity96/repeat2-fold1/audit.json,models/tangent_pca/chosen/mean_inner_auc,0.6531385281385281
results/sensitivity96/repeat2-fold1/audit.json,models/tangent_pca/chosen/fold_auc/0,0.7321428571428571
results/sensitivity96/repeat2-fold1/audit.json,models/tangent_pca/chosen/fold_auc/1,0.6493506493506492
results/sensitivity96/repeat2-fold1/audit.json,models/tangent_pca/chosen/fold_auc/2,0.577922077922078
results/sensitivity96/repeat2-fold1/audit.json,models/tangent_pca/threshold/min_recall,0.5952380952380952
results/sensitivity96/repeat2-fold1/audit.json,models/tangent_pca/threshold/balanced_accuracy,0.6211484593837535
results/sensitivity96/repeat2-fold1/audit.json,models/tangent_select/candidates/0/mean_inner_auc,0.6455627705627706
results/sensitivity96/repeat2-fold1/audit.json,models/tangent_select/candidates/0/fold_auc/0,0.5535714285714286
results/sensitivity96/repeat2-fold1/audit.json,models/tangent_select/candidates/0/fold_auc/1,0.8246753246753247
results/sensitivity96/repeat2-fold1/audit.json,models/tangent_select/candidates/0/fold_auc/2,0.5584415584415585
results/sensitivity96/repeat2-fold1/audit.json,models/tangent_select/candidates/1/mean_inner_auc,0.6394300144300145
results/sensitivity96/repeat2-fold1/audit.json,models/tangent_select/candidates/1/fold_auc/0,0.5416666666666667
results/sensitivity96/repeat2-fold1/audit.json,models/tangent_select/candidates/1/fold_auc/1,0.8246753246753247
results/sensitivity96/repeat2-fold1/audit.json,models/tangent_select/candidates/1/fold_auc/2,0.551948051948052
results/sensitivity96/repeat2-fold1/audit.json,models/tangent_select/candidates/2/mean_inner_auc,0.6376262626262627
results/sensitivity96/repeat2-fold1/audit.json,models/tangent_select/candidates/2/fold_auc/0,0.5297619047619048
results/sensitivity96/repeat2-fold1/audit.json,models/tangent_select/candidates/2/fold_auc/1,0.8311688311688311
results/sensitivity96/repeat2-fold1/audit.json,models/tangent_select/candidates/2/fold_auc/2,0.551948051948052
results/sensitivity96/repeat2-fold1/audit.json,models/tangent_select/candidates/3/mean_inner_auc,0.6396103896103896
results/sensitivity96/repeat2-fold1/audit.json,models/tangent_select/candidates/3/fold_auc/0,0.5357142857142858
results/sensitivity96/repeat2-fold1/audit.json,models/tangent_select/candidates/3/fold_auc/1,0.8376623376623377
results/sensitivity96/repeat2-fold1/audit.json,models/tangent_select/candidates/3/fold_auc/2,0.5454545454545455
results/sensitivity96/repeat2-fold1/audit.json,models/tangent_select/candidates/4/mean_inner_auc,0.7261904761904763
results/sensitivity96/repeat2-fold1/audit.json,models/tangent_select/candidates/4/fold_auc/0,0.75
results/sensitivity96/repeat2-fold1/audit.json,models/tangent_select/candidates/4/fold_auc/1,0.7987012987012987
results/sensitivity96/repeat2-fold1/audit.json,models/tangent_select/candidates/4/fold_auc/2,0.6298701298701299
results/sensitivity96/repeat2-fold1/audit.json,models/tangent_select/candidates/5/mean_inner_auc,0.7343073593073592
results/sensitivity96/repeat2-fold1/audit.json,models/tangent_select/candidates/5/fold_auc/0,0.7678571428571429
results/sensitivity96/repeat2-fold1/audit.json,models/tangent_select/candidates/5/fold_auc/1,0.8116883116883117
results/sensitivity96/repeat2-fold1/audit.json,models/tangent_select/candidates/5/fold_auc/2,0.6233766233766234
results/sensitivity96/repeat2-fold1/audit.json,models/tangent_select/candidates/6/mean_inner_auc,0.7404401154401153
results/sensitivity96/repeat2-fold1/audit.json,models/tangent_select/candidates/6/fold_auc/0,0.7797619047619048
results/sensitivity96/repeat2-fold1/audit.json,models/tangent_select/candidates/6/fold_auc/1,0.8181818181818181
results/sensitivity96/repeat2-fold1/audit.json,models/tangent_select/candidates/6/fold_auc/2,0.6233766233766234
results/sensitivity96/repeat2-fold1/audit.json,models/tangent_select/candidates/7/mean_inner_auc,0.7467532467532467
results/sensitivity96/repeat2-fold1/audit.json,models/tangent_select/candidates/7/fold_auc/0,0.7857142857142857
results/sensitivity96/repeat2-fold1/audit.json,models/tangent_select/candidates/7/fold_auc/1,0.8246753246753247
results/sensitivity96/repeat2-fold1/audit.json,models/tangent_select/candidates/7/fold_auc/2,0.6298701298701298
results/sensitivity96/repeat2-fold1/audit.json,models/tangent_select/chosen/mean_inner_auc,0.7467532467532467
results/sensitivity96/repeat2-fold1/audit.json,models/tangent_select/chosen/fold_auc/0,0.7857142857142857
results/sensitivity96/repeat2-fold1/audit.json,models/tangent_select/chosen/fold_auc/1,0.8246753246753247
results/sensitivity96/repeat2-fold1/audit.json,models/tangent_select/chosen/fold_auc/2,0.6298701298701298
results/sensitivity96/repeat2-fold1/audit.json,models/tangent_select/threshold/min_recall,0.7058823529411765
results/sensitivity96/repeat2-fold1/audit.json,models/tangent_select/threshold/balanced_accuracy,0.7100840336134454
results/sensitivity96/repeat2-fold2/audit.json,models/tangent_original/candidates/0/mean_inner_auc,0.7557709384632462
results/sensitivity96/repeat2-fold2/audit.json,models/tangent_original/candidates/0/fold_auc/0,0.7278106508875739
results/sensitivity96/repeat2-fold2/audit.json,models/tangent_original/candidates/0/fold_auc/1,0.8511904761904762
results/sensitivity96/repeat2-fold2/audit.json,models/tangent_original/candidates/0/fold_auc/2,0.6883116883116882
results/sensitivity96/repeat2-fold2/audit.json,models/tangent_original/candidates/1/mean_inner_auc,0.7519830596753674
results/sensitivity96/repeat2-fold2/audit.json,models/tangent_original/candidates/1/fold_auc/0,0.7278106508875739
results/sensitivity96/repeat2-fold2/audit.json,models/tangent_original/candidates/1/fold_auc/1,0.8333333333333334
results/sensitivity96/repeat2-fold2/audit.json,models/tangent_original/candidates/1/fold_auc/2,0.6948051948051948
results/sensitivity96/repeat2-fold2/audit.json,models/tangent_original/candidates/2/mean_inner_auc,0.7500106730875961
results/sensitivity96/repeat2-fold2/audit.json,models/tangent_original/candidates/2/fold_auc/0,0.7218934911242603
results/sensitivity96/repeat2-fold2/audit.json,models/tangent_original/candidates/2/fold_auc/1,0.8333333333333334
results/sensitivity96/repeat2-fold2/audit.json,models/tangent_original/candidates/2/fold_auc/2,0.6948051948051948
results/sensitivity96/repeat2-fold2/audit.json,models/tangent_original/candidates/3/mean_inner_auc,0.7541475618398695
results/sensitivity96/repeat2-fold2/audit.json,models/tangent_original/candidates/3/fold_auc/0,0.727810650887574
results/sensitivity96/repeat2-fold2/audit.json,models/tangent_original/candidates/3/fold_auc/1,0.8333333333333334
results/sensitivity96/repeat2-fold2/audit.json,models/tangent_original/candidates/3/fold_auc/2,0.7012987012987013
results/sensitivity96/repeat2-fold2/audit.json,models/tangent_original/chosen/mean_inner_auc,0.7557709384632462
results/sensitivity96/repeat2-fold2/audit.json,models/tangent_original/chosen/fold_auc/0,0.7278106508875739
results/sensitivity96/repeat2-fold2/audit.json,models/tangent_original/chosen/fold_auc/1,0.8511904761904762
results/sensitivity96/repeat2-fold2/audit.json,models/tangent_original/chosen/fold_auc/2,0.6883116883116882
results/sensitivity96/repeat2-fold2/audit.json,models/tangent_original/threshold/min_recall,0.6944444444444444
results/sensitivity96/repeat2-fold2/audit.json,models/tangent_original/threshold/balanced_accuracy,0.700880758807588
results/sensitivity96/repeat2-fold2/audit.json,models/tangent_center/candidates/0/mean_inner_auc,0.7482421424729117
results/sensitivity96/repeat2-fold2/audit.json,models/tangent_center/candidates/0/fold_auc/0,0.7041420118343196
results/sensitivity96/repeat2-fold2/audit.json,models/tangent_center/candidates/0/fold_auc/1,0.8392857142857143
results/sensitivity96/repeat2-fold2/audit.json,models/tangent_center/candidates/0/fold_auc/2,0.7012987012987013
results/sensitivity96/repeat2-fold2/audit.json,models/tangent_center/candidates/1/mean_inner_auc,0.7502027886643271
results/sensitivity96/repeat2-fold2/audit.json,models/tangent_center/candidates/1/fold_auc/0,0.7159763313609468
results/sensitivity96/repeat2-fold2/audit.json,models/tangent_center/candidates/1/fold_auc/1,0.8333333333333334
results/sensitivity96/repeat2-fold2/audit.json,models/tangent_center/candidates/1/fold_auc/2,0.7012987012987013
results/sensitivity96/repeat2-fold2/audit.json,models/tangent_center/candidates/2/mean_inner_auc,0.7476657957427189
results/sensitivity96/repeat2-fold2/audit.json,models/tangent_center/candidates/2/fold_auc/0,0.7218934911242604
results/sensitivity96/repeat2-fold2/audit.json,models/tangent_center/candidates/2/fold_auc/1,0.8392857142857143
results/sensitivity96/repeat2-fold2/audit.json,models/tangent_center/candidates/2/fold_auc/2,0.6818181818181819
results/sensitivity96/repeat2-fold2/audit.json,models/tangent_center/candidates/3/mean_inner_auc,0.7471011894088816
results/sensitivity96/repeat2-fold2/audit.json,models/tangent_center/candidates/3/fold_auc/0,0.7337278106508875
results/sensitivity96/repeat2-fold2/audit.json,models/tangent_center/candidates/3/fold_auc/1,0.8452380952380952
results/sensitivity96/repeat2-fold2/audit.json,models/tangent_center/candidates/3/fold_auc/2,0.6623376623376622
results/sensitivity96/repeat2-fold2/audit.json,models/tangent_center/chosen/mean_inner_auc,0.7502027886643271
results/sensitivity96/repeat2-fold2/audit.json,models/tangent_center/chosen/fold_auc/0,0.7159763313609468
results/sensitivity96/repeat2-fold2/audit.json,models/tangent_center/chosen/fold_auc/1,0.8333333333333334
results/sensitivity96/repeat2-fold2/audit.json,models/tangent_center/chosen/fold_auc/2,0.7012987012987013
results/sensitivity96/repeat2-fold2/audit.json,models/tangent_center/threshold/min_recall,0.6666666666666666
results/sensitivity96/repeat2-fold2/audit.json,models/tangent_center/threshold/balanced_accuracy,0.6991869918699187
results/sensitivity96/repeat2-fold2/audit.json,models/tangent_pca/candidates/0/mean_inner_auc,0.7168920822766977
results/sensitivity96/repeat2-fold2/audit.json,models/tangent_pca/candidates/0/fold_auc/0,0.6863905325443788
results/sensitivity96/repeat2-fold2/audit.json,models/tangent_pca/candidates/0/fold_auc/1,0.8214285714285715
results/sensitivity96/repeat2-fold2/audit.json,models/tangent_pca/candidates/0/fold_auc/2,0.6428571428571429
results/sensitivity96/repeat2-fold2/audit.json,models/tangent_pca/candidates/1/mean_inner_auc,0.7192134788288636
results/sensitivity96/repeat2-fold2/audit.json,models/tangent_pca/candidates/1/fold_auc/0,0.6982248520710059
results/sensitivity96/repeat2-fold2/audit.json,models/tangent_pca/candidates/1/fold_auc/1,0.8035714285714286
results/sensitivity96/repeat2-fold2/audit.json,models/tangent_pca/candidates/1/fold_auc/2,0.6558441558441559
results/sensitivity96/repeat2-fold2/audit.json,models/tangent_pca/candidates/2/mean_inner_auc,0.7170489766643614
results/sensitivity96/repeat2-fold2/audit.json,models/tangent_pca/candidates/2/fold_auc/0,0.6982248520710059
results/sensitivity96/repeat2-fold2/audit.json,models/tangent_pca/candidates/2/fold_auc/1,0.8035714285714286
results/sensitivity96/repeat2-fold2/audit.json,models/tangent_pca/candidates/2/fold_auc/2,0.6493506493506495
results/sensitivity96/repeat2-fold2/audit.json,models/tangent_pca/candidates/3/mean_inner_auc,0.7170489766643614
results/sensitivity96/repeat2-fold2/audit.json,models/tangent_pca/candidates/3/fold_auc/0,0.6982248520710059
results/sensitivity96/repeat2-fold2/audit.json,models/tangent_pca/candidates/3/fold_auc/1,0.8035714285714286
results/sensitivity96/repeat2-fold2/audit.json,models/tangent_pca/candidates/3/fold_auc/2,0.6493506493506495
results/sensitivity96/repeat2-fold2/audit.json,models/tangent_pca/candidates/4/mean_inner_auc,0.7311065003372695
results/sensitivity96/repeat2-fold2/audit.json,models/tangent_pca/candidates/4/fold_auc/0,0.7041420118343196
results/sensitivity96/repeat2-fold2/audit.json,models/tangent_pca/candidates/4/fold_auc/1,0.8333333333333334
results/sensitivity96/repeat2-fold2/audit.json,models/tangent_pca/candidates/4/fold_auc/2,0.6558441558441559
results/sensitivity96/repeat2-fold2/audit.json,models/tangent_pca/candidates/5/mean_inner_auc,0.7354237642699181
results/sensitivity96/repeat2-fold2/audit.json,models/tangent_pca/candidates/5/fold_auc/0,0.7100591715976332
results/sensitivity96/repeat2-fold2/audit.json,models/tangent_pca/candidates/5/fold_auc/1,0.8273809523809524
results/sensitivity96/repeat2-fold2/audit.json,models/tangent_pca/candidates/5/fold_auc/2,0.6688311688311688
results/sensitivity96/repeat2-fold2/audit.json,models/tangent_pca/candidates/6/mean_inner_auc,0.7332827428981274
results/sensitivity96/repeat2-fold2/audit.json,models/tangent_pca/candidates/6/fold_auc/0,0.6982248520710059
results/sensitivity96/repeat2-fold2/audit.json,models/tangent_pca/candidates/6/fold_auc/1,0.8392857142857142
results/sensitivity96/repeat2-fold2/audit.json,models/tangent_pca/candidates/6/fold_auc/2,0.6623376623376623
results/sensitivity96/repeat2-fold2/audit.json,models/tangent_pca/candidates/7/mean_inner_auc,0.7346787827557058
results/sensitivity96/repeat2-fold2/audit.json,models/tangent_pca/candidates/7/fold_auc/0,0.7218934911242603
results/sensitivity96/repeat2-fold2/audit.json,models/tangent_pca/candidates/7/fold_auc/1,0.8392857142857142
results/sensitivity96/repeat2-fold2/audit.json,models/tangent_pca/candidates/7/fold_auc/2,0.6428571428571429
results/sensitivity96/repeat2-fold2/audit.json,models/tangent_pca/chosen/mean_inner_auc,0.7354237642699181
results/sensitivity96/repeat2-fold2/audit.json,models/tangent_pca/chosen/fold_auc/0,0.7100591715976332
results/sensitivity96/repeat2-fold2/audit.json,models/tangent_pca/chosen/fold_auc/1,0.8273809523809524
results/sensitivity96/repeat2-fold2/audit.json,models/tangent_pca/chosen/fold_auc/2,0.6688311688311688
results/sensitivity96/repeat2-fold2/audit.json,models/tangent_pca/threshold/min_recall,0.6944444444444444
results/sensitivity96/repeat2-fold2/audit.json,models/tangent_pca/threshold/balanced_accuracy,0.7130758807588076
results/sensitivity96/repeat2-fold2/audit.json,models/tangent_select/candidates/0/mean_inner_auc,0.6893181604720066
results/sensitivity96/repeat2-fold2/audit.json,models/tangent_select/candidates/0/fold_auc/0,0.6745562130177515
results/sensitivity96/repeat2-fold2/audit.json,models/tangent_select/candidates/0/fold_auc/1,0.7440476190476191
results/sensitivity96/repeat2-fold2/audit.json,models/tangent_select/candidates/0/fold_auc/2,0.6493506493506493
results/sensitivity96/repeat2-fold2/audit.json,models/tangent_select/candidates/1/mean_inner_auc,0.6990349394195547
results/sensitivity96/repeat2-fold2/audit.json,models/tangent_select/candidates/1/fold_auc/0,0.6863905325443787
results/sensitivity96/repeat2-fold2/audit.json,models/tangent_select/candidates/1/fold_auc/1,0.7678571428571429
results/sensitivity96/repeat2-fold2/audit.json,models/tangent_select/candidates/1/fold_auc/2,0.6428571428571428
results/sensitivity96/repeat2-fold2/audit.json,models/tangent_select/candidates/2/mean_inner_auc,0.6954743973974743
results/sensitivity96/repeat2-fold2/audit.json,models/tangent_select/candidates/2/fold_auc/0,0.6627218934911242
results/sensitivity96/repeat2-fold2/audit.json,models/tangent_select/candidates/2/fold_auc/1,0.7678571428571429
results/sensitivity96/repeat2-fold2/audit.json,models/tangent_select/candidates/2/fold_auc/2,0.6558441558441558
results/sensitivity96/repeat2-fold2/audit.json,models/tangent_select/candidates/3/mean_inner_auc,0.6891495256879873
results/sensitivity96/repeat2-fold2/audit.json,models/tangent_select/candidates/3/fold_auc/0,0.6686390532544378
results/sensitivity96/repeat2-fold2/audit.json,models/tangent_select/candidates/3/fold_auc/1,0.7559523809523809
results/sensitivity96/repeat2-fold2/audit.json,models/tangent_select/candidates/3/fold_auc/2,0.6428571428571428
results/sensitivity96/repeat2-fold2/audit.json,models/tangent_select/candidates/4/mean_inner_auc,0.7140060793906947
results/sensitivity96/repeat2-fold2/audit.json,models/tangent_select/candidates/4/fold_auc/0,0.6863905325443787
results/sensitivity96/repeat2-fold2/audit.json,models/tangent_select/candidates/4/fold_auc/1,0.7738095238095238
results/sensitivity96/repeat2-fold2/audit.json,models/tangent_select/candidates/4/fold_auc/2,0.6818181818181818
results/sensitivity96/repeat2-fold2/audit.json,models/tangent_select/candidates/5/mean_inner_auc,0.7120336928029237
results/sensitivity96/repeat2-fold2/audit.json,models/tangent_select/candidates/5/fold_auc/0,0.6804733727810651
results/sensitivity96/repeat2-fold2/audit.json,models/tangent_select/candidates/5/fold_auc/1,0.7738095238095237
results/sensitivity96/repeat2-fold2/audit.json,models/tangent_select/candidates/5/fold_auc/2,0.6818181818181819
results/sensitivity96/repeat2-fold2/audit.json,models/tangent_select/candidates/6/mean_inner_auc,0.7062851678236294
results/sensitivity96/repeat2-fold2/audit.json,models/tangent_select/candidates/6/fold_auc/0,0.6686390532544378
results/sensitivity96/repeat2-fold2/audit.json,models/tangent_select/candidates/6/fold_auc/1,0.7619047619047619
results/sensitivity96/repeat2-fold2/audit.json,models/tangent_select/candidates/6/fold_auc/2,0.6883116883116882
results/sensitivity96/repeat2-fold2/audit.json,models/tangent_select/candidates/7/mean_inner_auc,0.7102534217918833
results/sensitivity96/repeat2-fold2/audit.json,models/tangent_select/candidates/7/fold_auc/0,0.6686390532544378
results/sensitivity96/repeat2-fold2/audit.json,models/tangent_select/candidates/7/fold_auc/1,0.7738095238095237
results/sensitivity96/repeat2-fold2/audit.json,models/tangent_select/candidates/7/fold_auc/2,0.6883116883116882
results/sensitivity96/repeat2-fold2/audit.json,models/tangent_select/chosen/mean_inner_auc,0.7140060793906947
results/sensitivity96/repeat2-fold2/audit.json,models/tangent_select/chosen/fold_auc/0,0.6863905325443787
results/sensitivity96/repeat2-fold2/audit.json,models/tangent_select/chosen/fold_auc/1,0.7738095238095238
results/sensitivity96/repeat2-fold2/audit.json,models/tangent_select/chosen/fold_auc/2,0.6818181818181818
results/sensitivity96/repeat2-fold2/audit.json,models/tangent_select/threshold/min_recall,0.6388888888888888
results/sensitivity96/repeat2-fold2/audit.json,models/tangent_select/threshold/balanced_accuracy,0.6731029810298103
results/sensitivity96/repeat2-fold3/audit.json,models/tangent_original/candidates/0/mean_inner_auc,0.7759110547572087
results/sensitivity96/repeat2-fold3/audit.json,models/tangent_original/candidates/0/fold_auc/0,0.9408284023668638
results/sensitivity96/repeat2-fold3/audit.json,models/tangent_original/candidates/0/fold_auc/1,0.6726190476190476
results/sensitivity96/repeat2-fold3/audit.json,models/tangent_original/candidates/0/fold_auc/2,0.7142857142857143
results/sensitivity96/repeat2-fold3/audit.json,models/tangent_original/candidates/1/mean_inner_auc,0.7777030661646046
results/sensitivity96/repeat2-fold3/audit.json,models/tangent_original/candidates/1/fold_auc/0,0.9467455621301775
results/sensitivity96/repeat2-fold3/audit.json,models/tangent_original/candidates/1/fold_auc/1,0.6785714285714285
results/sensitivity96/repeat2-fold3/audit.json,models/tangent_original/candidates/1/fold_auc/2,0.7077922077922079
results/sensitivity96/repeat2-fold3/audit.json,models/tangent_original/candidates/2/mean_inner_auc,0.7777030661646046
results/sensitivity96/repeat2-fold3/audit.json,models/tangent_original/candidates/2/fold_auc/0,0.9467455621301775
results/sensitivity96/repeat2-fold3/audit.json,models/tangent_original/candidates/2/fold_auc/1,0.6785714285714285
results/sensitivity96/repeat2-fold3/audit.json,models/tangent_original/candidates/2/fold_auc/2,0.7077922077922079
results/sensitivity96/repeat2-fold3/audit.json,models/tangent_original/candidates/3/mean_inner_auc,0.7735544370159754
results/sensitivity96/repeat2-fold3/audit.json,models/tangent_original/candidates/3/fold_auc/0,0.9467455621301775
results/sensitivity96/repeat2-fold3/audit.json,models/tangent_original/candidates/3/fold_auc/1,0.6726190476190476
results/sensitivity96/repeat2-fold3/audit.json,models/tangent_original/candidates/3/fold_auc/2,0.7012987012987013
results/sensitivity96/repeat2-fold3/audit.json,models/tangent_original/chosen/mean_inner_auc,0.7777030661646046
results/sensitivity96/repeat2-fold3/audit.json,models/tangent_original/chosen/fold_auc/0,0.9467455621301775
results/sensitivity96/repeat2-fold3/audit.json,models/tangent_original/chosen/fold_auc/1,0.6785714285714285
results/sensitivity96/repeat2-fold3/audit.json,models/tangent_original/chosen/fold_auc/2,0.7077922077922079
results/sensitivity96/repeat2-fold3/audit.json,models/tangent_original/threshold/min_recall,0.6666666666666666
results/sensitivity96/repeat2-fold3/audit.json,models/tangent_original/threshold/balanced_accuracy,0.6869918699186992
results/sensitivity96/repeat2-fold3/audit.json,models/tangent_center/candidates/0/mean_inner_auc,0.7681549220010758
results/sensitivity96/repeat2-fold3/audit.json,models/tangent_center/candidates/0/fold_auc/0,0.9408284023668638
results/sensitivity96/repeat2-fold3/audit.json,models/tangent_center/candidates/0/fold_auc/1,0.6428571428571429
results/sensitivity96/repeat2-fold3/audit.json,models/tangent_center/candidates/0/fold_auc/2,0.7207792207792207
results/sensitivity96/repeat2-fold3/audit.json,models/tangent_center/candidates/1/mean_inner_auc,0.774275937737476
results/sensitivity96/repeat2-fold3/audit.json,models/tangent_center/candidates/1/fold_auc/0,0.9467455621301775
results/sensitivity96/repeat2-fold3/audit.json,models/tangent_center/candidates/1/fold_auc/1,0.6488095238095238
results/sensitivity96/repeat2-fold3/audit.json,models/tangent_center/candidates/1/fold_auc/2,0.7272727272727273
results/sensitivity96/repeat2-fold3/audit.json,models/tangent_center/candidates/2/mean_inner_auc,0.7868669791746715
results/sensitivity96/repeat2-fold3/audit.json,models/tangent_center/candidates/2/fold_auc/0,0.9644970414201184
results/sensitivity96/repeat2-fold3/audit.json,models/tangent_center/candidates/2/fold_auc/1,0.6428571428571429
results/sensitivity96/repeat2-fold3/audit.json,models/tangent_center/candidates/2/fold_auc/2,0.7532467532467533
results/sensitivity96/repeat2-fold3/audit.json,models/tangent_center/candidates/3/mean_inner_auc,0.7931683700914469
results/sensitivity96/repeat2-fold3/audit.json,models/tangent_center/candidates/3/fold_auc/0,0.9704142011834319
results/sensitivity96/repeat2-fold3/audit.json,models/tangent_center/candidates/3/fold_auc/1,0.6428571428571429
results/sensitivity96/repeat2-fold3/audit.json,models/tangent_center/candidates/3/fold_auc/2,0.7662337662337662
results/sensitivity96/repeat2-fold3/audit.json,models/tangent_center/chosen/mean_inner_auc,0.7931683700914469
results/sensitivity96/repeat2-fold3/audit.json,models/tangent_center/chosen/fold_auc/0,0.9704142011834319
results/sensitivity96/repeat2-fold3/audit.json,models/tangent_center/chosen/fold_auc/1,0.6428571428571429
results/sensitivity96/repeat2-fold3/audit.json,models/tangent_center/chosen/fold_auc/2,0.7662337662337662
results/sensitivity96/repeat2-fold3/audit.json,models/tangent_center/threshold/min_recall,0.7222222222222222
results/sensitivity96/repeat2-fold3/audit.json,models/tangent_center/threshold/balanced_accuracy,0.7269647696476964
results/sensitivity96/repeat2-fold3/audit.json,models/tangent_pca/candidates/0/mean_inner_auc,0.7118970772816927
results/sensitivity96/repeat2-fold3/audit.json,models/tangent_pca/candidates/0/fold_auc/0,0.8402366863905326
results/sensitivity96/repeat2-fold3/audit.json,models/tangent_pca/candidates/0/fold_auc/1,0.6071428571428572
results/sensitivity96/repeat2-fold3/audit.json,models/tangent_pca/candidates/0/fold_auc/2,0.6883116883116883
results/sensitivity96/repeat2-fold3/audit.json,models/tangent_pca/candidates/1/mean_inner_auc,0.7065327834558603
results/sensitivity96/repeat2-fold3/audit.json,models/tangent_pca/candidates/1/fold_auc/0,0.8165680473372781
results/sensitivity96/repeat2-fold3/audit.json,models/tangent_pca/candidates/1/fold_auc/1,0.5952380952380953
results/sensitivity96/repeat2-fold3/audit.json,models/tangent_pca/candidates/1/fold_auc/2,0.7077922077922078
results/sensitivity96/repeat2-fold3/audit.json,models/tangent_pca/candidates/2/mean_inner_auc,0.7004000273231042
results/sensitivity96/repeat2-fold3/audit.json,models/tangent_pca/candidates/2/fold_auc/0,0.8165680473372781
results/sensitivity96/repeat2-fold3/audit.json,models/tangent_pca/candidates/2/fold_auc/1,0.5833333333333333
results/sensitivity96/repeat2-fold3/audit.json,models/tangent_pca/candidates/2/fold_auc/2,0.7012987012987013
results/sensitivity96/repeat2-fold3/audit.json,models/tangent_pca/candidates/3/mean_inner_auc,0.698427640735333
results/sensitivity96/repeat2-fold3/audit.json,models/tangent_pca/candidates/3/fold_auc/0,0.8106508875739645
results/sensitivity96/repeat2-fold3/audit.json,models/tangent_pca/candidates/3/fold_auc/1,0.5833333333333333
results/sensitivity96/repeat2-fold3/audit.json,models/tangent_pca/candidates/3/fold_auc/2,0.7012987012987013
results/sensitivity96/repeat2-fold3/audit.json,models/tangent_pca/candidates/4/mean_inner_auc,0.7350950331719561
results/sensitivity96/repeat2-fold3/audit.json,models/tangent_pca/candidates/4/fold_auc/0,0.8757396449704142
results/sensitivity96/repeat2-fold3/audit.json,models/tangent_pca/candidates/4/fold_auc/1,0.6607142857142857
results/sensitivity96/repeat2-fold3/audit.json,models/tangent_pca/candidates/4/fold_auc/2,0.6688311688311688
results/sensitivity96/repeat2-fold3/audit.json,models/tangent_pca/candidates/5/mean_inner_auc,0.7234176080329927
results/sensitivity96/repeat2-fold3/audit.json,models/tangent_pca/candidates/5/fold_auc/0,0.8520710059171598
results/sensitivity96/repeat2-fold3/audit.json,models/tangent_pca/candidates/5/fold_auc/1,0.6428571428571428
results/sensitivity96/repeat2-fold3/audit.json,models/tangent_pca/candidates/5/fold_auc/2,0.6753246753246753
results/sensitivity96/repeat2-fold3/audit.json,models/tangent_pca/candidates/6/mean_inner_auc,0.7117519232903847
results/sensitivity96/repeat2-fold3/audit.json,models/tangent_pca/candidates/6/fold_auc/0,0.8224852071005917
results/sensitivity96/repeat2-fold3/audit.json,models/tangent_pca/candidates/6/fold_auc/1,0.6309523809523809
results/sensitivity96/repeat2-fold3/audit.json,models/tangent_pca/candidates/6/fold_auc/2,0.6818181818181819
results/sensitivity96/repeat2-fold3/audit.json,models/tangent_pca/candidates/7/mean_inner_auc,0.7081913812683043
results/sensitivity96/repeat2-fold3/audit.json,models/tangent_pca/candidates/7/fold_auc/0,0.7988165680473372
results/sensitivity96/repeat2-fold3/audit.json,models/tangent_pca/candidates/7/fold_auc/1,0.6309523809523809
results/sensitivity96/repeat2-fold3/audit.json,models/tangent_pca/candidates/7/fold_auc/2,0.6948051948051948
results/sensitivity96/repeat2-fold3/audit.json,models/tangent_pca/chosen/mean_inner_auc,0.7350950331719561
results/sensitivity96/repeat2-fold3/audit.json,models/tangent_pca/chosen/fold_auc/0,0.8757396449704142
results/sensitivity96/repeat2-fold3/audit.json,models/tangent_pca/chosen/fold_auc/1,0.6607142857142857
results/sensitivity96/repeat2-fold3/audit.json,models/tangent_pca/chosen/fold_auc/2,0.6688311688311688
results/sensitivity96/repeat2-fold3/audit.json,models/tangent_pca/threshold/min_recall,0.6341463414634146
results/sensitivity96/repeat2-fold3/audit.json,models/tangent_pca/threshold/balanced_accuracy,0.6920731707317074
results/sensitivity96/repeat2-fold3/audit.json,models/tangent_select/candidates/0/mean_inner_auc,0.770923520923521
results/sensitivity96/repeat2-fold3/audit.json,models/tangent_select/candidates/0/fold_auc/0,1.0
results/sensitivity96/repeat2-fold3/audit.json,models/tangent_select/candidates/0/fold_auc/1,0.630952380952381
results/sensitivity96/repeat2-fold3/audit.json,models/tangent_select/candidates/0/fold_auc/2,0.6818181818181819
results/sensitivity96/repeat2-fold3/audit.json,models/tangent_select/candidates/1/mean_inner_auc,0.7644417548263703
results/sensitivity96/repeat2-fold3/audit.json,models/tangent_select/candidates/1/fold_auc/0,0.9940828402366865
results/sensitivity96/repeat2-fold3/audit.json,models/tangent_select/candidates/1/fold_auc/1,0.636904761904762
results/sensitivity96/repeat2-fold3/audit.json,models/tangent_select/candidates/1/fold_auc/2,0.6623376623376623
results/sensitivity96/repeat2-fold3/audit.json,models/tangent_select/candidates/2/mean_inner_auc,0.7624928490313105
results/sensitivity96/repeat2-fold3/audit.json,models/tangent_select/candidates/2/fold_auc/0,0.9763313609467456
results/sensitivity96/repeat2-fold3/audit.json,models/tangent_select/candidates/2/fold_auc/1,0.6488095238095238
results/sensitivity96/repeat2-fold3/audit.json,models/tangent_select/candidates/2/fold_auc/2,0.6623376623376623
results/sensitivity96/repeat2-fold3/audit.json,models/tangent_select/candidates/3/mean_inner_auc,0.7628888205811283
results/sensitivity96/repeat2-fold3/audit.json,models/tangent_select/candidates/3/fold_auc/0,0.9585798816568047
results/sensitivity96/repeat2-fold3/audit.json,models/tangent_select/candidates/3/fold_auc/1,0.6547619047619049
results/sensitivity96/repeat2-fold3/audit.json,models/tangent_select/candidates/3/fold_auc/2,0.6753246753246753
results/sensitivity96/repeat2-fold3/audit.json,models/tangent_select/candidates/4/mean_inner_auc,0.7575362671516518
results/sensitivity96/repeat2-fold3/audit.json,models/tangent_select/candidates/4/fold_auc/0,0.9289940828402367
results/sensitivity96/repeat2-fold3/audit.json,models/tangent_select/candidates/4/fold_auc/1,0.6488095238095238
results/sensitivity96/repeat2-fold3/audit.json,models/tangent_select/candidates/4/fold_auc/2,0.6948051948051948
results/sensitivity96/repeat2-fold3/audit.json,models/tangent_select/candidates/5/mean_inner_auc,0.7530268876422722
results/sensitivity96/repeat2-fold3/audit.json,models/tangent_select/candidates/5/fold_auc/0,0.9289940828402367
results/sensitivity96/repeat2-fold3/audit.json,models/tangent_select/candidates/5/fold_auc/1,0.6547619047619048
results/sensitivity96/repeat2-fold3/audit.json,models/tangent_select/candidates/5/fold_auc/2,0.6753246753246753
results/sensitivity96/repeat2-fold3/audit.json,models/tangent_select/candidates/6/mean_inner_auc,0.7427807235499543
results/sensitivity96/repeat2-fold3/audit.json,models/tangent_select/candidates/6/fold_auc/0,0.9112426035502958
results/sensitivity96/repeat2-fold3/audit.json,models/tangent_select/candidates/6/fold_auc/1,0.6547619047619047
results/sensitivity96/repeat2-fold3/audit.json,models/tangent_select/candidates/6/fold_auc/2,0.6623376623376623
results/sensitivity96/repeat2-fold3/audit.json,models/tangent_select/candidates/7/mean_inner_auc,0.7447648505340814
results/sensitivity96/repeat2-fold3/audit.json,models/tangent_select/candidates/7/fold_auc/0,0.9112426035502958
results/sensitivity96/repeat2-fold3/audit.json,models/tangent_select/candidates/7/fold_auc/1,0.6607142857142857
results/sensitivity96/repeat2-fold3/audit.json,models/tangent_select/candidates/7/fold_auc/2,0.6623376623376623
results/sensitivity96/repeat2-fold3/audit.json,models/tangent_select/chosen/mean_inner_auc,0.770923520923521
results/sensitivity96/repeat2-fold3/audit.json,models/tangent_select/chosen/fold_auc/0,1.0
results/sensitivity96/repeat2-fold3/audit.json,models/tangent_select/chosen/fold_auc/1,0.630952380952381
results/sensitivity96/repeat2-fold3/audit.json,models/tangent_select/chosen/fold_auc/2,0.6818181818181819
results/sensitivity96/repeat2-fold3/audit.json,models/tangent_select/threshold/min_recall,0.7073170731707317
results/sensitivity96/repeat2-fold3/audit.json,models/tangent_select/threshold/balanced_accuracy,0.7147696476964769
results/sensitivity96/repeat2-fold4/audit.json,models/tangent_original/candidates/0/mean_inner_auc,0.8222397260858799
results/sensitivity96/repeat2-fold4/audit.json,models/tangent_original/candidates/0/fold_auc/0,0.863905325443787
results/sensitivity96/repeat2-fold4/audit.json,models/tangent_original/candidates/0/fold_auc/1,0.7976190476190477
results/sensitivity96/repeat2-fold4/audit.json,models/tangent_original/candidates/0/fold_auc/2,0.8051948051948051
results/sensitivity96/repeat2-fold4/audit.json,models/tangent_original/candidates/1/mean_inner_auc,0.8305017631940709
results/sensitivity96/repeat2-fold4/audit.json,models/tangent_original/candidates/1/fold_auc/0,0.8816568047337278
results/sensitivity96/repeat2-fold4/audit.json,models/tangent_original/candidates/1/fold_auc/1,0.7916666666666666
results/sensitivity96/repeat2-fold4/audit.json,models/tangent_original/candidates/1/fold_auc/2,0.8181818181818182
results/sensitivity96/repeat2-fold4/audit.json,models/tangent_original/candidates/2/mean_inner_auc,0.8305017631940709
results/sensitivity96/repeat2-fold4/audit.json,models/tangent_original/candidates/2/fold_auc/0,0.8816568047337278
results/sensitivity96/repeat2-fold4/audit.json,models/tangent_original/candidates/2/fold_auc/1,0.7916666666666666
results/sensitivity96/repeat2-fold4/audit.json,models/tangent_original/candidates/2/fold_auc/2,0.8181818181818182
results/sensitivity96/repeat2-fold4/audit.json,models/tangent_original/candidates/3/mean_inner_auc,0.8364541441464519
results/sensitivity96/repeat2-fold4/audit.json,models/tangent_original/candidates/3/fold_auc/0,0.8816568047337278
results/sensitivity96/repeat2-fold4/audit.json,models/tangent_original/candidates/3/fold_auc/1,0.8095238095238095
results/sensitivity96/repeat2-fold4/audit.json,models/tangent_original/candidates/3/fold_auc/2,0.8181818181818182
results/sensitivity96/repeat2-fold4/audit.json,models/tangent_original/chosen/mean_inner_auc,0.8364541441464519
results/sensitivity96/repeat2-fold4/audit.json,models/tangent_original/chosen/fold_auc/0,0.8816568047337278
results/sensitivity96/repeat2-fold4/audit.json,models/tangent_original/chosen/fold_auc/1,0.8095238095238095
results/sensitivity96/repeat2-fold4/audit.json,models/tangent_original/chosen/fold_auc/2,0.8181818181818182
results/sensitivity96/repeat2-fold4/audit.json,models/tangent_original/threshold/min_recall,0.75
results/sensitivity96/repeat2-fold4/audit.json,models/tangent_original/threshold/balanced_accuracy,0.7652439024390244
results/sensitivity96/repeat2-fold4/audit.json,models/tangent_center/candidates/0/mean_inner_auc,0.7734402349786965
results/sensitivity96/repeat2-fold4/audit.json,models/tangent_center/candidates/0/fold_auc/0,0.8224852071005917
results/sensitivity96/repeat2-fold4/audit.json,models/tangent_center/candidates/0/fold_auc/1,0.738095238095238
results/sensitivity96/repeat2-fold4/audit.json,models/tangent_center/candidates/0/fold_auc/2,0.7597402597402598
results/sensitivity96/repeat2-fold4/audit.json,models/tangent_center/candidates/1/mean_inner_auc,0.7775653833346142
results/sensitivity96/repeat2-fold4/audit.json,models/tangent_center/candidates/1/fold_auc/0,0.834319526627219
results/sensitivity96/repeat2-fold4/audit.json,models/tangent_center/candidates/1/fold_auc/1,0.7321428571428571
results/sensitivity96/repeat2-fold4/audit.json,models/tangent_center/candidates/1/fold_auc/2,0.7662337662337663
results/sensitivity96/repeat2-fold4/audit.json,models/tangent_center/candidates/2/mean_inner_auc,0.8038766788766788
results/sensitivity96/repeat2-fold4/audit.json,models/tangent_center/candidates/2/fold_auc/0,0.846153846153846
results/sensitivity96/repeat2-fold4/audit.json,models/tangent_center/candidates/2/fold_auc/1,0.7797619047619048
results/sensitivity96/repeat2-fold4/audit.json,models/tangent_center/candidates/2/fold_auc/2,0.7857142857142857
results/sensitivity96/repeat2-fold4/audit.json,models/tangent_center/candidates/3/mean_inner_auc,0.8242238530700069
results/sensitivity96/repeat2-fold4/audit.json,models/tangent_center/candidates/3/fold_auc/0,0.863905325443787
results/sensitivity96/repeat2-fold4/audit.json,models/tangent_center/candidates/3/fold_auc/1,0.8035714285714286
results/sensitivity96/repeat2-fold4/audit.json,models/tangent_center/candidates/3/fold_auc/2,0.8051948051948052
results/sensitivity96/repeat2-fold4/audit.json,models/tangent_center/chosen/mean_inner_auc,0.8242238530700069
results/sensitivity96/repeat2-fold4/audit.json,models/tangent_center/chosen/fold_auc/0,0.863905325443787
results/sensitivity96/repeat2-fold4/audit.json,models/tangent_center/chosen/fold_auc/1,0.8035714285714286
results/sensitivity96/repeat2-fold4/audit.json,models/tangent_center/chosen/fold_auc/2,0.8051948051948052
results/sensitivity96/repeat2-fold4/audit.json,models/tangent_center/threshold/min_recall,0.7317073170731707
results/sensitivity96/repeat2-fold4/audit.json,models/tangent_center/threshold/balanced_accuracy,0.7408536585365854
results/sensitivity96/repeat2-fold4/audit.json,models/tangent_pca/candidates/0/mean_inner_auc,0.7507599238368469
results/sensitivity96/repeat2-fold4/audit.json,models/tangent_pca/candidates/0/fold_auc/0,0.7988165680473374
results/sensitivity96/repeat2-fold4/audit.json,models/tangent_pca/candidates/0/fold_auc/1,0.7261904761904762
results/sensitivity96/repeat2-fold4/audit.json,models/tangent_pca/candidates/0/fold_auc/2,0.7272727272727273
results/sensitivity96/repeat2-fold4/audit.json,models/tangent_pca/candidates/1/mean_inner_auc,0.7487875372490757
results/sensitivity96/repeat2-fold4/audit.json,models/tangent_pca/candidates/1/fold_auc/0,0.7928994082840237
results/sensitivity96/repeat2-fold4/audit.json,models/tangent_pca/candidates/1/fold_auc/1,0.726190476190476
results/sensitivity96/repeat2-fold4/audit.json,models/tangent_pca/candidates/1/fold_auc/2,0.7272727272727273
results/sensitivity96/repeat2-fold4/audit.json,models/tangent_pca/candidates/2/mean_inner_auc,0.7529009452086375
results/sensitivity96/repeat2-fold4/audit.json,models/tangent_pca/candidates/2/fold_auc/0,0.8106508875739645
results/sensitivity96/repeat2-fold4/audit.json,models/tangent_pca/candidates/2/fold_auc/1,0.7142857142857142
results/sensitivity96/repeat2-fold4/audit.json,models/tangent_pca/candidates/2/fold_auc/2,0.7337662337662337
results/sensitivity96/repeat2-fold4/audit.json,models/tangent_pca/candidates/3/mean_inner_auc,0.7509168182245105
results/sensitivity96/repeat2-fold4/audit.json,models/tangent_pca/candidates/3/fold_auc/0,0.8106508875739645
results/sensitivity96/repeat2-fold4/audit.json,models/tangent_pca/candidates/3/fold_auc/1,0.7083333333333333
results/sensitivity96/repeat2-fold4/audit.json,models/tangent_pca/candidates/3/fold_auc/2,0.7337662337662337
results/sensitivity96/repeat2-fold4/audit.json,models/tangent_pca/candidates/4/mean_inner_auc,0.7777222777222775
results/sensitivity96/repeat2-fold4/audit.json,models/tangent_pca/candidates/4/fold_auc/0,0.8461538461538461
results/sensitivity96/repeat2-fold4/audit.json,models/tangent_pca/candidates/4/fold_auc/1,0.7142857142857142
results/sensitivity96/repeat2-fold4/audit.json,models/tangent_pca/candidates/4/fold_auc/2,0.7727272727272727
results/sensitivity96/repeat2-fold4/audit.json,models/tangent_pca/candidates/5/mean_inner_auc,0.7834590623052161
results/sensitivity96/repeat2-fold4/audit.json,models/tangent_pca/candidates/5/fold_auc/0,0.863905325443787
results/sensitivity96/repeat2-fold4/audit.json,models/tangent_pca/candidates/5/fold_auc/1,0.7202380952380951
results/sensitivity96/repeat2-fold4/audit.json,models/tangent_pca/candidates/5/fold_auc/2,0.7662337662337663
results/sensitivity96/repeat2-fold4/audit.json,models/tangent_pca/candidates/6/mean_inner_auc,0.7800906358598666
results/sensitivity96/repeat2-fold4/audit.json,models/tangent_pca/candidates/6/fold_auc/0,0.834319526627219
results/sensitivity96/repeat2-fold4/audit.json,models/tangent_pca/candidates/6/fold_auc/1,0.7202380952380951
results/sensitivity96/repeat2-fold4/audit.json,models/tangent_pca/candidates/6/fold_auc/2,0.7857142857142857
results/sensitivity96/repeat2-fold4/audit.json,models/tangent_pca/candidates/7/mean_inner_auc,0.7781182492720954
results/sensitivity96/repeat2-fold4/audit.json,models/tangent_pca/candidates/7/fold_auc/0,0.8284023668639053
results/sensitivity96/repeat2-fold4/audit.json,models/tangent_pca/candidates/7/fold_auc/1,0.7202380952380952
results/sensitivity96/repeat2-fold4/audit.json,models/tangent_pca/candidates/7/fold_auc/2,0.7857142857142857
results/sensitivity96/repeat2-fold4/audit.json,models/tangent_pca/chosen/mean_inner_auc,0.7834590623052161
results/sensitivity96/repeat2-fold4/audit.json,models/tangent_pca/chosen/fold_auc/0,0.863905325443787
results/sensitivity96/repeat2-fold4/audit.json,models/tangent_pca/chosen/fold_auc/1,0.7202380952380951
results/sensitivity96/repeat2-fold4/audit.json,models/tangent_pca/chosen/fold_auc/2,0.7662337662337663
results/sensitivity96/repeat2-fold4/audit.json,models/tangent_pca/threshold/min_recall,0.7073170731707317
results/sensitivity96/repeat2-fold4/audit.json,models/tangent_pca/threshold/balanced_accuracy,0.7147696476964769
results/sensitivity96/repeat2-fold4/audit.json,models/tangent_select/candidates/0/mean_inner_auc,0.7938066207296975
results/sensitivity96/repeat2-fold4/audit.json,models/tangent_select/candidates/0/fold_auc/0,0.7396449704142011
results/sensitivity96/repeat2-fold4/audit.json,models/tangent_select/candidates/0/fold_auc/1,0.7976190476190477
results/sensitivity96/repeat2-fold4/audit.json,models/tangent_select/candidates/0/fold_auc/2,0.8441558441558442
results/sensitivity96/repeat2-fold4/audit.json,models/tangent_select/candidates/1/mean_inner_auc,0.7835604566373796
results/sensitivity96/repeat2-fold4/audit.json,models/tangent_select/candidates/1/fold_auc/0,0.7218934911242604
results/sensitivity96/repeat2-fold4/audit.json,models/tangent_select/candidates/1/fold_auc/1,0.7976190476190477
results/sensitivity96/repeat2-fold4/audit.json,models/tangent_select/candidates/1/fold_auc/2,0.8311688311688311
results/sensitivity96/repeat2-fold4/audit.json,models/tangent_select/candidates/2/mean_inner_auc,0.7835604566373796
results/sensitivity96/repeat2-fold4/audit.json,models/tangent_select/candidates/2/fold_auc/0,0.7218934911242603
results/sensitivity96/repeat2-fold4/audit.json,models/tangent_select/candidates/2/fold_auc/1,0.7976190476190476
results/sensitivity96/repeat2-fold4/audit.json,models/tangent_select/candidates/2/fold_auc/2,0.8311688311688311
results/sensitivity96/repeat2-fold4/audit.json,models/tangent_select/candidates/3/mean_inner_auc,0.7857366991982375
results/sensitivity96/repeat2-fold4/audit.json,models/tangent_select/candidates/3/fold_auc/0,0.7159763313609466
results/sensitivity96/repeat2-fold4/audit.json,models/tangent_select/candidates/3/fold_auc/1,0.8035714285714285
results/sensitivity96/repeat2-fold4/audit.json,models/tangent_select/candidates/3/fold_auc/2,0.8376623376623377
results/sensitivity96/repeat2-fold4/audit.json,models/tangent_select/candidates/4/mean_inner_auc,0.7812550697166082
results/sensitivity96/repeat2-fold4/audit.json,models/tangent_select/candidates/4/fold_auc/0,0.7928994082840236
results/sensitivity96/repeat2-fold4/audit.json,models/tangent_select/candidates/4/fold_auc/1,0.7976190476190476
results/sensitivity96/repeat2-fold4/audit.json,models/tangent_select/candidates/4/fold_auc/2,0.7532467532467533
results/sensitivity96/repeat2-fold4/audit.json,models/tangent_select/candidates/5/mean_inner_auc,0.7877368358137589
results/sensitivity96/repeat2-fold4/audit.json,models/tangent_select/candidates/5/fold_auc/0,0.7988165680473372
results/sensitivity96/repeat2-fold4/audit.json,models/tangent_select/candidates/5/fold_auc/1,0.7916666666666666
results/sensitivity96/repeat2-fold4/audit.json,models/tangent_select/candidates/5/fold_auc/2,0.7727272727272727
results/sensitivity96/repeat2-fold4/audit.json,models/tangent_select/candidates/6/mean_inner_auc,0.7881328073635766
results/sensitivity96/repeat2-fold4/audit.json,models/tangent_select/candidates/6/fold_auc/0,0.7810650887573964
results/sensitivity96/repeat2-fold4/audit.json,models/tangent_select/candidates/6/fold_auc/1,0.7976190476190477
results/sensitivity96/repeat2-fold4/audit.json,models/tangent_select/candidates/6/fold_auc/2,0.7857142857142857
results/sensitivity96/repeat2-fold4/audit.json,models/tangent_select/candidates/7/mean_inner_auc,0.7920893209354748
results/sensitivity96/repeat2-fold4/audit.json,models/tangent_select/candidates/7/fold_auc/0,0.7869822485207101
results/sensitivity96/repeat2-fold4/audit.json,models/tangent_select/candidates/7/fold_auc/1,0.8035714285714286
results/sensitivity96/repeat2-fold4/audit.json,models/tangent_select/candidates/7/fold_auc/2,0.7857142857142857
results/sensitivity96/repeat2-fold4/audit.json,models/tangent_select/chosen/mean_inner_auc,0.7938066207296975
results/sensitivity96/repeat2-fold4/audit.json,models/tangent_select/chosen/fold_auc/0,0.7396449704142011
results/sensitivity96/repeat2-fold4/audit.json,models/tangent_select/chosen/fold_auc/1,0.7976190476190477
results/sensitivity96/repeat2-fold4/audit.json,models/tangent_select/chosen/fold_auc/2,0.8441558441558442
results/sensitivity96/repeat2-fold4/audit.json,models/tangent_select/threshold/min_recall,0.7073170731707317
results/sensitivity96/repeat2-fold4/audit.json,models/tangent_select/threshold/balanced_accuracy,0.7286585365853658
results/sensitivity96/repeat2-fold5/audit.json,models/tangent_original/candidates/0/mean_inner_auc,0.7155844155844155
results/sensitivity96/repeat2-fold5/audit.json,models/tangent_original/candidates/0/fold_auc/0,0.6727272727272728
results/sensitivity96/repeat2-fold5/audit.json,models/tangent_original/candidates/0/fold_auc/1,0.7142857142857142
results/sensitivity96/repeat2-fold5/audit.json,models/tangent_original/candidates/0/fold_auc/2,0.7597402597402598
results/sensitivity96/repeat2-fold5/audit.json,models/tangent_original/candidates/1/mean_inner_auc,0.7158008658008659
results/sensitivity96/repeat2-fold5/audit.json,models/tangent_original/candidates/1/fold_auc/0,0.6484848484848486
results/sensitivity96/repeat2-fold5/audit.json,models/tangent_original/candidates/1/fold_auc/1,0.726190476190476
results/sensitivity96/repeat2-fold5/audit.json,models/tangent_original/candidates/1/fold_auc/2,0.7727272727272728
results/sensitivity96/repeat2-fold5/audit.json,models/tangent_original/candidates/2/mean_inner_auc,0.721969696969697
results/sensitivity96/repeat2-fold5/audit.json,models/tangent_original/candidates/2/fold_auc/0,0.6545454545454545
results/sensitivity96/repeat2-fold5/audit.json,models/tangent_original/candidates/2/fold_auc/1,0.7321428571428571
results/sensitivity96/repeat2-fold5/audit.json,models/tangent_original/candidates/2/fold_auc/2,0.7792207792207793
results/sensitivity96/repeat2-fold5/audit.json,models/tangent_original/candidates/3/mean_inner_auc,0.723953823953824
results/sensitivity96/repeat2-fold5/audit.json,models/tangent_original/candidates/3/fold_auc/0,0.6545454545454545
results/sensitivity96/repeat2-fold5/audit.json,models/tangent_original/candidates/3/fold_auc/1,0.7380952380952381
results/sensitivity96/repeat2-fold5/audit.json,models/tangent_original/candidates/3/fold_auc/2,0.7792207792207793
results/sensitivity96/repeat2-fold5/audit.json,models/tangent_original/chosen/mean_inner_auc,0.723953823953824
results/sensitivity96/repeat2-fold5/audit.json,models/tangent_original/chosen/fold_auc/0,0.6545454545454545
results/sensitivity96/repeat2-fold5/audit.json,models/tangent_original/chosen/fold_auc/1,0.7380952380952381
results/sensitivity96/repeat2-fold5/audit.json,models/tangent_original/chosen/fold_auc/2,0.7792207792207793
results/sensitivity96/repeat2-fold5/audit.json,models/tangent_original/threshold/min_recall,0.7058823529411765
results/sensitivity96/repeat2-fold5/audit.json,models/tangent_original/threshold/balanced_accuracy,0.713406292749658
results/sensitivity96/repeat2-fold5/audit.json,models/tangent_center/candidates/0/mean_inner_auc,0.7157287157287158
results/sensitivity96/repeat2-fold5/audit.json,models/tangent_center/candidates/0/fold_auc/0,0.696969696969697
results/sensitivity96/repeat2-fold5/audit.json,models/tangent_center/candidates/0/fold_auc/1,0.6904761904761905
results/sensitivity96/repeat2-fold5/audit.json,models/tangent_center/candidates/0/fold_auc/2,0.7597402597402598
results/sensitivity96/repeat2-fold5/audit.json,models/tangent_center/candidates/1/mean_inner_auc,0.7138167388167389
results/sensitivity96/repeat2-fold5/audit.json,models/tangent_center/candidates/1/fold_auc/0,0.6787878787878788
results/sensitivity96/repeat2-fold5/audit.json,models/tangent_center/candidates/1/fold_auc/1,0.6964285714285714
results/sensitivity96/repeat2-fold5/audit.json,models/tangent_center/candidates/1/fold_auc/2,0.7662337662337664
results/sensitivity96/repeat2-fold5/audit.json,models/tangent_center/candidates/2/mean_inner_auc,0.71991341991342
results/sensitivity96/repeat2-fold5/audit.json,models/tangent_center/candidates/2/fold_auc/0,0.6727272727272727
results/sensitivity96/repeat2-fold5/audit.json,models/tangent_center/candidates/2/fold_auc/1,0.7142857142857142
results/sensitivity96/repeat2-fold5/audit.json,models/tangent_center/candidates/2/fold_auc/2,0.7727272727272727
results/sensitivity96/repeat2-fold5/audit.json,models/tangent_center/candidates/3/mean_inner_auc,0.7320346320346319
results/sensitivity96/repeat2-fold5/audit.json,models/tangent_center/candidates/3/fold_auc/0,0.6787878787878787
results/sensitivity96/repeat2-fold5/audit.json,models/tangent_center/candidates/3/fold_auc/1,0.738095238095238
results/sensitivity96/repeat2-fold5/audit.json,models/tangent_center/candidates/3/fold_auc/2,0.7792207792207793
results/sensitivity96/repeat2-fold5/audit.json,models/tangent_center/chosen/mean_inner_auc,0.7320346320346319
results/sensitivity96/repeat2-fold5/audit.json,models/tangent_center/chosen/fold_auc/0,0.6787878787878787
results/sensitivity96/repeat2-fold5/audit.json,models/tangent_center/chosen/fold_auc/1,0.738095238095238
results/sensitivity96/repeat2-fold5/audit.json,models/tangent_center/chosen/fold_auc/2,0.7792207792207793
results/sensitivity96/repeat2-fold5/audit.json,models/tangent_center/threshold/min_recall,0.7647058823529411
results/sensitivity96/repeat2-fold5/audit.json,models/tangent_center/threshold/balanced_accuracy,0.7660738714090287
results/sensitivity96/repeat2-fold5/audit.json,models/tangent_pca/candidates/0/mean_inner_auc,0.6794733044733046
results/sensitivity96/repeat2-fold5/audit.json,models/tangent_pca/candidates/0/fold_auc/0,0.6060606060606061
results/sensitivity96/repeat2-fold5/audit.json,models/tangent_pca/candidates/0/fold_auc/1,0.6726190476190477
results/sensitivity96/repeat2-fold5/audit.json,models/tangent_pca/candidates/0/fold_auc/2,0.7597402597402598
results/sensitivity96/repeat2-fold5/audit.json,models/tangent_pca/candidates/1/mean_inner_auc,0.6738455988455989
results/sensitivity96/repeat2-fold5/audit.json,models/tangent_pca/candidates/1/fold_auc/0,0.5696969696969697
results/sensitivity96/repeat2-fold5/audit.json,models/tangent_pca/candidates/1/fold_auc/1,0.6726190476190476
results/sensitivity96/repeat2-fold5/audit.json,models/tangent_pca/candidates/1/fold_auc/2,0.7792207792207793
results/sensitivity96/repeat2-fold5/audit.json,models/tangent_pca/candidates/2/mean_inner_auc,0.6758658008658008
results/sensitivity96/repeat2-fold5/audit.json,models/tangent_pca/candidates/2/fold_auc/0,0.5757575757575757
results/sensitivity96/repeat2-fold5/audit.json,models/tangent_pca/candidates/2/fold_auc/1,0.6726190476190477
results/sensitivity96/repeat2-fold5/audit.json,models/tangent_pca/candidates/2/fold_auc/2,0.7792207792207793
results/sensitivity96/repeat2-fold5/audit.json,models/tangent_pca/candidates/3/mean_inner_auc,0.6738455988455989
results/sensitivity96/repeat2-fold5/audit.json,models/tangent_pca/candidates/3/fold_auc/0,0.5696969696969698
results/sensitivity96/repeat2-fold5/audit.json,models/tangent_pca/candidates/3/fold_auc/1,0.6726190476190477
results/sensitivity96/repeat2-fold5/audit.json,models/tangent_pca/candidates/3/fold_auc/2,0.7792207792207793
results/sensitivity96/repeat2-fold5/audit.json,models/tangent_pca/candidates/4/mean_inner_auc,0.6749278499278498
results/sensitivity96/repeat2-fold5/audit.json,models/tangent_pca/candidates/4/fold_auc/0,0.6303030303030304
results/sensitivity96/repeat2-fold5/audit.json,models/tangent_pca/candidates/4/fold_auc/1,0.6607142857142857
results/sensitivity96/repeat2-fold5/audit.json,models/tangent_pca/candidates/4/fold_auc/2,0.7337662337662338
results/sensitivity96/repeat2-fold5/audit.json,models/tangent_pca/candidates/5/mean_inner_auc,0.6873015873015872
results/sensitivity96/repeat2-fold5/audit.json,models/tangent_pca/candidates/5/fold_auc/0,0.6484848484848486
results/sensitivity96/repeat2-fold5/audit.json,models/tangent_pca/candidates/5/fold_auc/1,0.6666666666666666
results/sensitivity96/repeat2-fold5/audit.json,models/tangent_pca/candidates/5/fold_auc/2,0.7467532467532467
results/sensitivity96/repeat2-fold5/audit.json,models/tangent_pca/candidates/6/mean_inner_auc,0.7294733044733045
results/sensitivity96/repeat2-fold5/audit.json,models/tangent_pca/candidates/6/fold_auc/0,0.703030303030303
results/sensitivity96/repeat2-fold5/audit.json,models/tangent_pca/candidates/6/fold_auc/1,0.7321428571428572
results/sensitivity96/repeat2-fold5/audit.json,models/tangent_pca/candidates/6/fold_auc/2,0.7532467532467533
results/sensitivity96/repeat2-fold5/audit.json,models/tangent_pca/candidates/7/mean_inner_auc,0.7294733044733045
results/sensitivity96/repeat2-fold5/audit.json,models/tangent_pca/candidates/7/fold_auc/0,0.703030303030303
results/sensitivity96/repeat2-fold5/audit.json,models/tangent_pca/candidates/7/fold_auc/1,0.7321428571428571
results/sensitivity96/repeat2-fold5/audit.json,models/tangent_pca/candidates/7/fold_auc/2,0.7532467532467533
results/sensitivity96/repeat2-fold5/audit.json,models/tangent_pca/chosen/mean_inner_auc,0.7294733044733045
results/sensitivity96/repeat2-fold5/audit.json,models/tangent_pca/chosen/fold_auc/0,0.703030303030303
results/sensitivity96/repeat2-fold5/audit.json,models/tangent_pca/chosen/fold_auc/1,0.7321428571428572
results/sensitivity96/repeat2-fold5/audit.json,models/tangent_pca/chosen/fold_auc/2,0.7532467532467533
results/sensitivity96/repeat2-fold5/audit.json,models/tangent_pca/threshold/min_recall,0.6976744186046512
results/sensitivity96/repeat2-fold5/audit.json,models/tangent_pca/threshold/balanced_accuracy,0.7017783857729138
results/sensitivity96/repeat2-fold5/audit.json,models/tangent_select/candidates/0/mean_inner_auc,0.662012987012987
results/sensitivity96/repeat2-fold5/audit.json,models/tangent_select/candidates/0/fold_auc/0,0.6424242424242425
results/sensitivity96/repeat2-fold5/audit.json,models/tangent_select/candidates/0/fold_auc/1,0.6488095238095238
results/sensitivity96/repeat2-fold5/audit.json,models/tangent_select/candidates/0/fold_auc/2,0.6948051948051949
results/sensitivity96/repeat2-fold5/audit.json,models/tangent_select/candidates/1/mean_inner_auc,0.6595238095238095
results/sensitivity96/repeat2-fold5/audit.json,models/tangent_select/candidates/1/fold_auc/0,0.6484848484848484
results/sensitivity96/repeat2-fold5/audit.json,models/tangent_select/candidates/1/fold_auc/1,0.6547619047619047
results/sensitivity96/repeat2-fold5/audit.json,models/tangent_select/candidates/1/fold_auc/2,0.6753246753246753
results/sensitivity96/repeat2-fold5/audit.json,models/tangent_select/candidates/2/mean_inner_auc,0.6401515151515152
results/sensitivity96/repeat2-fold5/audit.json,models/tangent_select/candidates/2/fold_auc/0,0.6363636363636365
results/sensitivity96/repeat2-fold5/audit.json,models/tangent_select/candidates/2/fold_auc/1,0.6607142857142857
results/sensitivity96/repeat2-fold5/audit.json,models/tangent_select/candidates/2/fold_auc/2,0.6233766233766234
results/sensitivity96/repeat2-fold5/audit.json,models/tangent_select/candidates/3/mean_inner_auc,0.6298701298701298
results/sensitivity96/repeat2-fold5/audit.json,models/tangent_select/candidates/3/fold_auc/0,0.6363636363636364
results/sensitivity96/repeat2-fold5/audit.json,models/tangent_select/candidates/3/fold_auc/1,0.6428571428571428
results/sensitivity96/repeat2-fold5/audit.json,models/tangent_select/candidates/3/fold_auc/2,0.6103896103896105
results/sensitivity96/repeat2-fold5/audit.json,models/tangent_select/candidates/4/mean_inner_auc,0.7034632034632035
results/sensitivity96/repeat2-fold5/audit.json,models/tangent_select/candidates/4/fold_auc/0,0.6060606060606061
results/sensitivity96/repeat2-fold5/audit.json,models/tangent_select/candidates/4/fold_auc/1,0.738095238095238
results/sensitivity96/repeat2-fold5/audit.json,models/tangent_select/candidates/4/fold_auc/2,0.7662337662337664
results/sensitivity96/repeat2-fold5/audit.json,models/tangent_select/candidates/5/mean_inner_auc,0.6972222222222223
results/sensitivity96/repeat2-fold5/audit.json,models/tangent_select/candidates/5/fold_auc/0,0.5878787878787879
results/sensitivity96/repeat2-fold5/audit.json,models/tangent_select/candidates/5/fold_auc/1,0.7440476190476191
results/sensitivity96/repeat2-fold5/audit.json,models/tangent_select/candidates/5/fold_auc/2,0.7597402597402598
results/sensitivity96/repeat2-fold5/audit.json,models/tangent_select/candidates/6/mean_inner_auc,0.696933621933622
results/sensitivity96/repeat2-fold5/audit.json,models/tangent_select/candidates/6/fold_auc/0,0.5696969696969698
results/sensitivity96/repeat2-fold5/audit.json,models/tangent_select/candidates/6/fold_auc/1,0.7678571428571429
results/sensitivity96/repeat2-fold5/audit.json,models/tangent_select/candidates/6/fold_auc/2,0.7532467532467534
results/sensitivity96/repeat2-fold5/audit.json,models/tangent_select/candidates/7/mean_inner_auc,0.696933621933622
results/sensitivity96/repeat2-fold5/audit.json,models/tangent_select/candidates/7/fold_auc/0,0.5696969696969698
results/sensitivity96/repeat2-fold5/audit.json,models/tangent_select/candidates/7/fold_auc/1,0.7678571428571429
results/sensitivity96/repeat2-fold5/audit.json,models/tangent_select/candidates/7/fold_auc/2,0.7532467532467533
results/sensitivity96/repeat2-fold5/audit.json,models/tangent_select/chosen/mean_inner_auc,0.7034632034632035
results/sensitivity96/repeat2-fold5/audit.json,models/tangent_select/chosen/fold_auc/0,0.6060606060606061
results/sensitivity96/repeat2-fold5/audit.json,models/tangent_select/chosen/fold_auc/1,0.738095238095238
results/sensitivity96/repeat2-fold5/audit.json,models/tangent_select/chosen/fold_auc/2,0.7662337662337664
results/sensitivity96/repeat2-fold5/audit.json,models/tangent_select/threshold/min_recall,0.6744186046511628
results/sensitivity96/repeat2-fold5/audit.json,models/tangent_select/threshold/balanced_accuracy,0.6901504787961696
results/sensitivity96/repeat3-fold1/audit.json,models/tangent_original/candidates/0/mean_inner_auc,0.6848845598845599
results/sensitivity96/repeat3-fold1/audit.json,models/tangent_original/candidates/0/fold_auc/0,0.6845238095238095
results/sensitivity96/repeat3-fold1/audit.json,models/tangent_original/candidates/0/fold_auc/1,0.7532467532467533
results/sensitivity96/repeat3-fold1/audit.json,models/tangent_original/candidates/0/fold_auc/2,0.6168831168831169
results/sensitivity96/repeat3-fold1/audit.json,models/tangent_original/candidates/1/mean_inner_auc,0.6865079365079364
results/sensitivity96/repeat3-fold1/audit.json,models/tangent_original/candidates/1/fold_auc/0,0.7023809523809523
results/sensitivity96/repeat3-fold1/audit.json,models/tangent_original/candidates/1/fold_auc/1,0.7402597402597402
results/sensitivity96/repeat3-fold1/audit.json,models/tangent_original/candidates/1/fold_auc/2,0.6168831168831168
results/sensitivity96/repeat3-fold1/audit.json,models/tangent_original/candidates/2/mean_inner_auc,0.6865079365079364
results/sensitivity96/repeat3-fold1/audit.json,models/tangent_original/candidates/2/fold_auc/0,0.7023809523809523
results/sensitivity96/repeat3-fold1/audit.json,models/tangent_original/candidates/2/fold_auc/1,0.7402597402597402
results/sensitivity96/repeat3-fold1/audit.json,models/tangent_original/candidates/2/fold_auc/2,0.6168831168831168
results/sensitivity96/repeat3-fold1/audit.json,models/tangent_original/candidates/3/mean_inner_auc,0.6865079365079364
results/sensitivity96/repeat3-fold1/audit.json,models/tangent_original/candidates/3/fold_auc/0,0.7023809523809523
results/sensitivity96/repeat3-fold1/audit.json,models/tangent_original/candidates/3/fold_auc/1,0.7402597402597402
results/sensitivity96/repeat3-fold1/audit.json,models/tangent_original/candidates/3/fold_auc/2,0.6168831168831168
results/sensitivity96/repeat3-fold1/audit.json,models/tangent_original/chosen/mean_inner_auc,0.6865079365079364
results/sensitivity96/repeat3-fold1/audit.json,models/tangent_original/chosen/fold_auc/0,0.7023809523809523
results/sensitivity96/repeat3-fold1/audit.json,models/tangent_original/chosen/fold_auc/1,0.7402597402597402
results/sensitivity96/repeat3-fold1/audit.json,models/tangent_original/chosen/fold_auc/2,0.6168831168831168
results/sensitivity96/repeat3-fold1/audit.json,models/tangent_original/threshold/min_recall,0.6764705882352942
results/sensitivity96/repeat3-fold1/audit.json,models/tangent_original/threshold/balanced_accuracy,0.6953781512605042
results/sensitivity96/repeat3-fold1/audit.json,models/tangent_center/candidates/0/mean_inner_auc,0.7137445887445888
results/sensitivity96/repeat3-fold1/audit.json,models/tangent_center/candidates/0/fold_auc/0,0.7321428571428572
results/sensitivity96/repeat3-fold1/audit.json,models/tangent_center/candidates/0/fold_auc/1,0.7597402597402597
results/sensitivity96/repeat3-fold1/audit.json,models/tangent_center/candidates/0/fold_auc/2,0.6493506493506493
results/sensitivity96/repeat3-fold1/audit.json,models/tangent_center/candidates/1/mean_inner_auc,0.7137445887445887
results/sensitivity96/repeat3-fold1/audit.json,models/tangent_center/candidates/1/fold_auc/0,0.7321428571428571
results/sensitivity96/repeat3-fold1/audit.json,models/tangent_center/candidates/1/fold_auc/1,0.7597402597402597
results/sensitivity96/repeat3-fold1/audit.json,models/tangent_center/candidates/1/fold_auc/2,0.6493506493506493
results/sensitivity96/repeat3-fold1/audit.json,models/tangent_center/candidates/2/mean_inner_auc,0.7095959595959597
results/sensitivity96/repeat3-fold1/audit.json,models/tangent_center/candidates/2/fold_auc/0,0.726190476190476
results/sensitivity96/repeat3-fold1/audit.json,models/tangent_center/candidates/2/fold_auc/1,0.7597402597402598
results/sensitivity96/repeat3-fold1/audit.json,models/tangent_center/candidates/2/fold_auc/2,0.6428571428571428
results/sensitivity96/repeat3-fold1/audit.json,models/tangent_center/candidates/3/mean_inner_auc,0.7056277056277055
results/sensitivity96/repeat3-fold1/audit.json,models/tangent_center/candidates/3/fold_auc/0,0.7142857142857142
results/sensitivity96/repeat3-fold1/audit.json,models/tangent_center/candidates/3/fold_auc/1,0.7467532467532467
results/sensitivity96/repeat3-fold1/audit.json,models/tangent_center/candidates/3/fold_auc/2,0.6558441558441558
results/sensitivity96/repeat3-fold1/audit.json,models/tangent_center/chosen/mean_inner_auc,0.7137445887445888
results/sensitivity96/repeat3-fold1/audit.json,models/tangent_center/chosen/fold_auc/0,0.7321428571428572
results/sensitivity96/repeat3-fold1/audit.json,models/tangent_center/chosen/fold_auc/1,0.7597402597402597
results/sensitivity96/repeat3-fold1/audit.json,models/tangent_center/chosen/fold_auc/2,0.6493506493506493
results/sensitivity96/repeat3-fold1/audit.json,models/tangent_center/threshold/min_recall,0.7058823529411765
results/sensitivity96/repeat3-fold1/audit.json,models/tangent_center/threshold/balanced_accuracy,0.7219887955182074
results/sensitivity96/repeat3-fold1/audit.json,models/tangent_pca/candidates/0/mean_inner_auc,0.6636002886002886
results/sensitivity96/repeat3-fold1/audit.json,models/tangent_pca/candidates/0/fold_auc/0,0.6726190476190477
results/sensitivity96/repeat3-fold1/audit.json,models/tangent_pca/candidates/0/fold_auc/1,0.6948051948051948
results/sensitivity96/repeat3-fold1/audit.json,models/tangent_pca/candidates/0/fold_auc/2,0.6233766233766234
results/sensitivity96/repeat3-fold1/audit.json,models/tangent_pca/candidates/1/mean_inner_auc,0.6531385281385282
results/sensitivity96/repeat3-fold1/audit.json,models/tangent_pca/candidates/1/fold_auc/0,0.6607142857142858
results/sensitivity96/repeat3-fold1/audit.json,models/tangent_pca/candidates/1/fold_auc/1,0.6818181818181818
results/sensitivity96/repeat3-fold1/audit.json,models/tangent_pca/candidates/1/fold_auc/2,0.6168831168831169
results/sensitivity96/repeat3-fold1/audit.json,models/tangent_pca/candidates/2/mean_inner_auc,0.6531385281385282
results/sensitivity96/repeat3-fold1/audit.json,models/tangent_pca/candidates/2/fold_auc/0,0.6607142857142858
results/sensitivity96/repeat3-fold1/audit.json,models/tangent_pca/candidates/2/fold_auc/1,0.6818181818181818
results/sensitivity96/repeat3-fold1/audit.json,models/tangent_pca/candidates/2/fold_auc/2,0.6168831168831169
results/sensitivity96/repeat3-fold1/audit.json,models/tangent_pca/candidates/3/mean_inner_auc,0.6468253968253969
results/sensitivity96/repeat3-fold1/audit.json,models/tangent_pca/candidates/3/fold_auc/0,0.6547619047619048
results/sensitivity96/repeat3-fold1/audit.json,models/tangent_pca/candidates/3/fold_auc/1,0.6818181818181818
results/sensitivity96/repeat3-fold1/audit.json,models/tangent_pca/candidates/3/fold_auc/2,0.6038961038961039
results/sensitivity96/repeat3-fold1/audit.json,models/tangent_pca/candidates/4/mean_inner_auc,0.6773088023088022
results/sensitivity96/repeat3-fold1/audit.json,models/tangent_pca/candidates/4/fold_auc/0,0.6488095238095237
results/sensitivity96/repeat3-fold1/audit.json,models/tangent_pca/candidates/4/fold_auc/1,0.7597402597402597
results/sensitivity96/repeat3-fold1/audit.json,models/tangent_pca/candidates/4/fold_auc/2,0.6233766233766234
results/sensitivity96/repeat3-fold1/audit.json,models/tangent_pca/candidates/5/mean_inner_auc,0.6746031746031748
results/sensitivity96/repeat3-fold1/audit.json,models/tangent_pca/candidates/5/fold_auc/0,0.6666666666666667
results/sensitivity96/repeat3-fold1/audit.json,models/tangent_pca/candidates/5/fold_auc/1,0.7402597402597403
results/sensitivity96/repeat3-fold1/audit.json,models/tangent_pca/candidates/5/fold_auc/2,0.6168831168831169
results/sensitivity96/repeat3-fold1/audit.json,models/tangent_pca/candidates/6/mean_inner_auc,0.665945165945166
results/sensitivity96/repeat3-fold1/audit.json,models/tangent_pca/candidates/6/fold_auc/0,0.6666666666666667
results/sensitivity96/repeat3-fold1/audit.json,models/tangent_pca/candidates/6/fold_auc/1,0.7337662337662337
results/sensitivity96/repeat3-fold1/audit.json,models/tangent_pca/candidates/6/fold_auc/2,0.5974025974025974
results/sensitivity96/repeat3-fold1/audit.json,models/tangent_pca/candidates/7/mean_inner_auc,0.6551226551226552
results/sensitivity96/repeat3-fold1/audit.json,models/tangent_pca/candidates/7/fold_auc/0,0.6666666666666667
results/sensitivity96/repeat3-fold1/audit.json,models/tangent_pca/candidates/7/fold_auc/1,0.7337662337662337
results/sensitivity96/repeat3-fold1/audit.json,models/tangent_pca/candidates/7/fold_auc/2,0.564935064935065
results/sensitivity96/repeat3-fold1/audit.json,models/tangent_pca/chosen/mean_inner_auc,0.6773088023088022
results/sensitivity96/repeat3-fold1/audit.json,models/tangent_pca/chosen/fold_auc/0,0.6488095238095237
results/sensitivity96/repeat3-fold1/audit.json,models/tangent_pca/chosen/fold_auc/1,0.7597402597402597
results/sensitivity96/repeat3-fold1/audit.json,models/tangent_pca/chosen/fold_auc/2,0.6233766233766234
results/sensitivity96/repeat3-fold1/audit.json,models/tangent_pca/threshold/min_recall,0.6764705882352942
results/sensitivity96/repeat3-fold1/audit.json,models/tangent_pca/threshold/balanced_accuracy,0.6953781512605042
results/sensitivity96/repeat3-fold1/audit.json,models/tangent_select/candidates/0/mean_inner_auc,0.7162698412698413
results/sensitivity96/repeat3-fold1/audit.json,models/tangent_select/candidates/0/fold_auc/0,0.7202380952380952
results/sensitivity96/repeat3-fold1/audit.json,models/tangent_select/candidates/0/fold_auc/1,0.8116883116883117
results/sensitivity96/repeat3-fold1/audit.json,models/tangent_select/candidates/0/fold_auc/2,0.6168831168831169
results/sensitivity96/repeat3-fold1/audit.json,models/tangent_select/candidates/1/mean_inner_auc,0.7205988455988456
results/sensitivity96/repeat3-fold1/audit.json,models/tangent_select/candidates/1/fold_auc/0,0.7202380952380952
results/sensitivity96/repeat3-fold1/audit.json,models/tangent_select/candidates/1/fold_auc/1,0.8246753246753247
results/sensitivity96/repeat3-fold1/audit.json,models/tangent_select/candidates/1/fold_auc/2,0.6168831168831169
results/sensitivity96/repeat3-fold1/audit.json,models/tangent_select/candidates/2/mean_inner_auc,0.7106782106782106
results/sensitivity96/repeat3-fold1/audit.json,models/tangent_select/candidates/2/fold_auc/0,0.6904761904761905
results/sensitivity96/repeat3-fold1/audit.json,models/tangent_select/candidates/2/fold_auc/1,0.8116883116883117
results/sensitivity96/repeat3-fold1/audit.json,models/tangent_select/candidates/2/fold_auc/2,0.6298701298701299
results/sensitivity96/repeat3-fold1/audit.json,models/tangent_select/candidates/3/mean_inner_auc,0.6962481962481962
results/sensitivity96/repeat3-fold1/audit.json,models/tangent_select/candidates/3/fold_auc/0,0.6666666666666667
results/sensitivity96/repeat3-fold1/audit.json,models/tangent_select/candidates/3/fold_auc/1,0.8116883116883117
results/sensitivity96/repeat3-fold1/audit.json,models/tangent_select/candidates/3/fold_auc/2,0.6103896103896104
results/sensitivity96/repeat3-fold1/audit.json,models/tangent_select/candidates/4/mean_inner_auc,0.693181818181818
results/sensitivity96/repeat3-fold1/audit.json,models/tangent_select/candidates/4/fold_auc/0,0.6964285714285714
results/sensitivity96/repeat3-fold1/audit.json,models/tangent_select/candidates/4/fold_auc/1,0.7597402597402597
results/sensitivity96/repeat3-fold1/audit.json,models/tangent_select/candidates/4/fold_auc/2,0.6233766233766234
results/sensitivity96/repeat3-fold1/audit.json,models/tangent_select/candidates/5/mean_inner_auc,0.7085137085137085
results/sensitivity96/repeat3-fold1/audit.json,models/tangent_select/candidates/5/fold_auc/0,0.6904761904761905
results/sensitivity96/repeat3-fold1/audit.json,models/tangent_select/candidates/5/fold_auc/1,0.7987012987012987
results/sensitivity96/repeat3-fold1/audit.json,models/tangent_select/candidates/5/fold_auc/2,0.6363636363636364
results/sensitivity96/repeat3-fold1/audit.json,models/tangent_select/candidates/6/mean_inner_auc,0.710858585858586
results/sensitivity96/repeat3-fold1/audit.json,models/tangent_select/candidates/6/fold_auc/0,0.6845238095238095
results/sensitivity96/repeat3-fold1/audit.json,models/tangent_select/candidates/6/fold_auc/1,0.8051948051948052
results/sensitivity96/repeat3-fold1/audit.json,models/tangent_select/candidates/6/fold_auc/2,0.6428571428571429
results/sensitivity96/repeat3-fold1/audit.json,models/tangent_select/candidates/7/mean_inner_auc,0.7088744588744588
results/sensitivity96/repeat3-fold1/audit.json,models/tangent_select/candidates/7/fold_auc/0,0.6785714285714285
results/sensitivity96/repeat3-fold1/audit.json,models/tangent_select/candidates/7/fold_auc/1,0.8051948051948052
results/sensitivity96/repeat3-fold1/audit.json,models/tangent_select/candidates/7/fold_auc/2,0.6428571428571429
results/sensitivity96/repeat3-fold1/audit.json,models/tangent_select/chosen/mean_inner_auc,0.7205988455988456
results/sensitivity96/repeat3-fold1/audit.json,models/tangent_select/chosen/fold_auc/0,0.7202380952380952
results/sensitivity96/repeat3-fold1/audit.json,models/tangent_select/chosen/fold_auc/1,0.8246753246753247
results/sensitivity96/repeat3-fold1/audit.json,models/tangent_select/chosen/fold_auc/2,0.6168831168831169
results/sensitivity96/repeat3-fold1/audit.json,models/tangent_select/threshold/min_recall,0.7380952380952381
results/sensitivity96/repeat3-fold1/audit.json,models/tangent_select/threshold/balanced_accuracy,0.7514005602240896
results/sensitivity96/repeat3-fold2/audit.json,models/tangent_original/candidates/0/mean_inner_auc,0.8010376375760991
results/sensitivity96/repeat3-fold2/audit.json,models/tangent_original/candidates/0/fold_auc/0,0.8224852071005917
results/sensitivity96/repeat3-fold2/audit.json,models/tangent_original/candidates/0/fold_auc/1,0.7559523809523809
results/sensitivity96/repeat3-fold2/audit.json,models/tangent_original/candidates/0/fold_auc/2,0.8246753246753247
results/sensitivity96/repeat3-fold2/audit.json,models/tangent_original/candidates/1/mean_inner_auc,0.8091545206929821
results/sensitivity96/repeat3-fold2/audit.json,models/tangent_original/candidates/1/fold_auc/0,0.8224852071005917
results/sensitivity96/repeat3-fold2/audit.json,models/tangent_original/candidates/1/fold_auc/1,0.7738095238095238
results/sensitivity96/repeat3-fold2/audit.json,models/tangent_original/candidates/1/fold_auc/2,0.8311688311688311
results/sensitivity96/repeat3-fold2/audit.json,models/tangent_original/candidates/2/mean_inner_auc,0.8131110342648804
results/sensitivity96/repeat3-fold2/audit.json,models/tangent_original/candidates/2/fold_auc/0,0.8284023668639053
results/sensitivity96/repeat3-fold2/audit.json,models/tangent_original/candidates/2/fold_auc/1,0.7797619047619048
results/sensitivity96/repeat3-fold2/audit.json,models/tangent_original/candidates/2/fold_auc/2,0.8311688311688311
results/sensitivity96/repeat3-fold2/audit.json,models/tangent_original/candidates/3/mean_inner_auc,0.8111386476771091
results/sensitivity96/repeat3-fold2/audit.json,models/tangent_original/candidates/3/fold_auc/0,0.8224852071005917
results/sensitivity96/repeat3-fold2/audit.json,models/tangent_original/candidates/3/fold_auc/1,0.7797619047619048
results/sensitivity96/repeat3-fold2/audit.json,models/tangent_original/candidates/3/fold_auc/2,0.8311688311688311
results/sensitivity96/repeat3-fold2/audit.json,models/tangent_original/chosen/mean_inner_auc,0.8131110342648804
results/sensitivity96/repeat3-fold2/audit.json,models/tangent_original/chosen/fold_auc/0,0.8284023668639053
results/sensitivity96/repeat3-fold2/audit.json,models/tangent_original/chosen/fold_auc/1,0.7797619047619048
results/sensitivity96/repeat3-fold2/audit.json,models/tangent_original/chosen/fold_auc/2,0.8311688311688311
results/sensitivity96/repeat3-fold2/audit.json,models/tangent_original/threshold/min_recall,0.7073170731707317
results/sensitivity96/repeat3-fold2/audit.json,models/tangent_original/threshold/balanced_accuracy,0.7286585365853658
results/sensitivity96/repeat3-fold2/audit.json,models/tangent_center/candidates/0/mean_inner_auc,0.788387894157125
results/sensitivity96/repeat3-fold2/audit.json,models/tangent_center/candidates/0/fold_auc/0,0.834319526627219
results/sensitivity96/repeat3-fold2/audit.json,models/tangent_center/candidates/0/fold_auc/1,0.7321428571428572
results/sensitivity96/repeat3-fold2/audit.json,models/tangent_center/candidates/0/fold_auc/2,0.7987012987012987
results/sensitivity96/repeat3-fold2/audit.json,models/tangent_center/candidates/1/mean_inner_auc,0.7966851524543833
results/sensitivity96/repeat3-fold2/audit.json,models/tangent_center/candidates/1/fold_auc/0,0.834319526627219
results/sensitivity96/repeat3-fold2/audit.json,models/tangent_center/candidates/1/fold_auc/1,0.7440476190476191
results/sensitivity96/repeat3-fold2/audit.json,models/tangent_center/candidates/1/fold_auc/2,0.8116883116883117
results/sensitivity96/repeat3-fold2/audit.json,models/tangent_center/candidates/2/mean_inner_auc,0.8065705661859508
results/sensitivity96/repeat3-fold2/audit.json,models/tangent_center/candidates/2/fold_auc/0,0.8520710059171598
results/sensitivity96/repeat3-fold2/audit.json,models/tangent_center/candidates/2/fold_auc/1,0.7559523809523809
results/sensitivity96/repeat3-fold2/audit.json,models/tangent_center/candidates/2/fold_auc/2,0.8116883116883117
results/sensitivity96/repeat3-fold2/audit.json,models/tangent_center/candidates/3/mean_inner_auc,0.8107309357309358
results/sensitivity96/repeat3-fold2/audit.json,models/tangent_center/candidates/3/fold_auc/0,0.8461538461538461
results/sensitivity96/repeat3-fold2/audit.json,models/tangent_center/candidates/3/fold_auc/1,0.7678571428571429
results/sensitivity96/repeat3-fold2/audit.json,models/tangent_center/candidates/3/fold_auc/2,0.8181818181818181
results/sensitivity96/repeat3-fold2/audit.json,models/tangent_center/chosen/mean_inner_auc,0.8107309357309358
results/sensitivity96/repeat3-fold2/audit.json,models/tangent_center/chosen/fold_auc/0,0.8461538461538461
results/sensitivity96/repeat3-fold2/audit.json,models/tangent_center/chosen/fold_auc/1,0.7678571428571429
results/sensitivity96/repeat3-fold2/audit.json,models/tangent_center/chosen/fold_auc/2,0.8181818181818181
results/sensitivity96/repeat3-fold2/audit.json,models/tangent_center/threshold/min_recall,0.7073170731707317
results/sensitivity96/repeat3-fold2/audit.json,models/tangent_center/threshold/balanced_accuracy,0.7286585365853658
results/sensitivity96/repeat3-fold2/audit.json,models/tangent_pca/candidates/0/mean_inner_auc,0.7393802778418164
results/sensitivity96/repeat3-fold2/audit.json,models/tangent_pca/candidates/0/fold_auc/0,0.7159763313609467
results/sensitivity96/repeat3-fold2/audit.json,models/tangent_pca/candidates/0/fold_auc/1,0.6904761904761905
results/sensitivity96/repeat3-fold2/audit.json,models/tangent_pca/candidates/0/fold_auc/2,0.8116883116883117
results/sensitivity96/repeat3-fold2/audit.json,models/tangent_pca/candidates/1/mean_inner_auc,0.7275459583151891
results/sensitivity96/repeat3-fold2/audit.json,models/tangent_pca/candidates/1/fold_auc/0,0.680473372781065
results/sensitivity96/repeat3-fold2/audit.json,models/tangent_pca/candidates/1/fold_auc/1,0.6904761904761905
results/sensitivity96/repeat3-fold2/audit.json,models/tangent_pca/candidates/1/fold_auc/2,0.8116883116883117
results/sensitivity96/repeat3-fold2/audit.json,models/tangent_pca/candidates/2/mean_inner_auc,0.7236011851396467
results/sensitivity96/repeat3-fold2/audit.json,models/tangent_pca/candidates/2/fold_auc/0,0.668639053254438
results/sensitivity96/repeat3-fold2/audit.json,models/tangent_pca/candidates/2/fold_auc/1,0.6904761904761905
results/sensitivity96/repeat3-fold2/audit.json,models/tangent_pca/candidates/2/fold_auc/2,0.8116883116883117
results/sensitivity96/repeat3-fold2/audit.json,models/tangent_pca/candidates/3/mean_inner_auc,0.7237933007163777
results/sensitivity96/repeat3-fold2/audit.json,models/tangent_pca/candidates/3/fold_auc/0,0.6627218934911243
results/sensitivity96/repeat3-fold2/audit.json,models/tangent_pca/candidates/3/fold_auc/1,0.6904761904761905
results/sensitivity96/repeat3-fold2/audit.json,models/tangent_pca/candidates/3/fold_auc/2,0.8181818181818181
results/sensitivity96/repeat3-fold2/audit.json,models/tangent_pca/candidates/4/mean_inner_auc,0.7563985160139005
results/sensitivity96/repeat3-fold2/audit.json,models/tangent_pca/candidates/4/fold_auc/0,0.7751479289940828
results/sensitivity96/repeat3-fold2/audit.json,models/tangent_pca/candidates/4/fold_auc/1,0.7083333333333333
results/sensitivity96/repeat3-fold2/audit.json,models/tangent_pca/candidates/4/fold_auc/2,0.7857142857142858
results/sensitivity96/repeat3-fold2/audit.json,models/tangent_pca/candidates/5/mean_inner_auc,0.7518656557118096
results/sensitivity96/repeat3-fold2/audit.json,models/tangent_pca/candidates/5/fold_auc/0,0.78698224852071
results/sensitivity96/repeat3-fold2/audit.json,models/tangent_pca/candidates/5/fold_auc/1,0.7023809523809523
results/sensitivity96/repeat3-fold2/audit.json,models/tangent_pca/candidates/5/fold_auc/2,0.7662337662337663
results/sensitivity96/repeat3-fold2/audit.json,models/tangent_pca/candidates/6/mean_inner_auc,0.7471641606256991
results/sensitivity96/repeat3-fold2/audit.json,models/tangent_pca/candidates/6/fold_auc/0,0.7928994082840237
results/sensitivity96/repeat3-fold2/audit.json,models/tangent_pca/candidates/6/fold_auc/1,0.7083333333333334
results/sensitivity96/repeat3-fold2/audit.json,models/tangent_pca/candidates/6/fold_auc/2,0.7402597402597402
results/sensitivity96/repeat3-fold2/audit.json,models/tangent_pca/candidates/7/mean_inner_auc,0.7173510250433327
results/sensitivity96/repeat3-fold2/audit.json,models/tangent_pca/candidates/7/fold_auc/0,0.7278106508875739
results/sensitivity96/repeat3-fold2/audit.json,models/tangent_pca/candidates/7/fold_auc/1,0.6904761904761905
results/sensitivity96/repeat3-fold2/audit.json,models/tangent_pca/candidates/7/fold_auc/2,0.7337662337662337
results/sensitivity96/repeat3-fold2/audit.json,models/tangent_pca/chosen/mean_inner_auc,0.7563985160139005
results/sensitivity96/repeat3-fold2/audit.json,models/tangent_pca/chosen/fold_auc/0,0.7751479289940828
results/sensitivity96/repeat3-fold2/audit.json,models/tangent_pca/chosen/fold_auc/1,0.7083333333333333
results/sensitivity96/repeat3-fold2/audit.json,models/tangent_pca/chosen/fold_auc/2,0.7857142857142858
results/sensitivity96/repeat3-fold2/audit.json,models/tangent_pca/threshold/min_recall,0.6829268292682927
results/sensitivity96/repeat3-fold2/audit.json,models/tangent_pca/threshold/balanced_accuracy,0.7303523035230353
results/sensitivity96/repeat3-fold2/audit.json,models/tangent_select/candidates/0/mean_inner_auc,0.7233738483738482
results/sensitivity96/repeat3-fold2/audit.json,models/tangent_select/candidates/0/fold_auc/0,0.6923076923076923
results/sensitivity96/repeat3-fold2/audit.json,models/tangent_select/candidates/0/fold_auc/1,0.744047619047619
results/sensitivity96/repeat3-fold2/audit.json,models/tangent_select/candidates/0/fold_auc/2,0.7337662337662337
results/sensitivity96/repeat3-fold2/audit.json,models/tangent_select/candidates/1/mean_inner_auc,0.7255853121237736
results/sensitivity96/repeat3-fold2/audit.json,models/tangent_select/candidates/1/fold_auc/0,0.6686390532544378
results/sensitivity96/repeat3-fold2/audit.json,models/tangent_select/candidates/1/fold_auc/1,0.7678571428571428
results/sensitivity96/repeat3-fold2/audit.json,models/tangent_select/candidates/1/fold_auc/2,0.7402597402597403
results/sensitivity96/repeat3-fold2/audit.json,models/tangent_select/candidates/2/mean_inner_auc,0.7109984033060956
results/sensitivity96/repeat3-fold2/audit.json,models/tangent_select/candidates/2/fold_auc/0,0.6568047337278107
results/sensitivity96/repeat3-fold2/audit.json,models/tangent_select/candidates/2/fold_auc/1,0.7619047619047619
results/sensitivity96/repeat3-fold2/audit.json,models/tangent_select/candidates/2/fold_auc/2,0.7142857142857143
results/sensitivity96/repeat3-fold2/audit.json,models/tangent_select/candidates/3/mean_inner_auc,0.694403886711579
results/sensitivity96/repeat3-fold2/audit.json,models/tangent_select/candidates/3/fold_auc/0,0.6568047337278107
results/sensitivity96/repeat3-fold2/audit.json,models/tangent_select/candidates/3/fold_auc/1,0.738095238095238
results/sensitivity96/repeat3-fold2/audit.json,models/tangent_select/candidates/3/fold_auc/2,0.6883116883116883
results/sensitivity96/repeat3-fold2/audit.json,models/tangent_select/candidates/4/mean_inner_auc,0.7841058514135436
results/sensitivity96/repeat3-fold2/audit.json,models/tangent_select/candidates/4/fold_auc/0,0.8106508875739644
results/sensitivity96/repeat3-fold2/audit.json,models/tangent_select/candidates/4/fold_auc/1,0.7559523809523809
results/sensitivity96/repeat3-fold2/audit.json,models/tangent_select/candidates/4/fold_auc/2,0.7857142857142856
results/sensitivity96/repeat3-fold2/audit.json,models/tangent_select/candidates/5/mean_inner_auc,0.782156945618484
results/sensitivity96/repeat3-fold2/audit.json,models/tangent_select/candidates/5/fold_auc/0,0.7928994082840237
results/sensitivity96/repeat3-fold2/audit.json,models/tangent_select/candidates/5/fold_auc/1,0.7678571428571428
results/sensitivity96/repeat3-fold2/audit.json,models/tangent_select/candidates/5/fold_auc/2,0.7857142857142856
results/sensitivity96/repeat3-fold2/audit.json,models/tangent_select/candidates/6/mean_inner_auc,0.784141072602611
results/sensitivity96/repeat3-fold2/audit.json,models/tangent_select/candidates/6/fold_auc/0,0.7928994082840237
results/sensitivity96/repeat3-fold2/audit.json,models/tangent_select/candidates/6/fold_auc/1,0.7738095238095237
results/sensitivity96/repeat3-fold2/audit.json,models/tangent_select/candidates/6/fold_auc/2,0.7857142857142856
results/sensitivity96/repeat3-fold2/audit.json,models/tangent_select/candidates/7/mean_inner_auc,0.7800159242466934
results/sensitivity96/repeat3-fold2/audit.json,models/tangent_select/candidates/7/fold_auc/0,0.7810650887573964
results/sensitivity96/repeat3-fold2/audit.json,models/tangent_select/candidates/7/fold_auc/1,0.7797619047619047
results/sensitivity96/repeat3-fold2/audit.json,models/tangent_select/candidates/7/fold_auc/2,0.7792207792207791
results/sensitivity96/repeat3-fold2/audit.json,models/tangent_select/chosen/mean_inner_auc,0.784141072602611
results/sensitivity96/repeat3-fold2/audit.json,models/tangent_select/chosen/fold_auc/0,0.7928994082840237
results/sensitivity96/repeat3-fold2/audit.json,models/tangent_select/chosen/fold_auc/1,0.7738095238095237
results/sensitivity96/repeat3-fold2/audit.json,models/tangent_select/chosen/fold_auc/2,0.7857142857142856
results/sensitivity96/repeat3-fold2/audit.json,models/tangent_select/threshold/min_recall,0.6666666666666666
results/sensitivity96/repeat3-fold2/audit.json,models/tangent_select/threshold/balanced_accuracy,0.6991869918699187
results/sensitivity96/repeat3-fold3/audit.json,models/tangent_original/candidates/0/mean_inner_auc,0.7311652023190485
results/sensitivity96/repeat3-fold3/audit.json,models/tangent_original/candidates/0/fold_auc/0,0.6745562130177515
results/sensitivity96/repeat3-fold3/audit.json,models/tangent_original/candidates/0/fold_auc/1,0.7202380952380951
results/sensitivity96/repeat3-fold3/audit.json,models/tangent_original/candidates/0/fold_auc/2,0.7987012987012987
results/sensitivity96/repeat3-fold3/audit.json,models/tangent_original/candidates/1/mean_inner_auc,0.7437679841525995
results/sensitivity96/repeat3-fold3/audit.json,models/tangent_original/candidates/1/fold_auc/0,0.6863905325443787
results/sensitivity96/repeat3-fold3/audit.json,models/tangent_original/candidates/1/fold_auc/1,0.7202380952380952
results/sensitivity96/repeat3-fold3/audit.json,models/tangent_original/candidates/1/fold_auc/2,0.8246753246753247
results/sensitivity96/repeat3-fold3/audit.json,models/tangent_original/candidates/2/mean_inner_auc,0.7397997301843455
results/sensitivity96/repeat3-fold3/audit.json,models/tangent_original/candidates/2/fold_auc/0,0.6863905325443787
results/sensitivity96/repeat3-fold3/audit.json,models/tangent_original/candidates/2/fold_auc/1,0.7083333333333334
results/sensitivity96/repeat3-fold3/audit.json,models/tangent_original/candidates/2/fold_auc/2,0.8246753246753247
results/sensitivity96/repeat3-fold3/audit.json,models/tangent_original/candidates/3/mean_inner_auc,0.7378156032002186
results/sensitivity96/repeat3-fold3/audit.json,models/tangent_original/candidates/3/fold_auc/0,0.6863905325443787
results/sensitivity96/repeat3-fold3/audit.json,models/tangent_original/candidates/3/fold_auc/1,0.7023809523809523
results/sensitivity96/repeat3-fold3/audit.json,models/tangent_original/candidates/3/fold_auc/2,0.8246753246753247
results/sensitivity96/repeat3-fold3/audit.json,models/tangent_original/chosen/mean_inner_auc,0.7437679841525995
results/sensitivity96/repeat3-fold3/audit.json,models/tangent_original/chosen/fold_auc/0,0.6863905325443787
results/sensitivity96/repeat3-fold3/audit.json,models/tangent_original/chosen/fold_auc/1,0.7202380952380952
results/sensitivity96/repeat3-fold3/audit.json,models/tangent_original/chosen/fold_auc/2,0.8246753246753247
results/sensitivity96/repeat3-fold3/audit.json,models/tangent_original/threshold/min_recall,0.6111111111111112
results/sensitivity96/repeat3-fold3/audit.json,models/tangent_original/threshold/balanced_accuracy,0.6592140921409214
results/sensitivity96/repeat3-fold3/audit.json,models/tangent_center/candidates/0/mean_inner_auc,0.7185271992964299
results/sensitivity96/repeat3-fold3/audit.json,models/tangent_center/candidates/0/fold_auc/0,0.6804733727810651
results/sensitivity96/repeat3-fold3/audit.json,models/tangent_center/candidates/0/fold_auc/1,0.7023809523809523
results/sensitivity96/repeat3-fold3/audit.json,models/tangent_center/candidates/0/fold_auc/2,0.7727272727272727
results/sensitivity96/repeat3-fold3/audit.json,models/tangent_center/candidates/1/mean_inner_auc,0.7268244575936883
results/sensitivity96/repeat3-fold3/audit.json,models/tangent_center/candidates/1/fold_auc/0,0.6804733727810651
results/sensitivity96/repeat3-fold3/audit.json,models/tangent_center/candidates/1/fold_auc/1,0.7142857142857142
results/sensitivity96/repeat3-fold3/audit.json,models/tangent_center/candidates/1/fold_auc/2,0.7857142857142858
results/sensitivity96/repeat3-fold3/audit.json,models/tangent_center/candidates/2/mean_inner_auc,0.737658708812555
results/sensitivity96/repeat3-fold3/audit.json,models/tangent_center/candidates/2/fold_auc/0,0.6745562130177515
results/sensitivity96/repeat3-fold3/audit.json,models/tangent_center/candidates/2/fold_auc/1,0.7202380952380952
results/sensitivity96/repeat3-fold3/audit.json,models/tangent_center/candidates/2/fold_auc/2,0.8181818181818181
results/sensitivity96/repeat3-fold3/audit.json,models/tangent_center/candidates/3/mean_inner_auc,0.7380429399660168
results/sensitivity96/repeat3-fold3/audit.json,models/tangent_center/candidates/3/fold_auc/0,0.6627218934911242
results/sensitivity96/repeat3-fold3/audit.json,models/tangent_center/candidates/3/fold_auc/1,0.7202380952380951
results/sensitivity96/repeat3-fold3/audit.json,models/tangent_center/candidates/3/fold_auc/2,0.8311688311688311
results/sensitivity96/repeat3-fold3/audit.json,models/tangent_center/chosen/mean_inner_auc,0.7380429399660168
results/sensitivity96/repeat3-fold3/audit.json,models/tangent_center/chosen/fold_auc/0,0.6627218934911242
results/sensitivity96/repeat3-fold3/audit.json,models/tangent_center/chosen/fold_auc/1,0.7202380952380951
results/sensitivity96/repeat3-fold3/audit.json,models/tangent_center/chosen/fold_auc/2,0.8311688311688311
results/sensitivity96/repeat3-fold3/audit.json,models/tangent_center/threshold/min_recall,0.6666666666666666
results/sensitivity96/repeat3-fold3/audit.json,models/tangent_center/threshold/balanced_accuracy,0.6747967479674797
results/sensitivity96/repeat3-fold3/audit.json,models/tangent_pca/candidates/0/mean_inner_auc,0.6360092898554437
results/sensitivity96/repeat3-fold3/audit.json,models/tangent_pca/candidates/0/fold_auc/0,0.6331360946745562
results/sensitivity96/repeat3-fold3/audit.json,models/tangent_pca/candidates/0/fold_auc/1,0.6190476190476191
results/sensitivity96/repeat3-fold3/audit.json,models/tangent_pca/candidates/0/fold_auc/2,0.6558441558441559
results/sensitivity96/repeat3-fold3/audit.json,models/tangent_pca/candidates/1/mean_inner_auc,0.631837179914103
results/sensitivity96/repeat3-fold3/audit.json,models/tangent_pca/candidates/1/fold_auc/0,0.6449704142011834
results/sensitivity96/repeat3-fold3/audit.json,models/tangent_pca/candidates/1/fold_auc/1,0.6011904761904762
results/sensitivity96/repeat3-fold3/audit.json,models/tangent_pca/candidates/1/fold_auc/2,0.6493506493506493
results/sensitivity96/repeat3-fold3/audit.json,models/tangent_pca/candidates/2/mean_inner_auc,0.6339899416822493
results/sensitivity96/repeat3-fold3/audit.json,models/tangent_pca/candidates/2/fold_auc/0,0.650887573964497
results/sensitivity96/repeat3-fold3/audit.json,models/tangent_pca/candidates/2/fold_auc/1,0.5952380952380952
results/sensitivity96/repeat3-fold3/audit.json,models/tangent_pca/candidates/2/fold_auc/2,0.6558441558441559
results/sensitivity96/repeat3-fold3/audit.json,models/tangent_pca/candidates/3/mean_inner_auc,0.6300451685067069
results/sensitivity96/repeat3-fold3/audit.json,models/tangent_pca/candidates/3/fold_auc/0,0.6390532544378698
results/sensitivity96/repeat3-fold3/audit.json,models/tangent_pca/candidates/3/fold_auc/1,0.5952380952380952
results/sensitivity96/repeat3-fold3/audit.json,models/tangent_pca/candidates/3/fold_auc/2,0.6558441558441559
results/sensitivity96/repeat3-fold3/audit.json,models/tangent_pca/candidates/4/mean_inner_auc,0.6486238120853506
results/sensitivity96/repeat3-fold3/audit.json,models/tangent_pca/candidates/4/fold_auc/0,0.6390532544378698
results/sensitivity96/repeat3-fold3/audit.json,models/tangent_pca/candidates/4/fold_auc/1,0.625
results/sensitivity96/repeat3-fold3/audit.json,models/tangent_pca/candidates/4/fold_auc/2,0.6818181818181819
results/sensitivity96/repeat3-fold3/audit.json,models/tangent_pca/candidates/5/mean_inner_auc,0.6424910559525944
results/sensitivity96/repeat3-fold3/audit.json,models/tangent_pca/candidates/5/fold_auc/0,0.6390532544378698
results/sensitivity96/repeat3-fold3/audit.json,models/tangent_pca/candidates/5/fold_auc/1,0.613095238095238
results/sensitivity96/repeat3-fold3/audit.json,models/tangent_pca/candidates/5/fold_auc/2,0.6753246753246753
results/sensitivity96/repeat3-fold3/audit.json,models/tangent_pca/candidates/6/mean_inner_auc,0.6422989403758635
results/sensitivity96/repeat3-fold3/audit.json,models/tangent_pca/candidates/6/fold_auc/0,0.6449704142011834
results/sensitivity96/repeat3-fold3/audit.json,models/tangent_pca/candidates/6/fold_auc/1,0.613095238095238
results/sensitivity96/repeat3-fold3/audit.json,models/tangent_pca/candidates/6/fold_auc/2,0.6688311688311689
results/sensitivity96/repeat3-fold3/audit.json,models/tangent_pca/candidates/7/mean_inner_auc,0.6422989403758634
results/sensitivity96/repeat3-fold3/audit.json,models/tangent_pca/candidates/7/fold_auc/0,0.6449704142011834
results/sensitivity96/repeat3-fold3/audit.json,models/tangent_pca/candidates/7/fold_auc/1,0.6130952380952381
results/sensitivity96/repeat3-fold3/audit.json,models/tangent_pca/candidates/7/fold_auc/2,0.6688311688311688
results/sensitivity96/repeat3-fold3/audit.json,models/tangent_pca/chosen/mean_inner_auc,0.6486238120853506
results/sensitivity96/repeat3-fold3/audit.json,models/tangent_pca/chosen/fold_auc/0,0.6390532544378698
results/sensitivity96/repeat3-fold3/audit.json,models/tangent_pca/chosen/fold_auc/1,0.625
results/sensitivity96/repeat3-fold3/audit.json,models/tangent_pca/chosen/fold_auc/2,0.6818181818181819
results/sensitivity96/repeat3-fold3/audit.json,models/tangent_pca/threshold/min_recall,0.6111111111111112
results/sensitivity96/repeat3-fold3/audit.json,models/tangent_pca/threshold/balanced_accuracy,0.622628726287263
results/sensitivity96/repeat3-fold3/audit.json,models/tangent_select/candidates/0/mean_inner_auc,0.6535526439372593
results/sensitivity96/repeat3-fold3/audit.json,models/tangent_select/candidates/0/fold_auc/0,0.6094674556213018
results/sensitivity96/repeat3-fold3/audit.json,models/tangent_select/candidates/0/fold_auc/1,0.6369047619047619
results/sensitivity96/repeat3-fold3/audit.json,models/tangent_select/candidates/0/fold_auc/2,0.7142857142857142
results/sensitivity96/repeat3-fold3/audit.json,models/tangent_select/candidates/1/mean_inner_auc,0.6456513571898187
results/sensitivity96/repeat3-fold3/audit.json,models/tangent_select/candidates/1/fold_auc/0,0.5917159763313609
results/sensitivity96/repeat3-fold3/audit.json,models/tangent_select/candidates/1/fold_auc/1,0.6309523809523809
results/sensitivity96/repeat3-fold3/audit.json,models/tangent_select/candidates/1/fold_auc/2,0.7142857142857143
results/sensitivity96/repeat3-fold3/audit.json,models/tangent_select/candidates/2/mean_inner_auc,0.621371150217304
results/sensitivity96/repeat3-fold3/audit.json,models/tangent_select/candidates/2/fold_auc/0,0.5562130177514792
results/sensitivity96/repeat3-fold3/audit.json,models/tangent_select/candidates/2/fold_auc/1,0.6130952380952381
results/sensitivity96/repeat3-fold3/audit.json,models/tangent_select/candidates/2/fold_auc/2,0.6948051948051948
results/sensitivity96/repeat3-fold3/audit.json,models/tangent_select/candidates/3/mean_inner_auc,0.6255315197622889
results/sensitivity96/repeat3-fold3/audit.json,models/tangent_select/candidates/3/fold_auc/0,0.5502958579881657
results/sensitivity96/repeat3-fold3/audit.json,models/tangent_select/candidates/3/fold_auc/1,0.625
results/sensitivity96/repeat3-fold3/audit.json,models/tangent_select/candidates/3/fold_auc/2,0.7012987012987013
results/sensitivity96/repeat3-fold3/audit.json,models/tangent_select/candidates/4/mean_inner_auc,0.6897493532108916
results/sensitivity96/repeat3-fold3/audit.json,models/tangent_select/candidates/4/fold_auc/0,0.6390532544378698
results/sensitivity96/repeat3-fold3/audit.json,models/tangent_select/candidates/4/fold_auc/1,0.6964285714285713
results/sensitivity96/repeat3-fold3/audit.json,models/tangent_select/candidates/4/fold_auc/2,0.7337662337662337
results/sensitivity96/repeat3-fold3/audit.json,models/tangent_select/candidates/5/mean_inner_auc,0.6982504674812366
results/sensitivity96/repeat3-fold3/audit.json,models/tangent_select/candidates/5/fold_auc/0,0.6272189349112427
results/sensitivity96/repeat3-fold3/audit.json,models/tangent_select/candidates/5/fold_auc/1,0.7142857142857142
results/sensitivity96/repeat3-fold3/audit.json,models/tangent_select/candidates/5/fold_auc/2,0.7532467532467533
results/sensitivity96/repeat3-fold3/audit.json,models/tangent_select/candidates/6/mean_inner_auc,0.6960742249203787
results/sensitivity96/repeat3-fold3/audit.json,models/tangent_select/candidates/6/fold_auc/0,0.6331360946745562
results/sensitivity96/repeat3-fold3/audit.json,models/tangent_select/candidates/6/fold_auc/1,0.7083333333333333
results/sensitivity96/repeat3-fold3/audit.json,models/tangent_select/candidates/6/fold_auc/2,0.7467532467532467
results/sensitivity96/repeat3-fold3/audit.json,models/tangent_select/candidates/7/mean_inner_auc,0.6960859653167346
results/sensitivity96/repeat3-fold3/audit.json,models/tangent_select/candidates/7/fold_auc/0,0.6272189349112427
results/sensitivity96/repeat3-fold3/audit.json,models/tangent_select/candidates/7/fold_auc/1,0.7142857142857143
results/sensitivity96/repeat3-fold3/audit.json,models/tangent_select/candidates/7/fold_auc/2,0.7467532467532467
results/sensitivity96/repeat3-fold3/audit.json,models/tangent_select/chosen/mean_inner_auc,0.6982504674812366
results/sensitivity96/repeat3-fold3/audit.json,models/tangent_select/chosen/fold_auc/0,0.6272189349112427
results/sensitivity96/repeat3-fold3/audit.json,models/tangent_select/chosen/fold_auc/1,0.7142857142857142
results/sensitivity96/repeat3-fold3/audit.json,models/tangent_select/chosen/fold_auc/2,0.7532467532467533
results/sensitivity96/repeat3-fold3/audit.json,models/tangent_select/threshold/min_recall,0.6388888888888888
results/sensitivity96/repeat3-fold3/audit.json,models/tangent_select/threshold/balanced_accuracy,0.6487127371273713
results/sensitivity96/repeat3-fold4/audit.json,models/tangent_original/candidates/0/mean_inner_auc,0.7106696722081338
results/sensitivity96/repeat3-fold4/audit.json,models/tangent_original/candidates/0/fold_auc/0,0.8224852071005917
results/sensitivity96/repeat3-fold4/audit.json,models/tangent_original/candidates/0/fold_auc/1,0.7380952380952381
results/sensitivity96/repeat3-fold4/audit.json,models/tangent_original/candidates/0/fold_auc/2,0.5714285714285714
results/sensitivity96/repeat3-fold4/audit.json,models/tangent_original/candidates/1/mean_inner_auc,0.7249075710614172
results/sensitivity96/repeat3-fold4/audit.json,models/tangent_original/candidates/1/fold_auc/0,0.8284023668639053
results/sensitivity96/repeat3-fold4/audit.json,models/tangent_original/candidates/1/fold_auc/1,0.7619047619047619
results/sensitivity96/repeat3-fold4/audit.json,models/tangent_original/candidates/1/fold_auc/2,0.5844155844155845
results/sensitivity96/repeat3-fold4/audit.json,models/tangent_original/candidates/2/mean_inner_auc,0.7249075710614172
results/sensitivity96/repeat3-fold4/audit.json,models/tangent_original/candidates/2/fold_auc/0,0.8284023668639053
results/sensitivity96/repeat3-fold4/audit.json,models/tangent_original/candidates/2/fold_auc/1,0.7619047619047619
results/sensitivity96/repeat3-fold4/audit.json,models/tangent_original/candidates/2/fold_auc/2,0.5844155844155845
results/sensitivity96/repeat3-fold4/audit.json,models/tangent_original/candidates/3/mean_inner_auc,0.7268799576491883
results/sensitivity96/repeat3-fold4/audit.json,models/tangent_original/candidates/3/fold_auc/0,0.834319526627219
results/sensitivity96/repeat3-fold4/audit.json,models/tangent_original/candidates/3/fold_auc/1,0.7619047619047619
results/sensitivity96/repeat3-fold4/audit.json,models/tangent_original/candidates/3/fold_auc/2,0.5844155844155845
results/sensitivity96/repeat3-fold4/audit.json,models/tangent_original/chosen/mean_inner_auc,0.7268799576491883
results/sensitivity96/repeat3-fold4/audit.json,models/tangent_original/chosen/fold_auc/0,0.834319526627219
results/sensitivity96/repeat3-fold4/audit.json,models/tangent_original/chosen/fold_auc/1,0.7619047619047619
results/sensitivity96/repeat3-fold4/audit.json,models/tangent_original/chosen/fold_auc/2,0.5844155844155845
results/sensitivity96/repeat3-fold4/audit.json,models/tangent_original/threshold/min_recall,0.6388888888888888
results/sensitivity96/repeat3-fold4/audit.json,models/tangent_original/threshold/balanced_accuracy,0.6487127371273713
results/sensitivity96/repeat3-fold4/audit.json,models/tangent_center/candidates/0/mean_inner_auc,0.713857723473108
results/sensitivity96/repeat3-fold4/audit.json,models/tangent_center/candidates/0/fold_auc/0,0.8520710059171597
results/sensitivity96/repeat3-fold4/audit.json,models/tangent_center/candidates/0/fold_auc/1,0.7440476190476191
results/sensitivity96/repeat3-fold4/audit.json,models/tangent_center/candidates/0/fold_auc/2,0.5454545454545455
results/sensitivity96/repeat3-fold4/audit.json,models/tangent_center/candidates/1/mean_inner_auc,0.70990120990121
results/sensitivity96/repeat3-fold4/audit.json,models/tangent_center/candidates/1/fold_auc/0,0.8461538461538461
results/sensitivity96/repeat3-fold4/audit.json,models/tangent_center/candidates/1/fold_auc/1,0.7380952380952381
results/sensitivity96/repeat3-fold4/audit.json,models/tangent_center/candidates/1/fold_auc/2,0.5454545454545455
results/sensitivity96/repeat3-fold4/audit.json,models/tangent_center/candidates/2/mean_inner_auc,0.7140263582571276
results/sensitivity96/repeat3-fold4/audit.json,models/tangent_center/candidates/2/fold_auc/0,0.8579881656804734
results/sensitivity96/repeat3-fold4/audit.json,models/tangent_center/candidates/2/fold_auc/1,0.7321428571428572
results/sensitivity96/repeat3-fold4/audit.json,models/tangent_center/candidates/2/fold_auc/2,0.551948051948052
results/sensitivity96/repeat3-fold4/audit.json,models/tangent_center/candidates/3/mean_inner_auc,0.7182219489911797
results/sensitivity96/repeat3-fold4/audit.json,models/tangent_center/candidates/3/fold_auc/0,0.834319526627219
results/sensitivity96/repeat3-fold4/audit.json,models/tangent_center/candidates/3/fold_auc/1,0.761904761904762
results/sensitivity96/repeat3-fold4/audit.json,models/tangent_center/candidates/3/fold_auc/2,0.5584415584415584
results/sensitivity96/repeat3-fold4/audit.json,models/tangent_center/chosen/mean_inner_auc,0.7182219489911797
results/sensitivity96/repeat3-fold4/audit.json,models/tangent_center/chosen/fold_auc/0,0.834319526627219
results/sensitivity96/repeat3-fold4/audit.json,models/tangent_center/chosen/fold_auc/1,0.761904761904762
results/sensitivity96/repeat3-fold4/audit.json,models/tangent_center/chosen/fold_auc/2,0.5584415584415584
results/sensitivity96/repeat3-fold4/audit.json,models/tangent_center/threshold/min_recall,0.6341463414634146
results/sensitivity96/repeat3-fold4/audit.json,models/tangent_center/threshold/balanced_accuracy,0.6365176151761518
results/sensitivity96/repeat3-fold4/audit.json,models/tangent_pca/candidates/0/mean_inner_auc,0.6794957179572564
results/sensitivity96/repeat3-fold4/audit.json,models/tangent_pca/candidates/0/fold_auc/0,0.7159763313609467
results/sensitivity96/repeat3-fold4/audit.json,models/tangent_pca/candidates/0/fold_auc/1,0.7380952380952381
results/sensitivity96/repeat3-fold4/audit.json,models/tangent_pca/candidates/0/fold_auc/2,0.5844155844155843
results/sensitivity96/repeat3-fold4/audit.json,models/tangent_pca/candidates/1/mean_inner_auc,0.6757078391693776
results/sensitivity96/repeat3-fold4/audit.json,models/tangent_pca/candidates/1/fold_auc/0,0.7159763313609467
results/sensitivity96/repeat3-fold4/audit.json,models/tangent_pca/candidates/1/fold_auc/1,0.7202380952380952
results/sensitivity96/repeat3-fold4/audit.json,models/tangent_pca/candidates/1/fold_auc/2,0.5909090909090909
results/sensitivity96/repeat3-fold4/audit.json,models/tangent_pca/candidates/2/mean_inner_auc,0.679844727921651
results/sensitivity96/repeat3-fold4/audit.json,models/tangent_pca/candidates/2/fold_auc/0,0.7218934911242603
results/sensitivity96/repeat3-fold4/audit.json,models/tangent_pca/candidates/2/fold_auc/1,0.7202380952380952
results/sensitivity96/repeat3-fold4/audit.json,models/tangent_pca/candidates/2/fold_auc/2,0.5974025974025974
results/sensitivity96/repeat3-fold4/audit.json,models/tangent_pca/candidates/3/mean_inner_auc,0.6839933570702801
results/sensitivity96/repeat3-fold4/audit.json,models/tangent_pca/candidates/3/fold_auc/0,0.7218934911242603
results/sensitivity96/repeat3-fold4/audit.json,models/tangent_pca/candidates/3/fold_auc/1,0.7261904761904763
results/sensitivity96/repeat3-fold4/audit.json,models/tangent_pca/candidates/3/fold_auc/2,0.6038961038961039
results/sensitivity96/repeat3-fold4/audit.json,models/tangent_pca/candidates/4/mean_inner_auc,0.7049094068324838
results/sensitivity96/repeat3-fold4/audit.json,models/tangent_pca/candidates/4/fold_auc/0,0.8165680473372782
results/sensitivity96/repeat3-fold4/audit.json,models/tangent_pca/candidates/4/fold_auc/1,0.7202380952380952
results/sensitivity96/repeat3-fold4/audit.json,models/tangent_pca/candidates/4/fold_auc/2,0.577922077922078
results/sensitivity96/repeat3-fold4/audit.json,models/tangent_pca/candidates/5/mean_inner_auc,0.7130028091566553
results/sensitivity96/repeat3-fold4/audit.json,models/tangent_pca/candidates/5/fold_auc/0,0.8284023668639053
results/sensitivity96/repeat3-fold4/audit.json,models/tangent_pca/candidates/5/fold_auc/1,0.7261904761904762
results/sensitivity96/repeat3-fold4/audit.json,models/tangent_pca/candidates/5/fold_auc/2,0.5844155844155845
results/sensitivity96/repeat3-fold4/audit.json,models/tangent_pca/candidates/6/mean_inner_auc,0.7147948205640514
results/sensitivity96/repeat3-fold4/audit.json,models/tangent_pca/candidates/6/fold_auc/0,0.834319526627219
results/sensitivity96/repeat3-fold4/audit.json,models/tangent_pca/candidates/6/fold_auc/1,0.7321428571428572
results/sensitivity96/repeat3-fold4/audit.json,models/tangent_pca/candidates/6/fold_auc/2,0.577922077922078
results/sensitivity96/repeat3-fold4/audit.json,models/tangent_pca/candidates/7/mean_inner_auc,0.7046938104630412
results/sensitivity96/repeat3-fold4/audit.json,models/tangent_pca/candidates/7/fold_auc/0,0.834319526627219
results/sensitivity96/repeat3-fold4/audit.json,models/tangent_pca/candidates/7/fold_auc/1,0.7083333333333333
results/sensitivity96/repeat3-fold4/audit.json,models/tangent_pca/candidates/7/fold_auc/2,0.5714285714285714
results/sensitivity96/repeat3-fold4/audit.json,models/tangent_pca/chosen/mean_inner_auc,0.7147948205640514
results/sensitivity96/repeat3-fold4/audit.json,models/tangent_pca/chosen/fold_auc/0,0.834319526627219
results/sensitivity96/repeat3-fold4/audit.json,models/tangent_pca/chosen/fold_auc/1,0.7321428571428572
results/sensitivity96/repeat3-fold4/audit.json,models/tangent_pca/chosen/fold_auc/2,0.577922077922078
results/sensitivity96/repeat3-fold4/audit.json,models/tangent_pca/threshold/min_recall,0.6388888888888888
results/sensitivity96/repeat3-fold4/audit.json,models/tangent_pca/threshold/balanced_accuracy,0.6609078590785908
results/sensitivity96/repeat3-fold4/audit.json,models/tangent_select/candidates/0/mean_inner_auc,0.7382670748055363
results/sensitivity96/repeat3-fold4/audit.json,models/tangent_select/candidates/0/fold_auc/0,0.8224852071005917
results/sensitivity96/repeat3-fold4/audit.json,models/tangent_select/candidates/0/fold_auc/1,0.7559523809523809
results/sensitivity96/repeat3-fold4/audit.json,models/tangent_select/candidates/0/fold_auc/2,0.6363636363636364
results/sensitivity96/repeat3-fold4/audit.json,models/tangent_select/candidates/1/mean_inner_auc,0.7469016026708335
results/sensitivity96/repeat3-fold4/audit.json,models/tangent_select/candidates/1/fold_auc/0,0.834319526627219
results/sensitivity96/repeat3-fold4/audit.json,models/tangent_select/candidates/1/fold_auc/1,0.744047619047619
results/sensitivity96/repeat3-fold4/audit.json,models/tangent_select/candidates/1/fold_auc/2,0.6623376623376623
results/sensitivity96/repeat3-fold4/audit.json,models/tangent_select/candidates/2/mean_inner_auc,0.7410079237002315
results/sensitivity96/repeat3-fold4/audit.json,models/tangent_select/candidates/2/fold_auc/0,0.804733727810651
results/sensitivity96/repeat3-fold4/audit.json,models/tangent_select/candidates/2/fold_auc/1,0.755952380952381
results/sensitivity96/repeat3-fold4/audit.json,models/tangent_select/candidates/2/fold_auc/2,0.6623376623376624
results/sensitivity96/repeat3-fold4/audit.json,models/tangent_select/candidates/3/mean_inner_auc,0.7412000392769623
results/sensitivity96/repeat3-fold4/audit.json,models/tangent_select/candidates/3/fold_auc/0,0.7988165680473374
results/sensitivity96/repeat3-fold4/audit.json,models/tangent_select/candidates/3/fold_auc/1,0.7559523809523809
results/sensitivity96/repeat3-fold4/audit.json,models/tangent_select/candidates/3/fold_auc/2,0.6688311688311689
results/sensitivity96/repeat3-fold4/audit.json,models/tangent_select/candidates/4/mean_inner_auc,0.7317031259338952
results/sensitivity96/repeat3-fold4/audit.json,models/tangent_select/candidates/4/fold_auc/0,0.8579881656804733
results/sensitivity96/repeat3-fold4/audit.json,models/tangent_select/candidates/4/fold_auc/1,0.7916666666666666
results/sensitivity96/repeat3-fold4/audit.json,models/tangent_select/candidates/4/fold_auc/2,0.5454545454545454
results/sensitivity96/repeat3-fold4/audit.json,models/tangent_select/candidates/5/mean_inner_auc,0.7399886438347977
results/sensitivity96/repeat3-fold4/audit.json,models/tangent_select/candidates/5/fold_auc/0,0.863905325443787
results/sensitivity96/repeat3-fold4/audit.json,models/tangent_select/candidates/5/fold_auc/1,0.7976190476190476
results/sensitivity96/repeat3-fold4/audit.json,models/tangent_select/candidates/5/fold_auc/2,0.5584415584415584
results/sensitivity96/repeat3-fold4/audit.json,models/tangent_select/candidates/6/mean_inner_auc,0.7439451574066959
results/sensitivity96/repeat3-fold4/audit.json,models/tangent_select/candidates/6/fold_auc/0,0.8698224852071006
results/sensitivity96/repeat3-fold4/audit.json,models/tangent_select/candidates/6/fold_auc/1,0.8035714285714286
results/sensitivity96/repeat3-fold4/audit.json,models/tangent_select/candidates/6/fold_auc/2,0.5584415584415584
results/sensitivity96/repeat3-fold4/audit.json,models/tangent_select/candidates/7/mean_inner_auc,0.7459292843908228
results/sensitivity96/repeat3-fold4/audit.json,models/tangent_select/candidates/7/fold_auc/0,0.8698224852071006
results/sensitivity96/repeat3-fold4/audit.json,models/tangent_select/candidates/7/fold_auc/1,0.8095238095238095
results/sensitivity96/repeat3-fold4/audit.json,models/tangent_select/candidates/7/fold_auc/2,0.5584415584415584
results/sensitivity96/repeat3-fold4/audit.json,models/tangent_select/chosen/mean_inner_auc,0.7469016026708335
results/sensitivity96/repeat3-fold4/audit.json,models/tangent_select/chosen/fold_auc/0,0.834319526627219
results/sensitivity96/repeat3-fold4/audit.json,models/tangent_select/chosen/fold_auc/1,0.744047619047619
results/sensitivity96/repeat3-fold4/audit.json,models/tangent_select/chosen/fold_auc/2,0.6623376623376623
results/sensitivity96/repeat3-fold4/audit.json,models/tangent_select/threshold/min_recall,0.6388888888888888
results/sensitivity96/repeat3-fold4/audit.json,models/tangent_select/threshold/balanced_accuracy,0.6731029810298103
results/sensitivity96/repeat3-fold5/audit.json,models/tangent_original/candidates/0/mean_inner_auc,0.7680735930735931
results/sensitivity96/repeat3-fold5/audit.json,models/tangent_original/candidates/0/fold_auc/0,0.793939393939394
results/sensitivity96/repeat3-fold5/audit.json,models/tangent_original/candidates/0/fold_auc/1,0.7440476190476191
results/sensitivity96/repeat3-fold5/audit.json,models/tangent_original/candidates/0/fold_auc/2,0.7662337662337662
results/sensitivity96/repeat3-fold5/audit.json,models/tangent_original/candidates/1/mean_inner_auc,0.7705988455988456
results/sensitivity96/repeat3-fold5/audit.json,models/tangent_original/candidates/1/fold_auc/0,0.793939393939394
results/sensitivity96/repeat3-fold5/audit.json,models/tangent_original/candidates/1/fold_auc/1,0.7321428571428572
results/sensitivity96/repeat3-fold5/audit.json,models/tangent_original/candidates/1/fold_auc/2,0.7857142857142857
results/sensitivity96/repeat3-fold5/audit.json,models/tangent_original/candidates/2/mean_inner_auc,0.7705988455988456
results/sensitivity96/repeat3-fold5/audit.json,models/tangent_original/candidates/2/fold_auc/0,0.793939393939394
results/sensitivity96/repeat3-fold5/audit.json,models/tangent_original/candidates/2/fold_auc/1,0.7321428571428572
results/sensitivity96/repeat3-fold5/audit.json,models/tangent_original/candidates/2/fold_auc/2,0.7857142857142857
results/sensitivity96/repeat3-fold5/audit.json,models/tangent_original/candidates/3/mean_inner_auc,0.7686147186147186
results/sensitivity96/repeat3-fold5/audit.json,models/tangent_original/candidates/3/fold_auc/0,0.793939393939394
results/sensitivity96/repeat3-fold5/audit.json,models/tangent_original/candidates/3/fold_auc/1,0.7261904761904763
results/sensitivity96/repeat3-fold5/audit.json,models/tangent_original/candidates/3/fold_auc/2,0.7857142857142857
results/sensitivity96/repeat3-fold5/audit.json,models/tangent_original/chosen/mean_inner_auc,0.7705988455988456
results/sensitivity96/repeat3-fold5/audit.json,models/tangent_original/chosen/fold_auc/0,0.793939393939394
results/sensitivity96/repeat3-fold5/audit.json,models/tangent_original/chosen/fold_auc/1,0.7321428571428572
results/sensitivity96/repeat3-fold5/audit.json,models/tangent_original/chosen/fold_auc/2,0.7857142857142857
results/sensitivity96/repeat3-fold5/audit.json,models/tangent_original/threshold/min_recall,0.6511627906976745
results/sensitivity96/repeat3-fold5/audit.json,models/tangent_original/threshold/balanced_accuracy,0.6785225718194254
results/sensitivity96/repeat3-fold5/audit.json,models/tangent_center/candidates/0/mean_inner_auc,0.7633116883116883
results/sensitivity96/repeat3-fold5/audit.json,models/tangent_center/candidates/0/fold_auc/0,0.7818181818181819
results/sensitivity96/repeat3-fold5/audit.json,models/tangent_center/candidates/0/fold_auc/1,0.7678571428571428
results/sensitivity96/repeat3-fold5/audit.json,models/tangent_center/candidates/0/fold_auc/2,0.7402597402597402
results/sensitivity96/repeat3-fold5/audit.json,models/tangent_center/candidates/1/mean_inner_auc,0.7717532467532467
results/sensitivity96/repeat3-fold5/audit.json,models/tangent_center/candidates/1/fold_auc/0,0.7757575757575758
results/sensitivity96/repeat3-fold5/audit.json,models/tangent_center/candidates/1/fold_auc/1,0.7797619047619048
results/sensitivity96/repeat3-fold5/audit.json,models/tangent_center/candidates/1/fold_auc/2,0.7597402597402597
results/sensitivity96/repeat3-fold5/audit.json,models/tangent_center/candidates/2/mean_inner_auc,0.771933621933622
results/sensitivity96/repeat3-fold5/audit.json,models/tangent_center/candidates/2/fold_auc/0,0.7757575757575758
results/sensitivity96/repeat3-fold5/audit.json,models/tangent_center/candidates/2/fold_auc/1,0.7738095238095238
results/sensitivity96/repeat3-fold5/audit.json,models/tangent_center/candidates/2/fold_auc/2,0.7662337662337663
results/sensitivity96/repeat3-fold5/audit.json,models/tangent_center/candidates/3/mean_inner_auc,0.7658008658008658
results/sensitivity96/repeat3-fold5/audit.json,models/tangent_center/candidates/3/fold_auc/0,0.7757575757575759
results/sensitivity96/repeat3-fold5/audit.json,models/tangent_center/candidates/3/fold_auc/1,0.7619047619047619
results/sensitivity96/repeat3-fold5/audit.json,models/tangent_center/candidates/3/fold_auc/2,0.7597402597402597
results/sensitivity96/repeat3-fold5/audit.json,models/tangent_center/chosen/mean_inner_auc,0.771933621933622
results/sensitivity96/repeat3-fold5/audit.json,models/tangent_center/chosen/fold_auc/0,0.7757575757575758
results/sensitivity96/repeat3-fold5/audit.json,models/tangent_center/chosen/fold_auc/1,0.7738095238095238
results/sensitivity96/repeat3-fold5/audit.json,models/tangent_center/chosen/fold_auc/2,0.7662337662337663
results/sensitivity96/repeat3-fold5/audit.json,models/tangent_center/threshold/min_recall,0.6744186046511628
results/sensitivity96/repeat3-fold5/audit.json,models/tangent_center/threshold/balanced_accuracy,0.6754445964432285
results/sensitivity96/repeat3-fold5/audit.json,models/tangent_pca/candidates/0/mean_inner_auc,0.7325036075036074
results/sensitivity96/repeat3-fold5/audit.json,models/tangent_pca/candidates/0/fold_auc/0,0.7575757575757576
results/sensitivity96/repeat3-fold5/audit.json,models/tangent_pca/candidates/0/fold_auc/1,0.7321428571428572
results/sensitivity96/repeat3-fold5/audit.json,models/tangent_pca/candidates/0/fold_auc/2,0.7077922077922079
results/sensitivity96/repeat3-fold5/audit.json,models/tangent_pca/candidates/1/mean_inner_auc,0.730988455988456
results/sensitivity96/repeat3-fold5/audit.json,models/tangent_pca/candidates/1/fold_auc/0,0.7454545454545455
results/sensitivity96/repeat3-fold5/audit.json,models/tangent_pca/candidates/1/fold_auc/1,0.7202380952380952
results/sensitivity96/repeat3-fold5/audit.json,models/tangent_pca/candidates/1/fold_auc/2,0.7272727272727273
results/sensitivity96/repeat3-fold5/audit.json,models/tangent_pca/candidates/2/mean_inner_auc,0.7352813852813852
results/sensitivity96/repeat3-fold5/audit.json,models/tangent_pca/candidates/2/fold_auc/0,0.7393939393939394
results/sensitivity96/repeat3-fold5/audit.json,models/tangent_pca/candidates/2/fold_auc/1,0.7261904761904762
results/sensitivity96/repeat3-fold5/audit.json,models/tangent_pca/candidates/2/fold_auc/2,0.7402597402597402
results/sensitivity96/repeat3-fold5/audit.json,models/tangent_pca/candidates/3/mean_inner_auc,0.7352813852813852
results/sensitivity96/repeat3-fold5/audit.json,models/tangent_pca/candidates/3/fold_auc/0,0.7393939393939394
results/sensitivity96/repeat3-fold5/audit.json,models/tangent_pca/candidates/3/fold_auc/1,0.7261904761904762
results/sensitivity96/repeat3-fold5/audit.json,models/tangent_pca/candidates/3/fold_auc/2,0.7402597402597402
results/sensitivity96/repeat3-fold5/audit.json,models/tangent_pca/candidates/4/mean_inner_auc,0.7528138528138527
results/sensitivity96/repeat3-fold5/audit.json,models/tangent_pca/candidates/4/fold_auc/0,0.7757575757575758
results/sensitivity96/repeat3-fold5/audit.json,models/tangent_pca/candidates/4/fold_auc/1,0.761904761904762
results/sensitivity96/repeat3-fold5/audit.json,models/tangent_pca/candidates/4/fold_auc/2,0.7207792207792207
results/sensitivity96/repeat3-fold5/audit.json,models/tangent_pca/candidates/5/mean_inner_auc,0.7715007215007215
results/sensitivity96/repeat3-fold5/audit.json,models/tangent_pca/candidates/5/fold_auc/0,0.793939393939394
results/sensitivity96/repeat3-fold5/audit.json,models/tangent_pca/candidates/5/fold_auc/1,0.7738095238095238
results/sensitivity96/repeat3-fold5/audit.json,models/tangent_pca/candidates/5/fold_auc/2,0.7467532467532468
results/sensitivity96/repeat3-fold5/audit.json,models/tangent_pca/candidates/6/mean_inner_auc,0.78008658008658
results/sensitivity96/repeat3-fold5/audit.json,models/tangent_pca/candidates/6/fold_auc/0,0.8121212121212122
results/sensitivity96/repeat3-fold5/audit.json,models/tangent_pca/candidates/6/fold_auc/1,0.7619047619047619
results/sensitivity96/repeat3-fold5/audit.json,models/tangent_pca/candidates/6/fold_auc/2,0.7662337662337662
results/sensitivity96/repeat3-fold5/audit.json,models/tangent_pca/candidates/7/mean_inner_auc,0.7715728715728716
results/sensitivity96/repeat3-fold5/audit.json,models/tangent_pca/candidates/7/fold_auc/0,0.806060606060606
results/sensitivity96/repeat3-fold5/audit.json,models/tangent_pca/candidates/7/fold_auc/1,0.7619047619047619
results/sensitivity96/repeat3-fold5/audit.json,models/tangent_pca/candidates/7/fold_auc/2,0.7467532467532467
results/sensitivity96/repeat3-fold5/audit.json,models/tangent_pca/chosen/mean_inner_auc,0.78008658008658
results/sensitivity96/repeat3-fold5/audit.json,models/tangent_pca/chosen/fold_auc/0,0.8121212121212122
results/sensitivity96/repeat3-fold5/audit.json,models/tangent_pca/chosen/fold_auc/1,0.7619047619047619
results/sensitivity96/repeat3-fold5/audit.json,models/tangent_pca/chosen/fold_auc/2,0.7662337662337662
results/sensitivity96/repeat3-fold5/audit.json,models/tangent_pca/threshold/min_recall,0.6764705882352942
results/sensitivity96/repeat3-fold5/audit.json,models/tangent_pca/threshold/balanced_accuracy,0.710328317373461
results/sensitivity96/repeat3-fold5/audit.json,models/tangent_select/candidates/0/mean_inner_auc,0.7278138528138528
results/sensitivity96/repeat3-fold5/audit.json,models/tangent_select/candidates/0/fold_auc/0,0.7272727272727273
results/sensitivity96/repeat3-fold5/audit.json,models/tangent_select/candidates/0/fold_auc/1,0.6964285714285714
results/sensitivity96/repeat3-fold5/audit.json,models/tangent_select/candidates/0/fold_auc/2,0.7597402597402597
results/sensitivity96/repeat3-fold5/audit.json,models/tangent_select/candidates/1/mean_inner_auc,0.7192640692640692
results/sensitivity96/repeat3-fold5/audit.json,models/tangent_select/candidates/1/fold_auc/0,0.7151515151515152
results/sensitivity96/repeat3-fold5/audit.json,models/tangent_select/candidates/1/fold_auc/1,0.7023809523809523
results/sensitivity96/repeat3-fold5/audit.json,models/tangent_select/candidates/1/fold_auc/2,0.7402597402597403
results/sensitivity96/repeat3-fold5/audit.json,models/tangent_select/candidates/2/mean_inner_auc,0.7109668109668109
results/sensitivity96/repeat3-fold5/audit.json,models/tangent_select/candidates/2/fold_auc/0,0.7151515151515152
results/sensitivity96/repeat3-fold5/audit.json,models/tangent_select/candidates/2/fold_auc/1,0.6904761904761905
results/sensitivity96/repeat3-fold5/audit.json,models/tangent_select/candidates/2/fold_auc/2,0.7272727272727272
results/sensitivity96/repeat3-fold5/audit.json,models/tangent_select/candidates/3/mean_inner_auc,0.7028860028860029
results/sensitivity96/repeat3-fold5/audit.json,models/tangent_select/candidates/3/fold_auc/0,0.7212121212121212
results/sensitivity96/repeat3-fold5/audit.json,models/tangent_select/candidates/3/fold_auc/1,0.6666666666666666
results/sensitivity96/repeat3-fold5/audit.json,models/tangent_select/candidates/3/fold_auc/2,0.7207792207792207
results/sensitivity96/repeat3-fold5/audit.json,models/tangent_select/candidates/4/mean_inner_auc,0.7274170274170274
results/sensitivity96/repeat3-fold5/audit.json,models/tangent_select/candidates/4/fold_auc/0,0.7515151515151515
results/sensitivity96/repeat3-fold5/audit.json,models/tangent_select/candidates/4/fold_auc/1,0.6904761904761905
results/sensitivity96/repeat3-fold5/audit.json,models/tangent_select/candidates/4/fold_auc/2,0.7402597402597403
results/sensitivity96/repeat3-fold5/audit.json,models/tangent_select/candidates/5/mean_inner_auc,0.7217893217893218
results/sensitivity96/repeat3-fold5/audit.json,models/tangent_select/candidates/5/fold_auc/0,0.7454545454545455
results/sensitivity96/repeat3-fold5/audit.json,models/tangent_select/candidates/5/fold_auc/1,0.6666666666666666
results/sensitivity96/repeat3-fold5/audit.json,models/tangent_select/candidates/5/fold_auc/2,0.7532467532467533
results/sensitivity96/repeat3-fold5/audit.json,models/tangent_select/candidates/6/mean_inner_auc,0.722005772005772
results/sensitivity96/repeat3-fold5/audit.json,models/tangent_select/candidates/6/fold_auc/0,0.7515151515151515
results/sensitivity96/repeat3-fold5/audit.json,models/tangent_select/candidates/6/fold_auc/1,0.6547619047619048
results/sensitivity96/repeat3-fold5/audit.json,models/tangent_select/candidates/6/fold_auc/2,0.7597402597402598
results/sensitivity96/repeat3-fold5/audit.json,models/tangent_select/candidates/7/mean_inner_auc,0.7156565656565657
results/sensitivity96/repeat3-fold5/audit.json,models/tangent_select/candidates/7/fold_auc/0,0.7454545454545455
results/sensitivity96/repeat3-fold5/audit.json,models/tangent_select/candidates/7/fold_auc/1,0.6547619047619048
results/sensitivity96/repeat3-fold5/audit.json,models/tangent_select/candidates/7/fold_auc/2,0.7467532467532467
results/sensitivity96/repeat3-fold5/audit.json,models/tangent_select/chosen/mean_inner_auc,0.7278138528138528
results/sensitivity96/repeat3-fold5/audit.json,models/tangent_select/chosen/fold_auc/0,0.7272727272727273
results/sensitivity96/repeat3-fold5/audit.json,models/tangent_select/chosen/fold_auc/1,0.6964285714285714
results/sensitivity96/repeat3-fold5/audit.json,models/tangent_select/chosen/fold_auc/2,0.7597402597402597
results/sensitivity96/repeat3-fold5/audit.json,models/tangent_select/threshold/min_recall,0.6176470588235294
results/sensitivity96/repeat3-fold5/audit.json,models/tangent_select/threshold/balanced_accuracy,0.7041723666210671
results/sensitivity96/repeat4-fold1/audit.json,models/tangent_original/candidates/0/mean_inner_auc,0.7456709956709956
results/sensitivity96/repeat4-fold1/audit.json,models/tangent_original/candidates/0/fold_auc/0,0.75
results/sensitivity96/repeat4-fold1/audit.json,models/tangent_original/candidates/0/fold_auc/1,0.6623376623376622
results/sensitivity96/repeat4-fold1/audit.json,models/tangent_original/candidates/0/fold_auc/2,0.8246753246753247
results/sensitivity96/repeat4-fold1/audit.json,models/tangent_original/candidates/1/mean_inner_auc,0.731060606060606
results/sensitivity96/repeat4-fold1/audit.json,models/tangent_original/candidates/1/fold_auc/0,0.7321428571428571
results/sensitivity96/repeat4-fold1/audit.json,models/tangent_original/candidates/1/fold_auc/1,0.6623376623376622
results/sensitivity96/repeat4-fold1/audit.json,models/tangent_original/candidates/1/fold_auc/2,0.7987012987012987
results/sensitivity96/repeat4-fold1/audit.json,models/tangent_original/candidates/2/mean_inner_auc,0.7353896103896104
results/sensitivity96/repeat4-fold1/audit.json,models/tangent_original/candidates/2/fold_auc/0,0.7321428571428571
results/sensitivity96/repeat4-fold1/audit.json,models/tangent_original/candidates/2/fold_auc/1,0.6753246753246753
results/sensitivity96/repeat4-fold1/audit.json,models/tangent_original/candidates/2/fold_auc/2,0.7987012987012987
results/sensitivity96/repeat4-fold1/audit.json,models/tangent_original/candidates/3/mean_inner_auc,0.7353896103896104
results/sensitivity96/repeat4-fold1/audit.json,models/tangent_original/candidates/3/fold_auc/0,0.7321428571428571
results/sensitivity96/repeat4-fold1/audit.json,models/tangent_original/candidates/3/fold_auc/1,0.6753246753246753
results/sensitivity96/repeat4-fold1/audit.json,models/tangent_original/candidates/3/fold_auc/2,0.7987012987012987
results/sensitivity96/repeat4-fold1/audit.json,models/tangent_original/chosen/mean_inner_auc,0.7456709956709956
results/sensitivity96/repeat4-fold1/audit.json,models/tangent_original/chosen/fold_auc/0,0.75
results/sensitivity96/repeat4-fold1/audit.json,models/tangent_original/chosen/fold_auc/1,0.6623376623376622
results/sensitivity96/repeat4-fold1/audit.json,models/tangent_original/chosen/fold_auc/2,0.8246753246753247
results/sensitivity96/repeat4-fold1/audit.json,models/tangent_original/threshold/min_recall,0.6904761904761905
results/sensitivity96/repeat4-fold1/audit.json,models/tangent_original/threshold/balanced_accuracy,0.7128851540616247
results/sensitivity96/repeat4-fold1/audit.json,models/tangent_center/candidates/0/mean_inner_auc,0.7454906204906204
results/sensitivity96/repeat4-fold1/audit.json,models/tangent_center/candidates/0/fold_auc/0,0.7559523809523809
results/sensitivity96/repeat4-fold1/audit.json,models/tangent_center/candidates/0/fold_auc/1,0.6818181818181818
results/sensitivity96/repeat4-fold1/audit.json,models/tangent_center/candidates/0/fold_auc/2,0.7987012987012987
results/sensitivity96/repeat4-fold1/audit.json,models/tangent_center/candidates/1/mean_inner_auc,0.7476551226551226
results/sensitivity96/repeat4-fold1/audit.json,models/tangent_center/candidates/1/fold_auc/0,0.7559523809523809
results/sensitivity96/repeat4-fold1/audit.json,models/tangent_center/candidates/1/fold_auc/1,0.6883116883116883
results/sensitivity96/repeat4-fold1/audit.json,models/tangent_center/candidates/1/fold_auc/2,0.7987012987012987
results/sensitivity96/repeat4-fold1/audit.json,models/tangent_center/candidates/2/mean_inner_auc,0.7501803751803752
results/sensitivity96/repeat4-fold1/audit.json,models/tangent_center/candidates/2/fold_auc/0,0.7440476190476191
results/sensitivity96/repeat4-fold1/audit.json,models/tangent_center/candidates/2/fold_auc/1,0.7012987012987012
results/sensitivity96/repeat4-fold1/audit.json,models/tangent_center/candidates/2/fold_auc/2,0.8051948051948052
results/sensitivity96/repeat4-fold1/audit.json,models/tangent_center/candidates/3/mean_inner_auc,0.746031746031746
results/sensitivity96/repeat4-fold1/audit.json,models/tangent_center/candidates/3/fold_auc/0,0.738095238095238
results/sensitivity96/repeat4-fold1/audit.json,models/tangent_center/candidates/3/fold_auc/1,0.7012987012987013
results/sensitivity96/repeat4-fold1/audit.json,models/tangent_center/candidates/3/fold_auc/2,0.7987012987012987
results/sensitivity96/repeat4-fold1/audit.json,models/tangent_center/chosen/mean_inner_auc,0.7501803751803752
results/sensitivity96/repeat4-fold1/audit.json,models/tangent_center/chosen/fold_auc/0,0.7440476190476191
results/sensitivity96/repeat4-fold1/audit.json,models/tangent_center/chosen/fold_auc/1,0.7012987012987012
results/sensitivity96/repeat4-fold1/audit.json,models/tangent_center/chosen/fold_auc/2,0.8051948051948052
results/sensitivity96/repeat4-fold1/audit.json,models/tangent_center/threshold/min_recall,0.6764705882352942
results/sensitivity96/repeat4-fold1/audit.json,models/tangent_center/threshold/balanced_accuracy,0.6834733893557423
results/sensitivity96/repeat4-fold1/audit.json,models/tangent_pca/candidates/0/mean_inner_auc,0.7005772005772005
results/sensitivity96/repeat4-fold1/audit.json,models/tangent_pca/candidates/0/fold_auc/0,0.6666666666666665
results/sensitivity96/repeat4-fold1/audit.json,models/tangent_pca/candidates/0/fold_auc/1,0.6038961038961039
results/sensitivity96/repeat4-fold1/audit.json,models/tangent_pca/candidates/0/fold_auc/2,0.8311688311688312
results/sensitivity96/repeat4-fold1/audit.json,models/tangent_pca/candidates/1/mean_inner_auc,0.6913780663780664
results/sensitivity96/repeat4-fold1/audit.json,models/tangent_pca/candidates/1/fold_auc/0,0.6845238095238095
results/sensitivity96/repeat4-fold1/audit.json,models/tangent_pca/candidates/1/fold_auc/1,0.5909090909090909
results/sensitivity96/repeat4-fold1/audit.json,models/tangent_pca/candidates/1/fold_auc/2,0.7987012987012987
results/sensitivity96/repeat4-fold1/audit.json,models/tangent_pca/candidates/2/mean_inner_auc,0.6915584415584416
results/sensitivity96/repeat4-fold1/audit.json,models/tangent_pca/candidates/2/fold_auc/0,0.6785714285714286
results/sensitivity96/repeat4-fold1/audit.json,models/tangent_pca/candidates/2/fold_auc/1,0.5974025974025974
results/sensitivity96/repeat4-fold1/audit.json,models/tangent_pca/candidates/2/fold_auc/2,0.7987012987012987
results/sensitivity96/repeat4-fold1/audit.json,models/tangent_pca/candidates/3/mean_inner_auc,0.6915584415584416
results/sensitivity96/repeat4-fold1/audit.json,models/tangent_pca/candidates/3/fold_auc/0,0.6785714285714286
results/sensitivity96/repeat4-fold1/audit.json,models/tangent_pca/candidates/3/fold_auc/1,0.5974025974025974
results/sensitivity96/repeat4-fold1/audit.json,models/tangent_pca/candidates/3/fold_auc/2,0.7987012987012987
results/sensitivity96/repeat4-fold1/audit.json,models/tangent_pca/candidates/4/mean_inner_auc,0.7049062049062048
results/sensitivity96/repeat4-fold1/audit.json,models/tangent_pca/candidates/4/fold_auc/0,0.6666666666666666
results/sensitivity96/repeat4-fold1/audit.json,models/tangent_pca/candidates/4/fold_auc/1,0.6103896103896104
results/sensitivity96/repeat4-fold1/audit.json,models/tangent_pca/candidates/4/fold_auc/2,0.8376623376623377
results/sensitivity96/repeat4-fold1/audit.json,models/tangent_pca/candidates/5/mean_inner_auc,0.6841630591630592
results/sensitivity96/repeat4-fold1/audit.json,models/tangent_pca/candidates/5/fold_auc/0,0.6369047619047619
results/sensitivity96/repeat4-fold1/audit.json,models/tangent_pca/candidates/5/fold_auc/1,0.5909090909090908
results/sensitivity96/repeat4-fold1/audit.json,models/tangent_pca/candidates/5/fold_auc/2,0.8246753246753247
results/sensitivity96/repeat4-fold1/audit.json,models/tangent_pca/candidates/6/mean_inner_auc,0.6713564213564213
results/sensitivity96/repeat4-fold1/audit.json,models/tangent_pca/candidates/6/fold_auc/0,0.6309523809523809
results/sensitivity96/repeat4-fold1/audit.json,models/tangent_pca/candidates/6/fold_auc/1,0.5844155844155844
results/sensitivity96/repeat4-fold1/audit.json,models/tangent_pca/candidates/6/fold_auc/2,0.7987012987012987
results/sensitivity96/repeat4-fold1/audit.json,models/tangent_pca/candidates/7/mean_inner_auc,0.652056277056277
results/sensitivity96/repeat4-fold1/audit.json,models/tangent_pca/candidates/7/fold_auc/0,0.625
results/sensitivity96/repeat4-fold1/audit.json,models/tangent_pca/candidates/7/fold_auc/1,0.5714285714285714
results/sensitivity96/repeat4-fold1/audit.json,models/tangent_pca/candidates/7/fold_auc/2,0.7597402597402597
results/sensitivity96/repeat4-fold1/audit.json,models/tangent_pca/chosen/mean_inner_auc,0.7049062049062048
results/sensitivity96/repeat4-fold1/audit.json,models/tangent_pca/chosen/fold_auc/0,0.6666666666666666
results/sensitivity96/repeat4-fold1/audit.json,models/tangent_pca/chosen/fold_auc/1,0.6103896103896104
results/sensitivity96/repeat4-fold1/audit.json,models/tangent_pca/chosen/fold_auc/2,0.8376623376623377
results/sensitivity96/repeat4-fold1/audit.json,models/tangent_pca/threshold/min_recall,0.6470588235294118
results/sensitivity96/repeat4-fold1/audit.json,models/tangent_pca/threshold/balanced_accuracy,0.6568627450980392
results/sensitivity96/repeat4-fold1/audit.json,models/tangent_select/candidates/0/mean_inner_auc,0.7068903318903318
results/sensitivity96/repeat4-fold1/audit.json,models/tangent_select/candidates/0/fold_auc/0,0.6726190476190476
results/sensitivity96/repeat4-fold1/audit.json,models/tangent_select/candidates/0/fold_auc/1,0.7337662337662337
results/sensitivity96/repeat4-fold1/audit.json,models/tangent_select/candidates/0/fold_auc/2,0.7142857142857143
results/sensitivity96/repeat4-fold1/audit.json,models/tangent_select/candidates/1/mean_inner_auc,0.708874458874459
results/sensitivity96/repeat4-fold1/audit.json,models/tangent_select/candidates/1/fold_auc/0,0.6785714285714286
results/sensitivity96/repeat4-fold1/audit.json,models/tangent_select/candidates/1/fold_auc/1,0.7402597402597403
results/sensitivity96/repeat4-fold1/audit.json,models/tangent_select/candidates/1/fold_auc/2,0.7077922077922078
results/sensitivity96/repeat4-fold1/audit.json,models/tangent_select/candidates/2/mean_inner_auc,0.674963924963925
results/sensitivity96/repeat4-fold1/audit.json,models/tangent_select/candidates/2/fold_auc/0,0.6547619047619047
results/sensitivity96/repeat4-fold1/audit.json,models/tangent_select/candidates/2/fold_auc/1,0.6948051948051948
results/sensitivity96/repeat4-fold1/audit.json,models/tangent_select/candidates/2/fold_auc/2,0.6753246753246753
results/sensitivity96/repeat4-fold1/audit.json,models/tangent_select/candidates/3/mean_inner_auc,0.6755050505050505
results/sensitivity96/repeat4-fold1/audit.json,models/tangent_select/candidates/3/fold_auc/0,0.6369047619047619
results/sensitivity96/repeat4-fold1/audit.json,models/tangent_select/candidates/3/fold_auc/1,0.7012987012987013
results/sensitivity96/repeat4-fold1/audit.json,models/tangent_select/candidates/3/fold_auc/2,0.6883116883116882
results/sensitivity96/repeat4-fold1/audit.json,models/tangent_select/candidates/4/mean_inner_auc,0.6931818181818182
results/sensitivity96/repeat4-fold1/audit.json,models/tangent_select/candidates/4/fold_auc/0,0.6964285714285714
results/sensitivity96/repeat4-fold1/audit.json,models/tangent_select/candidates/4/fold_auc/1,0.5974025974025974
results/sensitivity96/repeat4-fold1/audit.json,models/tangent_select/candidates/4/fold_auc/2,0.7857142857142857
results/sensitivity96/repeat4-fold1/audit.json,models/tangent_select/candidates/5/mean_inner_auc,0.6825396825396824
results/sensitivity96/repeat4-fold1/audit.json,models/tangent_select/candidates/5/fold_auc/0,0.6904761904761905
results/sensitivity96/repeat4-fold1/audit.json,models/tangent_select/candidates/5/fold_auc/1,0.5909090909090908
results/sensitivity96/repeat4-fold1/audit.json,models/tangent_select/candidates/5/fold_auc/2,0.7662337662337662
results/sensitivity96/repeat4-fold1/audit.json,models/tangent_select/candidates/6/mean_inner_auc,0.6868686868686869
results/sensitivity96/repeat4-fold1/audit.json,models/tangent_select/candidates/6/fold_auc/0,0.6904761904761905
results/sensitivity96/repeat4-fold1/audit.json,models/tangent_select/candidates/6/fold_auc/1,0.5974025974025974
results/sensitivity96/repeat4-fold1/audit.json,models/tangent_select/candidates/6/fold_auc/2,0.7727272727272727
results/sensitivity96/repeat4-fold1/audit.json,models/tangent_select/candidates/7/mean_inner_auc,0.6827200577200578
results/sensitivity96/repeat4-fold1/audit.json,models/tangent_select/candidates/7/fold_auc/0,0.6845238095238095
results/sensitivity96/repeat4-fold1/audit.json,models/tangent_select/candidates/7/fold_auc/1,0.6038961038961039
results/sensitivity96/repeat4-fold1/audit.json,models/tangent_select/candidates/7/fold_auc/2,0.7597402597402598
results/sensitivity96/repeat4-fold1/audit.json,models/tangent_select/chosen/mean_inner_auc,0.708874458874459
results/sensitivity96/repeat4-fold1/audit.json,models/tangent_select/chosen/fold_auc/0,0.6785714285714286
results/sensitivity96/repeat4-fold1/audit.json,models/tangent_select/chosen/fold_auc/1,0.7402597402597403
results/sensitivity96/repeat4-fold1/audit.json,models/tangent_select/chosen/fold_auc/2,0.7077922077922078
results/sensitivity96/repeat4-fold1/audit.json,models/tangent_select/threshold/min_recall,0.7058823529411765
results/sensitivity96/repeat4-fold1/audit.json,models/tangent_select/threshold/balanced_accuracy,0.7100840336134454
results/sensitivity96/repeat4-fold2/audit.json,models/tangent_original/candidates/0/mean_inner_auc,0.7656019194480731
results/sensitivity96/repeat4-fold2/audit.json,models/tangent_original/candidates/0/fold_auc/0,0.863905325443787
results/sensitivity96/repeat4-fold2/audit.json,models/tangent_original/candidates/0/fold_auc/1,0.6666666666666665
results/sensitivity96/repeat4-fold2/audit.json,models/tangent_original/candidates/0/fold_auc/2,0.7662337662337662
results/sensitivity96/repeat4-fold2/audit.json,models/tangent_original/candidates/1/mean_inner_auc,0.7738756969526199
results/sensitivity96/repeat4-fold2/audit.json,models/tangent_original/candidates/1/fold_auc/0,0.8757396449704142
results/sensitivity96/repeat4-fold2/audit.json,models/tangent_original/candidates/1/fold_auc/1,0.6666666666666666
results/sensitivity96/repeat4-fold2/audit.json,models/tangent_original/candidates/1/fold_auc/2,0.7792207792207791
results/sensitivity96/repeat4-fold2/audit.json,models/tangent_original/candidates/2/mean_inner_auc,0.769907442984366
results/sensitivity96/repeat4-fold2/audit.json,models/tangent_original/candidates/2/fold_auc/0,0.8757396449704142
results/sensitivity96/repeat4-fold2/audit.json,models/tangent_original/candidates/2/fold_auc/1,0.6547619047619047
results/sensitivity96/repeat4-fold2/audit.json,models/tangent_original/candidates/2/fold_auc/2,0.7792207792207791
results/sensitivity96/repeat4-fold2/audit.json,models/tangent_original/candidates/3/mean_inner_auc,0.7738639565562643
results/sensitivity96/repeat4-fold2/audit.json,models/tangent_original/candidates/3/fold_auc/0,0.8816568047337279
results/sensitivity96/repeat4-fold2/audit.json,models/tangent_original/candidates/3/fold_auc/1,0.6607142857142857
results/sensitivity96/repeat4-fold2/audit.json,models/tangent_original/candidates/3/fold_auc/2,0.7792207792207791
results/sensitivity96/repeat4-fold2/audit.json,models/tangent_original/chosen/mean_inner_auc,0.7738756969526199
results/sensitivity96/repeat4-fold2/audit.json,models/tangent_original/chosen/fold_auc/0,0.8757396449704142
results/sensitivity96/repeat4-fold2/audit.json,models/tangent_original/chosen/fold_auc/1,0.6666666666666666
results/sensitivity96/repeat4-fold2/audit.json,models/tangent_original/chosen/fold_auc/2,0.7792207792207791
results/sensitivity96/repeat4-fold2/audit.json,models/tangent_original/threshold/min_recall,0.7073170731707317
results/sensitivity96/repeat4-fold2/audit.json,models/tangent_original/threshold/balanced_accuracy,0.7425474254742548
results/sensitivity96/repeat4-fold2/audit.json,models/tangent_center/candidates/0/mean_inner_auc,0.7611160207314054
results/sensitivity96/repeat4-fold2/audit.json,models/tangent_center/candidates/0/fold_auc/0,0.8520710059171597
results/sensitivity96/repeat4-fold2/audit.json,models/tangent_center/candidates/0/fold_auc/1,0.6845238095238095
results/sensitivity96/repeat4-fold2/audit.json,models/tangent_center/candidates/0/fold_auc/2,0.7467532467532467
results/sensitivity96/repeat4-fold2/audit.json,models/tangent_center/candidates/1/mean_inner_auc,0.756967391582776
results/sensitivity96/repeat4-fold2/audit.json,models/tangent_center/candidates/1/fold_auc/0,0.8520710059171597
results/sensitivity96/repeat4-fold2/audit.json,models/tangent_center/candidates/1/fold_auc/1,0.6785714285714286
results/sensitivity96/repeat4-fold2/audit.json,models/tangent_center/candidates/1/fold_auc/2,0.7402597402597402
results/sensitivity96/repeat4-fold2/audit.json,models/tangent_center/candidates/2/mean_inner_auc,0.7691742018665096
results/sensitivity96/repeat4-fold2/audit.json,models/tangent_center/candidates/2/fold_auc/0,0.8816568047337279
results/sensitivity96/repeat4-fold2/audit.json,models/tangent_center/candidates/2/fold_auc/1,0.6726190476190477
results/sensitivity96/repeat4-fold2/audit.json,models/tangent_center/candidates/2/fold_auc/2,0.7532467532467533
results/sensitivity96/repeat4-fold2/audit.json,models/tangent_center/candidates/3/mean_inner_auc,0.7962069981300751
results/sensitivity96/repeat4-fold2/audit.json,models/tangent_center/candidates/3/fold_auc/0,0.893491124260355
results/sensitivity96/repeat4-fold2/audit.json,models/tangent_center/candidates/3/fold_auc/1,0.6964285714285715
results/sensitivity96/repeat4-fold2/audit.json,models/tangent_center/candidates/3/fold_auc/2,0.7987012987012987
results/sensitivity96/repeat4-fold2/audit.json,models/tangent_center/chosen/mean_inner_auc,0.7962069981300751
results/sensitivity96/repeat4-fold2/audit.json,models/tangent_center/chosen/fold_auc/0,0.893491124260355
results/sensitivity96/repeat4-fold2/audit.json,models/tangent_center/chosen/fold_auc/1,0.6964285714285715
results/sensitivity96/repeat4-fold2/audit.json,models/tangent_center/chosen/fold_auc/2,0.7987012987012987
results/sensitivity96/repeat4-fold2/audit.json,models/tangent_center/threshold/min_recall,0.7222222222222222
results/sensitivity96/repeat4-fold2/audit.json,models/tangent_center/threshold/balanced_accuracy,0.7513550135501355
results/sensitivity96/repeat4-fold2/audit.json,models/tangent_pca/candidates/0/mean_inner_auc,0.7104615470000085
results/sensitivity96/repeat4-fold2/audit.json,models/tangent_pca/candidates/0/fold_auc/0,0.7455621301775148
results/sensitivity96/repeat4-fold2/audit.json,models/tangent_pca/candidates/0/fold_auc/1,0.6845238095238095
results/sensitivity96/repeat4-fold2/audit.json,models/tangent_pca/candidates/0/fold_auc/2,0.7012987012987013
results/sensitivity96/repeat4-fold2/audit.json,models/tangent_pca/candidates/1/mean_inner_auc,0.7131906554983477
results/sensitivity96/repeat4-fold2/audit.json,models/tangent_pca/candidates/1/fold_auc/0,0.7337278106508875
results/sensitivity96/repeat4-fold2/audit.json,models/tangent_pca/candidates/1/fold_auc/1,0.6785714285714286
results/sensitivity96/repeat4-fold2/audit.json,models/tangent_pca/candidates/1/fold_auc/2,0.7272727272727273
results/sensitivity96/repeat4-fold2/audit.json,models/tangent_pca/candidates/2/mean_inner_auc,0.713371030678723
results/sensitivity96/repeat4-fold2/audit.json,models/tangent_pca/candidates/2/fold_auc/0,0.7337278106508875
results/sensitivity96/repeat4-fold2/audit.json,models/tangent_pca/candidates/2/fold_auc/1,0.6726190476190477
results/sensitivity96/repeat4-fold2/audit.json,models/tangent_pca/candidates/2/fold_auc/2,0.7337662337662337
results/sensitivity96/repeat4-fold2/audit.json,models/tangent_pca/candidates/3/mean_inner_auc,0.71535515766285
results/sensitivity96/repeat4-fold2/audit.json,models/tangent_pca/candidates/3/fold_auc/0,0.7337278106508875
results/sensitivity96/repeat4-fold2/audit.json,models/tangent_pca/candidates/3/fold_auc/1,0.6785714285714286
results/sensitivity96/repeat4-fold2/audit.json,models/tangent_pca/candidates/3/fold_auc/2,0.7337662337662337
results/sensitivity96/repeat4-fold2/audit.json,models/tangent_pca/candidates/4/mean_inner_auc,0.730161932085009
results/sensitivity96/repeat4-fold2/audit.json,models/tangent_pca/candidates/4/fold_auc/0,0.8165680473372782
results/sensitivity96/repeat4-fold2/audit.json,models/tangent_pca/candidates/4/fold_auc/1,0.6726190476190477
results/sensitivity96/repeat4-fold2/audit.json,models/tangent_pca/candidates/4/fold_auc/2,0.7012987012987013
results/sensitivity96/repeat4-fold2/audit.json,models/tangent_pca/candidates/5/mean_inner_auc,0.715947514024437
results/sensitivity96/repeat4-fold2/audit.json,models/tangent_pca/candidates/5/fold_auc/0,0.7988165680473372
results/sensitivity96/repeat4-fold2/audit.json,models/tangent_pca/candidates/5/fold_auc/1,0.6607142857142856
results/sensitivity96/repeat4-fold2/audit.json,models/tangent_pca/candidates/5/fold_auc/2,0.6883116883116883
results/sensitivity96/repeat4-fold2/audit.json,models/tangent_pca/candidates/6/mean_inner_auc,0.7179081602158526
results/sensitivity96/repeat4-fold2/audit.json,models/tangent_pca/candidates/6/fold_auc/0,0.8106508875739645
results/sensitivity96/repeat4-fold2/audit.json,models/tangent_pca/candidates/6/fold_auc/1,0.6547619047619048
results/sensitivity96/repeat4-fold2/audit.json,models/tangent_pca/candidates/6/fold_auc/2,0.6883116883116883
results/sensitivity96/repeat4-fold2/audit.json,models/tangent_pca/candidates/7/mean_inner_auc,0.7051132628055705
results/sensitivity96/repeat4-fold2/audit.json,models/tangent_pca/candidates/7/fold_auc/0,0.8047337278106509
results/sensitivity96/repeat4-fold2/audit.json,models/tangent_pca/candidates/7/fold_auc/1,0.6547619047619048
results/sensitivity96/repeat4-fold2/audit.json,models/tangent_pca/candidates/7/fold_auc/2,0.6558441558441559
results/sensitivity96/repeat4-fold2/audit.json,models/tangent_pca/chosen/mean_inner_auc,0.730161932085009
results/sensitivity96/repeat4-fold2/audit.json,models/tangent_pca/chosen/fold_auc/0,0.8165680473372782
results/sensitivity96/repeat4-fold2/audit.json,models/tangent_pca/chosen/fold_auc/1,0.6726190476190477
results/sensitivity96/repeat4-fold2/audit.json,models/tangent_pca/chosen/fold_auc/2,0.7012987012987013
results/sensitivity96/repeat4-fold2/audit.json,models/tangent_pca/threshold/min_recall,0.6944444444444444
results/sensitivity96/repeat4-fold2/audit.json,models/tangent_pca/threshold/balanced_accuracy,0.700880758807588
results/sensitivity96/repeat4-fold2/audit.json,models/tangent_select/candidates/0/mean_inner_auc,0.716226081610697
results/sensitivity96/repeat4-fold2/audit.json,models/tangent_select/candidates/0/fold_auc/0,0.8402366863905326
results/sensitivity96/repeat4-fold2/audit.json,models/tangent_select/candidates/0/fold_auc/1,0.6071428571428572
results/sensitivity96/repeat4-fold2/audit.json,models/tangent_select/candidates/0/fold_auc/2,0.7012987012987013
results/sensitivity96/repeat4-fold2/audit.json,models/tangent_select/candidates/1/mean_inner_auc,0.7241273683581376
results/sensitivity96/repeat4-fold2/audit.json,models/tangent_select/candidates/1/fold_auc/0,0.8579881656804734
results/sensitivity96/repeat4-fold2/audit.json,models/tangent_select/candidates/1/fold_auc/1,0.6130952380952381
results/sensitivity96/repeat4-fold2/audit.json,models/tangent_select/candidates/1/fold_auc/2,0.7012987012987013
results/sensitivity96/repeat4-fold2/audit.json,models/tangent_select/candidates/2/mean_inner_auc,0.7073524765832458
results/sensitivity96/repeat4-fold2/audit.json,models/tangent_select/candidates/2/fold_auc/0,0.8579881656804733
results/sensitivity96/repeat4-fold2/audit.json,models/tangent_select/candidates/2/fold_auc/1,0.5952380952380953
results/sensitivity96/repeat4-fold2/audit.json,models/tangent_select/candidates/2/fold_auc/2,0.6688311688311688
results/sensitivity96/repeat4-fold2/audit.json,models/tangent_select/candidates/3/mean_inner_auc,0.7032038474346166
results/sensitivity96/repeat4-fold2/audit.json,models/tangent_select/candidates/3/fold_auc/0,0.8579881656804733
results/sensitivity96/repeat4-fold2/audit.json,models/tangent_select/candidates/3/fold_auc/1,0.5892857142857144
results/sensitivity96/repeat4-fold2/audit.json,models/tangent_select/candidates/3/fold_auc/2,0.6623376623376623
results/sensitivity96/repeat4-fold2/audit.json,models/tangent_select/candidates/4/mean_inner_auc,0.7345773884235424
results/sensitivity96/repeat4-fold2/audit.json,models/tangent_select/candidates/4/fold_auc/0,0.863905325443787
results/sensitivity96/repeat4-fold2/audit.json,models/tangent_select/candidates/4/fold_auc/1,0.6190476190476191
results/sensitivity96/repeat4-fold2/audit.json,models/tangent_select/candidates/4/fold_auc/2,0.7207792207792207
results/sensitivity96/repeat4-fold2/audit.json,models/tangent_select/candidates/5/mean_inner_auc,0.7167437263591109
results/sensitivity96/repeat4-fold2/audit.json,models/tangent_select/candidates/5/fold_auc/0,0.8520710059171597
results/sensitivity96/repeat4-fold2/audit.json,models/tangent_select/candidates/5/fold_auc/1,0.5773809523809523
results/sensitivity96/repeat4-fold2/audit.json,models/tangent_select/candidates/5/fold_auc/2,0.7207792207792207
results/sensitivity96/repeat4-fold2/audit.json,models/tangent_select/candidates/6/mean_inner_auc,0.7208688747150286
results/sensitivity96/repeat4-fold2/audit.json,models/tangent_select/candidates/6/fold_auc/0,0.863905325443787
results/sensitivity96/repeat4-fold2/audit.json,models/tangent_select/candidates/6/fold_auc/1,0.5714285714285714
results/sensitivity96/repeat4-fold2/audit.json,models/tangent_select/candidates/6/fold_auc/2,0.7272727272727273
results/sensitivity96/repeat4-fold2/audit.json,models/tangent_select/candidates/7/mean_inner_auc,0.7147361185822724
results/sensitivity96/repeat4-fold2/audit.json,models/tangent_select/candidates/7/fold_auc/0,0.863905325443787
results/sensitivity96/repeat4-fold2/audit.json,models/tangent_select/candidates/7/fold_auc/1,0.5595238095238095
results/sensitivity96/repeat4-fold2/audit.json,models/tangent_select/candidates/7/fold_auc/2,0.7207792207792207
results/sensitivity96/repeat4-fold2/audit.json,models/tangent_select/chosen/mean_inner_auc,0.7345773884235424
results/sensitivity96/repeat4-fold2/audit.json,models/tangent_select/chosen/fold_auc/0,0.863905325443787
results/sensitivity96/repeat4-fold2/audit.json,models/tangent_select/chosen/fold_auc/1,0.6190476190476191
results/sensitivity96/repeat4-fold2/audit.json,models/tangent_select/chosen/fold_auc/2,0.7207792207792207
results/sensitivity96/repeat4-fold2/audit.json,models/tangent_select/threshold/min_recall,0.6944444444444444
results/sensitivity96/repeat4-fold2/audit.json,models/tangent_select/threshold/balanced_accuracy,0.7130758807588076
results/sensitivity96/repeat4-fold3/audit.json,models/tangent_original/candidates/0/mean_inner_auc,0.7589942109172879
results/sensitivity96/repeat4-fold3/audit.json,models/tangent_original/candidates/0/fold_auc/0,0.7396449704142012
results/sensitivity96/repeat4-fold3/audit.json,models/tangent_original/candidates/0/fold_auc/1,0.7321428571428571
results/sensitivity96/repeat4-fold3/audit.json,models/tangent_original/candidates/0/fold_auc/2,0.8051948051948051
results/sensitivity96/repeat4-fold3/audit.json,models/tangent_original/candidates/1/mean_inner_auc,0.7670993536378151
results/sensitivity96/repeat4-fold3/audit.json,models/tangent_original/candidates/1/fold_auc/0,0.7455621301775148
results/sensitivity96/repeat4-fold3/audit.json,models/tangent_original/candidates/1/fold_auc/1,0.744047619047619
results/sensitivity96/repeat4-fold3/audit.json,models/tangent_original/candidates/1/fold_auc/2,0.8116883116883117
results/sensitivity96/repeat4-fold3/audit.json,models/tangent_original/candidates/2/mean_inner_auc,0.7688913650452113
results/sensitivity96/repeat4-fold3/audit.json,models/tangent_original/candidates/2/fold_auc/0,0.7514792899408284
results/sensitivity96/repeat4-fold3/audit.json,models/tangent_original/candidates/2/fold_auc/1,0.7499999999999999
results/sensitivity96/repeat4-fold3/audit.json,models/tangent_original/candidates/2/fold_auc/2,0.8051948051948052
results/sensitivity96/repeat4-fold3/audit.json,models/tangent_original/candidates/3/mean_inner_auc,0.7708754920293382
results/sensitivity96/repeat4-fold3/audit.json,models/tangent_original/candidates/3/fold_auc/0,0.7514792899408284
results/sensitivity96/repeat4-fold3/audit.json,models/tangent_original/candidates/3/fold_auc/1,0.755952380952381
results/sensitivity96/repeat4-fold3/audit.json,models/tangent_original/candidates/3/fold_auc/2,0.8051948051948052
results/sensitivity96/repeat4-fold3/audit.json,models/tangent_original/chosen/mean_inner_auc,0.7708754920293382
results/sensitivity96/repeat4-fold3/audit.json,models/tangent_original/chosen/fold_auc/0,0.7514792899408284
results/sensitivity96/repeat4-fold3/audit.json,models/tangent_original/chosen/fold_auc/1,0.755952380952381
results/sensitivity96/repeat4-fold3/audit.json,models/tangent_original/chosen/fold_auc/2,0.8051948051948052
results/sensitivity96/repeat4-fold3/audit.json,models/tangent_original/threshold/min_recall,0.6388888888888888
results/sensitivity96/repeat4-fold3/audit.json,models/tangent_original/threshold/balanced_accuracy,0.6852981029810298
results/sensitivity96/repeat4-fold3/audit.json,models/tangent_center/candidates/0/mean_inner_auc,0.7352433890895429
results/sensitivity96/repeat4-fold3/audit.json,models/tangent_center/candidates/0/fold_auc/0,0.7100591715976331
results/sensitivity96/repeat4-fold3/audit.json,models/tangent_center/candidates/0/fold_auc/1,0.6904761904761905
results/sensitivity96/repeat4-fold3/audit.json,models/tangent_center/candidates/0/fold_auc/2,0.8051948051948051
results/sensitivity96/repeat4-fold3/audit.json,models/tangent_center/candidates/1/mean_inner_auc,0.7352551294858988
results/sensitivity96/repeat4-fold3/audit.json,models/tangent_center/candidates/1/fold_auc/0,0.7041420118343196
results/sensitivity96/repeat4-fold3/audit.json,models/tangent_center/candidates/1/fold_auc/1,0.6964285714285714
results/sensitivity96/repeat4-fold3/audit.json,models/tangent_center/candidates/1/fold_auc/2,0.8051948051948051
results/sensitivity96/repeat4-fold3/audit.json,models/tangent_center/candidates/2/mean_inner_auc,0.7530535703612626
results/sensitivity96/repeat4-fold3/audit.json,models/tangent_center/candidates/2/fold_auc/0,0.7337278106508875
results/sensitivity96/repeat4-fold3/audit.json,models/tangent_center/candidates/2/fold_auc/1,0.7202380952380952
results/sensitivity96/repeat4-fold3/audit.json,models/tangent_center/candidates/2/fold_auc/2,0.8051948051948051
results/sensitivity96/repeat4-fold3/audit.json,models/tangent_center/candidates/3/mean_inner_auc,0.7631545804622727
results/sensitivity96/repeat4-fold3/audit.json,models/tangent_center/candidates/3/fold_auc/0,0.7337278106508875
results/sensitivity96/repeat4-fold3/audit.json,models/tangent_center/candidates/3/fold_auc/1,0.744047619047619
results/sensitivity96/repeat4-fold3/audit.json,models/tangent_center/candidates/3/fold_auc/2,0.8116883116883117
results/sensitivity96/repeat4-fold3/audit.json,models/tangent_center/chosen/mean_inner_auc,0.7631545804622727
results/sensitivity96/repeat4-fold3/audit.json,models/tangent_center/chosen/fold_auc/0,0.7337278106508875
results/sensitivity96/repeat4-fold3/audit.json,models/tangent_center/chosen/fold_auc/1,0.744047619047619
results/sensitivity96/repeat4-fold3/audit.json,models/tangent_center/chosen/fold_auc/2,0.8116883116883117
results/sensitivity96/repeat4-fold3/audit.json,models/tangent_center/threshold/min_recall,0.6944444444444444
results/sensitivity96/repeat4-fold3/audit.json,models/tangent_center/threshold/balanced_accuracy,0.700880758807588
results/sensitivity96/repeat4-fold3/audit.json,models/tangent_pca/candidates/0/mean_inner_auc,0.731333837103068
results/sensitivity96/repeat4-fold3/audit.json,models/tangent_pca/candidates/0/fold_auc/0,0.6804733727810651
results/sensitivity96/repeat4-fold3/audit.json,models/tangent_pca/candidates/0/fold_auc/1,0.7083333333333334
results/sensitivity96/repeat4-fold3/audit.json,models/tangent_pca/candidates/0/fold_auc/2,0.8051948051948052
results/sensitivity96/repeat4-fold3/audit.json,models/tangent_pca/candidates/1/mean_inner_auc,0.7446463792617638
results/sensitivity96/repeat4-fold3/audit.json,models/tangent_pca/candidates/1/fold_auc/0,0.6982248520710059
results/sensitivity96/repeat4-fold3/audit.json,models/tangent_pca/candidates/1/fold_auc/1,0.75
results/sensitivity96/repeat4-fold3/audit.json,models/tangent_pca/candidates/1/fold_auc/2,0.7857142857142857
results/sensitivity96/repeat4-fold3/audit.json,models/tangent_pca/candidates/2/mean_inner_auc,0.7338356088356087
results/sensitivity96/repeat4-fold3/audit.json,models/tangent_pca/candidates/2/fold_auc/0,0.6923076923076923
results/sensitivity96/repeat4-fold3/audit.json,models/tangent_pca/candidates/2/fold_auc/1,0.7559523809523809
results/sensitivity96/repeat4-fold3/audit.json,models/tangent_pca/candidates/2/fold_auc/2,0.7532467532467532
results/sensitivity96/repeat4-fold3/audit.json,models/tangent_pca/candidates/3/mean_inner_auc,0.7316711066711067
results/sensitivity96/repeat4-fold3/audit.json,models/tangent_pca/candidates/3/fold_auc/0,0.6923076923076923
results/sensitivity96/repeat4-fold3/audit.json,models/tangent_pca/candidates/3/fold_auc/1,0.7559523809523809
results/sensitivity96/repeat4-fold3/audit.json,models/tangent_pca/candidates/3/fold_auc/2,0.7467532467532467
results/sensitivity96/repeat4-fold3/audit.json,models/tangent_pca/candidates/4/mean_inner_auc,0.7407016060862216
results/sensitivity96/repeat4-fold3/audit.json,models/tangent_pca/candidates/4/fold_auc/0,0.6863905325443788
results/sensitivity96/repeat4-fold3/audit.json,models/tangent_pca/candidates/4/fold_auc/1,0.6785714285714286
results/sensitivity96/repeat4-fold3/audit.json,models/tangent_pca/candidates/4/fold_auc/2,0.8571428571428572
results/sensitivity96/repeat4-fold3/audit.json,models/tangent_pca/candidates/5/mean_inner_auc,0.7482538828692675
results/sensitivity96/repeat4-fold3/audit.json,models/tangent_pca/candidates/5/fold_auc/0,0.6982248520710059
results/sensitivity96/repeat4-fold3/audit.json,models/tangent_pca/candidates/5/fold_auc/1,0.7023809523809523
results/sensitivity96/repeat4-fold3/audit.json,models/tangent_pca/candidates/5/fold_auc/2,0.8441558441558442
results/sensitivity96/repeat4-fold3/audit.json,models/tangent_pca/candidates/6/mean_inner_auc,0.7345453691607539
results/sensitivity96/repeat4-fold3/audit.json,models/tangent_pca/candidates/6/fold_auc/0,0.6982248520710059
results/sensitivity96/repeat4-fold3/audit.json,models/tangent_pca/candidates/6/fold_auc/1,0.7261904761904763
results/sensitivity96/repeat4-fold3/audit.json,models/tangent_pca/candidates/6/fold_auc/2,0.7792207792207793
results/sensitivity96/repeat4-fold3/audit.json,models/tangent_pca/candidates/7/mean_inner_auc,0.7305888555888554
results/sensitivity96/repeat4-fold3/audit.json,models/tangent_pca/candidates/7/fold_auc/0,0.6923076923076923
results/sensitivity96/repeat4-fold3/audit.json,models/tangent_pca/candidates/7/fold_auc/1,0.7202380952380951
results/sensitivity96/repeat4-fold3/audit.json,models/tangent_pca/candidates/7/fold_auc/2,0.7792207792207791
results/sensitivity96/repeat4-fold3/audit.json,models/tangent_pca/chosen/mean_inner_auc,0.7482538828692675
results/sensitivity96/repeat4-fold3/audit.json,models/tangent_pca/chosen/fold_auc/0,0.6982248520710059
results/sensitivity96/repeat4-fold3/audit.json,models/tangent_pca/chosen/fold_auc/1,0.7023809523809523
results/sensitivity96/repeat4-fold3/audit.json,models/tangent_pca/chosen/fold_auc/2,0.8441558441558442
results/sensitivity96/repeat4-fold3/audit.json,models/tangent_pca/threshold/min_recall,0.6944444444444444
results/sensitivity96/repeat4-fold3/audit.json,models/tangent_pca/threshold/balanced_accuracy,0.7374661246612466
results/sensitivity96/repeat4-fold3/audit.json,models/tangent_select/candidates/0/mean_inner_auc,0.729291008137162
results/sensitivity96/repeat4-fold3/audit.json,models/tangent_select/candidates/0/fold_auc/0,0.7100591715976332
results/sensitivity96/repeat4-fold3/audit.json,models/tangent_select/candidates/0/fold_auc/1,0.6726190476190477
results/sensitivity96/repeat4-fold3/audit.json,models/tangent_select/candidates/0/fold_auc/2,0.8051948051948051
results/sensitivity96/repeat4-fold3/audit.json,models/tangent_select/candidates/1/mean_inner_auc,0.7275107371261217
results/sensitivity96/repeat4-fold3/audit.json,models/tangent_select/candidates/1/fold_auc/0,0.6982248520710059
results/sensitivity96/repeat4-fold3/audit.json,models/tangent_select/candidates/1/fold_auc/1,0.6726190476190476
results/sensitivity96/repeat4-fold3/audit.json,models/tangent_select/candidates/1/fold_auc/2,0.8116883116883117
results/sensitivity96/repeat4-fold3/audit.json,models/tangent_select/candidates/2/mean_inner_auc,0.7094849594849594
results/sensitivity96/repeat4-fold3/audit.json,models/tangent_select/candidates/2/fold_auc/0,0.6923076923076923
results/sensitivity96/repeat4-fold3/audit.json,models/tangent_select/candidates/2/fold_auc/1,0.6309523809523809
results/sensitivity96/repeat4-fold3/audit.json,models/tangent_select/candidates/2/fold_auc/2,0.8051948051948051
results/sensitivity96/repeat4-fold3/audit.json,models/tangent_select/candidates/3/mean_inner_auc,0.7035443189289343
results/sensitivity96/repeat4-fold3/audit.json,models/tangent_select/candidates/3/fold_auc/0,0.6863905325443787
results/sensitivity96/repeat4-fold3/audit.json,models/tangent_select/candidates/3/fold_auc/1,0.6190476190476191
results/sensitivity96/repeat4-fold3/audit.json,models/tangent_select/candidates/3/fold_auc/2,0.8051948051948052
results/sensitivity96/repeat4-fold3/audit.json,models/tangent_select/candidates/4/mean_inner_auc,0.773377263761879
results/sensitivity96/repeat4-fold3/audit.json,models/tangent_select/candidates/4/fold_auc/0,0.7633136094674556
results/sensitivity96/repeat4-fold3/audit.json,models/tangent_select/candidates/4/fold_auc/1,0.732142857142857
results/sensitivity96/repeat4-fold3/audit.json,models/tangent_select/candidates/4/fold_auc/2,0.8246753246753247
results/sensitivity96/repeat4-fold3/audit.json,models/tangent_select/candidates/5/mean_inner_auc,0.7683267587113741
results/sensitivity96/repeat4-fold3/audit.json,models/tangent_select/candidates/5/fold_auc/0,0.7633136094674556
results/sensitivity96/repeat4-fold3/audit.json,models/tangent_select/candidates/5/fold_auc/1,0.7559523809523809
results/sensitivity96/repeat4-fold3/audit.json,models/tangent_select/candidates/5/fold_auc/2,0.7857142857142857
results/sensitivity96/repeat4-fold3/audit.json,models/tangent_select/candidates/6/mean_inner_auc,0.7742556588710435
results/sensitivity96/repeat4-fold3/audit.json,models/tangent_select/candidates/6/fold_auc/0,0.7751479289940828
results/sensitivity96/repeat4-fold3/audit.json,models/tangent_select/candidates/6/fold_auc/1,0.7619047619047619
results/sensitivity96/repeat4-fold3/audit.json,models/tangent_select/candidates/6/fold_auc/2,0.7857142857142857
results/sensitivity96/repeat4-fold3/audit.json,models/tangent_select/candidates/7/mean_inner_auc,0.7742439184746877
results/sensitivity96/repeat4-fold3/audit.json,models/tangent_select/candidates/7/fold_auc/0,0.7810650887573964
results/sensitivity96/repeat4-fold3/audit.json,models/tangent_select/candidates/7/fold_auc/1,0.7559523809523809
results/sensitivity96/repeat4-fold3/audit.json,models/tangent_select/candidates/7/fold_auc/2,0.7857142857142857
results/sensitivity96/repeat4-fold3/audit.json,models/tangent_select/chosen/mean_inner_auc,0.7742556588710435
results/sensitivity96/repeat4-fold3/audit.json,models/tangent_select/chosen/fold_auc/0,0.7751479289940828
results/sensitivity96/repeat4-fold3/audit.json,models/tangent_select/chosen/fold_auc/1,0.7619047619047619
results/sensitivity96/repeat4-fold3/audit.json,models/tangent_select/chosen/fold_auc/2,0.7857142857142857
results/sensitivity96/repeat4-fold3/audit.json,models/tangent_select/threshold/min_recall,0.6666666666666666
results/sensitivity96/repeat4-fold3/audit.json,models/tangent_select/threshold/balanced_accuracy,0.6991869918699187
results/sensitivity96/repeat4-fold4/audit.json,models/tangent_original/candidates/0/mean_inner_auc,0.7682872682872682
results/sensitivity96/repeat4-fold4/audit.json,models/tangent_original/candidates/0/fold_auc/0,0.6923076923076923
results/sensitivity96/repeat4-fold4/audit.json,models/tangent_original/candidates/0/fold_auc/1,0.7619047619047619
results/sensitivity96/repeat4-fold4/audit.json,models/tangent_original/candidates/0/fold_auc/2,0.8506493506493507
results/sensitivity96/repeat4-fold4/audit.json,models/tangent_original/candidates/1/mean_inner_auc,0.7682755278909125
results/sensitivity96/repeat4-fold4/audit.json,models/tangent_original/candidates/1/fold_auc/0,0.6982248520710059
results/sensitivity96/repeat4-fold4/audit.json,models/tangent_original/candidates/1/fold_auc/1,0.7559523809523809
results/sensitivity96/repeat4-fold4/audit.json,models/tangent_original/candidates/1/fold_auc/2,0.8506493506493507
results/sensitivity96/repeat4-fold4/audit.json,models/tangent_original/candidates/2/mean_inner_auc,0.772592791823561
results/sensitivity96/repeat4-fold4/audit.json,models/tangent_original/candidates/2/fold_auc/0,0.7041420118343195
results/sensitivity96/repeat4-fold4/audit.json,models/tangent_original/candidates/2/fold_auc/1,0.75
results/sensitivity96/repeat4-fold4/audit.json,models/tangent_original/candidates/2/fold_auc/2,0.8636363636363636
results/sensitivity96/repeat4-fold4/audit.json,models/tangent_original/candidates/3/mean_inner_auc,0.772592791823561
results/sensitivity96/repeat4-fold4/audit.json,models/tangent_original/candidates/3/fold_auc/0,0.7041420118343195
results/sensitivity96/repeat4-fold4/audit.json,models/tangent_original/candidates/3/fold_auc/1,0.75
results/sensitivity96/repeat4-fold4/audit.json,models/tangent_original/candidates/3/fold_auc/2,0.8636363636363636
results/sensitivity96/repeat4-fold4/audit.json,models/tangent_original/chosen/mean_inner_auc,0.772592791823561
results/sensitivity96/repeat4-fold4/audit.json,models/tangent_original/chosen/fold_auc/0,0.7041420118343195
results/sensitivity96/repeat4-fold4/audit.json,models/tangent_original/chosen/fold_auc/1,0.75
results/sensitivity96/repeat4-fold4/audit.json,models/tangent_original/chosen/fold_auc/2,0.8636363636363636
results/sensitivity96/repeat4-fold4/audit.json,models/tangent_original/threshold/min_recall,0.6666666666666666
results/sensitivity96/repeat4-fold4/audit.json,models/tangent_original/threshold/balanced_accuracy,0.6869918699186992
results/sensitivity96/repeat4-fold4/audit.json,models/tangent_center/candidates/0/mean_inner_auc,0.766832526447911
results/sensitivity96/repeat4-fold4/audit.json,models/tangent_center/candidates/0/fold_auc/0,0.6982248520710058
results/sensitivity96/repeat4-fold4/audit.json,models/tangent_center/candidates/0/fold_auc/1,0.8035714285714285
results/sensitivity96/repeat4-fold4/audit.json,models/tangent_center/candidates/0/fold_auc/2,0.7987012987012987
results/sensitivity96/repeat4-fold4/audit.json,models/tangent_center/candidates/1/mean_inner_auc,0.7670129016282862
results/sensitivity96/repeat4-fold4/audit.json,models/tangent_center/candidates/1/fold_auc/0,0.6982248520710058
results/sensitivity96/repeat4-fold4/audit.json,models/tangent_center/candidates/1/fold_auc/1,0.7976190476190476
results/sensitivity96/repeat4-fold4/audit.json,models/tangent_center/candidates/1/fold_auc/2,0.8051948051948051
results/sensitivity96/repeat4-fold4/audit.json,models/tangent_center/candidates/2/mean_inner_auc,0.7734711869327254
results/sensitivity96/repeat4-fold4/audit.json,models/tangent_center/candidates/2/fold_auc/0,0.7159763313609467
results/sensitivity96/repeat4-fold4/audit.json,models/tangent_center/candidates/2/fold_auc/1,0.7797619047619048
results/sensitivity96/repeat4-fold4/audit.json,models/tangent_center/candidates/2/fold_auc/2,0.8246753246753247
results/sensitivity96/repeat4-fold4/audit.json,models/tangent_center/candidates/3/mean_inner_auc,0.7736515621131006
results/sensitivity96/repeat4-fold4/audit.json,models/tangent_center/candidates/3/fold_auc/0,0.7159763313609467
results/sensitivity96/repeat4-fold4/audit.json,models/tangent_center/candidates/3/fold_auc/1,0.7738095238095238
results/sensitivity96/repeat4-fold4/audit.json,models/tangent_center/candidates/3/fold_auc/2,0.8311688311688312
results/sensitivity96/repeat4-fold4/audit.json,models/tangent_center/chosen/mean_inner_auc,0.7736515621131006
results/sensitivity96/repeat4-fold4/audit.json,models/tangent_center/chosen/fold_auc/0,0.7159763313609467
results/sensitivity96/repeat4-fold4/audit.json,models/tangent_center/chosen/fold_auc/1,0.7738095238095238
results/sensitivity96/repeat4-fold4/audit.json,models/tangent_center/chosen/fold_auc/2,0.8311688311688312
results/sensitivity96/repeat4-fold4/audit.json,models/tangent_center/threshold/min_recall,0.6829268292682927
results/sensitivity96/repeat4-fold4/audit.json,models/tangent_center/threshold/balanced_accuracy,0.6886856368563685
results/sensitivity96/repeat4-fold4/audit.json,models/tangent_pca/candidates/0/mean_inner_auc,0.729291008137162
results/sensitivity96/repeat4-fold4/audit.json,models/tangent_pca/candidates/0/fold_auc/0,0.7100591715976331
results/sensitivity96/repeat4-fold4/audit.json,models/tangent_pca/candidates/0/fold_auc/1,0.7440476190476191
results/sensitivity96/repeat4-fold4/audit.json,models/tangent_pca/candidates/0/fold_auc/2,0.7337662337662338
results/sensitivity96/repeat4-fold4/audit.json,models/tangent_pca/candidates/1/mean_inner_auc,0.7276558911174296
results/sensitivity96/repeat4-fold4/audit.json,models/tangent_pca/candidates/1/fold_auc/0,0.7159763313609467
results/sensitivity96/repeat4-fold4/audit.json,models/tangent_pca/candidates/1/fold_auc/1,0.7202380952380951
results/sensitivity96/repeat4-fold4/audit.json,models/tangent_pca/candidates/1/fold_auc/2,0.7467532467532467
results/sensitivity96/repeat4-fold4/audit.json,models/tangent_pca/candidates/2/mean_inner_auc,0.7237228583382428
results/sensitivity96/repeat4-fold4/audit.json,models/tangent_pca/candidates/2/fold_auc/0,0.6982248520710058
results/sensitivity96/repeat4-fold4/audit.json,models/tangent_pca/candidates/2/fold_auc/1,0.726190476190476
results/sensitivity96/repeat4-fold4/audit.json,models/tangent_pca/candidates/2/fold_auc/2,0.7467532467532467
results/sensitivity96/repeat4-fold4/audit.json,models/tangent_pca/candidates/3/mean_inner_auc,0.7217387313541158
results/sensitivity96/repeat4-fold4/audit.json,models/tangent_pca/candidates/3/fold_auc/0,0.6982248520710058
results/sensitivity96/repeat4-fold4/audit.json,models/tangent_pca/candidates/3/fold_auc/1,0.7202380952380951
results/sensitivity96/repeat4-fold4/audit.json,models/tangent_pca/candidates/3/fold_auc/2,0.7467532467532467
results/sensitivity96/repeat4-fold4/audit.json,models/tangent_pca/candidates/4/mean_inner_auc,0.7220877413185106
results/sensitivity96/repeat4-fold4/audit.json,models/tangent_pca/candidates/4/fold_auc/0,0.7041420118343195
results/sensitivity96/repeat4-fold4/audit.json,models/tangent_pca/candidates/4/fold_auc/1,0.7023809523809523
results/sensitivity96/repeat4-fold4/audit.json,models/tangent_pca/candidates/4/fold_auc/2,0.7597402597402598
results/sensitivity96/repeat4-fold4/audit.json,models/tangent_pca/candidates/5/mean_inner_auc,0.7157511292126677
results/sensitivity96/repeat4-fold4/audit.json,models/tangent_pca/candidates/5/fold_auc/0,0.7159763313609467
results/sensitivity96/repeat4-fold4/audit.json,models/tangent_pca/candidates/5/fold_auc/1,0.6845238095238095
results/sensitivity96/repeat4-fold4/audit.json,models/tangent_pca/candidates/5/fold_auc/2,0.7467532467532467
results/sensitivity96/repeat4-fold4/audit.json,models/tangent_pca/candidates/6/mean_inner_auc,0.7229896172203865
results/sensitivity96/repeat4-fold4/audit.json,models/tangent_pca/candidates/6/fold_auc/0,0.7041420118343196
results/sensitivity96/repeat4-fold4/audit.json,models/tangent_pca/candidates/6/fold_auc/1,0.6726190476190476
results/sensitivity96/repeat4-fold4/audit.json,models/tangent_pca/candidates/6/fold_auc/2,0.7922077922077922
results/sensitivity96/repeat4-fold4/audit.json,models/tangent_pca/candidates/7/mean_inner_auc,0.7148727341035034
results/sensitivity96/repeat4-fold4/audit.json,models/tangent_pca/candidates/7/fold_auc/0,0.7041420118343196
results/sensitivity96/repeat4-fold4/audit.json,models/tangent_pca/candidates/7/fold_auc/1,0.6547619047619048
results/sensitivity96/repeat4-fold4/audit.json,models/tangent_pca/candidates/7/fold_auc/2,0.7857142857142857
results/sensitivity96/repeat4-fold4/audit.json,models/tangent_pca/chosen/mean_inner_auc,0.729291008137162
results/sensitivity96/repeat4-fold4/audit.json,models/tangent_pca/chosen/fold_auc/0,0.7100591715976331
results/sensitivity96/repeat4-fold4/audit.json,models/tangent_pca/chosen/fold_auc/1,0.7440476190476191
results/sensitivity96/repeat4-fold4/audit.json,models/tangent_pca/chosen/fold_auc/2,0.7337662337662338
results/sensitivity96/repeat4-fold4/audit.json,models/tangent_pca/threshold/min_recall,0.6829268292682927
results/sensitivity96/repeat4-fold4/audit.json,models/tangent_pca/threshold/balanced_accuracy,0.7025745257452575
results/sensitivity96/repeat4-fold4/audit.json,models/tangent_select/candidates/0/mean_inner_auc,0.7248872921949845
results/sensitivity96/repeat4-fold4/audit.json,models/tangent_select/candidates/0/fold_auc/0,0.6568047337278107
results/sensitivity96/repeat4-fold4/audit.json,models/tangent_select/candidates/0/fold_auc/1,0.8035714285714285
results/sensitivity96/repeat4-fold4/audit.json,models/tangent_select/candidates/0/fold_auc/2,0.7142857142857142
results/sensitivity96/repeat4-fold4/audit.json,models/tangent_select/candidates/1/mean_inner_auc,0.7229383863999249
results/sensitivity96/repeat4-fold4/audit.json,models/tangent_select/candidates/1/fold_auc/0,0.6390532544378699
results/sensitivity96/repeat4-fold4/audit.json,models/tangent_select/candidates/1/fold_auc/1,0.8154761904761905
results/sensitivity96/repeat4-fold4/audit.json,models/tangent_select/candidates/1/fold_auc/2,0.7142857142857143
results/sensitivity96/repeat4-fold4/audit.json,models/tangent_select/candidates/2/mean_inner_auc,0.7164096587173511
results/sensitivity96/repeat4-fold4/audit.json,models/tangent_select/candidates/2/fold_auc/0,0.6568047337278107
results/sensitivity96/repeat4-fold4/audit.json,models/tangent_select/candidates/2/fold_auc/1,0.7976190476190477
results/sensitivity96/repeat4-fold4/audit.json,models/tangent_select/candidates/2/fold_auc/2,0.6948051948051948
results/sensitivity96/repeat4-fold4/audit.json,models/tangent_select/candidates/3/mean_inner_auc,0.7104924989540374
results/sensitivity96/repeat4-fold4/audit.json,models/tangent_select/candidates/3/fold_auc/0,0.6390532544378699
results/sensitivity96/repeat4-fold4/audit.json,models/tangent_select/candidates/3/fold_auc/1,0.7976190476190476
results/sensitivity96/repeat4-fold4/audit.json,models/tangent_select/candidates/3/fold_auc/2,0.6948051948051949
results/sensitivity96/repeat4-fold4/audit.json,models/tangent_select/candidates/4/mean_inner_auc,0.7450658316042932
results/sensitivity96/repeat4-fold4/audit.json,models/tangent_select/candidates/4/fold_auc/0,0.6686390532544378
results/sensitivity96/repeat4-fold4/audit.json,models/tangent_select/candidates/4/fold_auc/1,0.7678571428571429
results/sensitivity96/repeat4-fold4/audit.json,models/tangent_select/candidates/4/fold_auc/2,0.7987012987012987
results/sensitivity96/repeat4-fold4/audit.json,models/tangent_select/candidates/5/mean_inner_auc,0.761264376648992
results/sensitivity96/repeat4-fold4/audit.json,models/tangent_select/candidates/5/fold_auc/0,0.6863905325443787
results/sensitivity96/repeat4-fold4/audit.json,models/tangent_select/candidates/5/fold_auc/1,0.7857142857142857
results/sensitivity96/repeat4-fold4/audit.json,models/tangent_select/candidates/5/fold_auc/2,0.8116883116883117
results/sensitivity96/repeat4-fold4/audit.json,models/tangent_select/candidates/6/mean_inner_auc,0.7551551013089476
results/sensitivity96/repeat4-fold4/audit.json,models/tangent_select/candidates/6/fold_auc/0,0.6745562130177515
results/sensitivity96/repeat4-fold4/audit.json,models/tangent_select/candidates/6/fold_auc/1,0.7857142857142857
results/sensitivity96/repeat4-fold4/audit.json,models/tangent_select/candidates/6/fold_auc/2,0.8051948051948052
results/sensitivity96/repeat4-fold4/audit.json,models/tangent_select/candidates/7/mean_inner_auc,0.7510182125566741
results/sensitivity96/repeat4-fold4/audit.json,models/tangent_select/candidates/7/fold_auc/0,0.668639053254438
results/sensitivity96/repeat4-fold4/audit.json,models/tangent_select/candidates/7/fold_auc/1,0.7857142857142857
results/sensitivity96/repeat4-fold4/audit.json,models/tangent_select/candidates/7/fold_auc/2,0.7987012987012987
results/sensitivity96/repeat4-fold4/audit.json,models/tangent_select/chosen/mean_inner_auc,0.761264376648992
results/sensitivity96/repeat4-fold4/audit.json,models/tangent_select/chosen/fold_auc/0,0.6863905325443787
results/sensitivity96/repeat4-fold4/audit.json,models/tangent_select/chosen/fold_auc/1,0.7857142857142857
results/sensitivity96/repeat4-fold4/audit.json,models/tangent_select/chosen/fold_auc/2,0.8116883116883117
results/sensitivity96/repeat4-fold4/audit.json,models/tangent_select/threshold/min_recall,0.6666666666666666
results/sensitivity96/repeat4-fold4/audit.json,models/tangent_select/threshold/balanced_accuracy,0.6869918699186992
results/sensitivity96/repeat4-fold5/audit.json,models/tangent_original/candidates/0/mean_inner_auc,0.7457070707070707
results/sensitivity96/repeat4-fold5/audit.json,models/tangent_original/candidates/0/fold_auc/0,0.7333333333333333
results/sensitivity96/repeat4-fold5/audit.json,models/tangent_original/candidates/0/fold_auc/1,0.8154761904761905
results/sensitivity96/repeat4-fold5/audit.json,models/tangent_original/candidates/0/fold_auc/2,0.6883116883116883
results/sensitivity96/repeat4-fold5/audit.json,models/tangent_original/candidates/1/mean_inner_auc,0.7579365079365079
results/sensitivity96/repeat4-fold5/audit.json,models/tangent_original/candidates/1/fold_auc/0,0.7575757575757576
results/sensitivity96/repeat4-fold5/audit.json,models/tangent_original/candidates/1/fold_auc/1,0.8214285714285714
results/sensitivity96/repeat4-fold5/audit.json,models/tangent_original/candidates/1/fold_auc/2,0.6948051948051948
results/sensitivity96/repeat4-fold5/audit.json,models/tangent_original/candidates/2/mean_inner_auc,0.76010101010101
results/sensitivity96/repeat4-fold5/audit.json,models/tangent_original/candidates/2/fold_auc/0,0.7575757575757576
results/sensitivity96/repeat4-fold5/audit.json,models/tangent_original/candidates/2/fold_auc/1,0.8214285714285714
results/sensitivity96/repeat4-fold5/audit.json,models/tangent_original/candidates/2/fold_auc/2,0.7012987012987013
results/sensitivity96/repeat4-fold5/audit.json,models/tangent_original/candidates/3/mean_inner_auc,0.7579365079365079
results/sensitivity96/repeat4-fold5/audit.json,models/tangent_original/candidates/3/fold_auc/0,0.7575757575757576
results/sensitivity96/repeat4-fold5/audit.json,models/tangent_original/candidates/3/fold_auc/1,0.8214285714285714
results/sensitivity96/repeat4-fold5/audit.json,models/tangent_original/candidates/3/fold_auc/2,0.6948051948051948
results/sensitivity96/repeat4-fold5/audit.json,models/tangent_original/chosen/mean_inner_auc,0.76010101010101
results/sensitivity96/repeat4-fold5/audit.json,models/tangent_original/chosen/fold_auc/0,0.7575757575757576
results/sensitivity96/repeat4-fold5/audit.json,models/tangent_original/chosen/fold_auc/1,0.8214285714285714
results/sensitivity96/repeat4-fold5/audit.json,models/tangent_original/chosen/fold_auc/2,0.7012987012987013
results/sensitivity96/repeat4-fold5/audit.json,models/tangent_original/threshold/min_recall,0.6744186046511628
results/sensitivity96/repeat4-fold5/audit.json,models/tangent_original/threshold/balanced_accuracy,0.6754445964432285
results/sensitivity96/repeat4-fold5/audit.json,models/tangent_center/candidates/0/mean_inner_auc,0.7510822510822511
results/sensitivity96/repeat4-fold5/audit.json,models/tangent_center/candidates/0/fold_auc/0,0.7272727272727273
results/sensitivity96/repeat4-fold5/audit.json,models/tangent_center/candidates/0/fold_auc/1,0.7857142857142856
results/sensitivity96/repeat4-fold5/audit.json,models/tangent_center/candidates/0/fold_auc/2,0.7402597402597403
results/sensitivity96/repeat4-fold5/audit.json,models/tangent_center/candidates/1/mean_inner_auc,0.7487734487734486
results/sensitivity96/repeat4-fold5/audit.json,models/tangent_center/candidates/1/fold_auc/0,0.7333333333333334
results/sensitivity96/repeat4-fold5/audit.json,models/tangent_center/candidates/1/fold_auc/1,0.7857142857142856
results/sensitivity96/repeat4-fold5/audit.json,models/tangent_center/candidates/1/fold_auc/2,0.7272727272727272
results/sensitivity96/repeat4-fold5/audit.json,models/tangent_center/candidates/2/mean_inner_auc,0.7663419913419913
results/sensitivity96/repeat4-fold5/audit.json,models/tangent_center/candidates/2/fold_auc/0,0.7757575757575758
results/sensitivity96/repeat4-fold5/audit.json,models/tangent_center/candidates/2/fold_auc/1,0.8154761904761905
results/sensitivity96/repeat4-fold5/audit.json,models/tangent_center/candidates/2/fold_auc/2,0.7077922077922078
results/sensitivity96/repeat4-fold5/audit.json,models/tangent_center/candidates/3/mean_inner_auc,0.7681818181818182
results/sensitivity96/repeat4-fold5/audit.json,models/tangent_center/candidates/3/fold_auc/0,0.7818181818181817
results/sensitivity96/repeat4-fold5/audit.json,models/tangent_center/candidates/3/fold_auc/1,0.8214285714285714
results/sensitivity96/repeat4-fold5/audit.json,models/tangent_center/candidates/3/fold_auc/2,0.7012987012987013
results/sensitivity96/repeat4-fold5/audit.json,models/tangent_center/chosen/mean_inner_auc,0.7681818181818182
results/sensitivity96/repeat4-fold5/audit.json,models/tangent_center/chosen/fold_auc/0,0.7818181818181817
results/sensitivity96/repeat4-fold5/audit.json,models/tangent_center/chosen/fold_auc/1,0.8214285714285714
results/sensitivity96/repeat4-fold5/audit.json,models/tangent_center/chosen/fold_auc/2,0.7012987012987013
results/sensitivity96/repeat4-fold5/audit.json,models/tangent_center/threshold/min_recall,0.6976744186046512
results/sensitivity96/repeat4-fold5/audit.json,models/tangent_center/threshold/balanced_accuracy,0.7017783857729138
results/sensitivity96/repeat4-fold5/audit.json,models/tangent_pca/candidates/0/mean_inner_auc,0.7378427128427129
results/sensitivity96/repeat4-fold5/audit.json,models/tangent_pca/candidates/0/fold_auc/0,0.7151515151515151
results/sensitivity96/repeat4-fold5/audit.json,models/tangent_pca/candidates/0/fold_auc/1,0.8035714285714285
results/sensitivity96/repeat4-fold5/audit.json,models/tangent_pca/candidates/0/fold_auc/2,0.6948051948051949
results/sensitivity96/repeat4-fold5/audit.json,models/tangent_pca/candidates/1/mean_inner_auc,0.7221861471861472
results/sensitivity96/repeat4-fold5/audit.json,models/tangent_pca/candidates/1/fold_auc/0,0.7212121212121212
results/sensitivity96/repeat4-fold5/audit.json,models/tangent_pca/candidates/1/fold_auc/1,0.8154761904761905
results/sensitivity96/repeat4-fold5/audit.json,models/tangent_pca/candidates/1/fold_auc/2,0.6298701298701299
results/sensitivity96/repeat4-fold5/audit.json,models/tangent_pca/candidates/2/mean_inner_auc,0.7240259740259741
results/sensitivity96/repeat4-fold5/audit.json,models/tangent_pca/candidates/2/fold_auc/0,0.7272727272727273
results/sensitivity96/repeat4-fold5/audit.json,models/tangent_pca/candidates/2/fold_auc/1,0.8214285714285714
results/sensitivity96/repeat4-fold5/audit.json,models/tangent_pca/candidates/2/fold_auc/2,0.6233766233766234
results/sensitivity96/repeat4-fold5/audit.json,models/tangent_pca/candidates/3/mean_inner_auc,0.7240259740259741
results/sensitivity96/repeat4-fold5/audit.json,models/tangent_pca/candidates/3/fold_auc/0,0.7272727272727273
results/sensitivity96/repeat4-fold5/audit.json,models/tangent_pca/candidates/3/fold_auc/1,0.8214285714285714
results/sensitivity96/repeat4-fold5/audit.json,models/tangent_pca/candidates/3/fold_auc/2,0.6233766233766234
results/sensitivity96/repeat4-fold5/audit.json,models/tangent_pca/candidates/4/mean_inner_auc,0.7226911976911977
results/sensitivity96/repeat4-fold5/audit.json,models/tangent_pca/candidates/4/fold_auc/0,0.6848484848484848
results/sensitivity96/repeat4-fold5/audit.json,models/tangent_pca/candidates/4/fold_auc/1,0.8273809523809523
results/sensitivity96/repeat4-fold5/audit.json,models/tangent_pca/candidates/4/fold_auc/2,0.6558441558441559
results/sensitivity96/repeat4-fold5/audit.json,models/tangent_pca/candidates/5/mean_inner_auc,0.7279220779220777
results/sensitivity96/repeat4-fold5/audit.json,models/tangent_pca/candidates/5/fold_auc/0,0.7151515151515152
results/sensitivity96/repeat4-fold5/audit.json,models/tangent_pca/candidates/5/fold_auc/1,0.8452380952380951
results/sensitivity96/repeat4-fold5/audit.json,models/tangent_pca/candidates/5/fold_auc/2,0.6233766233766234
results/sensitivity96/repeat4-fold5/audit.json,models/tangent_pca/candidates/6/mean_inner_auc,0.711976911976912
results/sensitivity96/repeat4-fold5/audit.json,models/tangent_pca/candidates/6/fold_auc/0,0.7030303030303031
results/sensitivity96/repeat4-fold5/audit.json,models/tangent_pca/candidates/6/fold_auc/1,0.8095238095238094
results/sensitivity96/repeat4-fold5/audit.json,models/tangent_pca/candidates/6/fold_auc/2,0.6233766233766234
results/sensitivity96/repeat4-fold5/audit.json,models/tangent_pca/candidates/7/mean_inner_auc,0.7084415584415584
results/sensitivity96/repeat4-fold5/audit.json,models/tangent_pca/candidates/7/fold_auc/0,0.6848484848484848
results/sensitivity96/repeat4-fold5/audit.json,models/tangent_pca/candidates/7/fold_auc/1,0.7976190476190474
results/sensitivity96/repeat4-fold5/audit.json,models/tangent_pca/candidates/7/fold_auc/2,0.6428571428571428
results/sensitivity96/repeat4-fold5/audit.json,models/tangent_pca/chosen/mean_inner_auc,0.7378427128427129
results/sensitivity96/repeat4-fold5/audit.json,models/tangent_pca/chosen/fold_auc/0,0.7151515151515151
results/sensitivity96/repeat4-fold5/audit.json,models/tangent_pca/chosen/fold_auc/1,0.8035714285714285
results/sensitivity96/repeat4-fold5/audit.json,models/tangent_pca/chosen/fold_auc/2,0.6948051948051949
results/sensitivity96/repeat4-fold5/audit.json,models/tangent_pca/threshold/min_recall,0.6976744186046512
results/sensitivity96/repeat4-fold5/audit.json,models/tangent_pca/threshold/balanced_accuracy,0.716484268125855
results/sensitivity96/repeat4-fold5/audit.json,models/tangent_select/candidates/0/mean_inner_auc,0.7159090909090908
results/sensitivity96/repeat4-fold5/audit.json,models/tangent_select/candidates/0/fold_auc/0,0.6363636363636364
results/sensitivity96/repeat4-fold5/audit.json,models/tangent_select/candidates/0/fold_auc/1,0.8035714285714285
results/sensitivity96/repeat4-fold5/audit.json,models/tangent_select/candidates/0/fold_auc/2,0.7077922077922079
results/sensitivity96/repeat4-fold5/audit.json,models/tangent_select/candidates/1/mean_inner_auc,0.7134920634920635
results/sensitivity96/repeat4-fold5/audit.json,models/tangent_select/candidates/1/fold_auc/0,0.6242424242424242
results/sensitivity96/repeat4-fold5/audit.json,models/tangent_select/candidates/1/fold_auc/1,0.8214285714285715
results/sensitivity96/repeat4-fold5/audit.json,models/tangent_select/candidates/1/fold_auc/2,0.6948051948051948
results/sensitivity96/repeat4-fold5/audit.json,models/tangent_select/candidates/2/mean_inner_auc,0.7093434343434343
results/sensitivity96/repeat4-fold5/audit.json,models/tangent_select/candidates/2/fold_auc/0,0.6242424242424243
results/sensitivity96/repeat4-fold5/audit.json,models/tangent_select/candidates/2/fold_auc/1,0.8154761904761905
results/sensitivity96/repeat4-fold5/audit.json,models/tangent_select/candidates/2/fold_auc/2,0.6883116883116883
results/sensitivity96/repeat4-fold5/audit.json,models/tangent_select/candidates/3/mean_inner_auc,0.701190476190476
results/sensitivity96/repeat4-fold5/audit.json,models/tangent_select/candidates/3/fold_auc/0,0.6181818181818182
results/sensitivity96/repeat4-fold5/audit.json,models/tangent_select/candidates/3/fold_auc/1,0.8035714285714285
results/sensitivity96/repeat4-fold5/audit.json,models/tangent_select/candidates/3/fold_auc/2,0.6818181818181818
results/sensitivity96/repeat4-fold5/audit.json,models/tangent_select/candidates/4/mean_inner_auc,0.7336219336219337
results/sensitivity96/repeat4-fold5/audit.json,models/tangent_select/candidates/4/fold_auc/0,0.7030303030303031
results/sensitivity96/repeat4-fold5/audit.json,models/tangent_select/candidates/4/fold_auc/1,0.8095238095238095
results/sensitivity96/repeat4-fold5/audit.json,models/tangent_select/candidates/4/fold_auc/2,0.6883116883116883
results/sensitivity96/repeat4-fold5/audit.json,models/tangent_select/candidates/5/mean_inner_auc,0.7352813852813854
results/sensitivity96/repeat4-fold5/audit.json,models/tangent_select/candidates/5/fold_auc/0,0.7090909090909091
results/sensitivity96/repeat4-fold5/audit.json,models/tangent_select/candidates/5/fold_auc/1,0.8214285714285715
results/sensitivity96/repeat4-fold5/audit.json,models/tangent_select/candidates/5/fold_auc/2,0.6753246753246753
results/sensitivity96/repeat4-fold5/audit.json,models/tangent_select/candidates/6/mean_inner_auc,0.7250721500721501
results/sensitivity96/repeat4-fold5/audit.json,models/tangent_select/candidates/6/fold_auc/0,0.6909090909090909
results/sensitivity96/repeat4-fold5/audit.json,models/tangent_select/candidates/6/fold_auc/1,0.8154761904761905
results/sensitivity96/repeat4-fold5/audit.json,models/tangent_select/candidates/6/fold_auc/2,0.6688311688311688
results/sensitivity96/repeat4-fold5/audit.json,models/tangent_select/candidates/7/mean_inner_auc,0.7272366522366522
results/sensitivity96/repeat4-fold5/audit.json,models/tangent_select/candidates/7/fold_auc/0,0.6909090909090909
results/sensitivity96/repeat4-fold5/audit.json,models/tangent_select/candidates/7/fold_auc/1,0.8154761904761905
results/sensitivity96/repeat4-fold5/audit.json,models/tangent_select/candidates/7/fold_auc/2,0.6753246753246753
results/sensitivity96/repeat4-fold5/audit.json,models/tangent_select/chosen/mean_inner_auc,0.7352813852813854
results/sensitivity96/repeat4-fold5/audit.json,models/tangent_select/chosen/fold_auc/0,0.7090909090909091
results/sensitivity96/repeat4-fold5/audit.json,models/tangent_select/chosen/fold_auc/1,0.8214285714285715
results/sensitivity96/repeat4-fold5/audit.json,models/tangent_select/chosen/fold_auc/2,0.6753246753246753
results/sensitivity96/repeat4-fold5/audit.json,models/tangent_select/threshold/min_recall,0.6744186046511628
results/sensitivity96/repeat4-fold5/audit.json,models/tangent_select/threshold/balanced_accuracy,0.6754445964432285
results/sensitivity96/repeat5-fold1/audit.json,models/tangent_original/candidates/0/mean_inner_auc,0.7788600288600288
results/sensitivity96/repeat5-fold1/audit.json,models/tangent_original/candidates/0/fold_auc/0,0.869047619047619
results/sensitivity96/repeat5-fold1/audit.json,models/tangent_original/candidates/0/fold_auc/1,0.7402597402597403
results/sensitivity96/repeat5-fold1/audit.json,models/tangent_original/candidates/0/fold_auc/2,0.7272727272727272
results/sensitivity96/repeat5-fold1/audit.json,models/tangent_original/candidates/1/mean_inner_auc,0.7936507936507936
results/sensitivity96/repeat5-fold1/audit.json,models/tangent_original/candidates/1/fold_auc/0,0.880952380952381
results/sensitivity96/repeat5-fold1/audit.json,models/tangent_original/candidates/1/fold_auc/1,0.7532467532467533
results/sensitivity96/repeat5-fold1/audit.json,models/tangent_original/candidates/1/fold_auc/2,0.7467532467532467
results/sensitivity96/repeat5-fold1/audit.json,models/tangent_original/candidates/2/mean_inner_auc,0.8023088023088022
results/sensitivity96/repeat5-fold1/audit.json,models/tangent_original/candidates/2/fold_auc/0,0.880952380952381
results/sensitivity96/repeat5-fold1/audit.json,models/tangent_original/candidates/2/fold_auc/1,0.7532467532467533
results/sensitivity96/repeat5-fold1/audit.json,models/tangent_original/candidates/2/fold_auc/2,0.7727272727272727
results/sensitivity96/repeat5-fold1/audit.json,models/tangent_original/candidates/3/mean_inner_auc,0.8044733044733045
results/sensitivity96/repeat5-fold1/audit.json,models/tangent_original/candidates/3/fold_auc/0,0.880952380952381
results/sensitivity96/repeat5-fold1/audit.json,models/tangent_original/candidates/3/fold_auc/1,0.7597402597402597
results/sensitivity96/repeat5-fold1/audit.json,models/tangent_original/candidates/3/fold_auc/2,0.7727272727272727
results/sensitivity96/repeat5-fold1/audit.json,models/tangent_original/chosen/mean_inner_auc,0.8044733044733045
results/sensitivity96/repeat5-fold1/audit.json,models/tangent_original/chosen/fold_auc/0,0.880952380952381
results/sensitivity96/repeat5-fold1/audit.json,models/tangent_original/chosen/fold_auc/1,0.7597402597402597
results/sensitivity96/repeat5-fold1/audit.json,models/tangent_original/chosen/fold_auc/2,0.7727272727272727
results/sensitivity96/repeat5-fold1/audit.json,models/tangent_original/threshold/min_recall,0.7619047619047619
results/sensitivity96/repeat5-fold1/audit.json,models/tangent_original/threshold/balanced_accuracy,0.7780112044817926
results/sensitivity96/repeat5-fold1/audit.json,models/tangent_center/candidates/0/mean_inner_auc,0.7619047619047619
results/sensitivity96/repeat5-fold1/audit.json,models/tangent_center/candidates/0/fold_auc/0,0.8571428571428571
results/sensitivity96/repeat5-fold1/audit.json,models/tangent_center/candidates/0/fold_auc/1,0.7402597402597403
results/sensitivity96/repeat5-fold1/audit.json,models/tangent_center/candidates/0/fold_auc/2,0.6883116883116883
results/sensitivity96/repeat5-fold1/audit.json,models/tangent_center/candidates/1/mean_inner_auc,0.7662337662337663
results/sensitivity96/repeat5-fold1/audit.json,models/tangent_center/candidates/1/fold_auc/0,0.8571428571428572
results/sensitivity96/repeat5-fold1/audit.json,models/tangent_center/candidates/1/fold_auc/1,0.7402597402597403
results/sensitivity96/repeat5-fold1/audit.json,models/tangent_center/candidates/1/fold_auc/2,0.7012987012987013
results/sensitivity96/repeat5-fold1/audit.json,models/tangent_center/candidates/2/mean_inner_auc,0.7707431457431458
results/sensitivity96/repeat5-fold1/audit.json,models/tangent_center/candidates/2/fold_auc/0,0.8511904761904762
results/sensitivity96/repeat5-fold1/audit.json,models/tangent_center/candidates/2/fold_auc/1,0.7532467532467533
results/sensitivity96/repeat5-fold1/audit.json,models/tangent_center/candidates/2/fold_auc/2,0.7077922077922079
results/sensitivity96/repeat5-fold1/audit.json,models/tangent_center/candidates/3/mean_inner_auc,0.7835497835497836
results/sensitivity96/repeat5-fold1/audit.json,models/tangent_center/candidates/3/fold_auc/0,0.8571428571428571
results/sensitivity96/repeat5-fold1/audit.json,models/tangent_center/candidates/3/fold_auc/1,0.7597402597402597
results/sensitivity96/repeat5-fold1/audit.json,models/tangent_center/candidates/3/fold_auc/2,0.7337662337662337
results/sensitivity96/repeat5-fold1/audit.json,models/tangent_center/chosen/mean_inner_auc,0.7835497835497836
results/sensitivity96/repeat5-fold1/audit.json,models/tangent_center/chosen/fold_auc/0,0.8571428571428571
results/sensitivity96/repeat5-fold1/audit.json,models/tangent_center/chosen/fold_auc/1,0.7597402597402597
results/sensitivity96/repeat5-fold1/audit.json,models/tangent_center/chosen/fold_auc/2,0.7337662337662337
results/sensitivity96/repeat5-fold1/audit.json,models/tangent_center/threshold/min_recall,0.7380952380952381
results/sensitivity96/repeat5-fold1/audit.json,models/tangent_center/threshold/balanced_accuracy,0.7514005602240896
results/sensitivity96/repeat5-fold1/audit.json,models/tangent_pca/candidates/0/mean_inner_auc,0.6991341991341992
results/sensitivity96/repeat5-fold1/audit.json,models/tangent_pca/candidates/0/fold_auc/0,0.7857142857142857
results/sensitivity96/repeat5-fold1/audit.json,models/tangent_pca/candidates/0/fold_auc/1,0.6428571428571428
results/sensitivity96/repeat5-fold1/audit.json,models/tangent_pca/candidates/0/fold_auc/2,0.6688311688311688
results/sensitivity96/repeat5-fold1/audit.json,models/tangent_pca/candidates/1/mean_inner_auc,0.7070707070707071
results/sensitivity96/repeat5-fold1/audit.json,models/tangent_pca/candidates/1/fold_auc/0,0.8095238095238095
results/sensitivity96/repeat5-fold1/audit.json,models/tangent_pca/candidates/1/fold_auc/1,0.6363636363636365
results/sensitivity96/repeat5-fold1/audit.json,models/tangent_pca/candidates/1/fold_auc/2,0.6753246753246753
results/sensitivity96/repeat5-fold1/audit.json,models/tangent_pca/candidates/2/mean_inner_auc,0.7112193362193362
results/sensitivity96/repeat5-fold1/audit.json,models/tangent_pca/candidates/2/fold_auc/0,0.8154761904761905
results/sensitivity96/repeat5-fold1/audit.json,models/tangent_pca/candidates/2/fold_auc/1,0.6298701298701299
results/sensitivity96/repeat5-fold1/audit.json,models/tangent_pca/candidates/2/fold_auc/2,0.6883116883116883
results/sensitivity96/repeat5-fold1/audit.json,models/tangent_pca/candidates/3/mean_inner_auc,0.7112193362193362
results/sensitivity96/repeat5-fold1/audit.json,models/tangent_pca/candidates/3/fold_auc/0,0.8154761904761905
results/sensitivity96/repeat5-fold1/audit.json,models/tangent_pca/candidates/3/fold_auc/1,0.6298701298701299
results/sensitivity96/repeat5-fold1/audit.json,models/tangent_pca/candidates/3/fold_auc/2,0.6883116883116883
results/sensitivity96/repeat5-fold1/audit.json,models/tangent_pca/candidates/4/mean_inner_auc,0.720959595959596
results/sensitivity96/repeat5-fold1/audit.json,models/tangent_pca/candidates/4/fold_auc/0,0.8511904761904762
results/sensitivity96/repeat5-fold1/audit.json,models/tangent_pca/candidates/4/fold_auc/1,0.6623376623376624
results/sensitivity96/repeat5-fold1/audit.json,models/tangent_pca/candidates/4/fold_auc/2,0.6493506493506493
results/sensitivity96/repeat5-fold1/audit.json,models/tangent_pca/candidates/5/mean_inner_auc,0.7184343434343434
results/sensitivity96/repeat5-fold1/audit.json,models/tangent_pca/candidates/5/fold_auc/0,0.863095238095238
results/sensitivity96/repeat5-fold1/audit.json,models/tangent_pca/candidates/5/fold_auc/1,0.6688311688311688
results/sensitivity96/repeat5-fold1/audit.json,models/tangent_pca/candidates/5/fold_auc/2,0.6233766233766234
results/sensitivity96/repeat5-fold1/audit.json,models/tangent_pca/candidates/6/mean_inner_auc,0.7249278499278499
results/sensitivity96/repeat5-fold1/audit.json,models/tangent_pca/candidates/6/fold_auc/0,0.863095238095238
results/sensitivity96/repeat5-fold1/audit.json,models/tangent_pca/candidates/6/fold_auc/1,0.6688311688311688
results/sensitivity96/repeat5-fold1/audit.json,models/tangent_pca/candidates/6/fold_auc/2,0.6428571428571428
results/sensitivity96/repeat5-fold1/audit.json,models/tangent_pca/candidates/7/mean_inner_auc,0.7420634920634921
results/sensitivity96/repeat5-fold1/audit.json,models/tangent_pca/candidates/7/fold_auc/0,0.8690476190476191
results/sensitivity96/repeat5-fold1/audit.json,models/tangent_pca/candidates/7/fold_auc/1,0.6688311688311688
results/sensitivity96/repeat5-fold1/audit.json,models/tangent_pca/candidates/7/fold_auc/2,0.6883116883116883
results/sensitivity96/repeat5-fold1/audit.json,models/tangent_pca/chosen/mean_inner_auc,0.7420634920634921
results/sensitivity96/repeat5-fold1/audit.json,models/tangent_pca/chosen/fold_auc/0,0.8690476190476191
results/sensitivity96/repeat5-fold1/audit.json,models/tangent_pca/chosen/fold_auc/1,0.6688311688311688
results/sensitivity96/repeat5-fold1/audit.json,models/tangent_pca/chosen/fold_auc/2,0.6883116883116883
results/sensitivity96/repeat5-fold1/audit.json,models/tangent_pca/threshold/min_recall,0.7352941176470589
results/sensitivity96/repeat5-fold1/audit.json,models/tangent_pca/threshold/balanced_accuracy,0.7366946778711485
results/sensitivity96/repeat5-fold1/audit.json,models/tangent_select/candidates/0/mean_inner_auc,0.7191558441558442
results/sensitivity96/repeat5-fold1/audit.json,models/tangent_select/candidates/0/fold_auc/0,0.7678571428571428
results/sensitivity96/repeat5-fold1/audit.json,models/tangent_select/candidates/0/fold_auc/1,0.7077922077922079
results/sensitivity96/repeat5-fold1/audit.json,models/tangent_select/candidates/0/fold_auc/2,0.6818181818181819
results/sensitivity96/repeat5-fold1/audit.json,models/tangent_select/candidates/1/mean_inner_auc,0.7124819624819625
results/sensitivity96/repeat5-fold1/audit.json,models/tangent_select/candidates/1/fold_auc/0,0.7738095238095237
results/sensitivity96/repeat5-fold1/audit.json,models/tangent_select/candidates/1/fold_auc/1,0.7012987012987013
results/sensitivity96/repeat5-fold1/audit.json,models/tangent_select/candidates/1/fold_auc/2,0.6623376623376623
results/sensitivity96/repeat5-fold1/audit.json,models/tangent_select/candidates/2/mean_inner_auc,0.7058080808080808
results/sensitivity96/repeat5-fold1/audit.json,models/tangent_select/candidates/2/fold_auc/0,0.7797619047619047
results/sensitivity96/repeat5-fold1/audit.json,models/tangent_select/candidates/2/fold_auc/1,0.6948051948051949
results/sensitivity96/repeat5-fold1/audit.json,models/tangent_select/candidates/2/fold_auc/2,0.6428571428571429
results/sensitivity96/repeat5-fold1/audit.json,models/tangent_select/candidates/3/mean_inner_auc,0.7103174603174603
results/sensitivity96/repeat5-fold1/audit.json,models/tangent_select/candidates/3/fold_auc/0,0.7738095238095237
results/sensitivity96/repeat5-fold1/audit.json,models/tangent_select/candidates/3/fold_auc/1,0.7012987012987013
results/sensitivity96/repeat5-fold1/audit.json,models/tangent_select/candidates/3/fold_auc/2,0.6558441558441559
results/sensitivity96/repeat5-fold1/audit.json,models/tangent_select/candidates/4/mean_inner_auc,0.7077922077922079
results/sensitivity96/repeat5-fold1/audit.json,models/tangent_select/candidates/4/fold_auc/0,0.7857142857142857
results/sensitivity96/repeat5-fold1/audit.json,models/tangent_select/candidates/4/fold_auc/1,0.6818181818181819
results/sensitivity96/repeat5-fold1/audit.json,models/tangent_select/candidates/4/fold_auc/2,0.6558441558441558
results/sensitivity96/repeat5-fold1/audit.json,models/tangent_select/candidates/5/mean_inner_auc,0.7076118326118325
results/sensitivity96/repeat5-fold1/audit.json,models/tangent_select/candidates/5/fold_auc/0,0.7916666666666666
results/sensitivity96/repeat5-fold1/audit.json,models/tangent_select/candidates/5/fold_auc/1,0.7142857142857143
results/sensitivity96/repeat5-fold1/audit.json,models/tangent_select/candidates/5/fold_auc/2,0.6168831168831168
results/sensitivity96/repeat5-fold1/audit.json,models/tangent_select/candidates/6/mean_inner_auc,0.7077922077922078
results/sensitivity96/repeat5-fold1/audit.json,models/tangent_select/candidates/6/fold_auc/0,0.7857142857142856
results/sensitivity96/repeat5-fold1/audit.json,models/tangent_select/candidates/6/fold_auc/1,0.7272727272727273
results/sensitivity96/repeat5-fold1/audit.json,models/tangent_select/candidates/6/fold_auc/2,0.6103896103896104
results/sensitivity96/repeat5-fold1/audit.json,models/tangent_select/candidates/7/mean_inner_auc,0.714105339105339
results/sensitivity96/repeat5-fold1/audit.json,models/tangent_select/candidates/7/fold_auc/0,0.7916666666666666
results/sensitivity96/repeat5-fold1/audit.json,models/tangent_select/candidates/7/fold_auc/1,0.7402597402597403
results/sensitivity96/repeat5-fold1/audit.json,models/tangent_select/candidates/7/fold_auc/2,0.6103896103896104
results/sensitivity96/repeat5-fold1/audit.json,models/tangent_select/chosen/mean_inner_auc,0.7191558441558442
results/sensitivity96/repeat5-fold1/audit.json,models/tangent_select/chosen/fold_auc/0,0.7678571428571428
results/sensitivity96/repeat5-fold1/audit.json,models/tangent_select/chosen/fold_auc/1,0.7077922077922079
results/sensitivity96/repeat5-fold1/audit.json,models/tangent_select/chosen/fold_auc/2,0.6818181818181819
results/sensitivity96/repeat5-fold1/audit.json,models/tangent_select/threshold/min_recall,0.6470588235294118
results/sensitivity96/repeat5-fold1/audit.json,models/tangent_select/threshold/balanced_accuracy,0.6568627450980392
results/sensitivity96/repeat5-fold2/audit.json,models/tangent_original/candidates/0/mean_inner_auc,0.765154717077794
results/sensitivity96/repeat5-fold2/audit.json,models/tangent_original/candidates/0/fold_auc/0,0.8165680473372781
results/sensitivity96/repeat5-fold2/audit.json,models/tangent_original/candidates/0/fold_auc/1,0.6607142857142857
results/sensitivity96/repeat5-fold2/audit.json,models/tangent_original/candidates/0/fold_auc/2,0.8181818181818181
results/sensitivity96/repeat5-fold2/audit.json,models/tangent_original/candidates/1/mean_inner_auc,0.7707228668767131
results/sensitivity96/repeat5-fold2/audit.json,models/tangent_original/candidates/1/fold_auc/0,0.8284023668639053
results/sensitivity96/repeat5-fold2/audit.json,models/tangent_original/candidates/1/fold_auc/1,0.6785714285714286
results/sensitivity96/repeat5-fold2/audit.json,models/tangent_original/candidates/1/fold_auc/2,0.8051948051948051
results/sensitivity96/repeat5-fold2/audit.json,models/tangent_original/candidates/2/mean_inner_auc,0.7624256085794547
results/sensitivity96/repeat5-fold2/audit.json,models/tangent_original/candidates/2/fold_auc/0,0.8284023668639053
results/sensitivity96/repeat5-fold2/audit.json,models/tangent_original/candidates/2/fold_auc/1,0.6666666666666667
results/sensitivity96/repeat5-fold2/audit.json,models/tangent_original/candidates/2/fold_auc/2,0.7922077922077921
results/sensitivity96/repeat5-fold2/audit.json,models/tangent_original/candidates/3/mean_inner_auc,0.7624256085794547
results/sensitivity96/repeat5-fold2/audit.json,models/tangent_original/candidates/3/fold_auc/0,0.8284023668639053
results/sensitivity96/repeat5-fold2/audit.json,models/tangent_original/candidates/3/fold_auc/1,0.6666666666666667
results/sensitivity96/repeat5-fold2/audit.json,models/tangent_original/candidates/3/fold_auc/2,0.7922077922077921
results/sensitivity96/repeat5-fold2/audit.json,models/tangent_original/chosen/mean_inner_auc,0.7707228668767131
results/sensitivity96/repeat5-fold2/audit.json,models/tangent_original/chosen/fold_auc/0,0.8284023668639053
results/sensitivity96/repeat5-fold2/audit.json,models/tangent_original/chosen/fold_auc/1,0.6785714285714286
results/sensitivity96/repeat5-fold2/audit.json,models/tangent_original/chosen/fold_auc/2,0.8051948051948051
results/sensitivity96/repeat5-fold2/audit.json,models/tangent_original/threshold/min_recall,0.6666666666666666
results/sensitivity96/repeat5-fold2/audit.json,models/tangent_original/threshold/balanced_accuracy,0.6869918699186992
results/sensitivity96/repeat5-fold2/audit.json,models/tangent_center/candidates/0/mean_inner_auc,0.743207647053801
results/sensitivity96/repeat5-fold2/audit.json,models/tangent_center/candidates/0/fold_auc/0,0.7869822485207101
results/sensitivity96/repeat5-fold2/audit.json,models/tangent_center/candidates/0/fold_auc/1,0.630952380952381
results/sensitivity96/repeat5-fold2/audit.json,models/tangent_center/candidates/0/fold_auc/2,0.8116883116883117
results/sensitivity96/repeat5-fold2/audit.json,models/tangent_center/candidates/1/mean_inner_auc,0.7431841662610893
results/sensitivity96/repeat5-fold2/audit.json,models/tangent_center/candidates/1/fold_auc/0,0.7988165680473372
results/sensitivity96/repeat5-fold2/audit.json,models/tangent_center/candidates/1/fold_auc/1,0.6190476190476191
results/sensitivity96/repeat5-fold2/audit.json,models/tangent_center/candidates/1/fold_auc/2,0.8116883116883117
results/sensitivity96/repeat5-fold2/audit.json,models/tangent_center/candidates/2/mean_inner_auc,0.7510971934048857
results/sensitivity96/repeat5-fold2/audit.json,models/tangent_center/candidates/2/fold_auc/0,0.8106508875739645
results/sensitivity96/repeat5-fold2/audit.json,models/tangent_center/candidates/2/fold_auc/1,0.6309523809523809
results/sensitivity96/repeat5-fold2/audit.json,models/tangent_center/candidates/2/fold_auc/2,0.8116883116883117
results/sensitivity96/repeat5-fold2/audit.json,models/tangent_center/candidates/3/mean_inner_auc,0.752685348839195
results/sensitivity96/repeat5-fold2/audit.json,models/tangent_center/candidates/3/fold_auc/0,0.8284023668639053
results/sensitivity96/repeat5-fold2/audit.json,models/tangent_center/candidates/3/fold_auc/1,0.6309523809523809
results/sensitivity96/repeat5-fold2/audit.json,models/tangent_center/candidates/3/fold_auc/2,0.7987012987012987
results/sensitivity96/repeat5-fold2/audit.json,models/tangent_center/chosen/mean_inner_auc,0.752685348839195
results/sensitivity96/repeat5-fold2/audit.json,models/tangent_center/chosen/fold_auc/0,0.8284023668639053
results/sensitivity96/repeat5-fold2/audit.json,models/tangent_center/chosen/fold_auc/1,0.6309523809523809
results/sensitivity96/repeat5-fold2/audit.json,models/tangent_center/chosen/fold_auc/2,0.7987012987012987
results/sensitivity96/repeat5-fold2/audit.json,models/tangent_center/threshold/min_recall,0.6944444444444444
results/sensitivity96/repeat5-fold2/audit.json,models/tangent_center/threshold/balanced_accuracy,0.700880758807588
results/sensitivity96/repeat5-fold2/audit.json,models/tangent_pca/candidates/0/mean_inner_auc,0.6941178479640019
results/sensitivity96/repeat5-fold2/audit.json,models/tangent_pca/candidates/0/fold_auc/0,0.7100591715976331
results/sensitivity96/repeat5-fold2/audit.json,models/tangent_pca/candidates/0/fold_auc/1,0.6190476190476191
results/sensitivity96/repeat5-fold2/audit.json,models/tangent_pca/candidates/0/fold_auc/2,0.7532467532467533
results/sensitivity96/repeat5-fold2/audit.json,models/tangent_pca/candidates/1/mean_inner_auc,0.6966431004892545
results/sensitivity96/repeat5-fold2/audit.json,models/tangent_pca/candidates/1/fold_auc/0,0.7100591715976331
results/sensitivity96/repeat5-fold2/audit.json,models/tangent_pca/candidates/1/fold_auc/1,0.6071428571428572
results/sensitivity96/repeat5-fold2/audit.json,models/tangent_pca/candidates/1/fold_auc/2,0.7727272727272727
results/sensitivity96/repeat5-fold2/audit.json,models/tangent_pca/candidates/2/mean_inner_auc,0.6865420903882442
results/sensitivity96/repeat5-fold2/audit.json,models/tangent_pca/candidates/2/fold_auc/0,0.7100591715976331
results/sensitivity96/repeat5-fold2/audit.json,models/tangent_pca/candidates/2/fold_auc/1,0.5833333333333334
results/sensitivity96/repeat5-fold2/audit.json,models/tangent_pca/candidates/2/fold_auc/2,0.7662337662337663
results/sensitivity96/repeat5-fold2/audit.json,models/tangent_pca/candidates/3/mean_inner_auc,0.6905103443564982
results/sensitivity96/repeat5-fold2/audit.json,models/tangent_pca/candidates/3/fold_auc/0,0.7100591715976331
results/sensitivity96/repeat5-fold2/audit.json,models/tangent_pca/candidates/3/fold_auc/1,0.5952380952380952
results/sensitivity96/repeat5-fold2/audit.json,models/tangent_pca/candidates/3/fold_auc/2,0.7662337662337663
results/sensitivity96/repeat5-fold2/audit.json,models/tangent_pca/candidates/4/mean_inner_auc,0.711253490099644
results/sensitivity96/repeat5-fold2/audit.json,models/tangent_pca/candidates/4/fold_auc/0,0.7100591715976331
results/sensitivity96/repeat5-fold2/audit.json,models/tangent_pca/candidates/4/fold_auc/1,0.625
results/sensitivity96/repeat5-fold2/audit.json,models/tangent_pca/candidates/4/fold_auc/2,0.7987012987012987
results/sensitivity96/repeat5-fold2/audit.json,models/tangent_pca/candidates/5/mean_inner_auc,0.7029327510096741
results/sensitivity96/repeat5-fold2/audit.json,models/tangent_pca/candidates/5/fold_auc/0,0.7218934911242604
results/sensitivity96/repeat5-fold2/audit.json,models/tangent_pca/candidates/5/fold_auc/1,0.6011904761904763
results/sensitivity96/repeat5-fold2/audit.json,models/tangent_pca/candidates/5/fold_auc/2,0.7857142857142857
results/sensitivity96/repeat5-fold2/audit.json,models/tangent_pca/candidates/6/mean_inner_auc,0.7153903788519173
results/sensitivity96/repeat5-fold2/audit.json,models/tangent_pca/candidates/6/fold_auc/0,0.7159763313609467
results/sensitivity96/repeat5-fold2/audit.json,models/tangent_pca/candidates/6/fold_auc/1,0.625
results/sensitivity96/repeat5-fold2/audit.json,models/tangent_pca/candidates/6/fold_auc/2,0.8051948051948051
results/sensitivity96/repeat5-fold2/audit.json,models/tangent_pca/candidates/7/mean_inner_auc,0.7148492533107916
results/sensitivity96/repeat5-fold2/audit.json,models/tangent_pca/candidates/7/fold_auc/0,0.7159763313609467
results/sensitivity96/repeat5-fold2/audit.json,models/tangent_pca/candidates/7/fold_auc/1,0.6428571428571428
results/sensitivity96/repeat5-fold2/audit.json,models/tangent_pca/candidates/7/fold_auc/2,0.7857142857142857
results/sensitivity96/repeat5-fold2/audit.json,models/tangent_pca/chosen/mean_inner_auc,0.7153903788519173
results/sensitivity96/repeat5-fold2/audit.json,models/tangent_pca/chosen/fold_auc/0,0.7159763313609467
results/sensitivity96/repeat5-fold2/audit.json,models/tangent_pca/chosen/fold_auc/1,0.625
results/sensitivity96/repeat5-fold2/audit.json,models/tangent_pca/chosen/fold_auc/2,0.8051948051948051
results/sensitivity96/repeat5-fold2/audit.json,models/tangent_pca/threshold/min_recall,0.6388888888888888
results/sensitivity96/repeat5-fold2/audit.json,models/tangent_pca/threshold/balanced_accuracy,0.6609078590785908
results/sensitivity96/repeat5-fold2/audit.json,models/tangent_select/candidates/0/mean_inner_auc,0.7245542918619842
results/sensitivity96/repeat5-fold2/audit.json,models/tangent_select/candidates/0/fold_auc/0,0.7337278106508875
results/sensitivity96/repeat5-fold2/audit.json,models/tangent_select/candidates/0/fold_auc/1,0.6607142857142858
results/sensitivity96/repeat5-fold2/audit.json,models/tangent_select/candidates/0/fold_auc/2,0.7792207792207791
results/sensitivity96/repeat5-fold2/audit.json,models/tangent_select/candidates/1/mean_inner_auc,0.72687568841415
results/sensitivity96/repeat5-fold2/audit.json,models/tangent_select/candidates/1/fold_auc/0,0.7455621301775148
results/sensitivity96/repeat5-fold2/audit.json,models/tangent_select/candidates/1/fold_auc/1,0.6428571428571428
results/sensitivity96/repeat5-fold2/audit.json,models/tangent_select/candidates/1/fold_auc/2,0.7922077922077922
results/sensitivity96/repeat5-fold2/audit.json,models/tangent_select/candidates/2/mean_inner_auc,0.7077676596907366
results/sensitivity96/repeat5-fold2/audit.json,models/tangent_select/candidates/2/fold_auc/0,0.7396449704142012
results/sensitivity96/repeat5-fold2/audit.json,models/tangent_select/candidates/2/fold_auc/1,0.6369047619047619
results/sensitivity96/repeat5-fold2/audit.json,models/tangent_select/candidates/2/fold_auc/2,0.7467532467532467
results/sensitivity96/repeat5-fold2/audit.json,models/tangent_select/candidates/3/mean_inner_auc,0.7016466439543363
results/sensitivity96/repeat5-fold2/audit.json,models/tangent_select/candidates/3/fold_auc/0,0.7337278106508875
results/sensitivity96/repeat5-fold2/audit.json,models/tangent_select/candidates/3/fold_auc/1,0.630952380952381
results/sensitivity96/repeat5-fold2/audit.json,models/tangent_select/candidates/3/fold_auc/2,0.7402597402597403
results/sensitivity96/repeat5-fold2/audit.json,models/tangent_select/candidates/4/mean_inner_auc,0.7174139962601501
results/sensitivity96/repeat5-fold2/audit.json,models/tangent_select/candidates/4/fold_auc/0,0.7869822485207101
results/sensitivity96/repeat5-fold2/audit.json,models/tangent_select/candidates/4/fold_auc/1,0.625
results/sensitivity96/repeat5-fold2/audit.json,models/tangent_select/candidates/4/fold_auc/2,0.7402597402597402
results/sensitivity96/repeat5-fold2/audit.json,models/tangent_select/candidates/5/mean_inner_auc,0.7208293842909228
results/sensitivity96/repeat5-fold2/audit.json,models/tangent_select/candidates/5/fold_auc/0,0.7928994082840237
results/sensitivity96/repeat5-fold2/audit.json,models/tangent_select/candidates/5/fold_auc/1,0.6488095238095238
results/sensitivity96/repeat5-fold2/audit.json,models/tangent_select/candidates/5/fold_auc/2,0.7207792207792207
results/sensitivity96/repeat5-fold2/audit.json,models/tangent_select/candidates/6/mean_inner_auc,0.7168846111153804
results/sensitivity96/repeat5-fold2/audit.json,models/tangent_select/candidates/6/fold_auc/0,0.7810650887573966
results/sensitivity96/repeat5-fold2/audit.json,models/tangent_select/candidates/6/fold_auc/1,0.6488095238095238
results/sensitivity96/repeat5-fold2/audit.json,models/tangent_select/candidates/6/fold_auc/2,0.7207792207792207
results/sensitivity96/repeat5-fold2/audit.json,models/tangent_select/candidates/7/mean_inner_auc,0.7230056268517808
results/sensitivity96/repeat5-fold2/audit.json,models/tangent_select/candidates/7/fold_auc/0,0.7869822485207101
results/sensitivity96/repeat5-fold2/audit.json,models/tangent_select/candidates/7/fold_auc/1,0.6547619047619048
results/sensitivity96/repeat5-fold2/audit.json,models/tangent_select/candidates/7/fold_auc/2,0.7272727272727273
results/sensitivity96/repeat5-fold2/audit.json,models/tangent_select/chosen/mean_inner_auc,0.72687568841415
results/sensitivity96/repeat5-fold2/audit.json,models/tangent_select/chosen/fold_auc/0,0.7455621301775148
results/sensitivity96/repeat5-fold2/audit.json,models/tangent_select/chosen/fold_auc/1,0.6428571428571428
results/sensitivity96/repeat5-fold2/audit.json,models/tangent_select/chosen/fold_auc/2,0.7922077922077922
results/sensitivity96/repeat5-fold2/audit.json,models/tangent_select/threshold/min_recall,0.6829268292682927
results/sensitivity96/repeat5-fold2/audit.json,models/tangent_select/threshold/balanced_accuracy,0.7025745257452575
results/sensitivity96/repeat5-fold3/audit.json,models/tangent_original/candidates/0/mean_inner_auc,0.7315024718870872
results/sensitivity96/repeat5-fold3/audit.json,models/tangent_original/candidates/0/fold_auc/0,0.6863905325443787
results/sensitivity96/repeat5-fold3/audit.json,models/tangent_original/candidates/0/fold_auc/1,0.6964285714285714
results/sensitivity96/repeat5-fold3/audit.json,models/tangent_original/candidates/0/fold_auc/2,0.8116883116883117
results/sensitivity96/repeat5-fold3/audit.json,models/tangent_original/candidates/1/mean_inner_auc,0.7224602320756167
results/sensitivity96/repeat5-fold3/audit.json,models/tangent_original/candidates/1/fold_auc/0,0.6982248520710058
results/sensitivity96/repeat5-fold3/audit.json,models/tangent_original/candidates/1/fold_auc/1,0.6964285714285715
results/sensitivity96/repeat5-fold3/audit.json,models/tangent_original/candidates/1/fold_auc/2,0.7727272727272727
results/sensitivity96/repeat5-fold3/audit.json,models/tangent_original/candidates/2/mean_inner_auc,0.7163274759428605
results/sensitivity96/repeat5-fold3/audit.json,models/tangent_original/candidates/2/fold_auc/0,0.6982248520710058
results/sensitivity96/repeat5-fold3/audit.json,models/tangent_original/candidates/2/fold_auc/1,0.6845238095238095
results/sensitivity96/repeat5-fold3/audit.json,models/tangent_original/candidates/2/fold_auc/2,0.7662337662337662
results/sensitivity96/repeat5-fold3/audit.json,models/tangent_original/candidates/3/mean_inner_auc,0.7143550893550893
results/sensitivity96/repeat5-fold3/audit.json,models/tangent_original/candidates/3/fold_auc/0,0.6923076923076923
results/sensitivity96/repeat5-fold3/audit.json,models/tangent_original/candidates/3/fold_auc/1,0.6845238095238095
results/sensitivity96/repeat5-fold3/audit.json,models/tangent_original/candidates/3/fold_auc/2,0.7662337662337662
results/sensitivity96/repeat5-fold3/audit.json,models/tangent_original/chosen/mean_inner_auc,0.7315024718870872
results/sensitivity96/repeat5-fold3/audit.json,models/tangent_original/chosen/fold_auc/0,0.6863905325443787
results/sensitivity96/repeat5-fold3/audit.json,models/tangent_original/chosen/fold_auc/1,0.6964285714285714
results/sensitivity96/repeat5-fold3/audit.json,models/tangent_original/chosen/fold_auc/2,0.8116883116883117
results/sensitivity96/repeat5-fold3/audit.json,models/tangent_original/threshold/min_recall,0.6388888888888888
results/sensitivity96/repeat5-fold3/audit.json,models/tangent_original/threshold/balanced_accuracy,0.6731029810298103
results/sensitivity96/repeat5-fold3/audit.json,models/tangent_center/candidates/0/mean_inner_auc,0.7160371679602449
results/sensitivity96/repeat5-fold3/audit.json,models/tangent_center/candidates/0/fold_auc/0,0.6627218934911242
results/sensitivity96/repeat5-fold3/audit.json,models/tangent_center/candidates/0/fold_auc/1,0.6607142857142857
results/sensitivity96/repeat5-fold3/audit.json,models/tangent_center/candidates/0/fold_auc/2,0.8246753246753247
results/sensitivity96/repeat5-fold3/audit.json,models/tangent_center/candidates/1/mean_inner_auc,0.7241540510771282
results/sensitivity96/repeat5-fold3/audit.json,models/tangent_center/candidates/1/fold_auc/0,0.6627218934911242
results/sensitivity96/repeat5-fold3/audit.json,models/tangent_center/candidates/1/fold_auc/1,0.6785714285714286
results/sensitivity96/repeat5-fold3/audit.json,models/tangent_center/candidates/1/fold_auc/2,0.8311688311688312
results/sensitivity96/repeat5-fold3/audit.json,models/tangent_center/candidates/2/mean_inner_auc,0.7426974734667042
results/sensitivity96/repeat5-fold3/audit.json,models/tangent_center/candidates/2/fold_auc/0,0.680473372781065
results/sensitivity96/repeat5-fold3/audit.json,models/tangent_center/candidates/2/fold_auc/1,0.6904761904761905
results/sensitivity96/repeat5-fold3/audit.json,models/tangent_center/candidates/2/fold_auc/2,0.8571428571428572
results/sensitivity96/repeat5-fold3/audit.json,models/tangent_center/candidates/3/mean_inner_auc,0.7419290111597804
results/sensitivity96/repeat5-fold3/audit.json,models/tangent_center/candidates/3/fold_auc/0,0.7041420118343195
results/sensitivity96/repeat5-fold3/audit.json,models/tangent_center/candidates/3/fold_auc/1,0.6904761904761905
results/sensitivity96/repeat5-fold3/audit.json,models/tangent_center/candidates/3/fold_auc/2,0.8311688311688311
results/sensitivity96/repeat5-fold3/audit.json,models/tangent_center/chosen/mean_inner_auc,0.7426974734667042
results/sensitivity96/repeat5-fold3/audit.json,models/tangent_center/chosen/fold_auc/0,0.680473372781065
results/sensitivity96/repeat5-fold3/audit.json,models/tangent_center/chosen/fold_auc/1,0.6904761904761905
results/sensitivity96/repeat5-fold3/audit.json,models/tangent_center/chosen/fold_auc/2,0.8571428571428572
results/sensitivity96/repeat5-fold3/audit.json,models/tangent_center/threshold/min_recall,0.6944444444444444
results/sensitivity96/repeat5-fold3/audit.json,models/tangent_center/threshold/balanced_accuracy,0.700880758807588
results/sensitivity96/repeat5-fold3/audit.json,models/tangent_pca/candidates/0/mean_inner_auc,0.6457730303884149
results/sensitivity96/repeat5-fold3/audit.json,models/tangent_pca/candidates/0/fold_auc/0,0.6213017751479291
results/sensitivity96/repeat5-fold3/audit.json,models/tangent_pca/candidates/0/fold_auc/1,0.5952380952380952
results/sensitivity96/repeat5-fold3/audit.json,models/tangent_pca/candidates/0/fold_auc/2,0.7207792207792207
results/sensitivity96/repeat5-fold3/audit.json,models/tangent_pca/candidates/1/mean_inner_auc,0.6333271429425276
results/sensitivity96/repeat5-fold3/audit.json,models/tangent_pca/candidates/1/fold_auc/0,0.621301775147929
results/sensitivity96/repeat5-fold3/audit.json,models/tangent_pca/candidates/1/fold_auc/1,0.5773809523809523
results/sensitivity96/repeat5-fold3/audit.json,models/tangent_pca/candidates/1/fold_auc/2,0.7012987012987013
results/sensitivity96/repeat5-fold3/audit.json,models/tangent_pca/candidates/2/mean_inner_auc,0.6228419016880556
results/sensitivity96/repeat5-fold3/audit.json,models/tangent_pca/candidates/2/fold_auc/0,0.6331360946745562
results/sensitivity96/repeat5-fold3/audit.json,models/tangent_pca/candidates/2/fold_auc/1,0.5535714285714286
results/sensitivity96/repeat5-fold3/audit.json,models/tangent_pca/candidates/2/fold_auc/2,0.6818181818181819
results/sensitivity96/repeat5-fold3/audit.json,models/tangent_pca/candidates/3/mean_inner_auc,0.6206773995235534
results/sensitivity96/repeat5-fold3/audit.json,models/tangent_pca/candidates/3/fold_auc/0,0.6331360946745562
results/sensitivity96/repeat5-fold3/audit.json,models/tangent_pca/candidates/3/fold_auc/1,0.5535714285714286
results/sensitivity96/repeat5-fold3/audit.json,models/tangent_pca/candidates/3/fold_auc/2,0.6753246753246753
results/sensitivity96/repeat5-fold3/audit.json,models/tangent_pca/candidates/4/mean_inner_auc,0.7053363303363304
results/sensitivity96/repeat5-fold3/audit.json,models/tangent_pca/candidates/4/fold_auc/0,0.6923076923076923
results/sensitivity96/repeat5-fold3/audit.json,models/tangent_pca/candidates/4/fold_auc/1,0.625
results/sensitivity96/repeat5-fold3/audit.json,models/tangent_pca/candidates/4/fold_auc/2,0.7987012987012987
results/sensitivity96/repeat5-fold3/audit.json,models/tangent_pca/candidates/5/mean_inner_auc,0.6987958622574006
results/sensitivity96/repeat5-fold3/audit.json,models/tangent_pca/candidates/5/fold_auc/0,0.7159763313609467
results/sensitivity96/repeat5-fold3/audit.json,models/tangent_pca/candidates/5/fold_auc/1,0.6011904761904763
results/sensitivity96/repeat5-fold3/audit.json,models/tangent_pca/candidates/5/fold_auc/2,0.7792207792207791
results/sensitivity96/repeat5-fold3/audit.json,models/tangent_pca/candidates/6/mean_inner_auc,0.6861930804238496
results/sensitivity96/repeat5-fold3/audit.json,models/tangent_pca/candidates/6/fold_auc/0,0.7041420118343195
results/sensitivity96/repeat5-fold3/audit.json,models/tangent_pca/candidates/6/fold_auc/1,0.6011904761904763
results/sensitivity96/repeat5-fold3/audit.json,models/tangent_pca/candidates/6/fold_auc/2,0.7532467532467533
results/sensitivity96/repeat5-fold3/audit.json,models/tangent_pca/candidates/7/mean_inner_auc,0.6733747022208562
results/sensitivity96/repeat5-fold3/audit.json,models/tangent_pca/candidates/7/fold_auc/0,0.7100591715976332
results/sensitivity96/repeat5-fold3/audit.json,models/tangent_pca/candidates/7/fold_auc/1,0.5892857142857143
results/sensitivity96/repeat5-fold3/audit.json,models/tangent_pca/candidates/7/fold_auc/2,0.7207792207792207
results/sensitivity96/repeat5-fold3/audit.json,models/tangent_pca/chosen/mean_inner_auc,0.7053363303363304
results/sensitivity96/repeat5-fold3/audit.json,models/tangent_pca/chosen/fold_auc/0,0.6923076923076923
results/sensitivity96/repeat5-fold3/audit.json,models/tangent_pca/chosen/fold_auc/1,0.625
results/sensitivity96/repeat5-fold3/audit.json,models/tangent_pca/chosen/fold_auc/2,0.7987012987012987
results/sensitivity96/repeat5-fold3/audit.json,models/tangent_pca/threshold/min_recall,0.6388888888888888
results/sensitivity96/repeat5-fold3/audit.json,models/tangent_pca/threshold/balanced_accuracy,0.6487127371273713
results/sensitivity96/repeat5-fold3/audit.json,models/tangent_select/candidates/0/mean_inner_auc,0.7155547444008983
results/sensitivity96/repeat5-fold3/audit.json,models/tangent_select/candidates/0/fold_auc/0,0.6331360946745561
results/sensitivity96/repeat5-fold3/audit.json,models/tangent_select/candidates/0/fold_auc/1,0.7083333333333333
results/sensitivity96/repeat5-fold3/audit.json,models/tangent_select/candidates/0/fold_auc/2,0.8051948051948052
results/sensitivity96/repeat5-fold3/audit.json,models/tangent_select/candidates/1/mean_inner_auc,0.6971916971916973
results/sensitivity96/repeat5-fold3/audit.json,models/tangent_select/candidates/1/fold_auc/0,0.6153846153846154
results/sensitivity96/repeat5-fold3/audit.json,models/tangent_select/candidates/1/fold_auc/1,0.6904761904761905
results/sensitivity96/repeat5-fold3/audit.json,models/tangent_select/candidates/1/fold_auc/2,0.7857142857142857
results/sensitivity96/repeat5-fold3/audit.json,models/tangent_select/candidates/2/mean_inner_auc,0.6766289266289266
results/sensitivity96/repeat5-fold3/audit.json,models/tangent_select/candidates/2/fold_auc/0,0.6153846153846154
results/sensitivity96/repeat5-fold3/audit.json,models/tangent_select/candidates/2/fold_auc/1,0.6547619047619048
results/sensitivity96/repeat5-fold3/audit.json,models/tangent_select/candidates/2/fold_auc/2,0.7597402597402598
results/sensitivity96/repeat5-fold3/audit.json,models/tangent_select/candidates/3/mean_inner_auc,0.6708804016496325
results/sensitivity96/repeat5-fold3/audit.json,models/tangent_select/candidates/3/fold_auc/0,0.6035502958579881
results/sensitivity96/repeat5-fold3/audit.json,models/tangent_select/candidates/3/fold_auc/1,0.6428571428571428
results/sensitivity96/repeat5-fold3/audit.json,models/tangent_select/candidates/3/fold_auc/2,0.7662337662337663
results/sensitivity96/repeat5-fold3/audit.json,models/tangent_select/candidates/4/mean_inner_auc,0.6751272232041462
results/sensitivity96/repeat5-fold3/audit.json,models/tangent_select/candidates/4/fold_auc/0,0.6449704142011834
results/sensitivity96/repeat5-fold3/audit.json,models/tangent_select/candidates/4/fold_auc/1,0.6011904761904762
results/sensitivity96/repeat5-fold3/audit.json,models/tangent_select/candidates/4/fold_auc/2,0.7792207792207793
results/sensitivity96/repeat5-fold3/audit.json,models/tangent_select/candidates/5/mean_inner_auc,0.6711237480468251
results/sensitivity96/repeat5-fold3/audit.json,models/tangent_select/candidates/5/fold_auc/0,0.6627218934911242
results/sensitivity96/repeat5-fold3/audit.json,models/tangent_select/candidates/5/fold_auc/1,0.5714285714285714
results/sensitivity96/repeat5-fold3/audit.json,models/tangent_select/candidates/5/fold_auc/2,0.7792207792207793
results/sensitivity96/repeat5-fold3/audit.json,models/tangent_select/candidates/6/mean_inner_auc,0.6600973812512274
results/sensitivity96/repeat5-fold3/audit.json,models/tangent_select/candidates/6/fold_auc/0,0.6745562130177514
results/sensitivity96/repeat5-fold3/audit.json,models/tangent_select/candidates/6/fold_auc/1,0.5654761904761905
results/sensitivity96/repeat5-fold3/audit.json,models/tangent_select/candidates/6/fold_auc/2,0.7402597402597403
results/sensitivity96/repeat5-fold3/audit.json,models/tangent_select/candidates/7/mean_inner_auc,0.6435263454494223
results/sensitivity96/repeat5-fold3/audit.json,models/tangent_select/candidates/7/fold_auc/0,0.6627218934911242
results/sensitivity96/repeat5-fold3/audit.json,models/tangent_select/candidates/7/fold_auc/1,0.5535714285714285
results/sensitivity96/repeat5-fold3/audit.json,models/tangent_select/candidates/7/fold_auc/2,0.7142857142857143
results/sensitivity96/repeat5-fold3/audit.json,models/tangent_select/chosen/mean_inner_auc,0.7155547444008983
results/sensitivity96/repeat5-fold3/audit.json,models/tangent_select/chosen/fold_auc/0,0.6331360946745561
results/sensitivity96/repeat5-fold3/audit.json,models/tangent_select/chosen/fold_auc/1,0.7083333333333333
results/sensitivity96/repeat5-fold3/audit.json,models/tangent_select/chosen/fold_auc/2,0.8051948051948052
results/sensitivity96/repeat5-fold3/audit.json,models/tangent_select/threshold/min_recall,0.6585365853658537
results/sensitivity96/repeat5-fold3/audit.json,models/tangent_select/threshold/balanced_accuracy,0.6626016260162602
results/sensitivity96/repeat5-fold4/audit.json,models/tangent_original/candidates/0/mean_inner_auc,0.7177000350077273
results/sensitivity96/repeat5-fold4/audit.json,models/tangent_original/candidates/0/fold_auc/0,0.7337278106508877
results/sensitivity96/repeat5-fold4/audit.json,models/tangent_original/candidates/0/fold_auc/1,0.6726190476190476
results/sensitivity96/repeat5-fold4/audit.json,models/tangent_original/candidates/0/fold_auc/2,0.7467532467532467
results/sensitivity96/repeat5-fold4/audit.json,models/tangent_original/candidates/1/mean_inner_auc,0.7177117754040832
results/sensitivity96/repeat5-fold4/audit.json,models/tangent_original/candidates/1/fold_auc/0,0.727810650887574
results/sensitivity96/repeat5-fold4/audit.json,models/tangent_original/candidates/1/fold_auc/1,0.6785714285714286
results/sensitivity96/repeat5-fold4/audit.json,models/tangent_original/candidates/1/fold_auc/2,0.7467532467532467
results/sensitivity96/repeat5-fold4/audit.json,models/tangent_original/candidates/2/mean_inner_auc,0.7194920464151234
results/sensitivity96/repeat5-fold4/audit.json,models/tangent_original/candidates/2/fold_auc/0,0.7396449704142012
results/sensitivity96/repeat5-fold4/audit.json,models/tangent_original/candidates/2/fold_auc/1,0.6785714285714286
results/sensitivity96/repeat5-fold4/audit.json,models/tangent_original/candidates/2/fold_auc/2,0.7402597402597402
results/sensitivity96/repeat5-fold4/audit.json,models/tangent_original/candidates/3/mean_inner_auc,0.7214761733992502
results/sensitivity96/repeat5-fold4/audit.json,models/tangent_original/candidates/3/fold_auc/0,0.7396449704142012
results/sensitivity96/repeat5-fold4/audit.json,models/tangent_original/candidates/3/fold_auc/1,0.6845238095238095
results/sensitivity96/repeat5-fold4/audit.json,models/tangent_original/candidates/3/fold_auc/2,0.7402597402597402
results/sensitivity96/repeat5-fold4/audit.json,models/tangent_original/chosen/mean_inner_auc,0.7214761733992502
results/sensitivity96/repeat5-fold4/audit.json,models/tangent_original/chosen/fold_auc/0,0.7396449704142012
results/sensitivity96/repeat5-fold4/audit.json,models/tangent_original/chosen/fold_auc/1,0.6845238095238095
results/sensitivity96/repeat5-fold4/audit.json,models/tangent_original/chosen/fold_auc/2,0.7402597402597402
results/sensitivity96/repeat5-fold4/audit.json,models/tangent_original/threshold/min_recall,0.6666666666666666
results/sensitivity96/repeat5-fold4/audit.json,models/tangent_original/threshold/balanced_accuracy,0.6747967479674797
results/sensitivity96/repeat5-fold4/audit.json,models/tangent_center/candidates/0/mean_inner_auc,0.7553397457243611
results/sensitivity96/repeat5-fold4/audit.json,models/tangent_center/candidates/0/fold_auc/0,0.7633136094674556
results/sensitivity96/repeat5-fold4/audit.json,models/tangent_center/candidates/0/fold_auc/1,0.6845238095238095
results/sensitivity96/repeat5-fold4/audit.json,models/tangent_center/candidates/0/fold_auc/2,0.8181818181818182
results/sensitivity96/repeat5-fold4/audit.json,models/tangent_center/candidates/1/mean_inner_auc,0.7450935816320432
results/sensitivity96/repeat5-fold4/audit.json,models/tangent_center/candidates/1/fold_auc/0,0.7455621301775148
results/sensitivity96/repeat5-fold4/audit.json,models/tangent_center/candidates/1/fold_auc/1,0.6845238095238095
results/sensitivity96/repeat5-fold4/audit.json,models/tangent_center/candidates/1/fold_auc/2,0.8051948051948051
results/sensitivity96/repeat5-fold4/audit.json,models/tangent_center/candidates/2/mean_inner_auc,0.7461523519215826
results/sensitivity96/repeat5-fold4/audit.json,models/tangent_center/candidates/2/fold_auc/0,0.757396449704142
results/sensitivity96/repeat5-fold4/audit.json,models/tangent_center/candidates/2/fold_auc/1,0.7083333333333333
results/sensitivity96/repeat5-fold4/audit.json,models/tangent_center/candidates/2/fold_auc/2,0.7727272727272727
results/sensitivity96/repeat5-fold4/audit.json,models/tangent_center/candidates/3/mean_inner_auc,0.7519126172972327
results/sensitivity96/repeat5-fold4/audit.json,models/tangent_center/candidates/3/fold_auc/0,0.7633136094674556
results/sensitivity96/repeat5-fold4/audit.json,models/tangent_center/candidates/3/fold_auc/1,0.7261904761904762
results/sensitivity96/repeat5-fold4/audit.json,models/tangent_center/candidates/3/fold_auc/2,0.7662337662337663
results/sensitivity96/repeat5-fold4/audit.json,models/tangent_center/chosen/mean_inner_auc,0.7553397457243611
results/sensitivity96/repeat5-fold4/audit.json,models/tangent_center/chosen/fold_auc/0,0.7633136094674556
results/sensitivity96/repeat5-fold4/audit.json,models/tangent_center/chosen/fold_auc/1,0.6845238095238095
results/sensitivity96/repeat5-fold4/audit.json,models/tangent_center/chosen/fold_auc/2,0.8181818181818182
results/sensitivity96/repeat5-fold4/audit.json,models/tangent_center/threshold/min_recall,0.6341463414634146
results/sensitivity96/repeat5-fold4/audit.json,models/tangent_center/threshold/balanced_accuracy,0.6642953929539295
results/sensitivity96/repeat5-fold4/audit.json,models/tangent_pca/candidates/0/mean_inner_auc,0.7335495700880316
results/sensitivity96/repeat5-fold4/audit.json,models/tangent_pca/candidates/0/fold_auc/0,0.7455621301775148
results/sensitivity96/repeat5-fold4/audit.json,models/tangent_pca/candidates/0/fold_auc/1,0.7083333333333334
results/sensitivity96/repeat5-fold4/audit.json,models/tangent_pca/candidates/0/fold_auc/2,0.7467532467532467
results/sensitivity96/repeat5-fold4/audit.json,models/tangent_pca/candidates/1/mean_inner_auc,0.7371218525064679
results/sensitivity96/repeat5-fold4/audit.json,models/tangent_pca/candidates/1/fold_auc/0,0.7633136094674557
results/sensitivity96/repeat5-fold4/audit.json,models/tangent_pca/candidates/1/fold_auc/1,0.7142857142857143
results/sensitivity96/repeat5-fold4/audit.json,models/tangent_pca/candidates/1/fold_auc/2,0.7337662337662337
results/sensitivity96/repeat5-fold4/audit.json,models/tangent_pca/candidates/2/mean_inner_auc,0.7351377255223409
results/sensitivity96/repeat5-fold4/audit.json,models/tangent_pca/candidates/2/fold_auc/0,0.7633136094674557
results/sensitivity96/repeat5-fold4/audit.json,models/tangent_pca/candidates/2/fold_auc/1,0.7083333333333334
results/sensitivity96/repeat5-fold4/audit.json,models/tangent_pca/candidates/2/fold_auc/2,0.7337662337662337
results/sensitivity96/repeat5-fold4/audit.json,models/tangent_pca/candidates/3/mean_inner_auc,0.7374826028672183
results/sensitivity96/repeat5-fold4/audit.json,models/tangent_pca/candidates/3/fold_auc/0,0.7633136094674557
results/sensitivity96/repeat5-fold4/audit.json,models/tangent_pca/candidates/3/fold_auc/1,0.7023809523809524
results/sensitivity96/repeat5-fold4/audit.json,models/tangent_pca/candidates/3/fold_auc/2,0.7467532467532467
results/sensitivity96/repeat5-fold4/audit.json,models/tangent_pca/candidates/4/mean_inner_auc,0.7043170504708965
results/sensitivity96/repeat5-fold4/audit.json,models/tangent_pca/candidates/4/fold_auc/0,0.7514792899408284
results/sensitivity96/repeat5-fold4/audit.json,models/tangent_pca/candidates/4/fold_auc/1,0.6666666666666666
results/sensitivity96/repeat5-fold4/audit.json,models/tangent_pca/candidates/4/fold_auc/2,0.6948051948051948
results/sensitivity96/repeat5-fold4/audit.json,models/tangent_pca/candidates/5/mean_inner_auc,0.7104615470000085
results/sensitivity96/repeat5-fold4/audit.json,models/tangent_pca/candidates/5/fold_auc/0,0.7455621301775148
results/sensitivity96/repeat5-fold4/audit.json,models/tangent_pca/candidates/5/fold_auc/1,0.6845238095238095
results/sensitivity96/repeat5-fold4/audit.json,models/tangent_pca/candidates/5/fold_auc/2,0.7012987012987013
results/sensitivity96/repeat5-fold4/audit.json,models/tangent_pca/candidates/6/mean_inner_auc,0.7104732873963643
results/sensitivity96/repeat5-fold4/audit.json,models/tangent_pca/candidates/6/fold_auc/0,0.7396449704142012
results/sensitivity96/repeat5-fold4/audit.json,models/tangent_pca/candidates/6/fold_auc/1,0.6904761904761905
results/sensitivity96/repeat5-fold4/audit.json,models/tangent_pca/candidates/6/fold_auc/2,0.7012987012987013
results/sensitivity96/repeat5-fold4/audit.json,models/tangent_pca/candidates/7/mean_inner_auc,0.7005761332684409
results/sensitivity96/repeat5-fold4/audit.json,models/tangent_pca/candidates/7/fold_auc/0,0.7278106508875739
results/sensitivity96/repeat5-fold4/audit.json,models/tangent_pca/candidates/7/fold_auc/1,0.6726190476190477
results/sensitivity96/repeat5-fold4/audit.json,models/tangent_pca/candidates/7/fold_auc/2,0.7012987012987013
results/sensitivity96/repeat5-fold4/audit.json,models/tangent_pca/chosen/mean_inner_auc,0.7374826028672183
results/sensitivity96/repeat5-fold4/audit.json,models/tangent_pca/chosen/fold_auc/0,0.7633136094674557
results/sensitivity96/repeat5-fold4/audit.json,models/tangent_pca/chosen/fold_auc/1,0.7023809523809524
results/sensitivity96/repeat5-fold4/audit.json,models/tangent_pca/chosen/fold_auc/2,0.7467532467532467
results/sensitivity96/repeat5-fold4/audit.json,models/tangent_pca/threshold/min_recall,0.6829268292682927
results/sensitivity96/repeat5-fold4/audit.json,models/tangent_pca/threshold/balanced_accuracy,0.7164634146341464
results/sensitivity96/repeat5-fold4/audit.json,models/tangent_select/candidates/0/mean_inner_auc,0.7345453691607539
results/sensitivity96/repeat5-fold4/audit.json,models/tangent_select/candidates/0/fold_auc/0,0.6982248520710059
results/sensitivity96/repeat5-fold4/audit.json,models/tangent_select/candidates/0/fold_auc/1,0.7261904761904762
results/sensitivity96/repeat5-fold4/audit.json,models/tangent_select/candidates/0/fold_auc/2,0.7792207792207793
results/sensitivity96/repeat5-fold4/audit.json,models/tangent_select/candidates/1/mean_inner_auc,0.7321887514195207
results/sensitivity96/repeat5-fold4/audit.json,models/tangent_select/candidates/1/fold_auc/0,0.7041420118343196
results/sensitivity96/repeat5-fold4/audit.json,models/tangent_select/candidates/1/fold_auc/1,0.7261904761904762
results/sensitivity96/repeat5-fold4/audit.json,models/tangent_select/candidates/1/fold_auc/2,0.7662337662337663
results/sensitivity96/repeat5-fold4/audit.json,models/tangent_select/candidates/2/mean_inner_auc,0.7341728784036476
results/sensitivity96/repeat5-fold4/audit.json,models/tangent_select/candidates/2/fold_auc/0,0.7041420118343196
results/sensitivity96/repeat5-fold4/audit.json,models/tangent_select/candidates/2/fold_auc/1,0.7321428571428571
results/sensitivity96/repeat5-fold4/audit.json,models/tangent_select/candidates/2/fold_auc/2,0.7662337662337663
results/sensitivity96/repeat5-fold4/audit.json,models/tangent_select/candidates/3/mean_inner_auc,0.7120336928029237
results/sensitivity96/repeat5-fold4/audit.json,models/tangent_select/candidates/3/fold_auc/0,0.6804733727810651
results/sensitivity96/repeat5-fold4/audit.json,models/tangent_select/candidates/3/fold_auc/1,0.7023809523809524
results/sensitivity96/repeat5-fold4/audit.json,models/tangent_select/candidates/3/fold_auc/2,0.7532467532467533
results/sensitivity96/repeat5-fold4/audit.json,models/tangent_select/candidates/4/mean_inner_auc,0.7011524799986338
results/sensitivity96/repeat5-fold4/audit.json,models/tangent_select/candidates/4/fold_auc/0,0.7100591715976332
results/sensitivity96/repeat5-fold4/audit.json,models/tangent_select/candidates/4/fold_auc/1,0.6726190476190476
results/sensitivity96/repeat5-fold4/audit.json,models/tangent_select/candidates/4/fold_auc/2,0.7207792207792209
results/sensitivity96/repeat5-fold4/audit.json,models/tangent_select/candidates/5/mean_inner_auc,0.698458592689362
results/sensitivity96/repeat5-fold4/audit.json,models/tangent_select/candidates/5/fold_auc/0,0.7041420118343196
results/sensitivity96/repeat5-fold4/audit.json,models/tangent_select/candidates/5/fold_auc/1,0.6964285714285714
results/sensitivity96/repeat5-fold4/audit.json,models/tangent_select/candidates/5/fold_auc/2,0.6948051948051948
results/sensitivity96/repeat5-fold4/audit.json,models/tangent_select/candidates/6/mean_inner_auc,0.7000702289163828
results/sensitivity96/repeat5-fold4/audit.json,models/tangent_select/candidates/6/fold_auc/0,0.7100591715976332
results/sensitivity96/repeat5-fold4/audit.json,models/tangent_select/candidates/6/fold_auc/1,0.7083333333333333
results/sensitivity96/repeat5-fold4/audit.json,models/tangent_select/candidates/6/fold_auc/2,0.6818181818181819
results/sensitivity96/repeat5-fold4/audit.json,models/tangent_select/candidates/7/mean_inner_auc,0.6941530691530691
results/sensitivity96/repeat5-fold4/audit.json,models/tangent_select/candidates/7/fold_auc/0,0.6923076923076923
results/sensitivity96/repeat5-fold4/audit.json,models/tangent_select/candidates/7/fold_auc/1,0.7083333333333334
results/sensitivity96/repeat5-fold4/audit.json,models/tangent_select/candidates/7/fold_auc/2,0.6818181818181819
results/sensitivity96/repeat5-fold4/audit.json,models/tangent_select/chosen/mean_inner_auc,0.7345453691607539
results/sensitivity96/repeat5-fold4/audit.json,models/tangent_select/chosen/fold_auc/0,0.6982248520710059
results/sensitivity96/repeat5-fold4/audit.json,models/tangent_select/chosen/fold_auc/1,0.7261904761904762
results/sensitivity96/repeat5-fold4/audit.json,models/tangent_select/chosen/fold_auc/2,0.7792207792207793
results/sensitivity96/repeat5-fold4/audit.json,models/tangent_select/threshold/min_recall,0.6829268292682927
results/sensitivity96/repeat5-fold4/audit.json,models/tangent_select/threshold/balanced_accuracy,0.6886856368563685
results/sensitivity96/repeat5-fold5/audit.json,models/tangent_original/candidates/0/mean_inner_auc,0.7632034632034633
results/sensitivity96/repeat5-fold5/audit.json,models/tangent_original/candidates/0/fold_auc/0,0.7636363636363637
results/sensitivity96/repeat5-fold5/audit.json,models/tangent_original/candidates/0/fold_auc/1,0.7142857142857143
results/sensitivity96/repeat5-fold5/audit.json,models/tangent_original/candidates/0/fold_auc/2,0.8116883116883117
results/sensitivity96/repeat5-fold5/audit.json,models/tangent_original/candidates/1/mean_inner_auc,0.7651875901875903
results/sensitivity96/repeat5-fold5/audit.json,models/tangent_original/candidates/1/fold_auc/0,0.7636363636363637
results/sensitivity96/repeat5-fold5/audit.json,models/tangent_original/candidates/1/fold_auc/1,0.7202380952380952
results/sensitivity96/repeat5-fold5/audit.json,models/tangent_original/candidates/1/fold_auc/2,0.8116883116883118
results/sensitivity96/repeat5-fold5/audit.json,models/tangent_original/candidates/2/mean_inner_auc,0.7672077922077922
results/sensitivity96/repeat5-fold5/audit.json,models/tangent_original/candidates/2/fold_auc/0,0.7696969696969698
results/sensitivity96/repeat5-fold5/audit.json,models/tangent_original/candidates/2/fold_auc/1,0.7202380952380952
results/sensitivity96/repeat5-fold5/audit.json,models/tangent_original/candidates/2/fold_auc/2,0.8116883116883117
results/sensitivity96/repeat5-fold5/audit.json,models/tangent_original/candidates/3/mean_inner_auc,0.7692279942279944
results/sensitivity96/repeat5-fold5/audit.json,models/tangent_original/candidates/3/fold_auc/0,0.7757575757575758
results/sensitivity96/repeat5-fold5/audit.json,models/tangent_original/candidates/3/fold_auc/1,0.7202380952380952
results/sensitivity96/repeat5-fold5/audit.json,models/tangent_original/candidates/3/fold_auc/2,0.8116883116883118
results/sensitivity96/repeat5-fold5/audit.json,models/tangent_original/chosen/mean_inner_auc,0.7692279942279944
results/sensitivity96/repeat5-fold5/audit.json,models/tangent_original/chosen/fold_auc/0,0.7757575757575758
results/sensitivity96/repeat5-fold5/audit.json,models/tangent_original/chosen/fold_auc/1,0.7202380952380952
results/sensitivity96/repeat5-fold5/audit.json,models/tangent_original/chosen/fold_auc/2,0.8116883116883118
results/sensitivity96/repeat5-fold5/audit.json,models/tangent_original/threshold/min_recall,0.6976744186046512
results/sensitivity96/repeat5-fold5/audit.json,models/tangent_original/threshold/balanced_accuracy,0.716484268125855
results/sensitivity96/repeat5-fold5/audit.json,models/tangent_center/candidates/0/mean_inner_auc,0.7624098124098125
results/sensitivity96/repeat5-fold5/audit.json,models/tangent_center/candidates/0/fold_auc/0,0.7818181818181819
results/sensitivity96/repeat5-fold5/audit.json,models/tangent_center/candidates/0/fold_auc/1,0.7261904761904762
results/sensitivity96/repeat5-fold5/audit.json,models/tangent_center/candidates/0/fold_auc/2,0.7792207792207793
results/sensitivity96/repeat5-fold5/audit.json,models/tangent_center/candidates/1/mean_inner_auc,0.7665584415584416
results/sensitivity96/repeat5-fold5/audit.json,models/tangent_center/candidates/1/fold_auc/0,0.7818181818181819
results/sensitivity96/repeat5-fold5/audit.json,models/tangent_center/candidates/1/fold_auc/1,0.7321428571428572
results/sensitivity96/repeat5-fold5/audit.json,models/tangent_center/candidates/1/fold_auc/2,0.7857142857142857
results/sensitivity96/repeat5-fold5/audit.json,models/tangent_center/candidates/2/mean_inner_auc,0.7665584415584416
results/sensitivity96/repeat5-fold5/audit.json,models/tangent_center/candidates/2/fold_auc/0,0.7818181818181819
results/sensitivity96/repeat5-fold5/audit.json,models/tangent_center/candidates/2/fold_auc/1,0.7321428571428571
results/sensitivity96/repeat5-fold5/audit.json,models/tangent_center/candidates/2/fold_auc/2,0.7857142857142857
results/sensitivity96/repeat5-fold5/audit.json,models/tangent_center/candidates/3/mean_inner_auc,0.7669191919191919
results/sensitivity96/repeat5-fold5/audit.json,models/tangent_center/candidates/3/fold_auc/0,0.7818181818181817
results/sensitivity96/repeat5-fold5/audit.json,models/tangent_center/candidates/3/fold_auc/1,0.7202380952380951
results/sensitivity96/repeat5-fold5/audit.json,models/tangent_center/candidates/3/fold_auc/2,0.7987012987012987
results/sensitivity96/repeat5-fold5/audit.json,models/tangent_center/chosen/mean_inner_auc,0.7669191919191919
results/sensitivity96/repeat5-fold5/audit.json,models/tangent_center/chosen/fold_auc/0,0.7818181818181817
results/sensitivity96/repeat5-fold5/audit.json,models/tangent_center/chosen/fold_auc/1,0.7202380952380951
results/sensitivity96/repeat5-fold5/audit.json,models/tangent_center/chosen/fold_auc/2,0.7987012987012987
results/sensitivity96/repeat5-fold5/audit.json,models/tangent_center/threshold/min_recall,0.6976744186046512
results/sensitivity96/repeat5-fold5/audit.json,models/tangent_center/threshold/balanced_accuracy,0.7311901504787961
results/sensitivity96/repeat5-fold5/audit.json,models/tangent_pca/candidates/0/mean_inner_auc,0.7005411255411255
results/sensitivity96/repeat5-fold5/audit.json,models/tangent_pca/candidates/0/fold_auc/0,0.6909090909090909
results/sensitivity96/repeat5-fold5/audit.json,models/tangent_pca/candidates/0/fold_auc/1,0.6964285714285714
results/sensitivity96/repeat5-fold5/audit.json,models/tangent_pca/candidates/0/fold_auc/2,0.7142857142857143
results/sensitivity96/repeat5-fold5/audit.json,models/tangent_pca/candidates/1/mean_inner_auc,0.7006132756132756
results/sensitivity96/repeat5-fold5/audit.json,models/tangent_pca/candidates/1/fold_auc/0,0.6727272727272727
results/sensitivity96/repeat5-fold5/audit.json,models/tangent_pca/candidates/1/fold_auc/1,0.7083333333333333
results/sensitivity96/repeat5-fold5/audit.json,models/tangent_pca/candidates/1/fold_auc/2,0.7207792207792207
results/sensitivity96/repeat5-fold5/audit.json,models/tangent_pca/candidates/2/mean_inner_auc,0.6989177489177489
results/sensitivity96/repeat5-fold5/audit.json,models/tangent_pca/candidates/2/fold_auc/0,0.6606060606060606
results/sensitivity96/repeat5-fold5/audit.json,models/tangent_pca/candidates/2/fold_auc/1,0.7023809523809524
results/sensitivity96/repeat5-fold5/audit.json,models/tangent_pca/candidates/2/fold_auc/2,0.7337662337662337
results/sensitivity96/repeat5-fold5/audit.json,models/tangent_pca/candidates/3/mean_inner_auc,0.6989177489177489
results/sensitivity96/repeat5-fold5/audit.json,models/tangent_pca/candidates/3/fold_auc/0,0.6606060606060606
results/sensitivity96/repeat5-fold5/audit.json,models/tangent_pca/candidates/3/fold_auc/1,0.7023809523809524
results/sensitivity96/repeat5-fold5/audit.json,models/tangent_pca/candidates/3/fold_auc/2,0.7337662337662337
results/sensitivity96/repeat5-fold5/audit.json,models/tangent_pca/candidates/4/mean_inner_auc,0.6966089466089467
results/sensitivity96/repeat5-fold5/audit.json,models/tangent_pca/candidates/4/fold_auc/0,0.696969696969697
results/sensitivity96/repeat5-fold5/audit.json,models/tangent_pca/candidates/4/fold_auc/1,0.6785714285714286
results/sensitivity96/repeat5-fold5/audit.json,models/tangent_pca/candidates/4/fold_auc/2,0.7142857142857144
results/sensitivity96/repeat5-fold5/audit.json,models/tangent_pca/candidates/5/mean_inner_auc,0.6796536796536797
results/sensitivity96/repeat5-fold5/audit.json,models/tangent_pca/candidates/5/fold_auc/0,0.696969696969697
results/sensitivity96/repeat5-fold5/audit.json,models/tangent_pca/candidates/5/fold_auc/1,0.6666666666666666
results/sensitivity96/repeat5-fold5/audit.json,models/tangent_pca/candidates/5/fold_auc/2,0.6753246753246754
results/sensitivity96/repeat5-fold5/audit.json,models/tangent_pca/candidates/6/mean_inner_auc,0.6553030303030304
results/sensitivity96/repeat5-fold5/audit.json,models/tangent_pca/candidates/6/fold_auc/0,0.696969696969697
results/sensitivity96/repeat5-fold5/audit.json,models/tangent_pca/candidates/6/fold_auc/1,0.6130952380952381
results/sensitivity96/repeat5-fold5/audit.json,models/tangent_pca/candidates/6/fold_auc/2,0.6558441558441559
results/sensitivity96/repeat5-fold5/audit.json,models/tangent_pca/candidates/7/mean_inner_auc,0.6347402597402597
results/sensitivity96/repeat5-fold5/audit.json,models/tangent_pca/candidates/7/fold_auc/0,0.696969696969697
results/sensitivity96/repeat5-fold5/audit.json,models/tangent_pca/candidates/7/fold_auc/1,0.5773809523809523
results/sensitivity96/repeat5-fold5/audit.json,models/tangent_pca/candidates/7/fold_auc/2,0.6298701298701298
results/sensitivity96/repeat5-fold5/audit.json,models/tangent_pca/chosen/mean_inner_auc,0.7006132756132756
results/sensitivity96/repeat5-fold5/audit.json,models/tangent_pca/chosen/fold_auc/0,0.6727272727272727
results/sensitivity96/repeat5-fold5/audit.json,models/tangent_pca/chosen/fold_auc/1,0.7083333333333333
results/sensitivity96/repeat5-fold5/audit.json,models/tangent_pca/chosen/fold_auc/2,0.7207792207792207
results/sensitivity96/repeat5-fold5/audit.json,models/tangent_pca/threshold/min_recall,0.6470588235294118
results/sensitivity96/repeat5-fold5/audit.json,models/tangent_pca/threshold/balanced_accuracy,0.6723666210670315
results/sensitivity96/repeat5-fold5/audit.json,models/tangent_select/candidates/0/mean_inner_auc,0.7376984126984127
results/sensitivity96/repeat5-fold5/audit.json,models/tangent_select/candidates/0/fold_auc/0,0.7818181818181819
results/sensitivity96/repeat5-fold5/audit.json,models/tangent_select/candidates/0/fold_auc/1,0.6845238095238095
results/sensitivity96/repeat5-fold5/audit.json,models/tangent_select/candidates/0/fold_auc/2,0.7467532467532468
results/sensitivity96/repeat5-fold5/audit.json,models/tangent_select/candidates/1/mean_inner_auc,0.7477272727272727
results/sensitivity96/repeat5-fold5/audit.json,models/tangent_select/candidates/1/fold_auc/0,0.7999999999999999
results/sensitivity96/repeat5-fold5/audit.json,models/tangent_select/candidates/1/fold_auc/1,0.6964285714285714
results/sensitivity96/repeat5-fold5/audit.json,models/tangent_select/candidates/1/fold_auc/2,0.7467532467532468
results/sensitivity96/repeat5-fold5/audit.json,models/tangent_select/candidates/2/mean_inner_auc,0.7498196248196248
results/sensitivity96/repeat5-fold5/audit.json,models/tangent_select/candidates/2/fold_auc/0,0.8181818181818181
results/sensitivity96/repeat5-fold5/audit.json,models/tangent_select/candidates/2/fold_auc/1,0.6845238095238095
results/sensitivity96/repeat5-fold5/audit.json,models/tangent_select/candidates/2/fold_auc/2,0.7467532467532468
results/sensitivity96/repeat5-fold5/audit.json,models/tangent_select/candidates/3/mean_inner_auc,0.7394660894660894
results/sensitivity96/repeat5-fold5/audit.json,models/tangent_select/candidates/3/fold_auc/0,0.806060606060606
results/sensitivity96/repeat5-fold5/audit.json,models/tangent_select/candidates/3/fold_auc/1,0.6785714285714286
results/sensitivity96/repeat5-fold5/audit.json,models/tangent_select/candidates/3/fold_auc/2,0.7337662337662337
results/sensitivity96/repeat5-fold5/audit.json,models/tangent_select/candidates/4/mean_inner_auc,0.7612914862914862
results/sensitivity96/repeat5-fold5/audit.json,models/tangent_select/candidates/4/fold_auc/0,0.7757575757575756
results/sensitivity96/repeat5-fold5/audit.json,models/tangent_select/candidates/4/fold_auc/1,0.6964285714285714
results/sensitivity96/repeat5-fold5/audit.json,models/tangent_select/candidates/4/fold_auc/2,0.8116883116883117
results/sensitivity96/repeat5-fold5/audit.json,models/tangent_select/candidates/5/mean_inner_auc,0.7635642135642136
results/sensitivity96/repeat5-fold5/audit.json,models/tangent_select/candidates/5/fold_auc/0,0.7636363636363637
results/sensitivity96/repeat5-fold5/audit.json,models/tangent_select/candidates/5/fold_auc/1,0.7023809523809523
results/sensitivity96/repeat5-fold5/audit.json,models/tangent_select/candidates/5/fold_auc/2,0.8246753246753247
results/sensitivity96/repeat5-fold5/audit.json,models/tangent_select/candidates/6/mean_inner_auc,0.7674242424242425
results/sensitivity96/repeat5-fold5/audit.json,models/tangent_select/candidates/6/fold_auc/0,0.7757575757575758
results/sensitivity96/repeat5-fold5/audit.json,models/tangent_select/candidates/6/fold_auc/1,0.7083333333333333
results/sensitivity96/repeat5-fold5/audit.json,models/tangent_select/candidates/6/fold_auc/2,0.8181818181818182
results/sensitivity96/repeat5-fold5/audit.json,models/tangent_select/candidates/7/mean_inner_auc,0.7734126984126984
results/sensitivity96/repeat5-fold5/audit.json,models/tangent_select/candidates/7/fold_auc/0,0.7818181818181817
results/sensitivity96/repeat5-fold5/audit.json,models/tangent_select/candidates/7/fold_auc/1,0.7202380952380952
results/sensitivity96/repeat5-fold5/audit.json,models/tangent_select/candidates/7/fold_auc/2,0.8181818181818182
results/sensitivity96/repeat5-fold5/audit.json,models/tangent_select/chosen/mean_inner_auc,0.7734126984126984
results/sensitivity96/repeat5-fold5/audit.json,models/tangent_select/chosen/fold_auc/0,0.7818181818181817
results/sensitivity96/repeat5-fold5/audit.json,models/tangent_select/chosen/fold_auc/1,0.7202380952380952
results/sensitivity96/repeat5-fold5/audit.json,models/tangent_select/chosen/fold_auc/2,0.8181818181818182
results/sensitivity96/repeat5-fold5/audit.json,models/tangent_select/threshold/min_recall,0.6744186046511628
results/sensitivity96/repeat5-fold5/audit.json,models/tangent_select/threshold/balanced_accuracy,0.6901504787961696
results/summary.json,results/0/roc_auc,0.7525020508613617
results/summary.json,results/0/accuracy,0.6868686868686869
results/summary.json,results/0/balanced_accuracy,0.6865873666940114
results/summary.json,results/0/sensitivity,0.682608695652174
results/summary.json,results/0/specificity,0.690566037735849
results/summary.json,results/0/brier,0.2034608284345319
results/summary.json,results/0/average_precision,0.7327185193217689
results/summary.json,results/0/log_loss,0.5921752877847993
results/summary.json,results/0/per_repeat/0/roc_auc,0.7239540607054962
results/summary.json,results/0/per_repeat/0/accuracy,0.6868686868686869
results/summary.json,results/0/per_repeat/0/balanced_accuracy,0.688884331419196
results/summary.json,results/0/per_repeat/0/sensitivity,0.717391304347826
results/summary.json,results/0/per_repeat/0/specificity,0.660377358490566
results/summary.json,results/0/per_repeat/0/brier,0.22003027832707808
results/summary.json,results/0/per_repeat/0/average_precision,0.695728383028044
results/summary.json,results/0/per_repeat/0/log_loss,0.6296658312382658
results/summary.json,results/0/per_repeat/1/roc_auc,0.7789171452009845
results/summary.json,results/0/per_repeat/1/accuracy,0.7070707070707071
results/summary.json,results/0/per_repeat/1/balanced_accuracy,0.7063166529942575
results/summary.json,results/0/per_repeat/1/sensitivity,0.6956521739130435
results/summary.json,results/0/per_repeat/1/specificity,0.7169811320754716
results/summary.json,results/0/per_repeat/1/brier,0.1930476062640668
results/summary.json,results/0/per_repeat/1/average_precision,0.7704385518185868
results/summary.json,results/0/per_repeat/1/log_loss,0.5765759916418661
results/summary.json,results/0/per_repeat/2/roc_auc,0.7797374897456931
results/summary.json,results/0/per_repeat/2/accuracy,0.696969696969697
results/summary.json,results/0/per_repeat/2/balanced_accuracy,0.698318293683347
results/summary.json,results/0/per_repeat/2/sensitivity,0.717391304347826
results/summary.json,results/0/per_repeat/2/specificity,0.6792452830188679
results/summary.json,results/0/per_repeat/2/brier,0.1902158596390083
results/summary.json,results/0/per_repeat/2/average_precision,0.7641744480296947
results/summary.json,results/0/per_repeat/2/log_loss,0.5607145221075119
results/summary.json,results/0/per_repeat/3/roc_auc,0.7346185397867103
results/summary.json,results/0/per_repeat/3/accuracy,0.6565656565656566
results/summary.json,results/0/per_repeat/3/balanced_accuracy,0.6562756357670221
results/summary.json,results/0/per_repeat/3/sensitivity,0.6521739130434783
results/summary.json,results/0/per_repeat/3/specificity,0.660377358490566
results/summary.json,results/0/per_repeat/3/brier,0.20526398844512517
results/summary.json,results/0/per_repeat/3/average_precision,0.7334880589329626
results/summary.json,results/0/per_repeat/3/log_loss,0.5866543917628285
results/summary.json,results/0/per_repeat/4/roc_auc,0.7452830188679245
results/summary.json,results/0/per_repeat/4/accuracy,0.6868686868686869
results/summary.json,results/0/per_repeat/4/balanced_accuracy,0.6831419196062346
results/summary.json,results/0/per_repeat/4/sensitivity,0.6304347826086957
results/summary.json,results/0/per_repeat/4/specificity,0.7358490566037735
results/summary.json,results/0/per_repeat/4/brier,0.20874640949738096
results/summary.json,results/0/per_repeat/4/average_precision,0.699763154799556
results/summary.json,results/0/per_repeat/4/log_loss,0.6072657021735243
results/summary.json,results/1/roc_auc,0.7525020508613617
results/summary.json,results/1/accuracy,0.690909090909091
results/summary.json,results/1/balanced_accuracy,0.6906480721903199
results/summary.json,results/1/sensitivity,0.6869565217391305
results/summary.json,results/1/specificity,0.6943396226415095
results/summary.json,results/1/brier,0.2034608284345319
results/summary.json,results/1/average_precision,0.7327185193217689
results/summary.json,results/1/log_loss,0.5921752877847993
results/summary.json,results/1/per_repeat/0/roc_auc,0.7239540607054962
results/summary.json,results/1/per_repeat/0/accuracy,0.6868686868686869
results/summary.json,results/1/per_repeat/0/balanced_accuracy,0.688884331419196
results/summary.json,results/1/per_repeat/0/sensitivity,0.717391304347826
results/summary.json,results/1/per_repeat/0/specificity,0.660377358490566
results/summary.json,results/1/per_repeat/0/brier,0.22003027832707808
results/summary.json,results/1/per_repeat/0/average_precision,0.695728383028044
results/summary.json,results/1/per_repeat/0/log_loss,0.6296658312382658
results/summary.json,results/1/per_repeat/1/roc_auc,0.7789171452009845
results/summary.json,results/1/per_repeat/1/accuracy,0.7171717171717171
results/summary.json,results/1/per_repeat/1/balanced_accuracy,0.7157506152584086
results/summary.json,results/1/per_repeat/1/sensitivity,0.6956521739130435
results/summary.json,results/1/per_repeat/1/specificity,0.7358490566037735
results/summary.json,results/1/per_repeat/1/brier,0.1930476062640668
results/summary.json,results/1/per_repeat/1/average_precision,0.7704385518185868
results/summary.json,results/1/per_repeat/1/log_loss,0.5765759916418661
results/summary.json,results/1/per_repeat/2/roc_auc,0.7797374897456931
results/summary.json,results/1/per_repeat/2/accuracy,0.696969696969697
results/summary.json,results/1/per_repeat/2/balanced_accuracy,0.698318293683347
results/summary.json,results/1/per_repeat/2/sensitivity,0.717391304347826
results/summary.json,results/1/per_repeat/2/specificity,0.6792452830188679
results/summary.json,results/1/per_repeat/2/brier,0.1902158596390083
results/summary.json,results/1/per_repeat/2/average_precision,0.7641744480296947
results/summary.json,results/1/per_repeat/2/log_loss,0.5607145221075119
results/summary.json,results/1/per_repeat/3/roc_auc,0.7346185397867103
results/summary.json,results/1/per_repeat/3/accuracy,0.6565656565656566
results/summary.json,results/1/per_repeat/3/balanced_accuracy,0.6577112387202625
results/summary.json,results/1/per_repeat/3/sensitivity,0.6739130434782609
results/summary.json,results/1/per_repeat/3/specificity,0.6415094339622641
results/summary.json,results/1/per_repeat/3/brier,0.20526398844512517
results/summary.json,results/1/per_repeat/3/average_precision,0.7334880589329626
results/summary.json,results/1/per_repeat/3/log_loss,0.5866543917628285
results/summary.json,results/1/per_repeat/4/roc_auc,0.7452830188679245
results/summary.json,results/1/per_repeat/4/accuracy,0.696969696969697
results/summary.json,results/1/per_repeat/4/balanced_accuracy,0.6925758818703855
results/summary.json,results/1/per_repeat/4/sensitivity,0.6304347826086957
results/summary.json,results/1/per_repeat/4/specificity,0.7547169811320755
results/summary.json,results/1/per_repeat/4/brier,0.20874640949738096
results/summary.json,results/1/per_repeat/4/average_precision,0.699763154799556
results/summary.json,results/1/per_repeat/4/log_loss,0.6072657021735243
results/summary.json,results/2/roc_auc,0.7383100902379
results/summary.json,results/2/accuracy,0.7030303030303031
results/summary.json,results/2/balanced_accuracy,0.7008203445447088
results/summary.json,results/2/sensitivity,0.6695652173913043
results/summary.json,results/2/specificity,0.7320754716981132
results/summary.json,results/2/brier,0.2114599794944143
results/summary.json,results/2/average_precision,0.7220303903029286
results/summary.json,results/2/log_loss,0.610492644415694
results/summary.json,results/2/per_repeat/0/roc_auc,0.7493847415914684
results/summary.json,results/2/per_repeat/0/accuracy,0.7070707070707071
results/summary.json,results/2/per_repeat/0/balanced_accuracy,0.7048810500410172
results/summary.json,results/2/per_repeat/0/sensitivity,0.6739130434782609
results/summary.json,results/2/per_repeat/0/specificity,0.7358490566037735
results/summary.json,results/2/per_repeat/0/brier,0.2050352035009224
results/summary.json,results/2/per_repeat/0/average_precision,0.7224620178304757
results/summary.json,results/2/per_repeat/0/log_loss,0.5964623770539886
results/summary.json,results/2/per_repeat/1/roc_auc,0.7452830188679246
results/summary.json,results/2/per_repeat/1/accuracy,0.7272727272727273
results/summary.json,results/2/per_repeat/1/balanced_accuracy,0.7266201804757998
results/summary.json,results/2/per_repeat/1/sensitivity,0.717391304347826
results/summary.json,results/2/per_repeat/1/specificity,0.7358490566037735
results/summary.json,results/2/per_repeat/1/brier,0.21425491463409688
results/summary.json,results/2/per_repeat/1/average_precision,0.7497095924328125
results/summary.json,results/2/per_repeat/1/log_loss,0.6183328851303815
results/summary.json,results/2/per_repeat/2/roc_auc,0.7502050861361773
results/summary.json,results/2/per_repeat/2/accuracy,0.696969696969697
results/summary.json,results/2/per_repeat/2/balanced_accuracy,0.6954470877768663
results/summary.json,results/2/per_repeat/2/sensitivity,0.6739130434782609
results/summary.json,results/2/per_repeat/2/specificity,0.7169811320754716
results/summary.json,results/2/per_repeat/2/brier,0.20898015169435466
results/summary.json,results/2/per_repeat/2/average_precision,0.7203398033961437
results/summary.json,results/2/per_repeat/2/log_loss,0.6038970315230131
results/summary.json,results/2/per_repeat/3/roc_auc,0.7202625102543068
results/summary.json,results/2/per_repeat/3/accuracy,0.6767676767676768
results/summary.json,results/2/per_repeat/3/balanced_accuracy,0.6737079573420837
results/summary.json,results/2/per_repeat/3/sensitivity,0.6304347826086957
results/summary.json,results/2/per_repeat/3/specificity,0.7169811320754716
results/summary.json,results/2/per_repeat/3/brier,0.21240143092211178
results/summary.json,results/2/per_repeat/3/average_precision,0.7173573082790595
results/summary.json,results/2/per_repeat/3/log_loss,0.6123934656731299
results/summary.json,results/2/per_repeat/4/roc_auc,0.7264150943396226
results/summary.json,results/2/per_repeat/4/accuracy,0.7070707070707071
results/summary.json,results/2/per_repeat/4/balanced_accuracy,0.7034454470877769
results/summary.json,results/2/per_repeat/4/sensitivity,0.6521739130434783
results/summary.json,results/2/per_repeat/4/specificity,0.7547169811320755
results/summary.json,results/2/per_repeat/4/brier,0.21662819672058578
results/summary.json,results/2/per_repeat/4/average_precision,0.7002832295761516
results/summary.json,results/2/per_repeat/4/log_loss,0.6213774626979568
results/summary.json,results/3/roc_auc,0.7383100902379
results/summary.json,results/3/accuracy,0.6989898989898992
results/summary.json,results/3/balanced_accuracy,0.6981952420016406
results/summary.json,results/3/sensitivity,0.6869565217391305
results/summary.json,results/3/specificity,0.709433962264151
results/summary.json,results/3/brier,0.2114599794944143
results/summary.json,results/3/average_precision,0.7220303903029286
results/summary.json,results/3/log_loss,0.610492644415694
results/summary.json,results/3/per_repeat/0/roc_auc,0.7493847415914684
results/summary.json,results/3/per_repeat/0/accuracy,0.6868686868686869
results/summary.json,results/3/per_repeat/0/balanced_accuracy,0.6874487284659556
results/summary.json,results/3/per_repeat/0/sensitivity,0.6956521739130435
results/summary.json,results/3/per_repeat/0/specificity,0.6792452830188679
results/summary.json,results/3/per_repeat/0/brier,0.2050352035009224
results/summary.json,results/3/per_repeat/0/average_precision,0.7224620178304757
results/summary.json,results/3/per_repeat/0/log_loss,0.5964623770539886
results/summary.json,results/3/per_repeat/1/roc_auc,0.7452830188679246
results/summary.json,results/3/per_repeat/1/accuracy,0.7171717171717171
results/summary.json,results/3/per_repeat/1/balanced_accuracy,0.7157506152584086
results/summary.json,results/3/per_repeat/1/sensitivity,0.6956521739130435
results/summary.json,results/3/per_repeat/1/specificity,0.7358490566037735
results/summary.json,results/3/per_repeat/1/brier,0.21425491463409688
results/summary.json,results/3/per_repeat/1/average_precision,0.7497095924328125
results/summary.json,results/3/per_repeat/1/log_loss,0.6183328851303815
results/summary.json,results/3/per_repeat/2/roc_auc,0.7502050861361773
results/summary.json,results/3/per_repeat/2/accuracy,0.696969696969697
results/summary.json,results/3/per_repeat/2/balanced_accuracy,0.6968826907301067
results/summary.json,results/3/per_repeat/2/sensitivity,0.6956521739130435
results/summary.json,results/3/per_repeat/2/specificity,0.6981132075471698
results/summary.json,results/3/per_repeat/2/brier,0.20898015169435466
results/summary.json,results/3/per_repeat/2/average_precision,0.7203398033961437
results/summary.json,results/3/per_repeat/2/log_loss,0.6038970315230131
results/summary.json,results/3/per_repeat/3/roc_auc,0.7202625102543068
results/summary.json,results/3/per_repeat/3/accuracy,0.696969696969697
results/summary.json,results/3/per_repeat/3/balanced_accuracy,0.6968826907301067
results/summary.json,results/3/per_repeat/3/sensitivity,0.6956521739130435
results/summary.json,results/3/per_repeat/3/specificity,0.6981132075471698
results/summary.json,results/3/per_repeat/3/brier,0.21240143092211178
results/summary.json,results/3/per_repeat/3/average_precision,0.7173573082790595
results/summary.json,results/3/per_repeat/3/log_loss,0.6123934656731299
results/summary.json,results/3/per_repeat/4/roc_auc,0.7264150943396226
results/summary.json,results/3/per_repeat/4/accuracy,0.696969696969697
results/summary.json,results/3/per_repeat/4/balanced_accuracy,0.6940114848236258
results/summary.json,results/3/per_repeat/4/sensitivity,0.6521739130434783
results/summary.json,results/3/per_repeat/4/specificity,0.7358490566037735
results/summary.json,results/3/per_repeat/4/brier,0.21662819672058578
results/summary.json,results/3/per_repeat/4/average_precision,0.7002832295761516
results/summary.json,results/3/per_repeat/4/log_loss,0.6213774626979568
results/summary.json,results/4/roc_auc,0.7136177194421657
results/summary.json,results/4/accuracy,0.6828282828282829
results/summary.json,results/4/balanced_accuracy,0.6828137817883511
results/summary.json,results/4/sensitivity,0.682608695652174
results/summary.json,results/4/specificity,0.6830188679245283
results/summary.json,results/4/brier,0.21852355217763483
results/summary.json,results/4/average_precision,0.6839682634432965
results/summary.json,results/4/log_loss,0.6308722122294839
results/summary.json,results/4/per_repeat/0/roc_auc,0.7149302707136997
results/summary.json,results/4/per_repeat/0/accuracy,0.6767676767676768
results/summary.json,results/4/per_repeat/0/balanced_accuracy,0.6780147662018048
results/summary.json,results/4/per_repeat/0/sensitivity,0.6956521739130435
results/summary.json,results/4/per_repeat/0/specificity,0.660377358490566
results/summary.json,results/4/per_repeat/0/brier,0.22002646363077083
results/summary.json,results/4/per_repeat/0/average_precision,0.6712253389806078
results/summary.json,results/4/per_repeat/0/log_loss,0.6333317328253416
results/summary.json,results/4/per_repeat/1/roc_auc,0.7178014766201805
results/summary.json,results/4/per_repeat/1/accuracy,0.696969696969697
results/summary.json,results/4/per_repeat/1/balanced_accuracy,0.6940114848236258
results/summary.json,results/4/per_repeat/1/sensitivity,0.6521739130434783
results/summary.json,results/4/per_repeat/1/specificity,0.7358490566037735
results/summary.json,results/4/per_repeat/1/brier,0.21767759519223348
results/summary.json,results/4/per_repeat/1/average_precision,0.7177013431308445
results/summary.json,results/4/per_repeat/1/log_loss,0.6368273277962849
results/summary.json,results/4/per_repeat/2/roc_auc,0.7165709598031172
results/summary.json,results/4/per_repeat/2/accuracy,0.6868686868686869
results/summary.json,results/4/per_repeat/2/balanced_accuracy,0.6860131255127153
results/summary.json,results/4/per_repeat/2/sensitivity,0.6739130434782609
results/summary.json,results/4/per_repeat/2/specificity,0.6981132075471698
results/summary.json,results/4/per_repeat/2/brier,0.21637141485691475
results/summary.json,results/4/per_repeat/2/average_precision,0.6889618126315343
results/summary.json,results/4/per_repeat/2/log_loss,0.6230862466105361
results/summary.json,results/4/per_repeat/3/roc_auc,0.677194421657096
results/summary.json,results/4/per_repeat/3/accuracy,0.6565656565656566
results/summary.json,results/4/per_repeat/3/balanced_accuracy,0.6591468416735029
results/summary.json,results/4/per_repeat/3/sensitivity,0.6956521739130435
results/summary.json,results/4/per_repeat/3/specificity,0.6226415094339622
results/summary.json,results/4/per_repeat/3/brier,0.2276094316698699
results/summary.json,results/4/per_repeat/3/average_precision,0.6575303867009628
results/summary.json,results/4/per_repeat/3/log_loss,0.6449479527096954
results/summary.json,results/4/per_repeat/4/roc_auc,0.741591468416735
results/summary.json,results/4/per_repeat/4/accuracy,0.696969696969697
results/summary.json,results/4/per_repeat/4/balanced_accuracy,0.6968826907301067
results/summary.json,results/4/per_repeat/4/sensitivity,0.6956521739130435
results/summary.json,results/4/per_repeat/4/specificity,0.6981132075471698
results/summary.json,results/4/per_repeat/4/brier,0.21093285553838523
results/summary.json,results/4/per_repeat/4/average_precision,0.6844224357725331
results/summary.json,results/4/per_repeat/4/log_loss,0.6161678012055616
results/summary.json,results/5/roc_auc,0.7136177194421657
results/summary.json,results/5/accuracy,0.6848484848484849
results/summary.json,results/5/balanced_accuracy,0.6852748154224774
results/summary.json,results/5/sensitivity,0.691304347826087
results/summary.json,results/5/specificity,0.6792452830188679
results/summary.json,results/5/brier,0.21852355217763483
results/summary.json,results/5/average_precision,0.6839682634432965
results/summary.json,results/5/log_loss,0.6308722122294839
results/summary.json,results/5/per_repeat/0/roc_auc,0.7149302707136997
results/summary.json,results/5/per_repeat/0/accuracy,0.6767676767676768
results/summary.json,results/5/per_repeat/0/balanced_accuracy,0.6765791632485644
results/summary.json,results/5/per_repeat/0/sensitivity,0.6739130434782609
results/summary.json,results/5/per_repeat/0/specificity,0.6792452830188679
results/summary.json,results/5/per_repeat/0/brier,0.22002646363077083
results/summary.json,results/5/per_repeat/0/average_precision,0.6712253389806078
results/summary.json,results/5/per_repeat/0/log_loss,0.6333317328253416
results/summary.json,results/5/per_repeat/1/roc_auc,0.7178014766201805
results/summary.json,results/5/per_repeat/1/accuracy,0.7272727272727273
results/summary.json,results/5/per_repeat/1/balanced_accuracy,0.7266201804757998
results/summary.json,results/5/per_repeat/1/sensitivity,0.717391304347826
results/summary.json,results/5/per_repeat/1/specificity,0.7358490566037735
results/summary.json,results/5/per_repeat/1/brier,0.21767759519223348
results/summary.json,results/5/per_repeat/1/average_precision,0.7177013431308445
results/summary.json,results/5/per_repeat/1/log_loss,0.6368273277962849
results/summary.json,results/5/per_repeat/2/roc_auc,0.7165709598031172
results/summary.json,results/5/per_repeat/2/accuracy,0.6767676767676768
results/summary.json,results/5/per_repeat/2/balanced_accuracy,0.6737079573420837
results/summary.json,results/5/per_repeat/2/sensitivity,0.6304347826086957
results/summary.json,results/5/per_repeat/2/specificity,0.7169811320754716
results/summary.json,results/5/per_repeat/2/brier,0.21637141485691475
results/summary.json,results/5/per_repeat/2/average_precision,0.6889618126315343
results/summary.json,results/5/per_repeat/2/log_loss,0.6230862466105361
results/summary.json,results/5/per_repeat/3/roc_auc,0.677194421657096
results/summary.json,results/5/per_repeat/3/accuracy,0.6464646464646465
results/summary.json,results/5/per_repeat/3/balanced_accuracy,0.6497128794093519
results/summary.json,results/5/per_repeat/3/sensitivity,0.6956521739130435
results/summary.json,results/5/per_repeat/3/specificity,0.6037735849056604
results/summary.json,results/5/per_repeat/3/brier,0.2276094316698699
results/summary.json,results/5/per_repeat/3/average_precision,0.6575303867009628
results/summary.json,results/5/per_repeat/3/log_loss,0.6449479527096954
results/summary.json,results/5/per_repeat/4/roc_auc,0.741591468416735
results/summary.json,results/5/per_repeat/4/accuracy,0.696969696969697
results/summary.json,results/5/per_repeat/4/balanced_accuracy,0.6997538966365873
results/summary.json,results/5/per_repeat/4/sensitivity,0.7391304347826086
results/summary.json,results/5/per_repeat/4/specificity,0.660377358490566
results/summary.json,results/5/per_repeat/4/brier,0.21093285553838523
results/summary.json,results/5/per_repeat/4/average_precision,0.6844224357725331
results/summary.json,results/5/per_repeat/4/log_loss,0.6161678012055616
results/summary.json,results/6/roc_auc,0.7112387202625102
results/summary.json,results/6/accuracy,0.6686868686868687
results/summary.json,results/6/balanced_accuracy,0.6690319934372436
results/summary.json,results/6/sensitivity,0.673913043478261
results/summary.json,results/6/specificity,0.6641509433962264
results/summary.json,results/6/brier,0.22412009389733178
results/summary.json,results/6/average_precision,0.6820015156554913
results/summary.json,results/6/log_loss,0.6575124544320603
results/summary.json,results/6/per_repeat/0/roc_auc,0.717391304347826
results/summary.json,results/6/per_repeat/0/accuracy,0.6565656565656566
results/summary.json,results/6/per_repeat/0/balanced_accuracy,0.6591468416735029
results/summary.json,results/6/per_repeat/0/sensitivity,0.6956521739130435
results/summary.json,results/6/per_repeat/0/specificity,0.6226415094339622
results/summary.json,results/6/per_repeat/0/brier,0.22202804820692534
results/summary.json,results/6/per_repeat/0/average_precision,0.6836895053935366
results/summary.json,results/6/per_repeat/0/log_loss,0.6351563079542817
results/summary.json,results/6/per_repeat/1/roc_auc,0.7678424938474159
results/summary.json,results/6/per_repeat/1/accuracy,0.7272727272727273
results/summary.json,results/6/per_repeat/1/balanced_accuracy,0.7266201804757998
results/summary.json,results/6/per_repeat/1/sensitivity,0.717391304347826
results/summary.json,results/6/per_repeat/1/specificity,0.7358490566037735
results/summary.json,results/6/per_repeat/1/brier,0.2034795189062844
results/summary.json,results/6/per_repeat/1/average_precision,0.7301301898418114
results/summary.json,results/6/per_repeat/1/log_loss,0.6243539326217724
results/summary.json,results/6/per_repeat/2/roc_auc,0.739540607054963
results/summary.json,results/6/per_repeat/2/accuracy,0.6767676767676768
results/summary.json,results/6/per_repeat/2/balanced_accuracy,0.675143560295324
results/summary.json,results/6/per_repeat/2/sensitivity,0.6521739130434783
results/summary.json,results/6/per_repeat/2/specificity,0.6981132075471698
results/summary.json,results/6/per_repeat/2/brier,0.21329432727894915
results/summary.json,results/6/per_repeat/2/average_precision,0.7267062706622464
results/summary.json,results/6/per_repeat/2/log_loss,0.6399843755250025
results/summary.json,results/6/per_repeat/3/roc_auc,0.6554552912223134
results/summary.json,results/6/per_repeat/3/accuracy,0.6262626262626263
results/summary.json,results/6/per_repeat/3/balanced_accuracy,0.6279737489745694
results/summary.json,results/6/per_repeat/3/sensitivity,0.6521739130434783
results/summary.json,results/6/per_repeat/3/specificity,0.6037735849056604
results/summary.json,results/6/per_repeat/3/brier,0.24216012380969384
results/summary.json,results/6/per_repeat/3/average_precision,0.6357296815138791
results/summary.json,results/6/per_repeat/3/log_loss,0.6874622700744579
results/summary.json,results/6/per_repeat/4/roc_auc,0.6759639048400328
results/summary.json,results/6/per_repeat/4/accuracy,0.6565656565656566
results/summary.json,results/6/per_repeat/4/balanced_accuracy,0.6562756357670221
results/summary.json,results/6/per_repeat/4/sensitivity,0.6521739130434783
results/summary.json,results/6/per_repeat/4/specificity,0.660377358490566
results/summary.json,results/6/per_repeat/4/brier,0.23963845128480613
results/summary.json,results/6/per_repeat/4/average_precision,0.6337519308659827
results/summary.json,results/6/per_repeat/4/log_loss,0.700605385984787
results/summary.json,results/7/roc_auc,0.7112387202625102
results/summary.json,results/7/accuracy,0.6666666666666666
results/summary.json,results/7/balanced_accuracy,0.6662838392124693
results/summary.json,results/7/sensitivity,0.6608695652173914
results/summary.json,results/7/specificity,0.6716981132075471
results/summary.json,results/7/brier,0.22412009389733178
results/summary.json,results/7/average_precision,0.6820015156554913
results/summary.json,results/7/log_loss,0.6575124544320603
results/summary.json,results/7/per_repeat/0/roc_auc,0.717391304347826
results/summary.json,results/7/per_repeat/0/accuracy,0.6565656565656566
results/summary.json,results/7/per_repeat/0/balanced_accuracy,0.6577112387202625
results/summary.json,results/7/per_repeat/0/sensitivity,0.6739130434782609
results/summary.json,results/7/per_repeat/0/specificity,0.6415094339622641
results/summary.json,results/7/per_repeat/0/brier,0.22202804820692534
results/summary.json,results/7/per_repeat/0/average_precision,0.6836895053935366
results/summary.json,results/7/per_repeat/0/log_loss,0.6351563079542817
results/summary.json,results/7/per_repeat/1/roc_auc,0.7678424938474159
results/summary.json,results/7/per_repeat/1/accuracy,0.7272727272727273
results/summary.json,results/7/per_repeat/1/balanced_accuracy,0.7266201804757998
results/summary.json,results/7/per_repeat/1/sensitivity,0.717391304347826
results/summary.json,results/7/per_repeat/1/specificity,0.7358490566037735
results/summary.json,results/7/per_repeat/1/brier,0.2034795189062844
results/summary.json,results/7/per_repeat/1/average_precision,0.7301301898418114
results/summary.json,results/7/per_repeat/1/log_loss,0.6243539326217724
results/summary.json,results/7/per_repeat/2/roc_auc,0.739540607054963
results/summary.json,results/7/per_repeat/2/accuracy,0.6767676767676768
results/summary.json,results/7/per_repeat/2/balanced_accuracy,0.675143560295324
results/summary.json,results/7/per_repeat/2/sensitivity,0.6521739130434783
results/summary.json,results/7/per_repeat/2/specificity,0.6981132075471698
results/summary.json,results/7/per_repeat/2/brier,0.21329432727894915
results/summary.json,results/7/per_repeat/2/average_precision,0.7267062706622464
results/summary.json,results/7/per_repeat/2/log_loss,0.6399843755250025
results/summary.json,results/7/per_repeat/3/roc_auc,0.6554552912223134
results/summary.json,results/7/per_repeat/3/accuracy,0.6161616161616161
results/summary.json,results/7/per_repeat/3/balanced_accuracy,0.617104183757178
results/summary.json,results/7/per_repeat/3/sensitivity,0.6304347826086957
results/summary.json,results/7/per_repeat/3/specificity,0.6037735849056604
results/summary.json,results/7/per_repeat/3/brier,0.24216012380969384
results/summary.json,results/7/per_repeat/3/average_precision,0.6357296815138791
results/summary.json,results/7/per_repeat/3/log_loss,0.6874622700744579
results/summary.json,results/7/per_repeat/4/roc_auc,0.6759639048400328
results/summary.json,results/7/per_repeat/4/accuracy,0.6565656565656566
results/summary.json,results/7/per_repeat/4/balanced_accuracy,0.6548400328137818
results/summary.json,results/7/per_repeat/4/sensitivity,0.6304347826086957
results/summary.json,results/7/per_repeat/4/specificity,0.6792452830188679
results/summary.json,results/7/per_repeat/4/brier,0.23963845128480613
results/summary.json,results/7/per_repeat/4/average_precision,0.6337519308659827
results/summary.json,results/7/per_repeat/4/log_loss,0.700605385984787
results/summary.json,results/8/roc_auc,0.7421657095980312
results/summary.json,results/8/accuracy,0.696969696969697
results/summary.json,results/8/balanced_accuracy,0.6951599671862182
results/summary.json,results/8/sensitivity,0.6695652173913044
results/summary.json,results/8/specificity,0.720754716981132
results/summary.json,results/8/brier,0.20792266252991004
results/summary.json,results/8/average_precision,0.7246255155199146
results/summary.json,results/8/log_loss,0.6081532635349424
results/summary.json,results/8/per_repeat/0/roc_auc,0.7440525020508613
results/summary.json,results/8/per_repeat/0/accuracy,0.7070707070707071
results/summary.json,results/8/per_repeat/0/balanced_accuracy,0.7048810500410172
results/summary.json,results/8/per_repeat/0/sensitivity,0.6739130434782609
results/summary.json,results/8/per_repeat/0/specificity,0.7358490566037735
results/summary.json,results/8/per_repeat/0/brier,0.20909911836813516
results/summary.json,results/8/per_repeat/0/average_precision,0.7131381650824019
results/summary.json,results/8/per_repeat/0/log_loss,0.6058610761465549
results/summary.json,results/8/per_repeat/1/roc_auc,0.7715340442986054
results/summary.json,results/8/per_repeat/1/accuracy,0.7272727272727273
results/summary.json,results/8/per_repeat/1/balanced_accuracy,0.7280557834290402
results/summary.json,results/8/per_repeat/1/sensitivity,0.7391304347826086
results/summary.json,results/8/per_repeat/1/specificity,0.7169811320754716
results/summary.json,results/8/per_repeat/1/brier,0.20440194603642162
results/summary.json,results/8/per_repeat/1/average_precision,0.7438558361452281
results/summary.json,results/8/per_repeat/1/log_loss,0.6273631762037319
results/summary.json,results/8/per_repeat/2/roc_auc,0.7481542247744052
results/summary.json,results/8/per_repeat/2/accuracy,0.6767676767676768
results/summary.json,results/8/per_repeat/2/balanced_accuracy,0.6765791632485644
results/summary.json,results/8/per_repeat/2/sensitivity,0.6739130434782609
results/summary.json,results/8/per_repeat/2/specificity,0.6792452830188679
results/summary.json,results/8/per_repeat/2/brier,0.20070712226802467
results/summary.json,results/8/per_repeat/2/average_precision,0.7588147948299274
results/summary.json,results/8/per_repeat/2/log_loss,0.5834729837226278
results/summary.json,results/8/per_repeat/3/roc_auc,0.7165709598031174
results/summary.json,results/8/per_repeat/3/accuracy,0.6767676767676768
results/summary.json,results/8/per_repeat/3/balanced_accuracy,0.6737079573420837
results/summary.json,results/8/per_repeat/3/sensitivity,0.6304347826086957
results/summary.json,results/8/per_repeat/3/specificity,0.7169811320754716
results/summary.json,results/8/per_repeat/3/brier,0.21477205564562357
results/summary.json,results/8/per_repeat/3/average_precision,0.7069513813603754
results/summary.json,results/8/per_repeat/3/log_loss,0.6166990015989398
results/summary.json,results/8/per_repeat/4/roc_auc,0.7305168170631664
results/summary.json,results/8/per_repeat/4/accuracy,0.696969696969697
results/summary.json,results/8/per_repeat/4/balanced_accuracy,0.6925758818703855
results/summary.json,results/8/per_repeat/4/sensitivity,0.6304347826086957
results/summary.json,results/8/per_repeat/4/specificity,0.7547169811320755
results/summary.json,results/8/per_repeat/4/brier,0.21063307033134496
results/summary.json,results/8/per_repeat/4/average_precision,0.7003674001816408
results/summary.json,results/8/per_repeat/4/log_loss,0.6073700800028574
results/summary.json,results/9/roc_auc,0.7421657095980312
results/summary.json,results/9/accuracy,0.6868686868686869
results/summary.json,results/9/balanced_accuracy,0.6868744872846596
results/summary.json,results/9/sensitivity,0.6869565217391305
results/summary.json,results/9/specificity,0.6867924528301886
results/summary.json,results/9/brier,0.20792266252991004
results/summary.json,results/9/average_precision,0.7246255155199146
results/summary.json,results/9/log_loss,0.6081532635349424
results/summary.json,results/9/per_repeat/0/roc_auc,0.7440525020508613
results/summary.json,results/9/per_repeat/0/accuracy,0.6868686868686869
results/summary.json,results/9/per_repeat/0/balanced_accuracy,0.6874487284659556
results/summary.json,results/9/per_repeat/0/sensitivity,0.6956521739130435
results/summary.json,results/9/per_repeat/0/specificity,0.6792452830188679
results/summary.json,results/9/per_repeat/0/brier,0.20909911836813516
results/summary.json,results/9/per_repeat/0/average_precision,0.7131381650824019
results/summary.json,results/9/per_repeat/0/log_loss,0.6058610761465549
results/summary.json,results/9/per_repeat/1/roc_auc,0.7715340442986054
results/summary.json,results/9/per_repeat/1/accuracy,0.7171717171717171
results/summary.json,results/9/per_repeat/1/balanced_accuracy,0.7171862182116489
results/summary.json,results/9/per_repeat/1/sensitivity,0.717391304347826
results/summary.json,results/9/per_repeat/1/specificity,0.7169811320754716
results/summary.json,results/9/per_repeat/1/brier,0.20440194603642162
results/summary.json,results/9/per_repeat/1/average_precision,0.7438558361452281
results/summary.json,results/9/per_repeat/1/log_loss,0.6273631762037319
results/summary.json,results/9/per_repeat/2/roc_auc,0.7481542247744052
results/summary.json,results/9/per_repeat/2/accuracy,0.6666666666666666
results/summary.json,results/9/per_repeat/2/balanced_accuracy,0.6671452009844134
results/summary.json,results/9/per_repeat/2/sensitivity,0.6739130434782609
results/summary.json,results/9/per_repeat/2/specificity,0.660377358490566
results/summary.json,results/9/per_repeat/2/brier,0.20070712226802467
results/summary.json,results/9/per_repeat/2/average_precision,0.7588147948299274
results/summary.json,results/9/per_repeat/2/log_loss,0.5834729837226278
results/summary.json,results/9/per_repeat/3/roc_auc,0.7165709598031174
results/summary.json,results/9/per_repeat/3/accuracy,0.6666666666666666
results/summary.json,results/9/per_repeat/3/balanced_accuracy,0.6700164068908941
results/summary.json,results/9/per_repeat/3/sensitivity,0.717391304347826
results/summary.json,results/9/per_repeat/3/specificity,0.6226415094339622
results/summary.json,results/9/per_repeat/3/brier,0.21477205564562357
results/summary.json,results/9/per_repeat/3/average_precision,0.7069513813603754
results/summary.json,results/9/per_repeat/3/log_loss,0.6166990015989398
results/summary.json,results/9/per_repeat/4/roc_auc,0.7305168170631664
results/summary.json,results/9/per_repeat/4/accuracy,0.696969696969697
results/summary.json,results/9/per_repeat/4/balanced_accuracy,0.6925758818703855
results/summary.json,results/9/per_repeat/4/sensitivity,0.6304347826086957
results/summary.json,results/9/per_repeat/4/specificity,0.7547169811320755
results/summary.json,results/9/per_repeat/4/brier,0.21063307033134496
results/summary.json,results/9/per_repeat/4/average_precision,0.7003674001816408
results/summary.json,results/9/per_repeat/4/log_loss,0.6073700800028574
results/summary.json,results/10/roc_auc,0.7562062937062937
results/summary.json,results/10/accuracy,0.70625
results/summary.json,results/10/balanced_accuracy,0.7054195804195804
results/summary.json,results/10/sensitivity,0.6954545454545454
results/summary.json,results/10/specificity,0.7153846153846153
results/summary.json,results/10/brier,0.20442591152807746
results/summary.json,results/10/average_precision,0.7266680768004583
results/summary.json,results/10/log_loss,0.6033594183845866
results/summary.json,results/10/per_repeat/0/roc_auc,0.7849650349650349
results/summary.json,results/10/per_repeat/0/accuracy,0.7395833333333334
results/summary.json,results/10/per_repeat/0/balanced_accuracy,0.7403846153846154
results/summary.json,results/10/per_repeat/0/sensitivity,0.75
results/summary.json,results/10/per_repeat/0/specificity,0.7307692307692307
results/summary.json,results/10/per_repeat/0/brier,0.19567609886173307
results/summary.json,results/10/per_repeat/0/average_precision,0.7692375246222996
results/summary.json,results/10/per_repeat/0/log_loss,0.5816216543247333
results/summary.json,results/10/per_repeat/1/roc_auc,0.7390734265734266
results/summary.json,results/10/per_repeat/1/accuracy,0.6666666666666666
results/summary.json,results/10/per_repeat/1/balanced_accuracy,0.666083916083916
results/summary.json,results/10/per_repeat/1/sensitivity,0.6590909090909091
results/summary.json,results/10/per_repeat/1/specificity,0.6730769230769231
results/summary.json,results/10/per_repeat/1/brier,0.2081271773821601
results/summary.json,results/10/per_repeat/1/average_precision,0.7363468111451965
results/summary.json,results/10/per_repeat/1/log_loss,0.5979670760497946
results/summary.json,results/10/per_repeat/2/roc_auc,0.7561188811188813
results/summary.json,results/10/per_repeat/2/accuracy,0.71875
results/summary.json,results/10/per_repeat/2/balanced_accuracy,0.7159090909090908
results/summary.json,results/10/per_repeat/2/sensitivity,0.6818181818181818
results/summary.json,results/10/per_repeat/2/specificity,0.75
results/summary.json,results/10/per_repeat/2/brier,0.20106895844109682
results/summary.json,results/10/per_repeat/2/average_precision,0.7132963620721775
results/summary.json,results/10/per_repeat/2/log_loss,0.5976966434474265
results/summary.json,results/10/per_repeat/3/roc_auc,0.7583041958041958
results/summary.json,results/10/per_repeat/3/accuracy,0.71875
results/summary.json,results/10/per_repeat/3/balanced_accuracy,0.7176573426573427
results/summary.json,results/10/per_repeat/3/sensitivity,0.7045454545454546
results/summary.json,results/10/per_repeat/3/specificity,0.7307692307692307
results/summary.json,results/10/per_repeat/3/brier,0.20637221621108093
results/summary.json,results/10/per_repeat/3/average_precision,0.6965490179816742
results/summary.json,results/10/per_repeat/3/log_loss,0.6102921217702334
results/summary.json,results/10/per_repeat/4/roc_auc,0.74256993006993
results/summary.json,results/10/per_repeat/4/accuracy,0.6875
results/summary.json,results/10/per_repeat/4/balanced_accuracy,0.6870629370629371
results/summary.json,results/10/per_repeat/4/sensitivity,0.6818181818181818
results/summary.json,results/10/per_repeat/4/specificity,0.6923076923076923
results/summary.json,results/10/per_repeat/4/brier,0.21088510674431635
results/summary.json,results/10/per_repeat/4/average_precision,0.7179106681809437
results/summary.json,results/10/per_repeat/4/log_loss,0.6292195963307458
results/summary.json,results/11/roc_auc,0.7562062937062937
results/summary.json,results/11/accuracy,0.6979166666666667
results/summary.json,results/11/balanced_accuracy,0.6970279720279721
results/summary.json,results/11/sensitivity,0.6863636363636363
results/summary.json,results/11/specificity,0.7076923076923076
results/summary.json,results/11/brier,0.20442591152807746
results/summary.json,results/11/average_precision,0.7266680768004583
results/summary.json,results/11/log_loss,0.6033594183845866
results/summary.json,results/11/per_repeat/0/roc_auc,0.7849650349650349
results/summary.json,results/11/per_repeat/0/accuracy,0.7083333333333334
results/summary.json,results/11/per_repeat/0/balanced_accuracy,0.7080419580419581
results/summary.json,results/11/per_repeat/0/sensitivity,0.7045454545454546
results/summary.json,results/11/per_repeat/0/specificity,0.7115384615384616
results/summary.json,results/11/per_repeat/0/brier,0.19567609886173307
results/summary.json,results/11/per_repeat/0/average_precision,0.7692375246222996
results/summary.json,results/11/per_repeat/0/log_loss,0.5816216543247333
results/summary.json,results/11/per_repeat/1/roc_auc,0.7390734265734266
results/summary.json,results/11/per_repeat/1/accuracy,0.6875
results/summary.json,results/11/per_repeat/1/balanced_accuracy,0.6870629370629371
results/summary.json,results/11/per_repeat/1/sensitivity,0.6818181818181818
results/summary.json,results/11/per_repeat/1/specificity,0.6923076923076923
results/summary.json,results/11/per_repeat/1/brier,0.2081271773821601
results/summary.json,results/11/per_repeat/1/average_precision,0.7363468111451965
results/summary.json,results/11/per_repeat/1/log_loss,0.5979670760497946
results/summary.json,results/11/per_repeat/2/roc_auc,0.7561188811188813
results/summary.json,results/11/per_repeat/2/accuracy,0.7083333333333334
results/summary.json,results/11/per_repeat/2/balanced_accuracy,0.7062937062937062
results/summary.json,results/11/per_repeat/2/sensitivity,0.6818181818181818
results/summary.json,results/11/per_repeat/2/specificity,0.7307692307692307
results/summary.json,results/11/per_repeat/2/brier,0.20106895844109682
results/summary.json,results/11/per_repeat/2/average_precision,0.7132963620721775
results/summary.json,results/11/per_repeat/2/log_loss,0.5976966434474265
results/summary.json,results/11/per_repeat/3/roc_auc,0.7583041958041958
results/summary.json,results/11/per_repeat/3/accuracy,0.6979166666666666
results/summary.json,results/11/per_repeat/3/balanced_accuracy,0.6966783216783217
results/summary.json,results/11/per_repeat/3/sensitivity,0.6818181818181818
results/summary.json,results/11/per_repeat/3/specificity,0.7115384615384616
results/summary.json,results/11/per_repeat/3/brier,0.20637221621108093
results/summary.json,results/11/per_repeat/3/average_precision,0.6965490179816742
results/summary.json,results/11/per_repeat/3/log_loss,0.6102921217702334
results/summary.json,results/11/per_repeat/4/roc_auc,0.74256993006993
results/summary.json,results/11/per_repeat/4/accuracy,0.6875
results/summary.json,results/11/per_repeat/4/balanced_accuracy,0.6870629370629371
results/summary.json,results/11/per_repeat/4/sensitivity,0.6818181818181818
results/summary.json,results/11/per_repeat/4/specificity,0.6923076923076923
results/summary.json,results/11/per_repeat/4/brier,0.21088510674431635
results/summary.json,results/11/per_repeat/4/average_precision,0.7179106681809437
results/summary.json,results/11/per_repeat/4/log_loss,0.6292195963307458
results/summary.json,results/12/roc_auc,0.7488636363636364
results/summary.json,results/12/accuracy,0.7
results/summary.json,results/12/balanced_accuracy,0.6968531468531468
results/summary.json,results/12/sensitivity,0.6590909090909091
results/summary.json,results/12/specificity,0.7346153846153847
results/summary.json,results/12/brier,0.20684410569899753
results/summary.json,results/12/average_precision,0.7371975774805831
results/summary.json,results/12/log_loss,0.601410815824144
results/summary.json,results/12/per_repeat/0/roc_auc,0.771416083916084
results/summary.json,results/12/per_repeat/0/accuracy,0.7083333333333334
results/summary.json,results/12/per_repeat/0/balanced_accuracy,0.7062937062937062
results/summary.json,results/12/per_repeat/0/sensitivity,0.6818181818181818
results/summary.json,results/12/per_repeat/0/specificity,0.7307692307692307
results/summary.json,results/12/per_repeat/0/brier,0.20921849214462504
results/summary.json,results/12/per_repeat/0/average_precision,0.7591795211625791
results/summary.json,results/12/per_repeat/0/log_loss,0.6104074128363179
results/summary.json,results/12/per_repeat/1/roc_auc,0.7399475524475525
results/summary.json,results/12/per_repeat/1/accuracy,0.6770833333333334
results/summary.json,results/12/per_repeat/1/balanced_accuracy,0.673951048951049
results/summary.json,results/12/per_repeat/1/sensitivity,0.6363636363636364
results/summary.json,results/12/per_repeat/1/specificity,0.7115384615384616
results/summary.json,results/12/per_repeat/1/brier,0.20500825147595517
results/summary.json,results/12/per_repeat/1/average_precision,0.751700907958556
results/summary.json,results/12/per_repeat/1/log_loss,0.5931674637714991
results/summary.json,results/12/per_repeat/2/roc_auc,0.75
results/summary.json,results/12/per_repeat/2/accuracy,0.71875
results/summary.json,results/12/per_repeat/2/balanced_accuracy,0.7159090909090908
results/summary.json,results/12/per_repeat/2/sensitivity,0.6818181818181818
results/summary.json,results/12/per_repeat/2/specificity,0.75
results/summary.json,results/12/per_repeat/2/brier,0.2091478744347375
results/summary.json,results/12/per_repeat/2/average_precision,0.7295974525968987
results/summary.json,results/12/per_repeat/2/log_loss,0.6097420052982946
results/summary.json,results/12/per_repeat/3/roc_auc,0.7591783216783218
results/summary.json,results/12/per_repeat/3/accuracy,0.6979166666666666
results/summary.json,results/12/per_repeat/3/balanced_accuracy,0.6931818181818181
results/summary.json,results/12/per_repeat/3/sensitivity,0.6363636363636364
results/summary.json,results/12/per_repeat/3/specificity,0.75
results/summary.json,results/12/per_repeat/3/brier,0.19981650142732418
results/summary.json,results/12/per_repeat/3/average_precision,0.7213736128038588
results/summary.json,results/12/per_repeat/3/log_loss,0.5841207619554145
results/summary.json,results/12/per_repeat/4/roc_auc,0.7237762237762237
results/summary.json,results/12/per_repeat/4/accuracy,0.6979166666666666
results/summary.json,results/12/per_repeat/4/balanced_accuracy,0.6949300699300699
results/summary.json,results/12/per_repeat/4/sensitivity,0.6590909090909091
results/summary.json,results/12/per_repeat/4/specificity,0.7307692307692307
results/summary.json,results/12/per_repeat/4/brier,0.21102940901234576
results/summary.json,results/12/per_repeat/4/average_precision,0.7241363928810226
results/summary.json,results/12/per_repeat/4/log_loss,0.6096164352591943
results/summary.json,results/13/roc_auc,0.7488636363636364
results/summary.json,results/13/accuracy,0.7
results/summary.json,results/13/balanced_accuracy,0.6993006993006994
results/summary.json,results/13/sensitivity,0.6909090909090909
results/summary.json,results/13/specificity,0.7076923076923077
results/summary.json,results/13/brier,0.20684410569899753
results/summary.json,results/13/average_precision,0.7371975774805831
results/summary.json,results/13/log_loss,0.601410815824144
results/summary.json,results/13/per_repeat/0/roc_auc,0.771416083916084
results/summary.json,results/13/per_repeat/0/accuracy,0.71875
results/summary.json,results/13/per_repeat/0/balanced_accuracy,0.7176573426573427
results/summary.json,results/13/per_repeat/0/sensitivity,0.7045454545454546
results/summary.json,results/13/per_repeat/0/specificity,0.7307692307692307
results/summary.json,results/13/per_repeat/0/brier,0.20921849214462504
results/summary.json,results/13/per_repeat/0/average_precision,0.7591795211625791
results/summary.json,results/13/per_repeat/0/log_loss,0.6104074128363179
results/summary.json,results/13/per_repeat/1/roc_auc,0.7399475524475525
results/summary.json,results/13/per_repeat/1/accuracy,0.6666666666666666
results/summary.json,results/13/per_repeat/1/balanced_accuracy,0.6695804195804196
results/summary.json,results/13/per_repeat/1/sensitivity,0.7045454545454546
results/summary.json,results/13/per_repeat/1/specificity,0.6346153846153846
results/summary.json,results/13/per_repeat/1/brier,0.20500825147595517
results/summary.json,results/13/per_repeat/1/average_precision,0.751700907958556
results/summary.json,results/13/per_repeat/1/log_loss,0.5931674637714991
results/summary.json,results/13/per_repeat/2/roc_auc,0.75
results/summary.json,results/13/per_repeat/2/accuracy,0.71875
results/summary.json,results/13/per_repeat/2/balanced_accuracy,0.7159090909090908
results/summary.json,results/13/per_repeat/2/sensitivity,0.6818181818181818
results/summary.json,results/13/per_repeat/2/specificity,0.75
results/summary.json,results/13/per_repeat/2/brier,0.2091478744347375
results/summary.json,results/13/per_repeat/2/average_precision,0.7295974525968987
results/summary.json,results/13/per_repeat/2/log_loss,0.6097420052982946
results/summary.json,results/13/per_repeat/3/roc_auc,0.7591783216783218
results/summary.json,results/13/per_repeat/3/accuracy,0.7083333333333334
results/summary.json,results/13/per_repeat/3/balanced_accuracy,0.7080419580419581
results/summary.json,results/13/per_repeat/3/sensitivity,0.7045454545454546
results/summary.json,results/13/per_repeat/3/specificity,0.7115384615384616
results/summary.json,results/13/per_repeat/3/brier,0.19981650142732418
results/summary.json,results/13/per_repeat/3/average_precision,0.7213736128038588
results/summary.json,results/13/per_repeat/3/log_loss,0.5841207619554145
results/summary.json,results/13/per_repeat/4/roc_auc,0.7237762237762237
results/summary.json,results/13/per_repeat/4/accuracy,0.6875
results/summary.json,results/13/per_repeat/4/balanced_accuracy,0.6853146853146853
results/summary.json,results/13/per_repeat/4/sensitivity,0.6590909090909091
results/summary.json,results/13/per_repeat/4/specificity,0.7115384615384616
results/summary.json,results/13/per_repeat/4/brier,0.21102940901234576
results/summary.json,results/13/per_repeat/4/average_precision,0.7241363928810226
results/summary.json,results/13/per_repeat/4/log_loss,0.6096164352591943
results/summary.json,results/14/roc_auc,0.7131993006993008
results/summary.json,results/14/accuracy,0.6875
results/summary.json,results/14/balanced_accuracy,0.6877622377622377
results/summary.json,results/14/sensitivity,0.6909090909090908
results/summary.json,results/14/specificity,0.6846153846153846
results/summary.json,results/14/brier,0.2198316032624164
results/summary.json,results/14/average_precision,0.6802593318748996
results/summary.json,results/14/log_loss,0.6305201220306904
results/summary.json,results/14/per_repeat/0/roc_auc,0.7307692307692308
results/summary.json,results/14/per_repeat/0/accuracy,0.6979166666666666
results/summary.json,results/14/per_repeat/0/balanced_accuracy,0.6966783216783217
results/summary.json,results/14/per_repeat/0/sensitivity,0.6818181818181818
results/summary.json,results/14/per_repeat/0/specificity,0.7115384615384616
results/summary.json,results/14/per_repeat/0/brier,0.21456092803561555
results/summary.json,results/14/per_repeat/0/average_precision,0.7164364228299296
results/summary.json,results/14/per_repeat/0/log_loss,0.6205550676545607
results/summary.json,results/14/per_repeat/1/roc_auc,0.7119755244755246
results/summary.json,results/14/per_repeat/1/accuracy,0.6875
results/summary.json,results/14/per_repeat/1/balanced_accuracy,0.6888111888111889
results/summary.json,results/14/per_repeat/1/sensitivity,0.7045454545454546
results/summary.json,results/14/per_repeat/1/specificity,0.6730769230769231
results/summary.json,results/14/per_repeat/1/brier,0.21773310436075688
results/summary.json,results/14/per_repeat/1/average_precision,0.6902191035046776
results/summary.json,results/14/per_repeat/1/log_loss,0.6226738842501475
results/summary.json,results/14/per_repeat/2/roc_auc,0.6914335664335666
results/summary.json,results/14/per_repeat/2/accuracy,0.6770833333333334
results/summary.json,results/14/per_repeat/2/balanced_accuracy,0.673951048951049
results/summary.json,results/14/per_repeat/2/sensitivity,0.6363636363636364
results/summary.json,results/14/per_repeat/2/specificity,0.7115384615384616
results/summary.json,results/14/per_repeat/2/brier,0.22459172735504818
results/summary.json,results/14/per_repeat/2/average_precision,0.6642552191064066
results/summary.json,results/14/per_repeat/2/log_loss,0.6401814753999723
results/summary.json,results/14/per_repeat/3/roc_auc,0.7045454545454545
results/summary.json,results/14/per_repeat/3/accuracy,0.6875
results/summary.json,results/14/per_repeat/3/balanced_accuracy,0.6888111888111889
results/summary.json,results/14/per_repeat/3/sensitivity,0.7045454545454546
results/summary.json,results/14/per_repeat/3/specificity,0.6730769230769231
results/summary.json,results/14/per_repeat/3/brier,0.22546933325299326
results/summary.json,results/14/per_repeat/3/average_precision,0.6335187976572367
results/summary.json,results/14/per_repeat/3/log_loss,0.6426379201397683
results/summary.json,results/14/per_repeat/4/roc_auc,0.7272727272727273
results/summary.json,results/14/per_repeat/4/accuracy,0.6875
results/summary.json,results/14/per_repeat/4/balanced_accuracy,0.6905594405594406
results/summary.json,results/14/per_repeat/4/sensitivity,0.7272727272727273
results/summary.json,results/14/per_repeat/4/specificity,0.6538461538461539
results/summary.json,results/14/per_repeat/4/brier,0.21680292330766818
results/summary.json,results/14/per_repeat/4/average_precision,0.6968671162762473
results/summary.json,results/14/per_repeat/4/log_loss,0.6265522627090038
results/summary.json,results/15/roc_auc,0.7131993006993008
results/summary.json,results/15/accuracy,0.6895833333333333
results/summary.json,results/15/balanced_accuracy,0.6896853146853147
results/summary.json,results/15/sensitivity,0.690909090909091
results/summary.json,results/15/specificity,0.6884615384615385
results/summary.json,results/15/brier,0.2198316032624164
results/summary.json,results/15/average_precision,0.6802593318748996
results/summary.json,results/15/log_loss,0.6305201220306904
results/summary.json,results/15/per_repeat/0/roc_auc,0.7307692307692308
results/summary.json,results/15/per_repeat/0/accuracy,0.71875
results/summary.json,results/15/per_repeat/0/balanced_accuracy,0.7176573426573427
results/summary.json,results/15/per_repeat/0/sensitivity,0.7045454545454546
results/summary.json,results/15/per_repeat/0/specificity,0.7307692307692307
results/summary.json,results/15/per_repeat/0/brier,0.21456092803561555
results/summary.json,results/15/per_repeat/0/average_precision,0.7164364228299296
results/summary.json,results/15/per_repeat/0/log_loss,0.6205550676545607
results/summary.json,results/15/per_repeat/1/roc_auc,0.7119755244755246
results/summary.json,results/15/per_repeat/1/accuracy,0.6770833333333334
results/summary.json,results/15/per_repeat/1/balanced_accuracy,0.6791958041958042
results/summary.json,results/15/per_repeat/1/sensitivity,0.7045454545454546
results/summary.json,results/15/per_repeat/1/specificity,0.6538461538461539
results/summary.json,results/15/per_repeat/1/brier,0.21773310436075688
results/summary.json,results/15/per_repeat/1/average_precision,0.6902191035046776
results/summary.json,results/15/per_repeat/1/log_loss,0.6226738842501475
results/summary.json,results/15/per_repeat/2/roc_auc,0.6914335664335666
results/summary.json,results/15/per_repeat/2/accuracy,0.6666666666666666
results/summary.json,results/15/per_repeat/2/balanced_accuracy,0.6625874125874126
results/summary.json,results/15/per_repeat/2/sensitivity,0.6136363636363636
results/summary.json,results/15/per_repeat/2/specificity,0.7115384615384616
results/summary.json,results/15/per_repeat/2/brier,0.22459172735504818
results/summary.json,results/15/per_repeat/2/average_precision,0.6642552191064066
results/summary.json,results/15/per_repeat/2/log_loss,0.6401814753999723
results/summary.json,results/15/per_repeat/3/roc_auc,0.7045454545454545
results/summary.json,results/15/per_repeat/3/accuracy,0.6875
results/summary.json,results/15/per_repeat/3/balanced_accuracy,0.6888111888111889
results/summary.json,results/15/per_repeat/3/sensitivity,0.7045454545454546
results/summary.json,results/15/per_repeat/3/specificity,0.6730769230769231
results/summary.json,results/15/per_repeat/3/brier,0.22546933325299326
results/summary.json,results/15/per_repeat/3/average_precision,0.6335187976572367
results/summary.json,results/15/per_repeat/3/log_loss,0.6426379201397683
results/summary.json,results/15/per_repeat/4/roc_auc,0.7272727272727273
results/summary.json,results/15/per_repeat/4/accuracy,0.6979166666666666
results/summary.json,results/15/per_repeat/4/balanced_accuracy,0.7001748251748252
results/summary.json,results/15/per_repeat/4/sensitivity,0.7272727272727273
results/summary.json,results/15/per_repeat/4/specificity,0.6730769230769231
results/summary.json,results/15/per_repeat/4/brier,0.21680292330766818
results/summary.json,results/15/per_repeat/4/average_precision,0.6968671162762473
results/summary.json,results/15/per_repeat/4/log_loss,0.6265522627090038
results/summary.json,results/16/roc_auc,0.7181818181818183
results/summary.json,results/16/accuracy,0.6833333333333333
results/summary.json,results/16/balanced_accuracy,0.6835664335664335
results/summary.json,results/16/sensitivity,0.6863636363636363
results/summary.json,results/16/specificity,0.6807692307692308
results/summary.json,results/16/brier,0.21974534523388903
results/summary.json,results/16/average_precision,0.6661137700245792
results/summary.json,results/16/log_loss,0.6430555416224351
results/summary.json,results/16/per_repeat/0/roc_auc,0.7412587412587412
results/summary.json,results/16/per_repeat/0/accuracy,0.6875
results/summary.json,results/16/per_repeat/0/balanced_accuracy,0.6888111888111889
results/summary.json,results/16/per_repeat/0/sensitivity,0.7045454545454546
results/summary.json,results/16/per_repeat/0/specificity,0.6730769230769231
results/summary.json,results/16/per_repeat/0/brier,0.20988719587646787
results/summary.json,results/16/per_repeat/0/average_precision,0.6854972291529775
results/summary.json,results/16/per_repeat/0/log_loss,0.6207904016015654
results/summary.json,results/16/per_repeat/1/roc_auc,0.6813811188811189
results/summary.json,results/16/per_repeat/1/accuracy,0.6666666666666666
results/summary.json,results/16/per_repeat/1/balanced_accuracy,0.6678321678321678
results/summary.json,results/16/per_repeat/1/sensitivity,0.6818181818181818
results/summary.json,results/16/per_repeat/1/specificity,0.6538461538461539
results/summary.json,results/16/per_repeat/1/brier,0.23156992704927246
results/summary.json,results/16/per_repeat/1/average_precision,0.6434802063224756
results/summary.json,results/16/per_repeat/1/log_loss,0.6555215984641242
results/summary.json,results/16/per_repeat/2/roc_auc,0.7355769230769231
results/summary.json,results/16/per_repeat/2/accuracy,0.6875
results/summary.json,results/16/per_repeat/2/balanced_accuracy,0.6853146853146853
results/summary.json,results/16/per_repeat/2/sensitivity,0.6590909090909091
results/summary.json,results/16/per_repeat/2/specificity,0.7115384615384616
results/summary.json,results/16/per_repeat/2/brier,0.21388866827234165
results/summary.json,results/16/per_repeat/2/average_precision,0.6962138751425755
results/summary.json,results/16/per_repeat/2/log_loss,0.6312928190391763
results/summary.json,results/16/per_repeat/3/roc_auc,0.722465034965035
results/summary.json,results/16/per_repeat/3/accuracy,0.6666666666666666
results/summary.json,results/16/per_repeat/3/balanced_accuracy,0.6695804195804196
results/summary.json,results/16/per_repeat/3/sensitivity,0.7045454545454546
results/summary.json,results/16/per_repeat/3/specificity,0.6346153846153846
results/summary.json,results/16/per_repeat/3/brier,0.21312860914497325
results/summary.json,results/16/per_repeat/3/average_precision,0.648226689932544
results/summary.json,results/16/per_repeat/3/log_loss,0.6193479807730666
results/summary.json,results/16/per_repeat/4/roc_auc,0.7102272727272728
results/summary.json,results/16/per_repeat/4/accuracy,0.7083333333333334
results/summary.json,results/16/per_repeat/4/balanced_accuracy,0.7062937062937062
results/summary.json,results/16/per_repeat/4/sensitivity,0.6818181818181818
results/summary.json,results/16/per_repeat/4/specificity,0.7307692307692307
results/summary.json,results/16/per_repeat/4/brier,0.2302523258263899
results/summary.json,results/16/per_repeat/4/average_precision,0.6571508495723227
results/summary.json,results/16/per_repeat/4/log_loss,0.6883249082342427
results/summary.json,results/17/roc_auc,0.7181818181818183
results/summary.json,results/17/accuracy,0.6729166666666666
results/summary.json,results/17/balanced_accuracy,0.6725524475524476
results/summary.json,results/17/sensitivity,0.6681818181818182
results/summary.json,results/17/specificity,0.676923076923077
results/summary.json,results/17/brier,0.21974534523388903
results/summary.json,results/17/average_precision,0.6661137700245792
results/summary.json,results/17/log_loss,0.6430555416224351
results/summary.json,results/17/per_repeat/0/roc_auc,0.7412587412587412
results/summary.json,results/17/per_repeat/0/accuracy,0.6458333333333334
results/summary.json,results/17/per_repeat/0/balanced_accuracy,0.6451048951048951
results/summary.json,results/17/per_repeat/0/sensitivity,0.6363636363636364
results/summary.json,results/17/per_repeat/0/specificity,0.6538461538461539
results/summary.json,results/17/per_repeat/0/brier,0.20988719587646787
results/summary.json,results/17/per_repeat/0/average_precision,0.6854972291529775
results/summary.json,results/17/per_repeat/0/log_loss,0.6207904016015654
results/summary.json,results/17/per_repeat/1/roc_auc,0.6813811188811189
results/summary.json,results/17/per_repeat/1/accuracy,0.6666666666666666
results/summary.json,results/17/per_repeat/1/balanced_accuracy,0.6678321678321678
results/summary.json,results/17/per_repeat/1/sensitivity,0.6818181818181818
results/summary.json,results/17/per_repeat/1/specificity,0.6538461538461539
results/summary.json,results/17/per_repeat/1/brier,0.23156992704927246
results/summary.json,results/17/per_repeat/1/average_precision,0.6434802063224756
results/summary.json,results/17/per_repeat/1/log_loss,0.6555215984641242
results/summary.json,results/17/per_repeat/2/roc_auc,0.7355769230769231
results/summary.json,results/17/per_repeat/2/accuracy,0.6979166666666666
results/summary.json,results/17/per_repeat/2/balanced_accuracy,0.6949300699300699
results/summary.json,results/17/per_repeat/2/sensitivity,0.6590909090909091
results/summary.json,results/17/per_repeat/2/specificity,0.7307692307692307
results/summary.json,results/17/per_repeat/2/brier,0.21388866827234165
results/summary.json,results/17/per_repeat/2/average_precision,0.6962138751425755
results/summary.json,results/17/per_repeat/2/log_loss,0.6312928190391763
results/summary.json,results/17/per_repeat/3/roc_auc,0.722465034965035
results/summary.json,results/17/per_repeat/3/accuracy,0.6666666666666666
results/summary.json,results/17/per_repeat/3/balanced_accuracy,0.6695804195804196
results/summary.json,results/17/per_repeat/3/sensitivity,0.7045454545454546
results/summary.json,results/17/per_repeat/3/specificity,0.6346153846153846
results/summary.json,results/17/per_repeat/3/brier,0.21312860914497325
results/summary.json,results/17/per_repeat/3/average_precision,0.648226689932544
results/summary.json,results/17/per_repeat/3/log_loss,0.6193479807730666
results/summary.json,results/17/per_repeat/4/roc_auc,0.7102272727272728
results/summary.json,results/17/per_repeat/4/accuracy,0.6875
results/summary.json,results/17/per_repeat/4/balanced_accuracy,0.6853146853146853
results/summary.json,results/17/per_repeat/4/sensitivity,0.6590909090909091
results/summary.json,results/17/per_repeat/4/specificity,0.7115384615384616
results/summary.json,results/17/per_repeat/4/brier,0.2302523258263899
results/summary.json,results/17/per_repeat/4/average_precision,0.6571508495723227
results/summary.json,results/17/per_repeat/4/log_loss,0.6883249082342427
results/summary.json,results/18/roc_auc,0.7351398601398602
results/summary.json,results/18/accuracy,0.6958333333333333
results/summary.json,results/18/balanced_accuracy,0.6940559440559442
results/summary.json,results/18/sensitivity,0.6727272727272726
results/summary.json,results/18/specificity,0.7153846153846153
results/summary.json,results/18/brier,0.21270891110222317
results/summary.json,results/18/average_precision,0.6899608088588672
results/summary.json,results/18/log_loss,0.6278808927931067
results/summary.json,results/18/per_repeat/0/roc_auc,0.7687937062937062
results/summary.json,results/18/per_repeat/0/accuracy,0.7395833333333334
results/summary.json,results/18/per_repeat/0/balanced_accuracy,0.7403846153846154
results/summary.json,results/18/per_repeat/0/sensitivity,0.75
results/summary.json,results/18/per_repeat/0/specificity,0.7307692307692307
results/summary.json,results/18/per_repeat/0/brier,0.20114225160977503
results/summary.json,results/18/per_repeat/0/average_precision,0.7295846431696311
results/summary.json,results/18/per_repeat/0/log_loss,0.6020842041512249
results/summary.json,results/18/per_repeat/1/roc_auc,0.7132867132867132
results/summary.json,results/18/per_repeat/1/accuracy,0.6666666666666666
results/summary.json,results/18/per_repeat/1/balanced_accuracy,0.6643356643356644
results/summary.json,results/18/per_repeat/1/sensitivity,0.6363636363636364
results/summary.json,results/18/per_repeat/1/specificity,0.6923076923076923
results/summary.json,results/18/per_repeat/1/brier,0.21912126590585368
results/summary.json,results/18/per_repeat/1/average_precision,0.6922696378356359
results/summary.json,results/18/per_repeat/1/log_loss,0.6286544162855856
results/summary.json,results/18/per_repeat/2/roc_auc,0.736013986013986
results/summary.json,results/18/per_repeat/2/accuracy,0.6666666666666666
results/summary.json,results/18/per_repeat/2/balanced_accuracy,0.6643356643356644
results/summary.json,results/18/per_repeat/2/sensitivity,0.6363636363636364
results/summary.json,results/18/per_repeat/2/specificity,0.6923076923076923
results/summary.json,results/18/per_repeat/2/brier,0.20908597102169413
results/summary.json,results/18/per_repeat/2/average_precision,0.6797498982247507
results/summary.json,results/18/per_repeat/2/log_loss,0.6171323293161509
results/summary.json,results/18/per_repeat/3/roc_auc,0.7495629370629371
results/summary.json,results/18/per_repeat/3/accuracy,0.6979166666666666
results/summary.json,results/18/per_repeat/3/balanced_accuracy,0.6931818181818181
results/summary.json,results/18/per_repeat/3/sensitivity,0.6363636363636364
results/summary.json,results/18/per_repeat/3/specificity,0.75
results/summary.json,results/18/per_repeat/3/brier,0.20418463271425727
results/summary.json,results/18/per_repeat/3/average_precision,0.6788225481149217
results/summary.json,results/18/per_repeat/3/log_loss,0.6000137088609728
results/summary.json,results/18/per_repeat/4/roc_auc,0.708041958041958
results/summary.json,results/18/per_repeat/4/accuracy,0.7083333333333334
results/summary.json,results/18/per_repeat/4/balanced_accuracy,0.7080419580419581
results/summary.json,results/18/per_repeat/4/sensitivity,0.7045454545454546
results/summary.json,results/18/per_repeat/4/specificity,0.7115384615384616
results/summary.json,results/18/per_repeat/4/brier,0.23001043425953574
results/summary.json,results/18/per_repeat/4/average_precision,0.6693773169493967
results/summary.json,results/18/per_repeat/4/log_loss,0.6915198053515992
results/summary.json,results/19/roc_auc,0.7351398601398602
results/summary.json,results/19/accuracy,0.6958333333333334
results/summary.json,results/19/balanced_accuracy,0.695104895104895
results/summary.json,results/19/sensitivity,0.6863636363636363
results/summary.json,results/19/specificity,0.7038461538461538
results/summary.json,results/19/brier,0.21270891110222317
results/summary.json,results/19/average_precision,0.6899608088588672
results/summary.json,results/19/log_loss,0.6278808927931067
results/summary.json,results/19/per_repeat/0/roc_auc,0.7687937062937062
results/summary.json,results/19/per_repeat/0/accuracy,0.71875
results/summary.json,results/19/per_repeat/0/balanced_accuracy,0.7176573426573427
results/summary.json,results/19/per_repeat/0/sensitivity,0.7045454545454546
results/summary.json,results/19/per_repeat/0/specificity,0.7307692307692307
results/summary.json,results/19/per_repeat/0/brier,0.20114225160977503
results/summary.json,results/19/per_repeat/0/average_precision,0.7295846431696311
results/summary.json,results/19/per_repeat/0/log_loss,0.6020842041512249
results/summary.json,results/19/per_repeat/1/roc_auc,0.7132867132867132
results/summary.json,results/19/per_repeat/1/accuracy,0.6875
results/summary.json,results/19/per_repeat/1/balanced_accuracy,0.6870629370629371
results/summary.json,results/19/per_repeat/1/sensitivity,0.6818181818181818
results/summary.json,results/19/per_repeat/1/specificity,0.6923076923076923
results/summary.json,results/19/per_repeat/1/brier,0.21912126590585368
results/summary.json,results/19/per_repeat/1/average_precision,0.6922696378356359
results/summary.json,results/19/per_repeat/1/log_loss,0.6286544162855856
results/summary.json,results/19/per_repeat/2/roc_auc,0.736013986013986
results/summary.json,results/19/per_repeat/2/accuracy,0.6770833333333334
results/summary.json,results/19/per_repeat/2/balanced_accuracy,0.673951048951049
results/summary.json,results/19/per_repeat/2/sensitivity,0.6363636363636364
results/summary.json,results/19/per_repeat/2/specificity,0.7115384615384616
results/summary.json,results/19/per_repeat/2/brier,0.20908597102169413
results/summary.json,results/19/per_repeat/2/average_precision,0.6797498982247507
results/summary.json,results/19/per_repeat/2/log_loss,0.6171323293161509
results/summary.json,results/19/per_repeat/3/roc_auc,0.7495629370629371
results/summary.json,results/19/per_repeat/3/accuracy,0.7083333333333334
results/summary.json,results/19/per_repeat/3/balanced_accuracy,0.7080419580419581
results/summary.json,results/19/per_repeat/3/sensitivity,0.7045454545454546
results/summary.json,results/19/per_repeat/3/specificity,0.7115384615384616
results/summary.json,results/19/per_repeat/3/brier,0.20418463271425727
results/summary.json,results/19/per_repeat/3/average_precision,0.6788225481149217
results/summary.json,results/19/per_repeat/3/log_loss,0.6000137088609728
results/summary.json,results/19/per_repeat/4/roc_auc,0.708041958041958
results/summary.json,results/19/per_repeat/4/accuracy,0.6875
results/summary.json,results/19/per_repeat/4/balanced_accuracy,0.6888111888111889
results/summary.json,results/19/per_repeat/4/sensitivity,0.7045454545454546
results/summary.json,results/19/per_repeat/4/specificity,0.6730769230769231
results/summary.json,results/19/per_repeat/4/brier,0.23001043425953574
results/summary.json,results/19/per_repeat/4/average_precision,0.6693773169493967
results/summary.json,results/19/per_repeat/4/log_loss,0.6915198053515992
results/summary.json,results/20/roc_auc,0.607843137254902
results/summary.json,results/20/accuracy,0.596
results/summary.json,results/20/balanced_accuracy,0.5770053475935829
results/summary.json,results/20/sensitivity,0.5176470588235293
results/summary.json,results/20/specificity,0.6363636363636364
results/summary.json,results/20/brier,0.24263368451162942
results/summary.json,results/20/average_precision,0.4845749690531379
results/summary.json,results/20/log_loss,0.6821425297188835
results/summary.json,results/20/per_repeat/0/roc_auc,0.6078431372549019
results/summary.json,results/20/per_repeat/0/accuracy,0.6
results/summary.json,results/20/per_repeat/0/balanced_accuracy,0.5828877005347594
results/summary.json,results/20/per_repeat/0/sensitivity,0.5294117647058824
results/summary.json,results/20/per_repeat/0/specificity,0.6363636363636364
results/summary.json,results/20/per_repeat/0/brier,0.24918643956019235
results/summary.json,results/20/per_repeat/0/average_precision,0.4784949065794435
results/summary.json,results/20/per_repeat/0/log_loss,0.7008395843650815
results/summary.json,results/20/per_repeat/1/roc_auc,0.607843137254902
results/summary.json,results/20/per_repeat/1/accuracy,0.58
results/summary.json,results/20/per_repeat/1/balanced_accuracy,0.553475935828877
results/summary.json,results/20/per_repeat/1/sensitivity,0.47058823529411764
results/summary.json,results/20/per_repeat/1/specificity,0.6363636363636364
results/summary.json,results/20/per_repeat/1/brier,0.2397119746395303
results/summary.json,results/20/per_repeat/1/average_precision,0.5088952189479159
results/summary.json,results/20/per_repeat/1/log_loss,0.6724156039157333
results/summary.json,results/20/per_repeat/2/roc_auc,0.6078431372549019
results/summary.json,results/20/per_repeat/2/accuracy,0.6
results/summary.json,results/20/per_repeat/2/balanced_accuracy,0.5828877005347594
results/summary.json,results/20/per_repeat/2/sensitivity,0.5294117647058824
results/summary.json,results/20/per_repeat/2/specificity,0.6363636363636364
results/summary.json,results/20/per_repeat/2/brier,0.24918643956019235
results/summary.json,results/20/per_repeat/2/average_precision,0.4784949065794435
results/summary.json,results/20/per_repeat/2/log_loss,0.7008395843650815
results/summary.json,results/20/per_repeat/3/roc_auc,0.6078431372549019
results/summary.json,results/20/per_repeat/3/accuracy,0.6
results/summary.json,results/20/per_repeat/3/balanced_accuracy,0.5828877005347594
results/summary.json,results/20/per_repeat/3/sensitivity,0.5294117647058824
results/summary.json,results/20/per_repeat/3/specificity,0.6363636363636364
results/summary.json,results/20/per_repeat/3/brier,0.23754178439911602
results/summary.json,results/20/per_repeat/3/average_precision,0.4784949065794435
results/summary.json,results/20/per_repeat/3/log_loss,0.6683089379742604
results/summary.json,results/20/per_repeat/4/roc_auc,0.6078431372549019
results/summary.json,results/20/per_repeat/4/accuracy,0.6
results/summary.json,results/20/per_repeat/4/balanced_accuracy,0.5828877005347594
results/summary.json,results/20/per_repeat/4/sensitivity,0.5294117647058824
results/summary.json,results/20/per_repeat/4/specificity,0.6363636363636364
results/summary.json,results/20/per_repeat/4/brier,0.23754178439911602
results/summary.json,results/20/per_repeat/4/average_precision,0.4784949065794435
results/summary.json,results/20/per_repeat/4/log_loss,0.6683089379742604
results/summary.json,results/21/roc_auc,0.607843137254902
results/summary.json,results/21/accuracy,0.5800000000000001
results/summary.json,results/21/balanced_accuracy,0.5677361853832442
results/summary.json,results/21/sensitivity,0.5294117647058824
results/summary.json,results/21/specificity,0.6060606060606061
results/summary.json,results/21/brier,0.24263368451162942
results/summary.json,results/21/average_precision,0.4845749690531379
results/summary.json,results/21/log_loss,0.6821425297188835
results/summary.json,results/21/per_repeat/0/roc_auc,0.6078431372549019
results/summary.json,results/21/per_repeat/0/accuracy,0.6
results/summary.json,results/21/per_repeat/0/balanced_accuracy,0.5828877005347594
results/summary.json,results/21/per_repeat/0/sensitivity,0.5294117647058824
results/summary.json,results/21/per_repeat/0/specificity,0.6363636363636364
results/summary.json,results/21/per_repeat/0/brier,0.24918643956019235
results/summary.json,results/21/per_repeat/0/average_precision,0.4784949065794435
results/summary.json,results/21/per_repeat/0/log_loss,0.7008395843650815
results/summary.json,results/21/per_repeat/1/roc_auc,0.607843137254902
results/summary.json,results/21/per_repeat/1/accuracy,0.56
results/summary.json,results/21/per_repeat/1/balanced_accuracy,0.5525846702317291
results/summary.json,results/21/per_repeat/1/sensitivity,0.5294117647058824
results/summary.json,results/21/per_repeat/1/specificity,0.5757575757575758
results/summary.json,results/21/per_repeat/1/brier,0.2397119746395303
results/summary.json,results/21/per_repeat/1/average_precision,0.5088952189479159
results/summary.json,results/21/per_repeat/1/log_loss,0.6724156039157333
results/summary.json,results/21/per_repeat/2/roc_auc,0.6078431372549019
results/summary.json,results/21/per_repeat/2/accuracy,0.6
results/summary.json,results/21/per_repeat/2/balanced_accuracy,0.5828877005347594
results/summary.json,results/21/per_repeat/2/sensitivity,0.5294117647058824
results/summary.json,results/21/per_repeat/2/specificity,0.6363636363636364
results/summary.json,results/21/per_repeat/2/brier,0.24918643956019235
results/summary.json,results/21/per_repeat/2/average_precision,0.4784949065794435
results/summary.json,results/21/per_repeat/2/log_loss,0.7008395843650815
results/summary.json,results/21/per_repeat/3/roc_auc,0.6078431372549019
results/summary.json,results/21/per_repeat/3/accuracy,0.6
results/summary.json,results/21/per_repeat/3/balanced_accuracy,0.5828877005347594
results/summary.json,results/21/per_repeat/3/sensitivity,0.5294117647058824
results/summary.json,results/21/per_repeat/3/specificity,0.6363636363636364
results/summary.json,results/21/per_repeat/3/brier,0.23754178439911602
results/summary.json,results/21/per_repeat/3/average_precision,0.4784949065794435
results/summary.json,results/21/per_repeat/3/log_loss,0.6683089379742604
results/summary.json,results/21/per_repeat/4/roc_auc,0.6078431372549019
results/summary.json,results/21/per_repeat/4/accuracy,0.54
results/summary.json,results/21/per_repeat/4/balanced_accuracy,0.5374331550802138
results/summary.json,results/21/per_repeat/4/sensitivity,0.5294117647058824
results/summary.json,results/21/per_repeat/4/specificity,0.5454545454545454
results/summary.json,results/21/per_repeat/4/brier,0.23754178439911602
results/summary.json,results/21/per_repeat/4/average_precision,0.4784949065794435
results/summary.json,results/21/per_repeat/4/log_loss,0.6683089379742604
results/summary.json,results/22/roc_auc,0.5907308377896613
results/summary.json,results/22/accuracy,0.556
results/summary.json,results/22/balanced_accuracy,0.543850267379679
results/summary.json,results/22/sensitivity,0.5058823529411766
results/summary.json,results/22/specificity,0.5818181818181818
results/summary.json,results/22/brier,0.25058834019496634
results/summary.json,results/22/average_precision,0.5045362896331512
results/summary.json,results/22/log_loss,0.6950105164404518
results/summary.json,results/22/per_repeat/0/roc_auc,0.6007130124777185
results/summary.json,results/22/per_repeat/0/accuracy,0.58
results/summary.json,results/22/per_repeat/0/balanced_accuracy,0.5962566844919786
results/summary.json,results/22/per_repeat/0/sensitivity,0.6470588235294118
results/summary.json,results/22/per_repeat/0/specificity,0.5454545454545454
results/summary.json,results/22/per_repeat/0/brier,0.26234528620769026
results/summary.json,results/22/per_repeat/0/average_precision,0.5192593424970035
results/summary.json,results/22/per_repeat/0/log_loss,0.7214916364760464
results/summary.json,results/22/per_repeat/1/roc_auc,0.588235294117647
results/summary.json,results/22/per_repeat/1/accuracy,0.56
results/summary.json,results/22/per_repeat/1/balanced_accuracy,0.5383244206773619
results/summary.json,results/22/per_repeat/1/sensitivity,0.47058823529411764
results/summary.json,results/22/per_repeat/1/specificity,0.6060606060606061
results/summary.json,results/22/per_repeat/1/brier,0.24685931633021674
results/summary.json,results/22/per_repeat/1/average_precision,0.505235571535621
results/summary.json,results/22/per_repeat/1/log_loss,0.6868607000954917
results/summary.json,results/22/per_repeat/2/roc_auc,0.5811051693404635
results/summary.json,results/22/per_repeat/2/accuracy,0.56
results/summary.json,results/22/per_repeat/2/balanced_accuracy,0.5383244206773619
results/summary.json,results/22/per_repeat/2/sensitivity,0.47058823529411764
results/summary.json,results/22/per_repeat/2/specificity,0.6060606060606061
results/summary.json,results/22/per_repeat/2/brier,0.24958401842214792
results/summary.json,results/22/per_repeat/2/average_precision,0.4920234530567446
results/summary.json,results/22/per_repeat/2/log_loss,0.6923152085036101
results/summary.json,results/22/per_repeat/3/roc_auc,0.5811051693404635
results/summary.json,results/22/per_repeat/3/accuracy,0.56
results/summary.json,results/22/per_repeat/3/balanced_accuracy,0.5383244206773619
results/summary.json,results/22/per_repeat/3/sensitivity,0.47058823529411764
results/summary.json,results/22/per_repeat/3/specificity,0.6060606060606061
results/summary.json,results/22/per_repeat/3/brier,0.24958401842214792
results/summary.json,results/22/per_repeat/3/average_precision,0.4920234530567446
results/summary.json,results/22/per_repeat/3/log_loss,0.6923152085036101
results/summary.json,results/22/per_repeat/4/roc_auc,0.6024955436720142
results/summary.json,results/22/per_repeat/4/accuracy,0.52
results/summary.json,results/22/per_repeat/4/balanced_accuracy,0.5080213903743316
results/summary.json,results/22/per_repeat/4/sensitivity,0.47058823529411764
results/summary.json,results/22/per_repeat/4/specificity,0.5454545454545454
results/summary.json,results/22/per_repeat/4/brier,0.24456906159262887
results/summary.json,results/22/per_repeat/4/average_precision,0.5141396280196421
results/summary.json,results/22/per_repeat/4/log_loss,0.6820698286235002
results/summary.json,results/23/roc_auc,0.5907308377896613
results/summary.json,results/23/accuracy,0.548
results/summary.json,results/23/balanced_accuracy,0.5292335115864528
results/summary.json,results/23/sensitivity,0.47058823529411764
results/summary.json,results/23/specificity,0.5878787878787879
results/summary.json,results/23/brier,0.25058834019496634
results/summary.json,results/23/average_precision,0.5045362896331512
results/summary.json,results/23/log_loss,0.6950105164404518
results/summary.json,results/23/per_repeat/0/roc_auc,0.6007130124777185
results/summary.json,results/23/per_repeat/0/accuracy,0.54
results/summary.json,results/23/per_repeat/0/balanced_accuracy,0.5231729055258467
results/summary.json,results/23/per_repeat/0/sensitivity,0.47058823529411764
results/summary.json,results/23/per_repeat/0/specificity,0.5757575757575758
results/summary.json,results/23/per_repeat/0/brier,0.26234528620769026
results/summary.json,results/23/per_repeat/0/average_precision,0.5192593424970035
results/summary.json,results/23/per_repeat/0/log_loss,0.7214916364760464
results/summary.json,results/23/per_repeat/1/roc_auc,0.588235294117647
results/summary.json,results/23/per_repeat/1/accuracy,0.56
results/summary.json,results/23/per_repeat/1/balanced_accuracy,0.5383244206773619
results/summary.json,results/23/per_repeat/1/sensitivity,0.47058823529411764
results/summary.json,results/23/per_repeat/1/specificity,0.6060606060606061
results/summary.json,results/23/per_repeat/1/brier,0.24685931633021674
results/summary.json,results/23/per_repeat/1/average_precision,0.505235571535621
results/summary.json,results/23/per_repeat/1/log_loss,0.6868607000954917
results/summary.json,results/23/per_repeat/2/roc_auc,0.5811051693404635
results/summary.json,results/23/per_repeat/2/accuracy,0.56
results/summary.json,results/23/per_repeat/2/balanced_accuracy,0.5383244206773619
results/summary.json,results/23/per_repeat/2/sensitivity,0.47058823529411764
results/summary.json,results/23/per_repeat/2/specificity,0.6060606060606061
results/summary.json,results/23/per_repeat/2/brier,0.24958401842214792
results/summary.json,results/23/per_repeat/2/average_precision,0.4920234530567446
results/summary.json,results/23/per_repeat/2/log_loss,0.6923152085036101
results/summary.json,results/23/per_repeat/3/roc_auc,0.5811051693404635
results/summary.json,results/23/per_repeat/3/accuracy,0.56
results/summary.json,results/23/per_repeat/3/balanced_accuracy,0.5383244206773619
results/summary.json,results/23/per_repeat/3/sensitivity,0.47058823529411764
results/summary.json,results/23/per_repeat/3/specificity,0.6060606060606061
results/summary.json,results/23/per_repeat/3/brier,0.24958401842214792
results/summary.json,results/23/per_repeat/3/average_precision,0.4920234530567446
results/summary.json,results/23/per_repeat/3/log_loss,0.6923152085036101
results/summary.json,results/23/per_repeat/4/roc_auc,0.6024955436720142
results/summary.json,results/23/per_repeat/4/accuracy,0.52
results/summary.json,results/23/per_repeat/4/balanced_accuracy,0.5080213903743316
results/summary.json,results/23/per_repeat/4/sensitivity,0.47058823529411764
results/summary.json,results/23/per_repeat/4/specificity,0.5454545454545454
results/summary.json,results/23/per_repeat/4/brier,0.24456906159262887
results/summary.json,results/23/per_repeat/4/average_precision,0.5141396280196421
results/summary.json,results/23/per_repeat/4/log_loss,0.6820698286235002
results/summary.json,results/24/roc_auc,0.5729055258467024
results/summary.json,results/24/accuracy,0.492
results/summary.json,results/24/balanced_accuracy,0.503921568627451
results/summary.json,results/24/sensitivity,0.5411764705882354
results/summary.json,results/24/specificity,0.4666666666666667
results/summary.json,results/24/brier,0.2479939542376573
results/summary.json,results/24/average_precision,0.48664805685376206
results/summary.json,results/24/log_loss,0.6891000021365297
results/summary.json,results/24/per_repeat/0/roc_auc,0.5864527629233511
results/summary.json,results/24/per_repeat/0/accuracy,0.5
results/summary.json,results/24/per_repeat/0/balanced_accuracy,0.5213903743315508
results/summary.json,results/24/per_repeat/0/sensitivity,0.5882352941176471
results/summary.json,results/24/per_repeat/0/specificity,0.45454545454545453
results/summary.json,results/24/per_repeat/0/brier,0.24751336334803697
results/summary.json,results/24/per_repeat/0/average_precision,0.5027301364089937
results/summary.json,results/24/per_repeat/0/log_loss,0.6881283115141925
results/summary.json,results/24/per_repeat/1/roc_auc,0.518716577540107
results/summary.json,results/24/per_repeat/1/accuracy,0.46
results/summary.json,results/24/per_repeat/1/balanced_accuracy,0.4340463458110517
results/summary.json,results/24/per_repeat/1/sensitivity,0.35294117647058826
results/summary.json,results/24/per_repeat/1/specificity,0.5151515151515151
results/summary.json,results/24/per_repeat/1/brier,0.24991631779613852
results/summary.json,results/24/per_repeat/1/average_precision,0.4223197386328359
results/summary.json,results/24/per_repeat/1/log_loss,0.6929867646258779
results/summary.json,results/24/per_repeat/2/roc_auc,0.5864527629233511
results/summary.json,results/24/per_repeat/2/accuracy,0.5
results/summary.json,results/24/per_repeat/2/balanced_accuracy,0.5213903743315508
results/summary.json,results/24/per_repeat/2/sensitivity,0.5882352941176471
results/summary.json,results/24/per_repeat/2/specificity,0.45454545454545453
results/summary.json,results/24/per_repeat/2/brier,0.24751336334803697
results/summary.json,results/24/per_repeat/2/average_precision,0.5027301364089937
results/summary.json,results/24/per_repeat/2/log_loss,0.6881283115141925
results/summary.json,results/24/per_repeat/3/roc_auc,0.5864527629233511
results/summary.json,results/24/per_repeat/3/accuracy,0.5
results/summary.json,results/24/per_repeat/3/balanced_accuracy,0.5213903743315508
results/summary.json,results/24/per_repeat/3/sensitivity,0.5882352941176471
results/summary.json,results/24/per_repeat/3/specificity,0.45454545454545453
results/summary.json,results/24/per_repeat/3/brier,0.24751336334803697
results/summary.json,results/24/per_repeat/3/average_precision,0.5027301364089937
results/summary.json,results/24/per_repeat/3/log_loss,0.6881283115141925
results/summary.json,results/24/per_repeat/4/roc_auc,0.5864527629233511
results/summary.json,results/24/per_repeat/4/accuracy,0.5
results/summary.json,results/24/per_repeat/4/balanced_accuracy,0.5213903743315508
results/summary.json,results/24/per_repeat/4/sensitivity,0.5882352941176471
results/summary.json,results/24/per_repeat/4/specificity,0.45454545454545453
results/summary.json,results/24/per_repeat/4/brier,0.24751336334803697
results/summary.json,results/24/per_repeat/4/average_precision,0.5027301364089937
results/summary.json,results/24/per_repeat/4/log_loss,0.6881283115141925
results/summary.json,results/25/roc_auc,0.5729055258467024
results/summary.json,results/25/accuracy,0.48
results/summary.json,results/25/balanced_accuracy,0.5062388591800356
results/summary.json,results/25/sensitivity,0.5882352941176471
results/summary.json,results/25/specificity,0.4242424242424242
results/summary.json,results/25/brier,0.2479939542376573
results/summary.json,results/25/average_precision,0.48664805685376206
results/summary.json,results/25/log_loss,0.6891000021365297
results/summary.json,results/25/per_repeat/0/roc_auc,0.5864527629233511
results/summary.json,results/25/per_repeat/0/accuracy,0.48
results/summary.json,results/25/per_repeat/0/balanced_accuracy,0.5062388591800356
results/summary.json,results/25/per_repeat/0/sensitivity,0.5882352941176471
results/summary.json,results/25/per_repeat/0/specificity,0.42424242424242425
results/summary.json,results/25/per_repeat/0/brier,0.24751336334803697
results/summary.json,results/25/per_repeat/0/average_precision,0.5027301364089937
results/summary.json,results/25/per_repeat/0/log_loss,0.6881283115141925
results/summary.json,results/25/per_repeat/1/roc_auc,0.518716577540107
results/summary.json,results/25/per_repeat/1/accuracy,0.44
results/summary.json,results/25/per_repeat/1/balanced_accuracy,0.47593582887700536
results/summary.json,results/25/per_repeat/1/sensitivity,0.5882352941176471
results/summary.json,results/25/per_repeat/1/specificity,0.36363636363636365
results/summary.json,results/25/per_repeat/1/brier,0.24991631779613852
results/summary.json,results/25/per_repeat/1/average_precision,0.4223197386328359
results/summary.json,results/25/per_repeat/1/log_loss,0.6929867646258779
results/summary.json,results/25/per_repeat/2/roc_auc,0.5864527629233511
results/summary.json,results/25/per_repeat/2/accuracy,0.5
results/summary.json,results/25/per_repeat/2/balanced_accuracy,0.5213903743315508
results/summary.json,results/25/per_repeat/2/sensitivity,0.5882352941176471
results/summary.json,results/25/per_repeat/2/specificity,0.45454545454545453
results/summary.json,results/25/per_repeat/2/brier,0.24751336334803697
results/summary.json,results/25/per_repeat/2/average_precision,0.5027301364089937
results/summary.json,results/25/per_repeat/2/log_loss,0.6881283115141925
results/summary.json,results/25/per_repeat/3/roc_auc,0.5864527629233511
results/summary.json,results/25/per_repeat/3/accuracy,0.5
results/summary.json,results/25/per_repeat/3/balanced_accuracy,0.5213903743315508
results/summary.json,results/25/per_repeat/3/sensitivity,0.5882352941176471
results/summary.json,results/25/per_repeat/3/specificity,0.45454545454545453
results/summary.json,results/25/per_repeat/3/brier,0.24751336334803697
results/summary.json,results/25/per_repeat/3/average_precision,0.5027301364089937
results/summary.json,results/25/per_repeat/3/log_loss,0.6881283115141925
results/summary.json,results/25/per_repeat/4/roc_auc,0.5864527629233511
results/summary.json,results/25/per_repeat/4/accuracy,0.48
results/summary.json,results/25/per_repeat/4/balanced_accuracy,0.5062388591800356
results/summary.json,results/25/per_repeat/4/sensitivity,0.5882352941176471
results/summary.json,results/25/per_repeat/4/specificity,0.42424242424242425
results/summary.json,results/25/per_repeat/4/brier,0.24751336334803697
results/summary.json,results/25/per_repeat/4/average_precision,0.5027301364089937
results/summary.json,results/25/per_repeat/4/log_loss,0.6881283115141925
results/summary.json,results/26/roc_auc,0.5935828877005349
results/summary.json,results/26/accuracy,0.608
results/summary.json,results/26/balanced_accuracy,0.5746880570409981
results/summary.json,results/26/sensitivity,0.47058823529411764
results/summary.json,results/26/specificity,0.6787878787878788
results/summary.json,results/26/brier,0.24558129090539627
results/summary.json,results/26/average_precision,0.48508544766658784
results/summary.json,results/26/log_loss,0.6913290709805481
results/summary.json,results/26/per_repeat/0/roc_auc,0.5953654188948307
results/summary.json,results/26/per_repeat/0/accuracy,0.6
results/summary.json,results/26/per_repeat/0/balanced_accuracy,0.5686274509803921
results/summary.json,results/26/per_repeat/0/sensitivity,0.47058823529411764
results/summary.json,results/26/per_repeat/0/specificity,0.6666666666666666
results/summary.json,results/26/per_repeat/0/brier,0.2720198411547262
results/summary.json,results/26/per_repeat/0/average_precision,0.4894918002771609
results/summary.json,results/26/per_repeat/0/log_loss,0.7741084930975023
results/summary.json,results/26/per_repeat/1/roc_auc,0.5935828877005347
results/summary.json,results/26/per_repeat/1/accuracy,0.6
results/summary.json,results/26/per_repeat/1/balanced_accuracy,0.5686274509803921
results/summary.json,results/26/per_repeat/1/sensitivity,0.47058823529411764
results/summary.json,results/26/per_repeat/1/specificity,0.6666666666666666
results/summary.json,results/26/per_repeat/1/brier,0.24003781547044248
results/summary.json,results/26/per_repeat/1/average_precision,0.4880075436369653
results/summary.json,results/26/per_repeat/1/log_loss,0.6730750965780216
results/summary.json,results/26/per_repeat/2/roc_auc,0.6060606060606062
results/summary.json,results/26/per_repeat/2/accuracy,0.6
results/summary.json,results/26/per_repeat/2/balanced_accuracy,0.5686274509803921
results/summary.json,results/26/per_repeat/2/sensitivity,0.47058823529411764
results/summary.json,results/26/per_repeat/2/specificity,0.6666666666666666
results/summary.json,results/26/per_repeat/2/brier,0.23660105194551737
results/summary.json,results/26/per_repeat/2/average_precision,0.5004955239384185
results/summary.json,results/26/per_repeat/2/log_loss,0.6655563347887185
results/summary.json,results/26/per_repeat/3/roc_auc,0.5668449197860963
results/summary.json,results/26/per_repeat/3/accuracy,0.64
results/summary.json,results/26/per_repeat/3/balanced_accuracy,0.5989304812834224
results/summary.json,results/26/per_repeat/3/sensitivity,0.47058823529411764
results/summary.json,results/26/per_repeat/3/specificity,0.7272727272727273
results/summary.json,results/26/per_repeat/3/brier,0.24264669401077804
results/summary.json,results/26/per_repeat/3/average_precision,0.4469368465419762
results/summary.json,results/26/per_repeat/3/log_loss,0.6783490956497796
results/summary.json,results/26/per_repeat/4/roc_auc,0.6060606060606062
results/summary.json,results/26/per_repeat/4/accuracy,0.6
results/summary.json,results/26/per_repeat/4/balanced_accuracy,0.5686274509803921
results/summary.json,results/26/per_repeat/4/sensitivity,0.47058823529411764
results/summary.json,results/26/per_repeat/4/specificity,0.6666666666666666
results/summary.json,results/26/per_repeat/4/brier,0.23660105194551737
results/summary.json,results/26/per_repeat/4/average_precision,0.5004955239384185
results/summary.json,results/26/per_repeat/4/log_loss,0.6655563347887185
results/summary.json,results/27/roc_auc,0.5935828877005349
results/summary.json,results/27/accuracy,0.584
results/summary.json,results/27/balanced_accuracy,0.5565062388591799
results/summary.json,results/27/sensitivity,0.47058823529411764
results/summary.json,results/27/specificity,0.6424242424242423
results/summary.json,results/27/brier,0.24558129090539627
results/summary.json,results/27/average_precision,0.48508544766658784
results/summary.json,results/27/log_loss,0.6913290709805481
results/summary.json,results/27/per_repeat/0/roc_auc,0.5953654188948307
results/summary.json,results/27/per_repeat/0/accuracy,0.58
results/summary.json,results/27/per_repeat/0/balanced_accuracy,0.553475935828877
results/summary.json,results/27/per_repeat/0/sensitivity,0.47058823529411764
results/summary.json,results/27/per_repeat/0/specificity,0.6363636363636364
results/summary.json,results/27/per_repeat/0/brier,0.2720198411547262
results/summary.json,results/27/per_repeat/0/average_precision,0.4894918002771609
results/summary.json,results/27/per_repeat/0/log_loss,0.7741084930975023
results/summary.json,results/27/per_repeat/1/roc_auc,0.5935828877005347
results/summary.json,results/27/per_repeat/1/accuracy,0.58
results/summary.json,results/27/per_repeat/1/balanced_accuracy,0.553475935828877
results/summary.json,results/27/per_repeat/1/sensitivity,0.47058823529411764
results/summary.json,results/27/per_repeat/1/specificity,0.6363636363636364
results/summary.json,results/27/per_repeat/1/brier,0.24003781547044248
results/summary.json,results/27/per_repeat/1/average_precision,0.4880075436369653
results/summary.json,results/27/per_repeat/1/log_loss,0.6730750965780216
results/summary.json,results/27/per_repeat/2/roc_auc,0.6060606060606062
results/summary.json,results/27/per_repeat/2/accuracy,0.6
results/summary.json,results/27/per_repeat/2/balanced_accuracy,0.5686274509803921
results/summary.json,results/27/per_repeat/2/sensitivity,0.47058823529411764
results/summary.json,results/27/per_repeat/2/specificity,0.6666666666666666
results/summary.json,results/27/per_repeat/2/brier,0.23660105194551737
results/summary.json,results/27/per_repeat/2/average_precision,0.5004955239384185
results/summary.json,results/27/per_repeat/2/log_loss,0.6655563347887185
results/summary.json,results/27/per_repeat/3/roc_auc,0.5668449197860963
results/summary.json,results/27/per_repeat/3/accuracy,0.6
results/summary.json,results/27/per_repeat/3/balanced_accuracy,0.5686274509803921
results/summary.json,results/27/per_repeat/3/sensitivity,0.47058823529411764
results/summary.json,results/27/per_repeat/3/specificity,0.6666666666666666
results/summary.json,results/27/per_repeat/3/brier,0.24264669401077804
results/summary.json,results/27/per_repeat/3/average_precision,0.4469368465419762
results/summary.json,results/27/per_repeat/3/log_loss,0.6783490956497796
results/summary.json,results/27/per_repeat/4/roc_auc,0.6060606060606062
results/summary.json,results/27/per_repeat/4/accuracy,0.56
results/summary.json,results/27/per_repeat/4/balanced_accuracy,0.5383244206773619
results/summary.json,results/27/per_repeat/4/sensitivity,0.47058823529411764
results/summary.json,results/27/per_repeat/4/specificity,0.6060606060606061
results/summary.json,results/27/per_repeat/4/brier,0.23660105194551737
results/summary.json,results/27/per_repeat/4/average_precision,0.5004955239384185
results/summary.json,results/27/per_repeat/4/log_loss,0.6655563347887185
results/summary.json,results/28/roc_auc,0.5914438502673797
results/summary.json,results/28/accuracy,0.5720000000000001
results/summary.json,results/28/balanced_accuracy,0.5559714795008912
results/summary.json,results/28/sensitivity,0.5058823529411766
results/summary.json,results/28/specificity,0.606060606060606
results/summary.json,results/28/brier,0.24899473826554402
results/summary.json,results/28/average_precision,0.5018074688169064
results/summary.json,results/28/log_loss,0.6917078176734954
results/summary.json,results/28/per_repeat/0/roc_auc,0.6007130124777185
results/summary.json,results/28/per_repeat/0/accuracy,0.58
results/summary.json,results/28/per_repeat/0/balanced_accuracy,0.5962566844919786
results/summary.json,results/28/per_repeat/0/sensitivity,0.6470588235294118
results/summary.json,results/28/per_repeat/0/specificity,0.5454545454545454
results/summary.json,results/28/per_repeat/0/brier,0.26234528620769026
results/summary.json,results/28/per_repeat/0/average_precision,0.5192593424970035
results/summary.json,results/28/per_repeat/0/log_loss,0.7214916364760464
results/summary.json,results/28/per_repeat/1/roc_auc,0.588235294117647
results/summary.json,results/28/per_repeat/1/accuracy,0.56
results/summary.json,results/28/per_repeat/1/balanced_accuracy,0.5383244206773619
results/summary.json,results/28/per_repeat/1/sensitivity,0.47058823529411764
results/summary.json,results/28/per_repeat/1/specificity,0.6060606060606061
results/summary.json,results/28/per_repeat/1/brier,0.24685931633021674
results/summary.json,results/28/per_repeat/1/average_precision,0.505235571535621
results/summary.json,results/28/per_repeat/1/log_loss,0.6868607000954917
results/summary.json,results/28/per_repeat/2/roc_auc,0.5811051693404635
results/summary.json,results/28/per_repeat/2/accuracy,0.56
results/summary.json,results/28/per_repeat/2/balanced_accuracy,0.5383244206773619
results/summary.json,results/28/per_repeat/2/sensitivity,0.47058823529411764
results/summary.json,results/28/per_repeat/2/specificity,0.6060606060606061
results/summary.json,results/28/per_repeat/2/brier,0.24958401842214792
results/summary.json,results/28/per_repeat/2/average_precision,0.4920234530567446
results/summary.json,results/28/per_repeat/2/log_loss,0.6923152085036101
results/summary.json,results/28/per_repeat/3/roc_auc,0.5811051693404635
results/summary.json,results/28/per_repeat/3/accuracy,0.56
results/summary.json,results/28/per_repeat/3/balanced_accuracy,0.5383244206773619
results/summary.json,results/28/per_repeat/3/sensitivity,0.47058823529411764
results/summary.json,results/28/per_repeat/3/specificity,0.6060606060606061
results/summary.json,results/28/per_repeat/3/brier,0.24958401842214792
results/summary.json,results/28/per_repeat/3/average_precision,0.4920234530567446
results/summary.json,results/28/per_repeat/3/log_loss,0.6923152085036101
results/summary.json,results/28/per_repeat/4/roc_auc,0.6060606060606062
results/summary.json,results/28/per_repeat/4/accuracy,0.6
results/summary.json,results/28/per_repeat/4/balanced_accuracy,0.5686274509803921
results/summary.json,results/28/per_repeat/4/sensitivity,0.47058823529411764
results/summary.json,results/28/per_repeat/4/specificity,0.6666666666666666
results/summary.json,results/28/per_repeat/4/brier,0.23660105194551737
results/summary.json,results/28/per_repeat/4/average_precision,0.5004955239384185
results/summary.json,results/28/per_repeat/4/log_loss,0.6655563347887185
results/summary.json,results/29/roc_auc,0.5914438502673797
results/summary.json,results/29/accuracy,0.556
results/summary.json,results/29/balanced_accuracy,0.5352941176470589
results/summary.json,results/29/sensitivity,0.47058823529411764
results/summary.json,results/29/specificity,0.6
results/summary.json,results/29/brier,0.24899473826554402
results/summary.json,results/29/average_precision,0.5018074688169064
results/summary.json,results/29/log_loss,0.6917078176734954
results/summary.json,results/29/per_repeat/0/roc_auc,0.6007130124777185
results/summary.json,results/29/per_repeat/0/accuracy,0.54
results/summary.json,results/29/per_repeat/0/balanced_accuracy,0.5231729055258467
results/summary.json,results/29/per_repeat/0/sensitivity,0.47058823529411764
results/summary.json,results/29/per_repeat/0/specificity,0.5757575757575758
results/summary.json,results/29/per_repeat/0/brier,0.26234528620769026
results/summary.json,results/29/per_repeat/0/average_precision,0.5192593424970035
results/summary.json,results/29/per_repeat/0/log_loss,0.7214916364760464
results/summary.json,results/29/per_repeat/1/roc_auc,0.588235294117647
results/summary.json,results/29/per_repeat/1/accuracy,0.56
results/summary.json,results/29/per_repeat/1/balanced_accuracy,0.5383244206773619
results/summary.json,results/29/per_repeat/1/sensitivity,0.47058823529411764
results/summary.json,results/29/per_repeat/1/specificity,0.6060606060606061
results/summary.json,results/29/per_repeat/1/brier,0.24685931633021674
results/summary.json,results/29/per_repeat/1/average_precision,0.505235571535621
results/summary.json,results/29/per_repeat/1/log_loss,0.6868607000954917
results/summary.json,results/29/per_repeat/2/roc_auc,0.5811051693404635
results/summary.json,results/29/per_repeat/2/accuracy,0.56
results/summary.json,results/29/per_repeat/2/balanced_accuracy,0.5383244206773619
results/summary.json,results/29/per_repeat/2/sensitivity,0.47058823529411764
results/summary.json,results/29/per_repeat/2/specificity,0.6060606060606061
results/summary.json,results/29/per_repeat/2/brier,0.24958401842214792
results/summary.json,results/29/per_repeat/2/average_precision,0.4920234530567446
results/summary.json,results/29/per_repeat/2/log_loss,0.6923152085036101
results/summary.json,results/29/per_repeat/3/roc_auc,0.5811051693404635
results/summary.json,results/29/per_repeat/3/accuracy,0.56
results/summary.json,results/29/per_repeat/3/balanced_accuracy,0.5383244206773619
results/summary.json,results/29/per_repeat/3/sensitivity,0.47058823529411764
results/summary.json,results/29/per_repeat/3/specificity,0.6060606060606061
results/summary.json,results/29/per_repeat/3/brier,0.24958401842214792
results/summary.json,results/29/per_repeat/3/average_precision,0.4920234530567446
results/summary.json,results/29/per_repeat/3/log_loss,0.6923152085036101
results/summary.json,results/29/per_repeat/4/roc_auc,0.6060606060606062
results/summary.json,results/29/per_repeat/4/accuracy,0.56
results/summary.json,results/29/per_repeat/4/balanced_accuracy,0.5383244206773619
results/summary.json,results/29/per_repeat/4/sensitivity,0.47058823529411764
results/summary.json,results/29/per_repeat/4/specificity,0.6060606060606061
results/summary.json,results/29/per_repeat/4/brier,0.23660105194551737
results/summary.json,results/29/per_repeat/4/average_precision,0.5004955239384185
results/summary.json,results/29/per_repeat/4/log_loss,0.6655563347887185
results/summary.json,results/30/roc_auc,0.6128654970760234
results/summary.json,results/30/accuracy,0.6304347826086957
results/summary.json,results/30/balanced_accuracy,0.5760233918128654
results/summary.json,results/30/sensitivity,0.888888888888889
results/summary.json,results/30/specificity,0.2631578947368421
results/summary.json,results/30/brier,0.24101515055818198
results/summary.json,results/30/average_precision,0.7052922535460426
results/summary.json,results/30/log_loss,0.6876443833535658
results/summary.json,results/30/per_repeat/0/roc_auc,0.6120857699805068
results/summary.json,results/30/per_repeat/0/accuracy,0.6304347826086957
results/summary.json,results/30/per_repeat/0/balanced_accuracy,0.5760233918128654
results/summary.json,results/30/per_repeat/0/sensitivity,0.8888888888888888
results/summary.json,results/30/per_repeat/0/specificity,0.2631578947368421
results/summary.json,results/30/per_repeat/0/brier,0.23565585704722822
results/summary.json,results/30/per_repeat/0/average_precision,0.7020347633466235
results/summary.json,results/30/per_repeat/0/log_loss,0.6642219737944661
results/summary.json,results/30/per_repeat/1/roc_auc,0.6159844054580896
results/summary.json,results/30/per_repeat/1/accuracy,0.6304347826086957
results/summary.json,results/30/per_repeat/1/balanced_accuracy,0.5760233918128654
results/summary.json,results/30/per_repeat/1/sensitivity,0.8888888888888888
results/summary.json,results/30/per_repeat/1/specificity,0.2631578947368421
results/summary.json,results/30/per_repeat/1/brier,0.2311423345992455
results/summary.json,results/30/per_repeat/1/average_precision,0.7114115826449199
results/summary.json,results/30/per_repeat/1/log_loss,0.6549049019188746
results/summary.json,results/30/per_repeat/2/roc_auc,0.6120857699805068
results/summary.json,results/30/per_repeat/2/accuracy,0.6304347826086957
results/summary.json,results/30/per_repeat/2/balanced_accuracy,0.5760233918128654
results/summary.json,results/30/per_repeat/2/sensitivity,0.8888888888888888
results/summary.json,results/30/per_repeat/2/specificity,0.2631578947368421
results/summary.json,results/30/per_repeat/2/brier,0.2669658470499798
results/summary.json,results/30/per_repeat/2/average_precision,0.7089453950454232
results/summary.json,results/30/per_repeat/2/log_loss,0.7906510934655565
results/summary.json,results/30/per_repeat/3/roc_auc,0.6120857699805068
results/summary.json,results/30/per_repeat/3/accuracy,0.6304347826086957
results/summary.json,results/30/per_repeat/3/balanced_accuracy,0.5760233918128654
results/summary.json,results/30/per_repeat/3/sensitivity,0.8888888888888888
results/summary.json,results/30/per_repeat/3/specificity,0.2631578947368421
results/summary.json,results/30/per_repeat/3/brier,0.23565585704722822
results/summary.json,results/30/per_repeat/3/average_precision,0.7020347633466235
results/summary.json,results/30/per_repeat/3/log_loss,0.6642219737944661
results/summary.json,results/30/per_repeat/4/roc_auc,0.6120857699805068
results/summary.json,results/30/per_repeat/4/accuracy,0.6304347826086957
results/summary.json,results/30/per_repeat/4/balanced_accuracy,0.5760233918128654
results/summary.json,results/30/per_repeat/4/sensitivity,0.8888888888888888
results/summary.json,results/30/per_repeat/4/specificity,0.2631578947368421
results/summary.json,results/30/per_repeat/4/brier,0.23565585704722822
results/summary.json,results/30/per_repeat/4/average_precision,0.7020347633466235
results/summary.json,results/30/per_repeat/4/log_loss,0.6642219737944661
results/summary.json,results/31/roc_auc,0.6128654970760234
results/summary.json,results/31/accuracy,0.6347826086956523
results/summary.json,results/31/balanced_accuracy,0.5797270955165692
results/summary.json,results/31/sensitivity,0.8962962962962961
results/summary.json,results/31/specificity,0.2631578947368421
results/summary.json,results/31/brier,0.24101515055818198
results/summary.json,results/31/average_precision,0.7052922535460426
results/summary.json,results/31/log_loss,0.6876443833535658
results/summary.json,results/31/per_repeat/0/roc_auc,0.6120857699805068
results/summary.json,results/31/per_repeat/0/accuracy,0.6304347826086957
results/summary.json,results/31/per_repeat/0/balanced_accuracy,0.5760233918128654
results/summary.json,results/31/per_repeat/0/sensitivity,0.8888888888888888
results/summary.json,results/31/per_repeat/0/specificity,0.2631578947368421
results/summary.json,results/31/per_repeat/0/brier,0.23565585704722822
results/summary.json,results/31/per_repeat/0/average_precision,0.7020347633466235
results/summary.json,results/31/per_repeat/0/log_loss,0.6642219737944661
results/summary.json,results/31/per_repeat/1/roc_auc,0.6159844054580896
results/summary.json,results/31/per_repeat/1/accuracy,0.6304347826086957
results/summary.json,results/31/per_repeat/1/balanced_accuracy,0.5760233918128654
results/summary.json,results/31/per_repeat/1/sensitivity,0.8888888888888888
results/summary.json,results/31/per_repeat/1/specificity,0.2631578947368421
results/summary.json,results/31/per_repeat/1/brier,0.2311423345992455
results/summary.json,results/31/per_repeat/1/average_precision,0.7114115826449199
results/summary.json,results/31/per_repeat/1/log_loss,0.6549049019188746
results/summary.json,results/31/per_repeat/2/roc_auc,0.6120857699805068
results/summary.json,results/31/per_repeat/2/accuracy,0.6304347826086957
results/summary.json,results/31/per_repeat/2/balanced_accuracy,0.5760233918128654
results/summary.json,results/31/per_repeat/2/sensitivity,0.8888888888888888
results/summary.json,results/31/per_repeat/2/specificity,0.2631578947368421
results/summary.json,results/31/per_repeat/2/brier,0.2669658470499798
results/summary.json,results/31/per_repeat/2/average_precision,0.7089453950454232
results/summary.json,results/31/per_repeat/2/log_loss,0.7906510934655565
results/summary.json,results/31/per_repeat/3/roc_auc,0.6120857699805068
results/summary.json,results/31/per_repeat/3/accuracy,0.6521739130434783
results/summary.json,results/31/per_repeat/3/balanced_accuracy,0.594541910331384
results/summary.json,results/31/per_repeat/3/sensitivity,0.9259259259259259
results/summary.json,results/31/per_repeat/3/specificity,0.2631578947368421
results/summary.json,results/31/per_repeat/3/brier,0.23565585704722822
results/summary.json,results/31/per_repeat/3/average_precision,0.7020347633466235
results/summary.json,results/31/per_repeat/3/log_loss,0.6642219737944661
results/summary.json,results/31/per_repeat/4/roc_auc,0.6120857699805068
results/summary.json,results/31/per_repeat/4/accuracy,0.6304347826086957
results/summary.json,results/31/per_repeat/4/balanced_accuracy,0.5760233918128654
results/summary.json,results/31/per_repeat/4/sensitivity,0.8888888888888888
results/summary.json,results/31/per_repeat/4/specificity,0.2631578947368421
results/summary.json,results/31/per_repeat/4/brier,0.23565585704722822
results/summary.json,results/31/per_repeat/4/average_precision,0.7020347633466235
results/summary.json,results/31/per_repeat/4/log_loss,0.6642219737944661
results/summary.json,results/32/roc_auc,0.6035087719298246
results/summary.json,results/32/accuracy,0.6260869565217393
results/summary.json,results/32/balanced_accuracy,0.5816764132553607
results/summary.json,results/32/sensitivity,0.837037037037037
results/summary.json,results/32/specificity,0.32631578947368417
results/summary.json,results/32/brier,0.2443960411307903
results/summary.json,results/32/average_precision,0.7193783214109717
results/summary.json,results/32/log_loss,0.6817317104292933
results/summary.json,results/32/per_repeat/0/roc_auc,0.6003898635477584
results/summary.json,results/32/per_repeat/0/accuracy,0.6521739130434783
results/summary.json,results/32/per_repeat/0/balanced_accuracy,0.594541910331384
results/summary.json,results/32/per_repeat/0/sensitivity,0.9259259259259259
results/summary.json,results/32/per_repeat/0/specificity,0.2631578947368421
results/summary.json,results/32/per_repeat/0/brier,0.2493633032129805
results/summary.json,results/32/per_repeat/0/average_precision,0.7049261586466284
results/summary.json,results/32/per_repeat/0/log_loss,0.6918737702013982
results/summary.json,results/32/per_repeat/1/roc_auc,0.6042884990253411
results/summary.json,results/32/per_repeat/1/accuracy,0.5434782608695652
results/summary.json,results/32/per_repeat/1/balanced_accuracy,0.5409356725146199
results/summary.json,results/32/per_repeat/1/sensitivity,0.5555555555555556
results/summary.json,results/32/per_repeat/1/specificity,0.5263157894736842
results/summary.json,results/32/per_repeat/1/brier,0.24073985469219245
results/summary.json,results/32/per_repeat/1/average_precision,0.7334880161286674
results/summary.json,results/32/per_repeat/1/log_loss,0.6739404096937011
results/summary.json,results/32/per_repeat/2/roc_auc,0.608187134502924
results/summary.json,results/32/per_repeat/2/accuracy,0.6304347826086957
results/summary.json,results/32/per_repeat/2/balanced_accuracy,0.5838206627680311
results/summary.json,results/32/per_repeat/2/sensitivity,0.8518518518518519
results/summary.json,results/32/per_repeat/2/specificity,0.3157894736842105
results/summary.json,results/32/per_repeat/2/brier,0.23728419361783787
results/summary.json,results/32/per_repeat/2/average_precision,0.7371889697479435
results/summary.json,results/32/per_repeat/2/log_loss,0.6673724542168273
results/summary.json,results/32/per_repeat/3/roc_auc,0.6003898635477584
results/summary.json,results/32/per_repeat/3/accuracy,0.6521739130434783
results/summary.json,results/32/per_repeat/3/balanced_accuracy,0.594541910331384
results/summary.json,results/32/per_repeat/3/sensitivity,0.9259259259259259
results/summary.json,results/32/per_repeat/3/specificity,0.2631578947368421
results/summary.json,results/32/per_repeat/3/brier,0.2493633032129805
results/summary.json,results/32/per_repeat/3/average_precision,0.7049261586466284
results/summary.json,results/32/per_repeat/3/log_loss,0.6918737702013982
results/summary.json,results/32/per_repeat/4/roc_auc,0.6042884990253411
results/summary.json,results/32/per_repeat/4/accuracy,0.6521739130434783
results/summary.json,results/32/per_repeat/4/balanced_accuracy,0.594541910331384
results/summary.json,results/32/per_repeat/4/sensitivity,0.9259259259259259
results/summary.json,results/32/per_repeat/4/specificity,0.2631578947368421
results/summary.json,results/32/per_repeat/4/brier,0.24522955091796006
results/summary.json,results/32/per_repeat/4/average_precision,0.7163623038849902
results/summary.json,results/32/per_repeat/4/log_loss,0.6835981478331419
results/summary.json,results/33/roc_auc,0.6035087719298246
results/summary.json,results/33/accuracy,0.6347826086956522
results/summary.json,results/33/balanced_accuracy,0.5797270955165692
results/summary.json,results/33/sensitivity,0.8962962962962964
results/summary.json,results/33/specificity,0.2631578947368421
results/summary.json,results/33/brier,0.2443960411307903
results/summary.json,results/33/average_precision,0.7193783214109717
results/summary.json,results/33/log_loss,0.6817317104292933
results/summary.json,results/33/per_repeat/0/roc_auc,0.6003898635477584
results/summary.json,results/33/per_repeat/0/accuracy,0.6521739130434783
results/summary.json,results/33/per_repeat/0/balanced_accuracy,0.594541910331384
results/summary.json,results/33/per_repeat/0/sensitivity,0.9259259259259259
results/summary.json,results/33/per_repeat/0/specificity,0.2631578947368421
results/summary.json,results/33/per_repeat/0/brier,0.2493633032129805
results/summary.json,results/33/per_repeat/0/average_precision,0.7049261586466284
results/summary.json,results/33/per_repeat/0/log_loss,0.6918737702013982
results/summary.json,results/33/per_repeat/1/roc_auc,0.6042884990253411
results/summary.json,results/33/per_repeat/1/accuracy,0.6086956521739131
results/summary.json,results/33/per_repeat/1/balanced_accuracy,0.557504873294347
results/summary.json,results/33/per_repeat/1/sensitivity,0.8518518518518519
results/summary.json,results/33/per_repeat/1/specificity,0.2631578947368421
results/summary.json,results/33/per_repeat/1/brier,0.24073985469219245
results/summary.json,results/33/per_repeat/1/average_precision,0.7334880161286674
results/summary.json,results/33/per_repeat/1/log_loss,0.6739404096937011
results/summary.json,results/33/per_repeat/2/roc_auc,0.608187134502924
results/summary.json,results/33/per_repeat/2/accuracy,0.6086956521739131
results/summary.json,results/33/per_repeat/2/balanced_accuracy,0.557504873294347
results/summary.json,results/33/per_repeat/2/sensitivity,0.8518518518518519
results/summary.json,results/33/per_repeat/2/specificity,0.2631578947368421
results/summary.json,results/33/per_repeat/2/brier,0.23728419361783787
results/summary.json,results/33/per_repeat/2/average_precision,0.7371889697479435
results/summary.json,results/33/per_repeat/2/log_loss,0.6673724542168273
results/summary.json,results/33/per_repeat/3/roc_auc,0.6003898635477584
results/summary.json,results/33/per_repeat/3/accuracy,0.6521739130434783
results/summary.json,results/33/per_repeat/3/balanced_accuracy,0.594541910331384
results/summary.json,results/33/per_repeat/3/sensitivity,0.9259259259259259
results/summary.json,results/33/per_repeat/3/specificity,0.2631578947368421
results/summary.json,results/33/per_repeat/3/brier,0.2493633032129805
results/summary.json,results/33/per_repeat/3/average_precision,0.7049261586466284
results/summary.json,results/33/per_repeat/3/log_loss,0.6918737702013982
results/summary.json,results/33/per_repeat/4/roc_auc,0.6042884990253411
results/summary.json,results/33/per_repeat/4/accuracy,0.6521739130434783
results/summary.json,results/33/per_repeat/4/balanced_accuracy,0.594541910331384
results/summary.json,results/33/per_repeat/4/sensitivity,0.9259259259259259
results/summary.json,results/33/per_repeat/4/specificity,0.2631578947368421
results/summary.json,results/33/per_repeat/4/brier,0.24522955091796006
results/summary.json,results/33/per_repeat/4/average_precision,0.7163623038849902
results/summary.json,results/33/per_repeat/4/log_loss,0.6835981478331419
results/summary.json,results/34/roc_auc,0.47563352826510724
results/summary.json,results/34/accuracy,0.6173913043478262
results/summary.json,results/34/balanced_accuracy,0.5649122807017543
results/summary.json,results/34/sensitivity,0.8666666666666668
results/summary.json,results/34/specificity,0.2631578947368421
results/summary.json,results/34/brier,0.24686034468282178
results/summary.json,results/34/average_precision,0.5703938339242283
results/summary.json,results/34/log_loss,0.687323493254383
results/summary.json,results/34/per_repeat/0/roc_auc,0.4619883040935673
results/summary.json,results/34/per_repeat/0/accuracy,0.6086956521739131
results/summary.json,results/34/per_repeat/0/balanced_accuracy,0.557504873294347
results/summary.json,results/34/per_repeat/0/sensitivity,0.8518518518518519
results/summary.json,results/34/per_repeat/0/specificity,0.2631578947368421
results/summary.json,results/34/per_repeat/0/brier,0.2471615196310613
results/summary.json,results/34/per_repeat/0/average_precision,0.5673758079046423
results/summary.json,results/34/per_repeat/0/log_loss,0.6885455510179885
results/summary.json,results/34/per_repeat/1/roc_auc,0.47173489278752434
results/summary.json,results/34/per_repeat/1/accuracy,0.6304347826086957
results/summary.json,results/34/per_repeat/1/balanced_accuracy,0.5760233918128654
results/summary.json,results/34/per_repeat/1/sensitivity,0.8888888888888888
results/summary.json,results/34/per_repeat/1/specificity,0.2631578947368421
results/summary.json,results/34/per_repeat/1/brier,0.24615016538654338
results/summary.json,results/34/per_repeat/1/average_precision,0.5691429196526846
results/summary.json,results/34/per_repeat/1/log_loss,0.6855277572339823
results/summary.json,results/34/per_repeat/2/roc_auc,0.47173489278752434
results/summary.json,results/34/per_repeat/2/accuracy,0.6304347826086957
results/summary.json,results/34/per_repeat/2/balanced_accuracy,0.5760233918128654
results/summary.json,results/34/per_repeat/2/sensitivity,0.8888888888888888
results/summary.json,results/34/per_repeat/2/specificity,0.2631578947368421
results/summary.json,results/34/per_repeat/2/brier,0.24615016538654338
results/summary.json,results/34/per_repeat/2/average_precision,0.5691429196526846
results/summary.json,results/34/per_repeat/2/log_loss,0.6855277572339823
results/summary.json,results/34/per_repeat/3/roc_auc,0.47953216374269003
results/summary.json,results/34/per_repeat/3/accuracy,0.6086956521739131
results/summary.json,results/34/per_repeat/3/balanced_accuracy,0.557504873294347
results/summary.json,results/34/per_repeat/3/sensitivity,0.8518518518518519
results/summary.json,results/34/per_repeat/3/specificity,0.2631578947368421
results/summary.json,results/34/per_repeat/3/brier,0.2488497377602649
results/summary.json,results/34/per_repeat/3/average_precision,0.5711894195999161
results/summary.json,results/34/per_repeat/3/log_loss,0.6917833321772772
results/summary.json,results/34/per_repeat/4/roc_auc,0.49317738791423005
results/summary.json,results/34/per_repeat/4/accuracy,0.6086956521739131
results/summary.json,results/34/per_repeat/4/balanced_accuracy,0.557504873294347
results/summary.json,results/34/per_repeat/4/sensitivity,0.8518518518518519
results/summary.json,results/34/per_repeat/4/specificity,0.2631578947368421
results/summary.json,results/34/per_repeat/4/brier,0.245990135249696
results/summary.json,results/34/per_repeat/4/average_precision,0.5751181028112138
results/summary.json,results/34/per_repeat/4/log_loss,0.6852330686086854
results/summary.json,results/35/roc_auc,0.47563352826510724
results/summary.json,results/35/accuracy,0.6086956521739131
results/summary.json,results/35/balanced_accuracy,0.55906432748538
results/summary.json,results/35/sensitivity,0.8444444444444444
results/summary.json,results/35/specificity,0.27368421052631575
results/summary.json,results/35/brier,0.24686034468282178
results/summary.json,results/35/average_precision,0.5703938339242283
results/summary.json,results/35/log_loss,0.687323493254383
results/summary.json,results/35/per_repeat/0/roc_auc,0.4619883040935673
results/summary.json,results/35/per_repeat/0/accuracy,0.6086956521739131
results/summary.json,results/35/per_repeat/0/balanced_accuracy,0.557504873294347
results/summary.json,results/35/per_repeat/0/sensitivity,0.8518518518518519
results/summary.json,results/35/per_repeat/0/specificity,0.2631578947368421
results/summary.json,results/35/per_repeat/0/brier,0.2471615196310613
results/summary.json,results/35/per_repeat/0/average_precision,0.5673758079046423
results/summary.json,results/35/per_repeat/0/log_loss,0.6885455510179885
results/summary.json,results/35/per_repeat/1/roc_auc,0.47173489278752434
results/summary.json,results/35/per_repeat/1/accuracy,0.6304347826086957
results/summary.json,results/35/per_repeat/1/balanced_accuracy,0.5760233918128654
results/summary.json,results/35/per_repeat/1/sensitivity,0.8888888888888888
results/summary.json,results/35/per_repeat/1/specificity,0.2631578947368421
results/summary.json,results/35/per_repeat/1/brier,0.24615016538654338
results/summary.json,results/35/per_repeat/1/average_precision,0.5691429196526846
results/summary.json,results/35/per_repeat/1/log_loss,0.6855277572339823
results/summary.json,results/35/per_repeat/2/roc_auc,0.47173489278752434
results/summary.json,results/35/per_repeat/2/accuracy,0.6086956521739131
results/summary.json,results/35/per_repeat/2/balanced_accuracy,0.557504873294347
results/summary.json,results/35/per_repeat/2/sensitivity,0.8518518518518519
results/summary.json,results/35/per_repeat/2/specificity,0.2631578947368421
results/summary.json,results/35/per_repeat/2/brier,0.24615016538654338
results/summary.json,results/35/per_repeat/2/average_precision,0.5691429196526846
results/summary.json,results/35/per_repeat/2/log_loss,0.6855277572339823
results/summary.json,results/35/per_repeat/3/roc_auc,0.47953216374269003
results/summary.json,results/35/per_repeat/3/accuracy,0.6086956521739131
results/summary.json,results/35/per_repeat/3/balanced_accuracy,0.557504873294347
results/summary.json,results/35/per_repeat/3/sensitivity,0.8518518518518519
results/summary.json,results/35/per_repeat/3/specificity,0.2631578947368421
results/summary.json,results/35/per_repeat/3/brier,0.2488497377602649
results/summary.json,results/35/per_repeat/3/average_precision,0.5711894195999161
results/summary.json,results/35/per_repeat/3/log_loss,0.6917833321772772
results/summary.json,results/35/per_repeat/4/roc_auc,0.49317738791423005
results/summary.json,results/35/per_repeat/4/accuracy,0.5869565217391305
results/summary.json,results/35/per_repeat/4/balanced_accuracy,0.5467836257309941
results/summary.json,results/35/per_repeat/4/sensitivity,0.7777777777777778
results/summary.json,results/35/per_repeat/4/specificity,0.3157894736842105
results/summary.json,results/35/per_repeat/4/brier,0.245990135249696
results/summary.json,results/35/per_repeat/4/average_precision,0.5751181028112138
results/summary.json,results/35/per_repeat/4/log_loss,0.6852330686086854
results/summary.json,results/36/roc_auc,0.5434697855750488
results/summary.json,results/36/accuracy,0.6347826086956523
results/summary.json,results/36/balanced_accuracy,0.5750487329434698
results/summary.json,results/36/sensitivity,0.9185185185185185
results/summary.json,results/36/specificity,0.23157894736842105
results/summary.json,results/36/brier,0.2495120123419014
results/summary.json,results/36/average_precision,0.6384145828544425
results/summary.json,results/36/log_loss,0.7088820811322337
results/summary.json,results/36/per_repeat/0/roc_auc,0.5419103313840157
results/summary.json,results/36/per_repeat/0/accuracy,0.6521739130434783
results/summary.json,results/36/per_repeat/0/balanced_accuracy,0.594541910331384
results/summary.json,results/36/per_repeat/0/sensitivity,0.9259259259259259
results/summary.json,results/36/per_repeat/0/specificity,0.2631578947368421
results/summary.json,results/36/per_repeat/0/brier,0.24189322473376898
results/summary.json,results/36/per_repeat/0/average_precision,0.6403184297152489
results/summary.json,results/36/per_repeat/0/log_loss,0.6786569719515455
results/summary.json,results/36/per_repeat/1/roc_auc,0.5321637426900585
results/summary.json,results/36/per_repeat/1/accuracy,0.6304347826086957
results/summary.json,results/36/per_repeat/1/balanced_accuracy,0.5760233918128654
results/summary.json,results/36/per_repeat/1/sensitivity,0.8888888888888888
results/summary.json,results/36/per_repeat/1/specificity,0.2631578947368421
results/summary.json,results/36/per_repeat/1/brier,0.28354517180345473
results/summary.json,results/36/per_repeat/1/average_precision,0.6208070747225884
results/summary.json,results/36/per_repeat/1/log_loss,0.842216497133639
results/summary.json,results/36/per_repeat/2/roc_auc,0.5477582846003899
results/summary.json,results/36/per_repeat/2/accuracy,0.6304347826086957
results/summary.json,results/36/per_repeat/2/balanced_accuracy,0.5682261208576997
results/summary.json,results/36/per_repeat/2/sensitivity,0.9259259259259259
results/summary.json,results/36/per_repeat/2/specificity,0.21052631578947367
results/summary.json,results/36/per_repeat/2/brier,0.24070722172409442
results/summary.json,results/36/per_repeat/2/average_precision,0.6436491366114585
results/summary.json,results/36/per_repeat/2/log_loss,0.6745123121919947
results/summary.json,results/36/per_repeat/3/roc_auc,0.5477582846003899
results/summary.json,results/36/per_repeat/3/accuracy,0.6304347826086957
results/summary.json,results/36/per_repeat/3/balanced_accuracy,0.5682261208576997
results/summary.json,results/36/per_repeat/3/sensitivity,0.9259259259259259
results/summary.json,results/36/per_repeat/3/specificity,0.21052631578947367
results/summary.json,results/36/per_repeat/3/brier,0.24070722172409442
results/summary.json,results/36/per_repeat/3/average_precision,0.6436491366114585
results/summary.json,results/36/per_repeat/3/log_loss,0.6745123121919947
results/summary.json,results/36/per_repeat/4/roc_auc,0.5477582846003899
results/summary.json,results/36/per_repeat/4/accuracy,0.6304347826086957
results/summary.json,results/36/per_repeat/4/balanced_accuracy,0.5682261208576997
results/summary.json,results/36/per_repeat/4/sensitivity,0.9259259259259259
results/summary.json,results/36/per_repeat/4/specificity,0.21052631578947367
results/summary.json,results/36/per_repeat/4/brier,0.24070722172409442
results/summary.json,results/36/per_repeat/4/average_precision,0.6436491366114585
results/summary.json,results/36/per_repeat/4/log_loss,0.6745123121919947
results/summary.json,results/37/roc_auc,0.5434697855750488
results/summary.json,results/37/accuracy,0.6391304347826088
results/summary.json,results/37/balanced_accuracy,0.5834307992202729
results/summary.json,results/37/sensitivity,0.9037037037037038
results/summary.json,results/37/specificity,0.2631578947368421
results/summary.json,results/37/brier,0.2495120123419014
results/summary.json,results/37/average_precision,0.6384145828544425
results/summary.json,results/37/log_loss,0.7088820811322337
results/summary.json,results/37/per_repeat/0/roc_auc,0.5419103313840157
results/summary.json,results/37/per_repeat/0/accuracy,0.6521739130434783
results/summary.json,results/37/per_repeat/0/balanced_accuracy,0.594541910331384
results/summary.json,results/37/per_repeat/0/sensitivity,0.9259259259259259
results/summary.json,results/37/per_repeat/0/specificity,0.2631578947368421
results/summary.json,results/37/per_repeat/0/brier,0.24189322473376898
results/summary.json,results/37/per_repeat/0/average_precision,0.6403184297152489
results/summary.json,results/37/per_repeat/0/log_loss,0.6786569719515455
results/summary.json,results/37/per_repeat/1/roc_auc,0.5321637426900585
results/summary.json,results/37/per_repeat/1/accuracy,0.6304347826086957
results/summary.json,results/37/per_repeat/1/balanced_accuracy,0.5760233918128654
results/summary.json,results/37/per_repeat/1/sensitivity,0.8888888888888888
results/summary.json,results/37/per_repeat/1/specificity,0.2631578947368421
results/summary.json,results/37/per_repeat/1/brier,0.28354517180345473
results/summary.json,results/37/per_repeat/1/average_precision,0.6208070747225884
results/summary.json,results/37/per_repeat/1/log_loss,0.842216497133639
results/summary.json,results/37/per_repeat/2/roc_auc,0.5477582846003899
results/summary.json,results/37/per_repeat/2/accuracy,0.6086956521739131
results/summary.json,results/37/per_repeat/2/balanced_accuracy,0.557504873294347
results/summary.json,results/37/per_repeat/2/sensitivity,0.8518518518518519
results/summary.json,results/37/per_repeat/2/specificity,0.2631578947368421
results/summary.json,results/37/per_repeat/2/brier,0.24070722172409442
results/summary.json,results/37/per_repeat/2/average_precision,0.6436491366114585
results/summary.json,results/37/per_repeat/2/log_loss,0.6745123121919947
results/summary.json,results/37/per_repeat/3/roc_auc,0.5477582846003899
results/summary.json,results/37/per_repeat/3/accuracy,0.6521739130434783
results/summary.json,results/37/per_repeat/3/balanced_accuracy,0.594541910331384
results/summary.json,results/37/per_repeat/3/sensitivity,0.9259259259259259
results/summary.json,results/37/per_repeat/3/specificity,0.2631578947368421
results/summary.json,results/37/per_repeat/3/brier,0.24070722172409442
results/summary.json,results/37/per_repeat/3/average_precision,0.6436491366114585
results/summary.json,results/37/per_repeat/3/log_loss,0.6745123121919947
results/summary.json,results/37/per_repeat/4/roc_auc,0.5477582846003899
results/summary.json,results/37/per_repeat/4/accuracy,0.6521739130434783
results/summary.json,results/37/per_repeat/4/balanced_accuracy,0.594541910331384
results/summary.json,results/37/per_repeat/4/sensitivity,0.9259259259259259
results/summary.json,results/37/per_repeat/4/specificity,0.2631578947368421
results/summary.json,results/37/per_repeat/4/brier,0.24070722172409442
results/summary.json,results/37/per_repeat/4/average_precision,0.6436491366114585
results/summary.json,results/37/per_repeat/4/log_loss,0.6745123121919947
results/summary.json,results/38/roc_auc,0.6035087719298246
results/summary.json,results/38/accuracy,0.6260869565217393
results/summary.json,results/38/balanced_accuracy,0.5816764132553607
results/summary.json,results/38/sensitivity,0.837037037037037
results/summary.json,results/38/specificity,0.32631578947368417
results/summary.json,results/38/brier,0.2443960411307903
results/summary.json,results/38/average_precision,0.7193783214109717
results/summary.json,results/38/log_loss,0.6817317104292933
results/summary.json,results/38/per_repeat/0/roc_auc,0.6003898635477584
results/summary.json,results/38/per_repeat/0/accuracy,0.6521739130434783
results/summary.json,results/38/per_repeat/0/balanced_accuracy,0.594541910331384
results/summary.json,results/38/per_repeat/0/sensitivity,0.9259259259259259
results/summary.json,results/38/per_repeat/0/specificity,0.2631578947368421
results/summary.json,results/38/per_repeat/0/brier,0.2493633032129805
results/summary.json,results/38/per_repeat/0/average_precision,0.7049261586466284
results/summary.json,results/38/per_repeat/0/log_loss,0.6918737702013982
results/summary.json,results/38/per_repeat/1/roc_auc,0.6042884990253411
results/summary.json,results/38/per_repeat/1/accuracy,0.5434782608695652
results/summary.json,results/38/per_repeat/1/balanced_accuracy,0.5409356725146199
results/summary.json,results/38/per_repeat/1/sensitivity,0.5555555555555556
results/summary.json,results/38/per_repeat/1/specificity,0.5263157894736842
results/summary.json,results/38/per_repeat/1/brier,0.24073985469219245
results/summary.json,results/38/per_repeat/1/average_precision,0.7334880161286674
results/summary.json,results/38/per_repeat/1/log_loss,0.6739404096937011
results/summary.json,results/38/per_repeat/2/roc_auc,0.608187134502924
results/summary.json,results/38/per_repeat/2/accuracy,0.6304347826086957
results/summary.json,results/38/per_repeat/2/balanced_accuracy,0.5838206627680311
results/summary.json,results/38/per_repeat/2/sensitivity,0.8518518518518519
results/summary.json,results/38/per_repeat/2/specificity,0.3157894736842105
results/summary.json,results/38/per_repeat/2/brier,0.23728419361783787
results/summary.json,results/38/per_repeat/2/average_precision,0.7371889697479435
results/summary.json,results/38/per_repeat/2/log_loss,0.6673724542168273
results/summary.json,results/38/per_repeat/3/roc_auc,0.6003898635477584
results/summary.json,results/38/per_repeat/3/accuracy,0.6521739130434783
results/summary.json,results/38/per_repeat/3/balanced_accuracy,0.594541910331384
results/summary.json,results/38/per_repeat/3/sensitivity,0.9259259259259259
results/summary.json,results/38/per_repeat/3/specificity,0.2631578947368421
results/summary.json,results/38/per_repeat/3/brier,0.2493633032129805
results/summary.json,results/38/per_repeat/3/average_precision,0.7049261586466284
results/summary.json,results/38/per_repeat/3/log_loss,0.6918737702013982
results/summary.json,results/38/per_repeat/4/roc_auc,0.6042884990253411
results/summary.json,results/38/per_repeat/4/accuracy,0.6521739130434783
results/summary.json,results/38/per_repeat/4/balanced_accuracy,0.594541910331384
results/summary.json,results/38/per_repeat/4/sensitivity,0.9259259259259259
results/summary.json,results/38/per_repeat/4/specificity,0.2631578947368421
results/summary.json,results/38/per_repeat/4/brier,0.24522955091796006
results/summary.json,results/38/per_repeat/4/average_precision,0.7163623038849902
results/summary.json,results/38/per_repeat/4/log_loss,0.6835981478331419
results/summary.json,results/39/roc_auc,0.6035087719298246
results/summary.json,results/39/accuracy,0.6347826086956522
results/summary.json,results/39/balanced_accuracy,0.5797270955165692
results/summary.json,results/39/sensitivity,0.8962962962962964
results/summary.json,results/39/specificity,0.2631578947368421
results/summary.json,results/39/brier,0.2443960411307903
results/summary.json,results/39/average_precision,0.7193783214109717
results/summary.json,results/39/log_loss,0.6817317104292933
results/summary.json,results/39/per_repeat/0/roc_auc,0.6003898635477584
results/summary.json,results/39/per_repeat/0/accuracy,0.6521739130434783
results/summary.json,results/39/per_repeat/0/balanced_accuracy,0.594541910331384
results/summary.json,results/39/per_repeat/0/sensitivity,0.9259259259259259
results/summary.json,results/39/per_repeat/0/specificity,0.2631578947368421
results/summary.json,results/39/per_repeat/0/brier,0.2493633032129805
results/summary.json,results/39/per_repeat/0/average_precision,0.7049261586466284
results/summary.json,results/39/per_repeat/0/log_loss,0.6918737702013982
results/summary.json,results/39/per_repeat/1/roc_auc,0.6042884990253411
results/summary.json,results/39/per_repeat/1/accuracy,0.6086956521739131
results/summary.json,results/39/per_repeat/1/balanced_accuracy,0.557504873294347
results/summary.json,results/39/per_repeat/1/sensitivity,0.8518518518518519
results/summary.json,results/39/per_repeat/1/specificity,0.2631578947368421
results/summary.json,results/39/per_repeat/1/brier,0.24073985469219245
results/summary.json,results/39/per_repeat/1/average_precision,0.7334880161286674
results/summary.json,results/39/per_repeat/1/log_loss,0.6739404096937011
results/summary.json,results/39/per_repeat/2/roc_auc,0.608187134502924
results/summary.json,results/39/per_repeat/2/accuracy,0.6086956521739131
results/summary.json,results/39/per_repeat/2/balanced_accuracy,0.557504873294347
results/summary.json,results/39/per_repeat/2/sensitivity,0.8518518518518519
results/summary.json,results/39/per_repeat/2/specificity,0.2631578947368421
results/summary.json,results/39/per_repeat/2/brier,0.23728419361783787
results/summary.json,results/39/per_repeat/2/average_precision,0.7371889697479435
results/summary.json,results/39/per_repeat/2/log_loss,0.6673724542168273
results/summary.json,results/39/per_repeat/3/roc_auc,0.6003898635477584
results/summary.json,results/39/per_repeat/3/accuracy,0.6521739130434783
results/summary.json,results/39/per_repeat/3/balanced_accuracy,0.594541910331384
results/summary.json,results/39/per_repeat/3/sensitivity,0.9259259259259259
results/summary.json,results/39/per_repeat/3/specificity,0.2631578947368421
results/summary.json,results/39/per_repeat/3/brier,0.2493633032129805
results/summary.json,results/39/per_repeat/3/average_precision,0.7049261586466284
results/summary.json,results/39/per_repeat/3/log_loss,0.6918737702013982
results/summary.json,results/39/per_repeat/4/roc_auc,0.6042884990253411
results/summary.json,results/39/per_repeat/4/accuracy,0.6521739130434783
results/summary.json,results/39/per_repeat/4/balanced_accuracy,0.594541910331384
results/summary.json,results/39/per_repeat/4/sensitivity,0.9259259259259259
results/summary.json,results/39/per_repeat/4/specificity,0.2631578947368421
results/summary.json,results/39/per_repeat/4/brier,0.24522955091796006
results/summary.json,results/39/per_repeat/4/average_precision,0.7163623038849902
results/summary.json,results/39/per_repeat/4/log_loss,0.6835981478331419
results/verification.json,selection_counts/sensitivity96/tangent_original,8
results/verification.json,selection_counts/sensitivity96/tangent_select,6
results/verification.json,selection_counts/sensitivity96/tangent_pca,2
results/verification.json,selection_counts/sensitivity96/tangent_center,9
results/verification.json,comparisons/0/delta_auc,0.0
results/verification.json,comparisons/0/conditional_95_ci/0,0.0
results/verification.json,comparisons/0/conditional_95_ci/1,0.0
results/verification.json,comparisons/0/delta_ba,0.00406070549630845
results/verification.json,comparisons/0/ba_conditional_95_ci/0,-0.012182116488925351
results/verification.json,comparisons/0/ba_conditional_95_ci/1,0.021903199343724363
results/verification.json,comparisons/1/delta_auc,-0.014191960623461852
results/verification.json,comparisons/1/conditional_95_ci/0,-0.038310090237899906
results/verification.json,comparisons/1/conditional_95_ci/1,0.010258408531583251
results/verification.json,comparisons/1/delta_ba,0.014232977850697291
results/verification.json,comparisons/1/ba_conditional_95_ci/0,-0.013046554552912225
results/verification.json,comparisons/1/ba_conditional_95_ci/1,0.04528609515996717
results/verification.json,comparisons/2/delta_auc,-0.014191960623461852
results/verification.json,comparisons/2/conditional_95_ci/0,-0.038310090237899906
results/verification.json,comparisons/2/conditional_95_ci/1,0.010258408531583251
results/verification.json,comparisons/2/delta_ba,0.011607875307629207
results/verification.json,comparisons/2/ba_conditional_95_ci/0,-0.012756357670221494
results/verification.json,comparisons/2/ba_conditional_95_ci/1,0.039171452009844135
results/verification.json,comparisons/3/delta_auc,-0.03888433141919607
results/verification.json,comparisons/3/conditional_95_ci/0,-0.08457957342083681
results/verification.json,comparisons/3/conditional_95_ci/1,0.0029593929450368902
results/verification.json,comparisons/3/delta_ba,-0.0037735849056603774
results/verification.json,comparisons/3/ba_conditional_95_ci/0,-0.045409146841673506
results/verification.json,comparisons/3/ba_conditional_95_ci/1,0.038433141919606235
results/verification.json,comparisons/4/delta_auc,-0.03888433141919607
results/verification.json,comparisons/4/conditional_95_ci/0,-0.08457957342083681
results/verification.json,comparisons/4/conditional_95_ci/1,0.0029593929450368902
results/verification.json,comparisons/4/delta_ba,-0.001312551271534043
results/verification.json,comparisons/4/ba_conditional_95_ci/0,-0.042660992616899096
results/verification.json,comparisons/4/ba_conditional_95_ci/1,0.03958982772764557
results/verification.json,comparisons/5/delta_auc,-0.04126333059885152
results/verification.json,comparisons/5/conditional_95_ci/0,-0.07284659557013944
results/verification.json,comparisons/5/conditional_95_ci/1,-0.010006152584085319
results/verification.json,comparisons/5/delta_ba,-0.017555373256767842
results/verification.json,comparisons/5/ba_conditional_95_ci/0,-0.054104799015586555
results/verification.json,comparisons/5/ba_conditional_95_ci/1,0.017111361771944177
results/verification.json,comparisons/6/delta_auc,-0.04126333059885152
results/verification.json,comparisons/6/conditional_95_ci/0,-0.07284659557013944
results/verification.json,comparisons/6/conditional_95_ci/1,-0.010006152584085319
results/verification.json,comparisons/6/delta_ba,-0.02030352748154225
results/verification.json,comparisons/6/ba_conditional_95_ci/0,-0.05410172272354389
results/verification.json,comparisons/6/ba_conditional_95_ci/1,0.012593314191960614
results/verification.json,comparisons/7/delta_auc,-0.010336341263330598
results/verification.json,comparisons/7/conditional_95_ci/0,-0.0301086956521739
results/verification.json,comparisons/7/conditional_95_ci/1,0.008615668580803933
results/verification.json,comparisons/7/delta_ba,0.008572600492206726
results/verification.json,comparisons/7/ba_conditional_95_ci/0,-0.016667350287120592
results/verification.json,comparisons/7/ba_conditional_95_ci/1,0.034660582444626734
results/verification.json,comparisons/8/delta_auc,-0.010336341263330598
results/verification.json,comparisons/8/conditional_95_ci/0,-0.0301086956521739
results/verification.json,comparisons/8/conditional_95_ci/1,0.008615668580803933
results/verification.json,comparisons/8/delta_ba,0.0002871205906480724
results/verification.json,comparisons/8/ba_conditional_95_ci/0,-0.026251025430680888
results/verification.json,comparisons/8/ba_conditional_95_ci/1,0.027853773584905647
results/verification.json,comparisons/9/delta_auc,0.0
results/verification.json,comparisons/9/conditional_95_ci/0,0.0
results/verification.json,comparisons/9/conditional_95_ci/1,0.0
results/verification.json,comparisons/9/delta_ba,-0.008391608391608393
results/verification.json,comparisons/9/ba_conditional_95_ci/0,-0.023605769230769232
results/verification.json,comparisons/9/ba_conditional_95_ci/1,0.007521853146853123
results/verification.json,comparisons/10/delta_auc,-0.007342657342657343
results/verification.json,comparisons/10/conditional_95_ci/0,-0.028583916083916094
results/verification.json,comparisons/10/conditional_95_ci/1,0.01364073426573425
results/verification.json,comparisons/10/delta_ba,-0.008566433566433568
results/verification.json,comparisons/10/ba_conditional_95_ci/0,-0.032867132867132866
results/verification.json,comparisons/10/ba_conditional_95_ci/1,0.01451048951048951
results/verification.json,comparisons/11/delta_auc,-0.007342657342657343
results/verification.json,comparisons/11/conditional_95_ci/0,-0.028583916083916094
results/verification.json,comparisons/11/conditional_95_ci/1,0.01364073426573425
results/verification.json,comparisons/11/delta_ba,-0.00611888111888112
results/verification.json,comparisons/11/ba_conditional_95_ci/0,-0.03304632867132868
results/verification.json,comparisons/11/ba_conditional_95_ci/1,0.01888111888111888
results/verification.json,comparisons/12/delta_auc,-0.043006993006993004
results/verification.json,comparisons/12/conditional_95_ci/0,-0.08628059440559444
results/verification.json,comparisons/12/conditional_95_ci/1,0.00036057692307686845
results/verification.json,comparisons/12/delta_ba,-0.01765734265734266
results/verification.json,comparisons/12/ba_conditional_95_ci/0,-0.0599694055944056
results/verification.json,comparisons/12/ba_conditional_95_ci/1,0.02465909090909087
results/verification.json,comparisons/13/delta_auc,-0.043006993006993004
results/verification.json,comparisons/13/conditional_95_ci/0,-0.08628059440559444
results/verification.json,comparisons/13/conditional_95_ci/1,0.00036057692307686845
results/verification.json,comparisons/13/delta_ba,-0.01573426573426574
results/verification.json,comparisons/13/ba_conditional_95_ci/0,-0.05822115384615385
results/verification.json,comparisons/13/ba_conditional_95_ci/1,0.029195804195804195
results/verification.json,comparisons/14/delta_auc,-0.03802447552447552
results/verification.json,comparisons/14/conditional_95_ci/0,-0.07885052447552461
results/verification.json,comparisons/14/conditional_95_ci/1,-0.0020979020979021135
results/verification.json,comparisons/14/delta_ba,-0.021853146853146856
results/verification.json,comparisons/14/ba_conditional_95_ci/0,-0.05961538461538462
results/verification.json,comparisons/14/ba_conditional_95_ci/1,0.013465909090909067
results/verification.json,comparisons/15/delta_auc,-0.03802447552447552
results/verification.json,comparisons/15/conditional_95_ci/0,-0.07885052447552461
results/verification.json,comparisons/15/conditional_95_ci/1,-0.0020979020979021135
results/verification.json,comparisons/15/delta_ba,-0.03286713286713287
results/verification.json,comparisons/15/ba_conditional_95_ci/0,-0.0687062937062937
results/verification.json,comparisons/15/ba_conditional_95_ci/1,0.001048951048951051
results/verification.json,comparisons/16/delta_auc,-0.02106643356643357
results/verification.json,comparisons/16/conditional_95_ci/0,-0.039774912587412586
results/verification.json,comparisons/16/conditional_95_ci/1,-0.0034943181818181904
results/verification.json,comparisons/16/delta_ba,-0.011363636363636364
results/verification.json,comparisons/16/ba_conditional_95_ci/0,-0.03602272727272727
results/verification.json,comparisons/16/ba_conditional_95_ci/1,0.011022727272727226
results/verification.json,comparisons/17/delta_auc,-0.02106643356643357
results/verification.json,comparisons/17/conditional_95_ci/0,-0.039774912587412586
results/verification.json,comparisons/17/conditional_95_ci/1,-0.0034943181818181904
results/verification.json,comparisons/17/delta_ba,-0.010314685314685317
results/verification.json,comparisons/17/ba_conditional_95_ci/0,-0.03391608391608392
results/verification.json,comparisons/17/ba_conditional_95_ci/1,0.012062937062937061
results/verification.json,comparisons/18/delta_auc,0.0
results/verification.json,comparisons/18/conditional_95_ci/0,0.0
results/verification.json,comparisons/18/conditional_95_ci/1,0.0
results/verification.json,comparisons/18/delta_ba,-0.009269162210338681
results/verification.json,comparisons/18/ba_conditional_95_ci/0,-0.030303030303030304
results/verification.json,comparisons/18/ba_conditional_95_ci/1,0.00873440285204991
results/verification.json,comparisons/19/delta_auc,-0.017112299465240646
results/verification.json,comparisons/19/conditional_95_ci/0,-0.060614973262032086
results/verification.json,comparisons/19/conditional_95_ci/1,0.020356506238858985
results/verification.json,comparisons/19/delta_ba,-0.033155080213903745
results/verification.json,comparisons/19/ba_conditional_95_ci/0,-0.0989349376114082
results/verification.json,comparisons/19/ba_conditional_95_ci/1,0.020677361853832444
results/verification.json,comparisons/20/delta_auc,-0.017112299465240646
results/verification.json,comparisons/20/conditional_95_ci/0,-0.060614973262032086
results/verification.json,comparisons/20/conditional_95_ci/1,0.020356506238858985
results/verification.json,comparisons/20/delta_ba,-0.04777183600713013
results/verification.json,comparisons/20/ba_conditional_95_ci/0,-0.11746880570409983
results/verification.json,comparisons/20/ba_conditional_95_ci/1,0.006060606060606059
results/verification.json,comparisons/21/delta_auc,-0.03493761140819965
results/verification.json,comparisons/21/conditional_95_ci/0,-0.11303921568627451
results/verification.json,comparisons/21/conditional_95_ci/1,0.045989304812834225
results/verification.json,comparisons/21/delta_ba,-0.0730837789661319
results/verification.json,comparisons/21/ba_conditional_95_ci/0,-0.15722370766488414
results/verification.json,comparisons/21/ba_conditional_95_ci/1,0.014447415329768228
results/verification.json,comparisons/22/delta_auc,-0.03493761140819965
results/verification.json,comparisons/22/conditional_95_ci/0,-0.11303921568627451
results/verification.json,comparisons/22/conditional_95_ci/1,0.045989304812834225
results/verification.json,comparisons/22/delta_ba,-0.07076648841354725
results/verification.json,comparisons/22/ba_conditional_95_ci/0,-0.1645320855614973
results/verification.json,comparisons/22/ba_conditional_95_ci/1,0.02763368983957217
results/verification.json,comparisons/23/delta_auc,-0.0142602495543672
results/verification.json,comparisons/23/conditional_95_ci/0,-0.08520499108734399
results/verification.json,comparisons/23/conditional_95_ci/1,0.050623885918003556
results/verification.json,comparisons/23/delta_ba,-0.002317290552584665
results/verification.json,comparisons/23/ba_conditional_95_ci/0,-0.05846702317290554
results/verification.json,comparisons/23/ba_conditional_95_ci/1,0.043137254901960784
results/verification.json,comparisons/24/delta_auc,-0.0142602495543672
results/verification.json,comparisons/24/conditional_95_ci/0,-0.08520499108734399
results/verification.json,comparisons/24/conditional_95_ci/1,0.050623885918003556
results/verification.json,comparisons/24/delta_ba,-0.020499108734402853
results/verification.json,comparisons/24/ba_conditional_95_ci/0,-0.07664884135472372
results/verification.json,comparisons/24/ba_conditional_95_ci/1,0.018181818181818184
results/verification.json,comparisons/25/delta_auc,-0.01639928698752228
results/verification.json,comparisons/25/conditional_95_ci/0,-0.05811051693404635
results/verification.json,comparisons/25/conditional_95_ci/1,0.022825311942958955
results/verification.json,comparisons/25/delta_ba,-0.021033868092691622
results/verification.json,comparisons/25/ba_conditional_95_ci/0,-0.08092691622103387
results/verification.json,comparisons/25/ba_conditional_95_ci/1,0.029946524064171125
results/verification.json,comparisons/26/delta_auc,-0.01639928698752228
results/verification.json,comparisons/26/conditional_95_ci/0,-0.05811051693404635
results/verification.json,comparisons/26/conditional_95_ci/1,0.022825311942958955
results/verification.json,comparisons/26/delta_ba,-0.04171122994652407
results/verification.json,comparisons/26/ba_conditional_95_ci/0,-0.10998217468805706
results/verification.json,comparisons/26/ba_conditional_95_ci/1,0.00909090909090909
results/verification.json,comparisons/27/delta_auc,0.0
results/verification.json,comparisons/27/conditional_95_ci/0,0.0
results/verification.json,comparisons/27/conditional_95_ci/1,0.0
results/verification.json,comparisons/27/delta_ba,0.003703703703703704
results/verification.json,comparisons/27/ba_conditional_95_ci/0,0.0
results/verification.json,comparisons/27/ba_conditional_95_ci/1,0.011111111111111113
results/verification.json,comparisons/28/delta_auc,-0.009356725146198829
results/verification.json,comparisons/28/conditional_95_ci/0,-0.06746588693957117
results/verification.json,comparisons/28/conditional_95_ci/1,0.053040935672514514
results/verification.json,comparisons/28/delta_ba,0.005653021442495125
results/verification.json,comparisons/28/ba_conditional_95_ci/0,-0.03450292397660819
results/verification.json,comparisons/28/ba_conditional_95_ci/1,0.05048732943469785
results/verification.json,comparisons/29/delta_auc,-0.009356725146198829
results/verification.json,comparisons/29/conditional_95_ci/0,-0.06746588693957117
results/verification.json,comparisons/29/conditional_95_ci/1,0.053040935672514514
results/verification.json,comparisons/29/delta_ba,0.003703703703703703
results/verification.json,comparisons/29/ba_conditional_95_ci/0,-0.022222222222222227
results/verification.json,comparisons/29/ba_conditional_95_ci/1,0.03333333333333333
results/verification.json,comparisons/30/delta_auc,-0.13723196881091618
results/verification.json,comparisons/30/conditional_95_ci/0,-0.2546003898635478
results/verification.json,comparisons/30/conditional_95_ci/1,-0.02883040935672525
results/verification.json,comparisons/30/delta_ba,-0.011111111111111112
results/verification.json,comparisons/30/ba_conditional_95_ci/0,-0.03333333333333333
results/verification.json,comparisons/30/ba_conditional_95_ci/1,0.0
results/verification.json,comparisons/31/delta_auc,-0.13723196881091618
results/verification.json,comparisons/31/conditional_95_ci/0,-0.2546003898635478
results/verification.json,comparisons/31/conditional_95_ci/1,-0.02883040935672525
results/verification.json,comparisons/31/delta_ba,-0.016959064327485382
results/verification.json,comparisons/31/ba_conditional_95_ci/0,-0.05243664717348929
results/verification.json,comparisons/31/ba_conditional_95_ci/1,0.008382066276803123
results/verification.json,comparisons/32/delta_auc,-0.06939571150097466
results/verification.json,comparisons/32/conditional_95_ci/0,-0.16141325536062381
results/verification.json,comparisons/32/conditional_95_ci/1,0.015233918128654813
results/verification.json,comparisons/32/delta_ba,-0.0009746588693957114
results/verification.json,comparisons/32/ba_conditional_95_ci/0,-0.047368421052631574
results/verification.json,comparisons/32/ba_conditional_95_ci/1,0.04444444444444445
results/verification.json,comparisons/33/delta_auc,-0.06939571150097466
results/verification.json,comparisons/33/conditional_95_ci/0,-0.16141325536062381
results/verification.json,comparisons/33/conditional_95_ci/1,0.015233918128654813
results/verification.json,comparisons/33/delta_ba,0.007407407407407407
results/verification.json,comparisons/33/ba_conditional_95_ci/0,-0.011111111111111113
results/verification.json,comparisons/33/ba_conditional_95_ci/1,0.03333333333333333
results/verification.json,comparisons/34/delta_auc,-0.009356725146198829
results/verification.json,comparisons/34/conditional_95_ci/0,-0.06746588693957117
results/verification.json,comparisons/34/conditional_95_ci/1,0.053040935672514514
results/verification.json,comparisons/34/delta_ba,0.005653021442495125
results/verification.json,comparisons/34/ba_conditional_95_ci/0,-0.03450292397660819
results/verification.json,comparisons/34/ba_conditional_95_ci/1,0.05048732943469785
results/verification.json,comparisons/35/delta_auc,-0.009356725146198829
results/verification.json,comparisons/35/conditional_95_ci/0,-0.06746588693957117
results/verification.json,comparisons/35/conditional_95_ci/1,0.053040935672514514
results/verification.json,comparisons/35/delta_ba,0.003703703703703703
results/verification.json,comparisons/35/ba_conditional_95_ci/0,-0.022222222222222227
results/verification.json,comparisons/35/ba_conditional_95_ci/1,0.03333333333333333
