artifact,metric_path,value
results/primary99/repeat1-fold1/audit.json,models/lw_fc/candidates/0/mean_inner_auc,0.6604090354090354
results/primary99/repeat1-fold1/audit.json,models/lw_fc/candidates/0/fold_auc/0,0.7252747252747253
results/primary99/repeat1-fold1/audit.json,models/lw_fc/candidates/0/fold_auc/1,0.6190476190476191
results/primary99/repeat1-fold1/audit.json,models/lw_fc/candidates/0/fold_auc/2,0.6369047619047619
results/primary99/repeat1-fold1/audit.json,models/lw_fc/candidates/1/mean_inner_auc,0.6567460317460317
results/primary99/repeat1-fold1/audit.json,models/lw_fc/candidates/1/fold_auc/0,0.7142857142857143
results/primary99/repeat1-fold1/audit.json,models/lw_fc/candidates/1/fold_auc/1,0.6428571428571428
results/primary99/repeat1-fold1/audit.json,models/lw_fc/candidates/1/fold_auc/2,0.6130952380952381
results/primary99/repeat1-fold1/audit.json,models/lw_fc/candidates/2/mean_inner_auc,0.6625457875457875
results/primary99/repeat1-fold1/audit.json,models/lw_fc/candidates/2/fold_auc/0,0.7197802197802198
results/primary99/repeat1-fold1/audit.json,models/lw_fc/candidates/2/fold_auc/1,0.6607142857142857
results/primary99/repeat1-fold1/audit.json,models/lw_fc/candidates/2/fold_auc/2,0.6071428571428572
results/primary99/repeat1-fold1/audit.json,models/lw_fc/candidates/3/mean_inner_auc,0.6683455433455433
results/primary99/repeat1-fold1/audit.json,models/lw_fc/candidates/3/fold_auc/0,0.7252747252747254
results/primary99/repeat1-fold1/audit.json,models/lw_fc/candidates/3/fold_auc/1,0.6607142857142857
results/primary99/repeat1-fold1/audit.json,models/lw_fc/candidates/3/fold_auc/2,0.6190476190476191
results/primary99/repeat1-fold1/audit.json,models/lw_fc/chosen/mean_inner_auc,0.6683455433455433
results/primary99/repeat1-fold1/audit.json,models/lw_fc/chosen/fold_auc/0,0.7252747252747254
results/primary99/repeat1-fold1/audit.json,models/lw_fc/chosen/fold_auc/1,0.6607142857142857
results/primary99/repeat1-fold1/audit.json,models/lw_fc/chosen/fold_auc/2,0.6190476190476191
results/primary99/repeat1-fold1/audit.json,models/lw_tangent/candidates/0/mean_inner_auc,0.7426739926739927
results/primary99/repeat1-fold1/audit.json,models/lw_tangent/candidates/0/fold_auc/0,0.8351648351648352
results/primary99/repeat1-fold1/audit.json,models/lw_tangent/candidates/0/fold_auc/1,0.6607142857142856
results/primary99/repeat1-fold1/audit.json,models/lw_tangent/candidates/0/fold_auc/2,0.7321428571428572
results/primary99/repeat1-fold1/audit.json,models/lw_tangent/candidates/1/mean_inner_auc,0.7525946275946276
results/primary99/repeat1-fold1/audit.json,models/lw_tangent/candidates/1/fold_auc/0,0.8351648351648352
results/primary99/repeat1-fold1/audit.json,models/lw_tangent/candidates/1/fold_auc/1,0.6904761904761905
results/primary99/repeat1-fold1/audit.json,models/lw_tangent/candidates/1/fold_auc/2,0.7321428571428572
results/primary99/repeat1-fold1/audit.json,models/lw_tangent/candidates/2/mean_inner_auc,0.7565628815628815
results/primary99/repeat1-fold1/audit.json,models/lw_tangent/candidates/2/fold_auc/0,0.8351648351648352
results/primary99/repeat1-fold1/audit.json,models/lw_tangent/candidates/2/fold_auc/1,0.6964285714285714
results/primary99/repeat1-fold1/audit.json,models/lw_tangent/candidates/2/fold_auc/2,0.7380952380952381
results/primary99/repeat1-fold1/audit.json,models/lw_tangent/candidates/3/mean_inner_auc,0.7605311355311355
results/primary99/repeat1-fold1/audit.json,models/lw_tangent/candidates/3/fold_auc/0,0.8351648351648352
results/primary99/repeat1-fold1/audit.json,models/lw_tangent/candidates/3/fold_auc/1,0.6964285714285714
results/primary99/repeat1-fold1/audit.json,models/lw_tangent/candidates/3/fold_auc/2,0.75
results/primary99/repeat1-fold1/audit.json,models/lw_tangent/chosen/mean_inner_auc,0.7605311355311355
results/primary99/repeat1-fold1/audit.json,models/lw_tangent/chosen/fold_auc/0,0.8351648351648352
results/primary99/repeat1-fold1/audit.json,models/lw_tangent/chosen/fold_auc/1,0.6964285714285714
results/primary99/repeat1-fold1/audit.json,models/lw_tangent/chosen/fold_auc/2,0.75
results/primary99/repeat1-fold1/audit.json,models/node_strength180/candidates/0/mean_inner_auc,0.6135531135531136
results/primary99/repeat1-fold1/audit.json,models/node_strength180/candidates/0/fold_auc/0,0.6263736263736264
results/primary99/repeat1-fold1/audit.json,models/node_strength180/candidates/0/fold_auc/1,0.6130952380952381
results/primary99/repeat1-fold1/audit.json,models/node_strength180/candidates/0/fold_auc/2,0.6011904761904762
results/primary99/repeat1-fold1/audit.json,models/node_strength180/candidates/1/mean_inner_auc,0.6042429792429792
results/primary99/repeat1-fold1/audit.json,models/node_strength180/candidates/1/fold_auc/0,0.6758241758241759
results/primary99/repeat1-fold1/audit.json,models/node_strength180/candidates/1/fold_auc/1,0.5714285714285715
results/primary99/repeat1-fold1/audit.json,models/node_strength180/candidates/1/fold_auc/2,0.5654761904761905
results/primary99/repeat1-fold1/audit.json,models/node_strength180/candidates/2/mean_inner_auc,0.6170634920634921
results/primary99/repeat1-fold1/audit.json,models/node_strength180/candidates/2/fold_auc/0,0.7142857142857144
results/primary99/repeat1-fold1/audit.json,models/node_strength180/candidates/2/fold_auc/1,0.5833333333333333
results/primary99/repeat1-fold1/audit.json,models/node_strength180/candidates/2/fold_auc/2,0.5535714285714286
results/primary99/repeat1-fold1/audit.json,models/node_strength180/candidates/3/mean_inner_auc,0.6425518925518926
results/primary99/repeat1-fold1/audit.json,models/node_strength180/candidates/3/fold_auc/0,0.7252747252747254
results/primary99/repeat1-fold1/audit.json,models/node_strength180/candidates/3/fold_auc/1,0.6785714285714286
results/primary99/repeat1-fold1/audit.json,models/node_strength180/candidates/3/fold_auc/2,0.5238095238095238
results/primary99/repeat1-fold1/audit.json,models/node_strength180/chosen/mean_inner_auc,0.6425518925518926
results/primary99/repeat1-fold1/audit.json,models/node_strength180/chosen/fold_auc/0,0.7252747252747254
results/primary99/repeat1-fold1/audit.json,models/node_strength180/chosen/fold_auc/1,0.6785714285714286
results/primary99/repeat1-fold1/audit.json,models/node_strength180/chosen/fold_auc/2,0.5238095238095238
results/primary99/repeat1-fold2/audit.json,models/lw_fc/candidates/0/mean_inner_auc,0.6565934065934066
results/primary99/repeat1-fold2/audit.json,models/lw_fc/candidates/0/fold_auc/0,0.6483516483516484
results/primary99/repeat1-fold2/audit.json,models/lw_fc/candidates/0/fold_auc/1,0.5595238095238095
results/primary99/repeat1-fold2/audit.json,models/lw_fc/candidates/0/fold_auc/2,0.761904761904762
results/primary99/repeat1-fold2/audit.json,models/lw_fc/candidates/1/mean_inner_auc,0.6488095238095238
results/primary99/repeat1-fold2/audit.json,models/lw_fc/candidates/1/fold_auc/0,0.6428571428571429
results/primary99/repeat1-fold2/audit.json,models/lw_fc/candidates/1/fold_auc/1,0.5833333333333334
results/primary99/repeat1-fold2/audit.json,models/lw_fc/candidates/1/fold_auc/2,0.7202380952380952
results/primary99/repeat1-fold2/audit.json,models/lw_fc/candidates/2/mean_inner_auc,0.6411782661782662
results/primary99/repeat1-fold2/audit.json,models/lw_fc/candidates/2/fold_auc/0,0.6318681318681318
results/primary99/repeat1-fold2/audit.json,models/lw_fc/candidates/2/fold_auc/1,0.5714285714285715
results/primary99/repeat1-fold2/audit.json,models/lw_fc/candidates/2/fold_auc/2,0.7202380952380952
results/primary99/repeat1-fold2/audit.json,models/lw_fc/candidates/3/mean_inner_auc,0.6431623931623932
results/primary99/repeat1-fold2/audit.json,models/lw_fc/candidates/3/fold_auc/0,0.6318681318681318
results/primary99/repeat1-fold2/audit.json,models/lw_fc/candidates/3/fold_auc/1,0.5773809523809524
results/primary99/repeat1-fold2/audit.json,models/lw_fc/candidates/3/fold_auc/2,0.7202380952380952
results/primary99/repeat1-fold2/audit.json,models/lw_fc/chosen/mean_inner_auc,0.6565934065934066
results/primary99/repeat1-fold2/audit.json,models/lw_fc/chosen/fold_auc/0,0.6483516483516484
results/primary99/repeat1-fold2/audit.json,models/lw_fc/chosen/fold_auc/1,0.5595238095238095
results/primary99/repeat1-fold2/audit.json,models/lw_fc/chosen/fold_auc/2,0.761904761904762
results/primary99/repeat1-fold2/audit.json,models/lw_tangent/candidates/0/mean_inner_auc,0.7254273504273504
results/primary99/repeat1-fold2/audit.json,models/lw_tangent/candidates/0/fold_auc/0,0.7417582417582418
results/primary99/repeat1-fold2/audit.json,models/lw_tangent/candidates/0/fold_auc/1,0.636904761904762
results/primary99/repeat1-fold2/audit.json,models/lw_tangent/candidates/0/fold_auc/2,0.7976190476190477
results/primary99/repeat1-fold2/audit.json,models/lw_tangent/candidates/1/mean_inner_auc,0.7239010989010989
results/primary99/repeat1-fold2/audit.json,models/lw_tangent/candidates/1/fold_auc/0,0.7252747252747253
results/primary99/repeat1-fold2/audit.json,models/lw_tangent/candidates/1/fold_auc/1,0.6428571428571429
results/primary99/repeat1-fold2/audit.json,models/lw_tangent/candidates/1/fold_auc/2,0.8035714285714286
results/primary99/repeat1-fold2/audit.json,models/lw_tangent/candidates/2/mean_inner_auc,0.7145909645909646
results/primary99/repeat1-fold2/audit.json,models/lw_tangent/candidates/2/fold_auc/0,0.7032967032967032
results/primary99/repeat1-fold2/audit.json,models/lw_tangent/candidates/2/fold_auc/1,0.6488095238095238
results/primary99/repeat1-fold2/audit.json,models/lw_tangent/candidates/2/fold_auc/2,0.7916666666666666
results/primary99/repeat1-fold2/audit.json,models/lw_tangent/candidates/3/mean_inner_auc,0.7126068376068376
results/primary99/repeat1-fold2/audit.json,models/lw_tangent/candidates/3/fold_auc/0,0.7032967032967032
results/primary99/repeat1-fold2/audit.json,models/lw_tangent/candidates/3/fold_auc/1,0.6488095238095238
results/primary99/repeat1-fold2/audit.json,models/lw_tangent/candidates/3/fold_auc/2,0.7857142857142857
results/primary99/repeat1-fold2/audit.json,models/lw_tangent/chosen/mean_inner_auc,0.7254273504273504
results/primary99/repeat1-fold2/audit.json,models/lw_tangent/chosen/fold_auc/0,0.7417582417582418
results/primary99/repeat1-fold2/audit.json,models/lw_tangent/chosen/fold_auc/1,0.636904761904762
results/primary99/repeat1-fold2/audit.json,models/lw_tangent/chosen/fold_auc/2,0.7976190476190477
results/primary99/repeat1-fold2/audit.json,models/node_strength180/candidates/0/mean_inner_auc,0.58501221001221
results/primary99/repeat1-fold2/audit.json,models/node_strength180/candidates/0/fold_auc/0,0.43956043956043955
results/primary99/repeat1-fold2/audit.json,models/node_strength180/candidates/0/fold_auc/1,0.5595238095238095
results/primary99/repeat1-fold2/audit.json,models/node_strength180/candidates/0/fold_auc/2,0.755952380952381
results/primary99/repeat1-fold2/audit.json,models/node_strength180/candidates/1/mean_inner_auc,0.5747863247863249
results/primary99/repeat1-fold2/audit.json,models/node_strength180/candidates/1/fold_auc/0,0.45054945054945056
results/primary99/repeat1-fold2/audit.json,models/node_strength180/candidates/1/fold_auc/1,0.5535714285714286
results/primary99/repeat1-fold2/audit.json,models/node_strength180/candidates/1/fold_auc/2,0.7202380952380952
results/primary99/repeat1-fold2/audit.json,models/node_strength180/candidates/2/mean_inner_auc,0.6106532356532356
results/primary99/repeat1-fold2/audit.json,models/node_strength180/candidates/2/fold_auc/0,0.5879120879120879
results/primary99/repeat1-fold2/audit.json,models/node_strength180/candidates/2/fold_auc/1,0.5833333333333333
results/primary99/repeat1-fold2/audit.json,models/node_strength180/candidates/2/fold_auc/2,0.6607142857142857
results/primary99/repeat1-fold2/audit.json,models/node_strength180/candidates/3/mean_inner_auc,0.628968253968254
results/primary99/repeat1-fold2/audit.json,models/node_strength180/candidates/3/fold_auc/0,0.6428571428571429
results/primary99/repeat1-fold2/audit.json,models/node_strength180/candidates/3/fold_auc/1,0.6071428571428571
results/primary99/repeat1-fold2/audit.json,models/node_strength180/candidates/3/fold_auc/2,0.6369047619047619
results/primary99/repeat1-fold2/audit.json,models/node_strength180/chosen/mean_inner_auc,0.628968253968254
results/primary99/repeat1-fold2/audit.json,models/node_strength180/chosen/fold_auc/0,0.6428571428571429
results/primary99/repeat1-fold2/audit.json,models/node_strength180/chosen/fold_auc/1,0.6071428571428571
results/primary99/repeat1-fold2/audit.json,models/node_strength180/chosen/fold_auc/2,0.6369047619047619
results/primary99/repeat1-fold3/audit.json,models/lw_fc/candidates/0/mean_inner_auc,0.7075702075702076
results/primary99/repeat1-fold3/audit.json,models/lw_fc/candidates/0/fold_auc/0,0.7417582417582418
results/primary99/repeat1-fold3/audit.json,models/lw_fc/candidates/0/fold_auc/1,0.7380952380952381
results/primary99/repeat1-fold3/audit.json,models/lw_fc/candidates/0/fold_auc/2,0.6428571428571428
results/primary99/repeat1-fold3/audit.json,models/lw_fc/candidates/1/mean_inner_auc,0.6889499389499388
results/primary99/repeat1-fold3/audit.json,models/lw_fc/candidates/1/fold_auc/0,0.6978021978021978
results/primary99/repeat1-fold3/audit.json,models/lw_fc/candidates/1/fold_auc/1,0.7321428571428571
results/primary99/repeat1-fold3/audit.json,models/lw_fc/candidates/1/fold_auc/2,0.6369047619047619
results/primary99/repeat1-fold3/audit.json,models/lw_fc/candidates/2/mean_inner_auc,0.6949023199023198
results/primary99/repeat1-fold3/audit.json,models/lw_fc/candidates/2/fold_auc/0,0.6978021978021978
results/primary99/repeat1-fold3/audit.json,models/lw_fc/candidates/2/fold_auc/1,0.7261904761904762
results/primary99/repeat1-fold3/audit.json,models/lw_fc/candidates/2/fold_auc/2,0.6607142857142857
results/primary99/repeat1-fold3/audit.json,models/lw_fc/candidates/3/mean_inner_auc,0.6967338217338218
results/primary99/repeat1-fold3/audit.json,models/lw_fc/candidates/3/fold_auc/0,0.7032967032967034
results/primary99/repeat1-fold3/audit.json,models/lw_fc/candidates/3/fold_auc/1,0.7261904761904762
results/primary99/repeat1-fold3/audit.json,models/lw_fc/candidates/3/fold_auc/2,0.6607142857142857
results/primary99/repeat1-fold3/audit.json,models/lw_fc/chosen/mean_inner_auc,0.7075702075702076
results/primary99/repeat1-fold3/audit.json,models/lw_fc/chosen/fold_auc/0,0.7417582417582418
results/primary99/repeat1-fold3/audit.json,models/lw_fc/chosen/fold_auc/1,0.7380952380952381
results/primary99/repeat1-fold3/audit.json,models/lw_fc/chosen/fold_auc/2,0.6428571428571428
results/primary99/repeat1-fold3/audit.json,models/lw_tangent/candidates/0/mean_inner_auc,0.79502442002442
results/primary99/repeat1-fold3/audit.json,models/lw_tangent/candidates/0/fold_auc/0,0.8791208791208791
results/primary99/repeat1-fold3/audit.json,models/lw_tangent/candidates/0/fold_auc/1,0.8035714285714286
results/primary99/repeat1-fold3/audit.json,models/lw_tangent/candidates/0/fold_auc/2,0.7023809523809523
results/primary99/repeat1-fold3/audit.json,models/lw_tangent/candidates/1/mean_inner_auc,0.7989926739926739
results/primary99/repeat1-fold3/audit.json,models/lw_tangent/candidates/1/fold_auc/0,0.8791208791208791
results/primary99/repeat1-fold3/audit.json,models/lw_tangent/candidates/1/fold_auc/1,0.8095238095238094
results/primary99/repeat1-fold3/audit.json,models/lw_tangent/candidates/1/fold_auc/2,0.7083333333333333
results/primary99/repeat1-fold3/audit.json,models/lw_tangent/candidates/2/mean_inner_auc,0.799145299145299
results/primary99/repeat1-fold3/audit.json,models/lw_tangent/candidates/2/fold_auc/0,0.8736263736263736
results/primary99/repeat1-fold3/audit.json,models/lw_tangent/candidates/2/fold_auc/1,0.8095238095238094
results/primary99/repeat1-fold3/audit.json,models/lw_tangent/candidates/2/fold_auc/2,0.7142857142857142
results/primary99/repeat1-fold3/audit.json,models/lw_tangent/candidates/3/mean_inner_auc,0.7973137973137971
results/primary99/repeat1-fold3/audit.json,models/lw_tangent/candidates/3/fold_auc/0,0.8681318681318682
results/primary99/repeat1-fold3/audit.json,models/lw_tangent/candidates/3/fold_auc/1,0.8095238095238094
results/primary99/repeat1-fold3/audit.json,models/lw_tangent/candidates/3/fold_auc/2,0.7142857142857142
results/primary99/repeat1-fold3/audit.json,models/lw_tangent/chosen/mean_inner_auc,0.799145299145299
results/primary99/repeat1-fold3/audit.json,models/lw_tangent/chosen/fold_auc/0,0.8736263736263736
results/primary99/repeat1-fold3/audit.json,models/lw_tangent/chosen/fold_auc/1,0.8095238095238094
results/primary99/repeat1-fold3/audit.json,models/lw_tangent/chosen/fold_auc/2,0.7142857142857142
results/primary99/repeat1-fold3/audit.json,models/node_strength180/candidates/0/mean_inner_auc,0.6981074481074482
results/primary99/repeat1-fold3/audit.json,models/node_strength180/candidates/0/fold_auc/0,0.6538461538461539
results/primary99/repeat1-fold3/audit.json,models/node_strength180/candidates/0/fold_auc/1,0.7976190476190476
results/primary99/repeat1-fold3/audit.json,models/node_strength180/candidates/0/fold_auc/2,0.6428571428571429
results/primary99/repeat1-fold3/audit.json,models/node_strength180/candidates/1/mean_inner_auc,0.7086385836385837
results/primary99/repeat1-fold3/audit.json,models/node_strength180/candidates/1/fold_auc/0,0.7032967032967034
results/primary99/repeat1-fold3/audit.json,models/node_strength180/candidates/1/fold_auc/1,0.8214285714285714
results/primary99/repeat1-fold3/audit.json,models/node_strength180/candidates/1/fold_auc/2,0.6011904761904762
results/primary99/repeat1-fold3/audit.json,models/node_strength180/candidates/2/mean_inner_auc,0.7115384615384616
results/primary99/repeat1-fold3/audit.json,models/node_strength180/candidates/2/fold_auc/0,0.7417582417582418
results/primary99/repeat1-fold3/audit.json,models/node_strength180/candidates/2/fold_auc/1,0.8273809523809523
results/primary99/repeat1-fold3/audit.json,models/node_strength180/candidates/2/fold_auc/2,0.5654761904761905
results/primary99/repeat1-fold3/audit.json,models/node_strength180/candidates/3/mean_inner_auc,0.7362637362637363
results/primary99/repeat1-fold3/audit.json,models/node_strength180/candidates/3/fold_auc/0,0.7802197802197802
results/primary99/repeat1-fold3/audit.json,models/node_strength180/candidates/3/fold_auc/1,0.8273809523809523
results/primary99/repeat1-fold3/audit.json,models/node_strength180/candidates/3/fold_auc/2,0.6011904761904763
results/primary99/repeat1-fold3/audit.json,models/node_strength180/chosen/mean_inner_auc,0.7362637362637363
results/primary99/repeat1-fold3/audit.json,models/node_strength180/chosen/fold_auc/0,0.7802197802197802
results/primary99/repeat1-fold3/audit.json,models/node_strength180/chosen/fold_auc/1,0.8273809523809523
results/primary99/repeat1-fold3/audit.json,models/node_strength180/chosen/fold_auc/2,0.6011904761904763
results/primary99/repeat1-fold4/audit.json,models/lw_fc/candidates/0/mean_inner_auc,0.56005291005291
results/primary99/repeat1-fold4/audit.json,models/lw_fc/candidates/0/fold_auc/0,0.5611111111111111
results/primary99/repeat1-fold4/audit.json,models/lw_fc/candidates/0/fold_auc/1,0.6071428571428572
results/primary99/repeat1-fold4/audit.json,models/lw_fc/candidates/0/fold_auc/2,0.5119047619047619
results/primary99/repeat1-fold4/audit.json,models/lw_fc/candidates/1/mean_inner_auc,0.5419312169312169
results/primary99/repeat1-fold4/audit.json,models/lw_fc/candidates/1/fold_auc/0,0.5722222222222222
results/primary99/repeat1-fold4/audit.json,models/lw_fc/candidates/1/fold_auc/1,0.5773809523809523
results/primary99/repeat1-fold4/audit.json,models/lw_fc/candidates/1/fold_auc/2,0.47619047619047616
results/primary99/repeat1-fold4/audit.json,models/lw_fc/candidates/2/mean_inner_auc,0.5416666666666666
results/primary99/repeat1-fold4/audit.json,models/lw_fc/candidates/2/fold_auc/0,0.5833333333333333
results/primary99/repeat1-fold4/audit.json,models/lw_fc/candidates/2/fold_auc/1,0.5714285714285714
results/primary99/repeat1-fold4/audit.json,models/lw_fc/candidates/2/fold_auc/2,0.47023809523809523
results/primary99/repeat1-fold4/audit.json,models/lw_fc/candidates/3/mean_inner_auc,0.5376984126984127
results/primary99/repeat1-fold4/audit.json,models/lw_fc/candidates/3/fold_auc/0,0.5833333333333333
results/primary99/repeat1-fold4/audit.json,models/lw_fc/candidates/3/fold_auc/1,0.5714285714285714
results/primary99/repeat1-fold4/audit.json,models/lw_fc/candidates/3/fold_auc/2,0.45833333333333337
results/primary99/repeat1-fold4/audit.json,models/lw_fc/chosen/mean_inner_auc,0.56005291005291
results/primary99/repeat1-fold4/audit.json,models/lw_fc/chosen/fold_auc/0,0.5611111111111111
results/primary99/repeat1-fold4/audit.json,models/lw_fc/chosen/fold_auc/1,0.6071428571428572
results/primary99/repeat1-fold4/audit.json,models/lw_fc/chosen/fold_auc/2,0.5119047619047619
results/primary99/repeat1-fold4/audit.json,models/lw_tangent/candidates/0/mean_inner_auc,0.6486772486772487
results/primary99/repeat1-fold4/audit.json,models/lw_tangent/candidates/0/fold_auc/0,0.6722222222222223
results/primary99/repeat1-fold4/audit.json,models/lw_tangent/candidates/0/fold_auc/1,0.7321428571428572
results/primary99/repeat1-fold4/audit.json,models/lw_tangent/candidates/0/fold_auc/2,0.5416666666666666
results/primary99/repeat1-fold4/audit.json,models/lw_tangent/candidates/1/mean_inner_auc,0.6466931216931217
results/primary99/repeat1-fold4/audit.json,models/lw_tangent/candidates/1/fold_auc/0,0.6722222222222223
results/primary99/repeat1-fold4/audit.json,models/lw_tangent/candidates/1/fold_auc/1,0.7440476190476191
results/primary99/repeat1-fold4/audit.json,models/lw_tangent/candidates/1/fold_auc/2,0.5238095238095237
results/primary99/repeat1-fold4/audit.json,models/lw_tangent/candidates/2/mean_inner_auc,0.6388888888888888
results/primary99/repeat1-fold4/audit.json,models/lw_tangent/candidates/2/fold_auc/0,0.6666666666666666
results/primary99/repeat1-fold4/audit.json,models/lw_tangent/candidates/2/fold_auc/1,0.7440476190476191
results/primary99/repeat1-fold4/audit.json,models/lw_tangent/candidates/2/fold_auc/2,0.5059523809523809
results/primary99/repeat1-fold4/audit.json,models/lw_tangent/candidates/3/mean_inner_auc,0.637037037037037
results/primary99/repeat1-fold4/audit.json,models/lw_tangent/candidates/3/fold_auc/0,0.6611111111111111
results/primary99/repeat1-fold4/audit.json,models/lw_tangent/candidates/3/fold_auc/1,0.7380952380952381
results/primary99/repeat1-fold4/audit.json,models/lw_tangent/candidates/3/fold_auc/2,0.5119047619047619
results/primary99/repeat1-fold4/audit.json,models/lw_tangent/chosen/mean_inner_auc,0.6486772486772487
results/primary99/repeat1-fold4/audit.json,models/lw_tangent/chosen/fold_auc/0,0.6722222222222223
results/primary99/repeat1-fold4/audit.json,models/lw_tangent/chosen/fold_auc/1,0.7321428571428572
results/primary99/repeat1-fold4/audit.json,models/lw_tangent/chosen/fold_auc/2,0.5416666666666666
results/primary99/repeat1-fold4/audit.json,models/node_strength180/candidates/0/mean_inner_auc,0.6178571428571429
results/primary99/repeat1-fold4/audit.json,models/node_strength180/candidates/0/fold_auc/0,0.55
results/primary99/repeat1-fold4/audit.json,models/node_strength180/candidates/0/fold_auc/1,0.6309523809523809
results/primary99/repeat1-fold4/audit.json,models/node_strength180/candidates/0/fold_auc/2,0.6726190476190477
results/primary99/repeat1-fold4/audit.json,models/node_strength180/candidates/1/mean_inner_auc,0.5917989417989418
results/primary99/repeat1-fold4/audit.json,models/node_strength180/candidates/1/fold_auc/0,0.5611111111111111
results/primary99/repeat1-fold4/audit.json,models/node_strength180/candidates/1/fold_auc/1,0.6845238095238095
results/primary99/repeat1-fold4/audit.json,models/node_strength180/candidates/1/fold_auc/2,0.5297619047619048
results/primary99/repeat1-fold4/audit.json,models/node_strength180/candidates/2/mean_inner_auc,0.5661375661375662
results/primary99/repeat1-fold4/audit.json,models/node_strength180/candidates/2/fold_auc/0,0.5555555555555556
results/primary99/repeat1-fold4/audit.json,models/node_strength180/candidates/2/fold_auc/1,0.6488095238095238
results/primary99/repeat1-fold4/audit.json,models/node_strength180/candidates/2/fold_auc/2,0.49404761904761907
results/primary99/repeat1-fold4/audit.json,models/node_strength180/candidates/3/mean_inner_auc,0.5597883597883598
results/primary99/repeat1-fold4/audit.json,models/node_strength180/candidates/3/fold_auc/0,0.5722222222222222
results/primary99/repeat1-fold4/audit.json,models/node_strength180/candidates/3/fold_auc/1,0.6666666666666667
results/primary99/repeat1-fold4/audit.json,models/node_strength180/candidates/3/fold_auc/2,0.44047619047619047
results/primary99/repeat1-fold4/audit.json,models/node_strength180/chosen/mean_inner_auc,0.6178571428571429
results/primary99/repeat1-fold4/audit.json,models/node_strength180/chosen/fold_auc/0,0.55
results/primary99/repeat1-fold4/audit.json,models/node_strength180/chosen/fold_auc/1,0.6309523809523809
results/primary99/repeat1-fold4/audit.json,models/node_strength180/chosen/fold_auc/2,0.6726190476190477
results/primary99/repeat1-fold5/audit.json,models/lw_fc/candidates/0/mean_inner_auc,0.72991452991453
results/primary99/repeat1-fold5/audit.json,models/lw_fc/candidates/0/fold_auc/0,0.6
results/primary99/repeat1-fold5/audit.json,models/lw_fc/candidates/0/fold_auc/1,0.7802197802197802
results/primary99/repeat1-fold5/audit.json,models/lw_fc/candidates/0/fold_auc/2,0.8095238095238095
results/primary99/repeat1-fold5/audit.json,models/lw_fc/candidates/1/mean_inner_auc,0.724908424908425
results/primary99/repeat1-fold5/audit.json,models/lw_fc/candidates/1/fold_auc/0,0.5666666666666667
results/primary99/repeat1-fold5/audit.json,models/lw_fc/candidates/1/fold_auc/1,0.7747252747252747
results/primary99/repeat1-fold5/audit.json,models/lw_fc/candidates/1/fold_auc/2,0.8333333333333333
results/primary99/repeat1-fold5/audit.json,models/lw_fc/candidates/2/mean_inner_auc,0.7267399267399268
results/primary99/repeat1-fold5/audit.json,models/lw_fc/candidates/2/fold_auc/0,0.5666666666666667
results/primary99/repeat1-fold5/audit.json,models/lw_fc/candidates/2/fold_auc/1,0.7802197802197802
results/primary99/repeat1-fold5/audit.json,models/lw_fc/candidates/2/fold_auc/2,0.8333333333333333
results/primary99/repeat1-fold5/audit.json,models/lw_fc/candidates/3/mean_inner_auc,0.7284798534798534
results/primary99/repeat1-fold5/audit.json,models/lw_fc/candidates/3/fold_auc/0,0.5833333333333334
results/primary99/repeat1-fold5/audit.json,models/lw_fc/candidates/3/fold_auc/1,0.7747252747252747
results/primary99/repeat1-fold5/audit.json,models/lw_fc/candidates/3/fold_auc/2,0.8273809523809523
results/primary99/repeat1-fold5/audit.json,models/lw_fc/chosen/mean_inner_auc,0.72991452991453
results/primary99/repeat1-fold5/audit.json,models/lw_fc/chosen/fold_auc/0,0.6
results/primary99/repeat1-fold5/audit.json,models/lw_fc/chosen/fold_auc/1,0.7802197802197802
results/primary99/repeat1-fold5/audit.json,models/lw_fc/chosen/fold_auc/2,0.8095238095238095
results/primary99/repeat1-fold5/audit.json,models/lw_tangent/candidates/0/mean_inner_auc,0.7785510785510786
results/primary99/repeat1-fold5/audit.json,models/lw_tangent/candidates/0/fold_auc/0,0.7111111111111111
results/primary99/repeat1-fold5/audit.json,models/lw_tangent/candidates/0/fold_auc/1,0.8626373626373626
results/primary99/repeat1-fold5/audit.json,models/lw_tangent/candidates/0/fold_auc/2,0.761904761904762
results/primary99/repeat1-fold5/audit.json,models/lw_tangent/candidates/1/mean_inner_auc,0.7785307285307285
results/primary99/repeat1-fold5/audit.json,models/lw_tangent/candidates/1/fold_auc/0,0.7055555555555555
results/primary99/repeat1-fold5/audit.json,models/lw_tangent/candidates/1/fold_auc/1,0.868131868131868
results/primary99/repeat1-fold5/audit.json,models/lw_tangent/candidates/1/fold_auc/2,0.7619047619047619
results/primary99/repeat1-fold5/audit.json,models/lw_tangent/candidates/2/mean_inner_auc,0.7803825803825802
results/primary99/repeat1-fold5/audit.json,models/lw_tangent/candidates/2/fold_auc/0,0.711111111111111
results/primary99/repeat1-fold5/audit.json,models/lw_tangent/candidates/2/fold_auc/1,0.868131868131868
results/primary99/repeat1-fold5/audit.json,models/lw_tangent/candidates/2/fold_auc/2,0.7619047619047619
results/primary99/repeat1-fold5/audit.json,models/lw_tangent/candidates/3/mean_inner_auc,0.7766992266992266
results/primary99/repeat1-fold5/audit.json,models/lw_tangent/candidates/3/fold_auc/0,0.7055555555555556
results/primary99/repeat1-fold5/audit.json,models/lw_tangent/candidates/3/fold_auc/1,0.8626373626373626
results/primary99/repeat1-fold5/audit.json,models/lw_tangent/candidates/3/fold_auc/2,0.7619047619047619
results/primary99/repeat1-fold5/audit.json,models/lw_tangent/chosen/mean_inner_auc,0.7803825803825802
results/primary99/repeat1-fold5/audit.json,models/lw_tangent/chosen/fold_auc/0,0.711111111111111
results/primary99/repeat1-fold5/audit.json,models/lw_tangent/chosen/fold_auc/1,0.868131868131868
results/primary99/repeat1-fold5/audit.json,models/lw_tangent/chosen/fold_auc/2,0.7619047619047619
results/primary99/repeat1-fold5/audit.json,models/node_strength180/candidates/0/mean_inner_auc,0.6906389906389906
results/primary99/repeat1-fold5/audit.json,models/node_strength180/candidates/0/fold_auc/0,0.6277777777777778
results/primary99/repeat1-fold5/audit.json,models/node_strength180/candidates/0/fold_auc/1,0.7417582417582418
results/primary99/repeat1-fold5/audit.json,models/node_strength180/candidates/0/fold_auc/2,0.7023809523809523
results/primary99/repeat1-fold5/audit.json,models/node_strength180/candidates/1/mean_inner_auc,0.6783679283679284
results/primary99/repeat1-fold5/audit.json,models/node_strength180/candidates/1/fold_auc/0,0.5277777777777778
results/primary99/repeat1-fold5/audit.json,models/node_strength180/candidates/1/fold_auc/1,0.7692307692307693
results/primary99/repeat1-fold5/audit.json,models/node_strength180/candidates/1/fold_auc/2,0.7380952380952381
results/primary99/repeat1-fold5/audit.json,models/node_strength180/candidates/2/mean_inner_auc,0.6651811151811152
results/primary99/repeat1-fold5/audit.json,models/node_strength180/candidates/2/fold_auc/0,0.5111111111111112
results/primary99/repeat1-fold5/audit.json,models/node_strength180/candidates/2/fold_auc/1,0.6868131868131868
results/primary99/repeat1-fold5/audit.json,models/node_strength180/candidates/2/fold_auc/2,0.7976190476190476
results/primary99/repeat1-fold5/audit.json,models/node_strength180/candidates/3/mean_inner_auc,0.6539784289784291
results/primary99/repeat1-fold5/audit.json,models/node_strength180/candidates/3/fold_auc/0,0.49444444444444446
results/primary99/repeat1-fold5/audit.json,models/node_strength180/candidates/3/fold_auc/1,0.6758241758241759
results/primary99/repeat1-fold5/audit.json,models/node_strength180/candidates/3/fold_auc/2,0.7916666666666666
results/primary99/repeat1-fold5/audit.json,models/node_strength180/chosen/mean_inner_auc,0.6906389906389906
results/primary99/repeat1-fold5/audit.json,models/node_strength180/chosen/fold_auc/0,0.6277777777777778
results/primary99/repeat1-fold5/audit.json,models/node_strength180/chosen/fold_auc/1,0.7417582417582418
results/primary99/repeat1-fold5/audit.json,models/node_strength180/chosen/fold_auc/2,0.7023809523809523
results/primary99/repeat2-fold1/audit.json,models/lw_fc/candidates/0/mean_inner_auc,0.6158424908424909
results/primary99/repeat2-fold1/audit.json,models/lw_fc/candidates/0/fold_auc/0,0.543956043956044
results/primary99/repeat2-fold1/audit.json,models/lw_fc/candidates/0/fold_auc/1,0.7797619047619048
results/primary99/repeat2-fold1/audit.json,models/lw_fc/candidates/0/fold_auc/2,0.5238095238095238
results/primary99/repeat2-fold1/audit.json,models/lw_fc/candidates/1/mean_inner_auc,0.6190476190476191
results/primary99/repeat2-fold1/audit.json,models/lw_fc/candidates/1/fold_auc/0,0.5714285714285715
results/primary99/repeat2-fold1/audit.json,models/lw_fc/candidates/1/fold_auc/1,0.75
results/primary99/repeat2-fold1/audit.json,models/lw_fc/candidates/1/fold_auc/2,0.5357142857142857
results/primary99/repeat2-fold1/audit.json,models/lw_fc/candidates/2/mean_inner_auc,0.6167582417582418
results/primary99/repeat2-fold1/audit.json,models/lw_fc/candidates/2/fold_auc/0,0.5824175824175825
results/primary99/repeat2-fold1/audit.json,models/lw_fc/candidates/2/fold_auc/1,0.738095238095238
results/primary99/repeat2-fold1/audit.json,models/lw_fc/candidates/2/fold_auc/2,0.5297619047619048
results/primary99/repeat2-fold1/audit.json,models/lw_fc/candidates/3/mean_inner_auc,0.6124847374847374
results/primary99/repeat2-fold1/audit.json,models/lw_fc/candidates/3/fold_auc/0,0.5934065934065934
results/primary99/repeat2-fold1/audit.json,models/lw_fc/candidates/3/fold_auc/1,0.7261904761904762
results/primary99/repeat2-fold1/audit.json,models/lw_fc/candidates/3/fold_auc/2,0.5178571428571428
results/primary99/repeat2-fold1/audit.json,models/lw_fc/chosen/mean_inner_auc,0.6190476190476191
results/primary99/repeat2-fold1/audit.json,models/lw_fc/chosen/fold_auc/0,0.5714285714285715
results/primary99/repeat2-fold1/audit.json,models/lw_fc/chosen/fold_auc/1,0.75
results/primary99/repeat2-fold1/audit.json,models/lw_fc/chosen/fold_auc/2,0.5357142857142857
results/primary99/repeat2-fold1/audit.json,models/lw_tangent/candidates/0/mean_inner_auc,0.7557997557997558
results/primary99/repeat2-fold1/audit.json,models/lw_tangent/candidates/0/fold_auc/0,0.576923076923077
results/primary99/repeat2-fold1/audit.json,models/lw_tangent/candidates/0/fold_auc/1,0.8749999999999999
results/primary99/repeat2-fold1/audit.json,models/lw_tangent/candidates/0/fold_auc/2,0.8154761904761905
results/primary99/repeat2-fold1/audit.json,models/lw_tangent/candidates/1/mean_inner_auc,0.7573260073260073
results/primary99/repeat2-fold1/audit.json,models/lw_tangent/candidates/1/fold_auc/0,0.5934065934065934
results/primary99/repeat2-fold1/audit.json,models/lw_tangent/candidates/1/fold_auc/1,0.875
results/primary99/repeat2-fold1/audit.json,models/lw_tangent/candidates/1/fold_auc/2,0.8035714285714286
results/primary99/repeat2-fold1/audit.json,models/lw_tangent/candidates/2/mean_inner_auc,0.7551892551892552
results/primary99/repeat2-fold1/audit.json,models/lw_tangent/candidates/2/fold_auc/0,0.5989010989010989
results/primary99/repeat2-fold1/audit.json,models/lw_tangent/candidates/2/fold_auc/1,0.8630952380952381
results/primary99/repeat2-fold1/audit.json,models/lw_tangent/candidates/2/fold_auc/2,0.8035714285714286
results/primary99/repeat2-fold1/audit.json,models/lw_tangent/candidates/3/mean_inner_auc,0.7588522588522588
results/primary99/repeat2-fold1/audit.json,models/lw_tangent/candidates/3/fold_auc/0,0.6098901098901099
results/primary99/repeat2-fold1/audit.json,models/lw_tangent/candidates/3/fold_auc/1,0.8630952380952381
results/primary99/repeat2-fold1/audit.json,models/lw_tangent/candidates/3/fold_auc/2,0.8035714285714286
results/primary99/repeat2-fold1/audit.json,models/lw_tangent/chosen/mean_inner_auc,0.7588522588522588
results/primary99/repeat2-fold1/audit.json,models/lw_tangent/chosen/fold_auc/0,0.6098901098901099
results/primary99/repeat2-fold1/audit.json,models/lw_tangent/chosen/fold_auc/1,0.8630952380952381
results/primary99/repeat2-fold1/audit.json,models/lw_tangent/chosen/fold_auc/2,0.8035714285714286
results/primary99/repeat2-fold1/audit.json,models/node_strength180/candidates/0/mean_inner_auc,0.6485042735042735
results/primary99/repeat2-fold1/audit.json,models/node_strength180/candidates/0/fold_auc/0,0.5109890109890111
results/primary99/repeat2-fold1/audit.json,models/node_strength180/candidates/0/fold_auc/1,0.8035714285714285
results/primary99/repeat2-fold1/audit.json,models/node_strength180/candidates/0/fold_auc/2,0.6309523809523809
results/primary99/repeat2-fold1/audit.json,models/node_strength180/candidates/1/mean_inner_auc,0.6242368742368742
results/primary99/repeat2-fold1/audit.json,models/node_strength180/candidates/1/fold_auc/0,0.5274725274725275
results/primary99/repeat2-fold1/audit.json,models/node_strength180/candidates/1/fold_auc/1,0.8154761904761905
results/primary99/repeat2-fold1/audit.json,models/node_strength180/candidates/1/fold_auc/2,0.5297619047619048
results/primary99/repeat2-fold1/audit.json,models/node_strength180/candidates/2/mean_inner_auc,0.5900488400488401
results/primary99/repeat2-fold1/audit.json,models/node_strength180/candidates/2/fold_auc/0,0.5439560439560439
results/primary99/repeat2-fold1/audit.json,models/node_strength180/candidates/2/fold_auc/1,0.7321428571428571
results/primary99/repeat2-fold1/audit.json,models/node_strength180/candidates/2/fold_auc/2,0.494047619047619
results/primary99/repeat2-fold1/audit.json,models/node_strength180/candidates/3/mean_inner_auc,0.5810439560439561
results/primary99/repeat2-fold1/audit.json,models/node_strength180/candidates/3/fold_auc/0,0.5824175824175826
results/primary99/repeat2-fold1/audit.json,models/node_strength180/candidates/3/fold_auc/1,0.6726190476190476
results/primary99/repeat2-fold1/audit.json,models/node_strength180/candidates/3/fold_auc/2,0.4880952380952381
results/primary99/repeat2-fold1/audit.json,models/node_strength180/chosen/mean_inner_auc,0.6485042735042735
results/primary99/repeat2-fold1/audit.json,models/node_strength180/chosen/fold_auc/0,0.5109890109890111
results/primary99/repeat2-fold1/audit.json,models/node_strength180/chosen/fold_auc/1,0.8035714285714285
results/primary99/repeat2-fold1/audit.json,models/node_strength180/chosen/fold_auc/2,0.6309523809523809
results/primary99/repeat2-fold2/audit.json,models/lw_fc/candidates/0/mean_inner_auc,0.6802503052503052
results/primary99/repeat2-fold2/audit.json,models/lw_fc/candidates/0/fold_auc/0,0.6538461538461539
results/primary99/repeat2-fold2/audit.json,models/lw_fc/candidates/0/fold_auc/1,0.625
results/primary99/repeat2-fold2/audit.json,models/lw_fc/candidates/0/fold_auc/2,0.7619047619047619
results/primary99/repeat2-fold2/audit.json,models/lw_fc/candidates/1/mean_inner_auc,0.6648351648351648
results/primary99/repeat2-fold2/audit.json,models/lw_fc/candidates/1/fold_auc/0,0.6373626373626373
results/primary99/repeat2-fold2/audit.json,models/lw_fc/candidates/1/fold_auc/1,0.6130952380952381
results/primary99/repeat2-fold2/audit.json,models/lw_fc/candidates/1/fold_auc/2,0.7440476190476191
results/primary99/repeat2-fold2/audit.json,models/lw_fc/candidates/2/mean_inner_auc,0.6688034188034188
results/primary99/repeat2-fold2/audit.json,models/lw_fc/candidates/2/fold_auc/0,0.6373626373626373
results/primary99/repeat2-fold2/audit.json,models/lw_fc/candidates/2/fold_auc/1,0.6130952380952381
results/primary99/repeat2-fold2/audit.json,models/lw_fc/candidates/2/fold_auc/2,0.7559523809523809
results/primary99/repeat2-fold2/audit.json,models/lw_fc/candidates/3/mean_inner_auc,0.6628510378510378
results/primary99/repeat2-fold2/audit.json,models/lw_fc/candidates/3/fold_auc/0,0.6373626373626373
results/primary99/repeat2-fold2/audit.json,models/lw_fc/candidates/3/fold_auc/1,0.6071428571428571
results/primary99/repeat2-fold2/audit.json,models/lw_fc/candidates/3/fold_auc/2,0.7440476190476191
results/primary99/repeat2-fold2/audit.json,models/lw_fc/chosen/mean_inner_auc,0.6802503052503052
results/primary99/repeat2-fold2/audit.json,models/lw_fc/chosen/fold_auc/0,0.6538461538461539
results/primary99/repeat2-fold2/audit.json,models/lw_fc/chosen/fold_auc/1,0.625
results/primary99/repeat2-fold2/audit.json,models/lw_fc/chosen/fold_auc/2,0.7619047619047619
results/primary99/repeat2-fold2/audit.json,models/lw_tangent/candidates/0/mean_inner_auc,0.7184065934065934
results/primary99/repeat2-fold2/audit.json,models/lw_tangent/candidates/0/fold_auc/0,0.7087912087912088
results/primary99/repeat2-fold2/audit.json,models/lw_tangent/candidates/0/fold_auc/1,0.6964285714285714
results/primary99/repeat2-fold2/audit.json,models/lw_tangent/candidates/0/fold_auc/2,0.75
results/primary99/repeat2-fold2/audit.json,models/lw_tangent/candidates/1/mean_inner_auc,0.7255799755799756
results/primary99/repeat2-fold2/audit.json,models/lw_tangent/candidates/1/fold_auc/0,0.7362637362637362
results/primary99/repeat2-fold2/audit.json,models/lw_tangent/candidates/1/fold_auc/1,0.6904761904761905
results/primary99/repeat2-fold2/audit.json,models/lw_tangent/candidates/1/fold_auc/2,0.75
results/primary99/repeat2-fold2/audit.json,models/lw_tangent/candidates/2/mean_inner_auc,0.7274114774114774
results/primary99/repeat2-fold2/audit.json,models/lw_tangent/candidates/2/fold_auc/0,0.7417582417582417
results/primary99/repeat2-fold2/audit.json,models/lw_tangent/candidates/2/fold_auc/1,0.6904761904761905
results/primary99/repeat2-fold2/audit.json,models/lw_tangent/candidates/2/fold_auc/2,0.75
results/primary99/repeat2-fold2/audit.json,models/lw_tangent/candidates/3/mean_inner_auc,0.7274114774114774
results/primary99/repeat2-fold2/audit.json,models/lw_tangent/candidates/3/fold_auc/0,0.7417582417582417
results/primary99/repeat2-fold2/audit.json,models/lw_tangent/candidates/3/fold_auc/1,0.6904761904761905
results/primary99/repeat2-fold2/audit.json,models/lw_tangent/candidates/3/fold_auc/2,0.75
results/primary99/repeat2-fold2/audit.json,models/lw_tangent/chosen/mean_inner_auc,0.7274114774114774
results/primary99/repeat2-fold2/audit.json,models/lw_tangent/chosen/fold_auc/0,0.7417582417582417
results/primary99/repeat2-fold2/audit.json,models/lw_tangent/chosen/fold_auc/1,0.6904761904761905
results/primary99/repeat2-fold2/audit.json,models/lw_tangent/chosen/fold_auc/2,0.75
results/primary99/repeat2-fold2/audit.json,models/node_strength180/candidates/0/mean_inner_auc,0.6474358974358974
results/primary99/repeat2-fold2/audit.json,models/node_strength180/candidates/0/fold_auc/0,0.5494505494505494
results/primary99/repeat2-fold2/audit.json,models/node_strength180/candidates/0/fold_auc/1,0.7321428571428571
results/primary99/repeat2-fold2/audit.json,models/node_strength180/candidates/0/fold_auc/2,0.6607142857142857
results/primary99/repeat2-fold2/audit.json,models/node_strength180/candidates/1/mean_inner_auc,0.5955433455433456
results/primary99/repeat2-fold2/audit.json,models/node_strength180/candidates/1/fold_auc/0,0.5604395604395606
results/primary99/repeat2-fold2/audit.json,models/node_strength180/candidates/1/fold_auc/1,0.511904761904762
results/primary99/repeat2-fold2/audit.json,models/node_strength180/candidates/1/fold_auc/2,0.7142857142857143
results/primary99/repeat2-fold2/audit.json,models/node_strength180/candidates/2/mean_inner_auc,0.5824175824175825
results/primary99/repeat2-fold2/audit.json,models/node_strength180/candidates/2/fold_auc/0,0.532967032967033
results/primary99/repeat2-fold2/audit.json,models/node_strength180/candidates/2/fold_auc/1,0.4761904761904762
results/primary99/repeat2-fold2/audit.json,models/node_strength180/candidates/2/fold_auc/2,0.7380952380952381
results/primary99/repeat2-fold2/audit.json,models/node_strength180/candidates/3/mean_inner_auc,0.5894383394383395
results/primary99/repeat2-fold2/audit.json,models/node_strength180/candidates/3/fold_auc/0,0.4945054945054946
results/primary99/repeat2-fold2/audit.json,models/node_strength180/candidates/3/fold_auc/1,0.5178571428571428
results/primary99/repeat2-fold2/audit.json,models/node_strength180/candidates/3/fold_auc/2,0.7559523809523809
results/primary99/repeat2-fold2/audit.json,models/node_strength180/chosen/mean_inner_auc,0.6474358974358974
results/primary99/repeat2-fold2/audit.json,models/node_strength180/chosen/fold_auc/0,0.5494505494505494
results/primary99/repeat2-fold2/audit.json,models/node_strength180/chosen/fold_auc/1,0.7321428571428571
results/primary99/repeat2-fold2/audit.json,models/node_strength180/chosen/fold_auc/2,0.6607142857142857
results/primary99/repeat2-fold3/audit.json,models/lw_fc/candidates/0/mean_inner_auc,0.6507936507936508
results/primary99/repeat2-fold3/audit.json,models/lw_fc/candidates/0/fold_auc/0,0.6428571428571429
results/primary99/repeat2-fold3/audit.json,models/lw_fc/candidates/0/fold_auc/1,0.6130952380952381
results/primary99/repeat2-fold3/audit.json,models/lw_fc/candidates/0/fold_auc/2,0.6964285714285714
results/primary99/repeat2-fold3/audit.json,models/lw_fc/candidates/1/mean_inner_auc,0.6599511599511599
results/primary99/repeat2-fold3/audit.json,models/lw_fc/candidates/1/fold_auc/0,0.6703296703296703
results/primary99/repeat2-fold3/audit.json,models/lw_fc/candidates/1/fold_auc/1,0.6130952380952381
results/primary99/repeat2-fold3/audit.json,models/lw_fc/candidates/1/fold_auc/2,0.6964285714285714
results/primary99/repeat2-fold3/audit.json,models/lw_fc/candidates/2/mean_inner_auc,0.6620879120879121
results/primary99/repeat2-fold3/audit.json,models/lw_fc/candidates/2/fold_auc/0,0.6648351648351648
results/primary99/repeat2-fold3/audit.json,models/lw_fc/candidates/2/fold_auc/1,0.6130952380952381
results/primary99/repeat2-fold3/audit.json,models/lw_fc/candidates/2/fold_auc/2,0.7083333333333333
results/primary99/repeat2-fold3/audit.json,models/lw_fc/candidates/3/mean_inner_auc,0.6524725274725275
results/primary99/repeat2-fold3/audit.json,models/lw_fc/candidates/3/fold_auc/0,0.653846153846154
results/primary99/repeat2-fold3/audit.json,models/lw_fc/candidates/3/fold_auc/1,0.6130952380952381
results/primary99/repeat2-fold3/audit.json,models/lw_fc/candidates/3/fold_auc/2,0.6904761904761905
results/primary99/repeat2-fold3/audit.json,models/lw_fc/chosen/mean_inner_auc,0.6620879120879121
results/primary99/repeat2-fold3/audit.json,models/lw_fc/chosen/fold_auc/0,0.6648351648351648
results/primary99/repeat2-fold3/audit.json,models/lw_fc/chosen/fold_auc/1,0.6130952380952381
results/primary99/repeat2-fold3/audit.json,models/lw_fc/chosen/fold_auc/2,0.7083333333333333
results/primary99/repeat2-fold3/audit.json,models/lw_tangent/candidates/0/mean_inner_auc,0.75503663003663
results/primary99/repeat2-fold3/audit.json,models/lw_tangent/candidates/0/fold_auc/0,0.8186813186813187
results/primary99/repeat2-fold3/audit.json,models/lw_tangent/candidates/0/fold_auc/1,0.7559523809523809
results/primary99/repeat2-fold3/audit.json,models/lw_tangent/candidates/0/fold_auc/2,0.6904761904761905
results/primary99/repeat2-fold3/audit.json,models/lw_tangent/candidates/1/mean_inner_auc,0.7641941391941393
results/primary99/repeat2-fold3/audit.json,models/lw_tangent/candidates/1/fold_auc/0,0.8461538461538461
results/primary99/repeat2-fold3/audit.json,models/lw_tangent/candidates/1/fold_auc/1,0.7559523809523809
results/primary99/repeat2-fold3/audit.json,models/lw_tangent/candidates/1/fold_auc/2,0.6904761904761905
results/primary99/repeat2-fold3/audit.json,models/lw_tangent/candidates/2/mean_inner_auc,0.7701465201465201
results/primary99/repeat2-fold3/audit.json,models/lw_tangent/candidates/2/fold_auc/0,0.8461538461538461
results/primary99/repeat2-fold3/audit.json,models/lw_tangent/candidates/2/fold_auc/1,0.7619047619047619
results/primary99/repeat2-fold3/audit.json,models/lw_tangent/candidates/2/fold_auc/2,0.7023809523809523
results/primary99/repeat2-fold3/audit.json,models/lw_tangent/candidates/3/mean_inner_auc,0.7779304029304029
results/primary99/repeat2-fold3/audit.json,models/lw_tangent/candidates/3/fold_auc/0,0.8516483516483516
results/primary99/repeat2-fold3/audit.json,models/lw_tangent/candidates/3/fold_auc/1,0.7678571428571428
results/primary99/repeat2-fold3/audit.json,models/lw_tangent/candidates/3/fold_auc/2,0.7142857142857142
results/primary99/repeat2-fold3/audit.json,models/lw_tangent/chosen/mean_inner_auc,0.7779304029304029
results/primary99/repeat2-fold3/audit.json,models/lw_tangent/chosen/fold_auc/0,0.8516483516483516
results/primary99/repeat2-fold3/audit.json,models/lw_tangent/chosen/fold_auc/1,0.7678571428571428
results/primary99/repeat2-fold3/audit.json,models/lw_tangent/chosen/fold_auc/2,0.7142857142857142
results/primary99/repeat2-fold3/audit.json,models/node_strength180/candidates/0/mean_inner_auc,0.583943833943834
results/primary99/repeat2-fold3/audit.json,models/node_strength180/candidates/0/fold_auc/0,0.5494505494505495
results/primary99/repeat2-fold3/audit.json,models/node_strength180/candidates/0/fold_auc/1,0.5833333333333334
results/primary99/repeat2-fold3/audit.json,models/node_strength180/candidates/0/fold_auc/2,0.6190476190476191
results/primary99/repeat2-fold3/audit.json,models/node_strength180/candidates/1/mean_inner_auc,0.5880647130647131
results/primary99/repeat2-fold3/audit.json,models/node_strength180/candidates/1/fold_auc/0,0.5439560439560439
results/primary99/repeat2-fold3/audit.json,models/node_strength180/candidates/1/fold_auc/1,0.6130952380952381
results/primary99/repeat2-fold3/audit.json,models/node_strength180/candidates/1/fold_auc/2,0.6071428571428572
results/primary99/repeat2-fold3/audit.json,models/node_strength180/candidates/2/mean_inner_auc,0.5987484737484737
results/primary99/repeat2-fold3/audit.json,models/node_strength180/candidates/2/fold_auc/0,0.5164835164835165
results/primary99/repeat2-fold3/audit.json,models/node_strength180/candidates/2/fold_auc/1,0.625
results/primary99/repeat2-fold3/audit.json,models/node_strength180/candidates/2/fold_auc/2,0.6547619047619048
results/primary99/repeat2-fold3/audit.json,models/node_strength180/candidates/3/mean_inner_auc,0.5995115995115995
results/primary99/repeat2-fold3/audit.json,models/node_strength180/candidates/3/fold_auc/0,0.48901098901098905
results/primary99/repeat2-fold3/audit.json,models/node_strength180/candidates/3/fold_auc/1,0.6369047619047619
results/primary99/repeat2-fold3/audit.json,models/node_strength180/candidates/3/fold_auc/2,0.6726190476190477
results/primary99/repeat2-fold3/audit.json,models/node_strength180/chosen/mean_inner_auc,0.5995115995115995
results/primary99/repeat2-fold3/audit.json,models/node_strength180/chosen/fold_auc/0,0.48901098901098905
results/primary99/repeat2-fold3/audit.json,models/node_strength180/chosen/fold_auc/1,0.6369047619047619
results/primary99/repeat2-fold3/audit.json,models/node_strength180/chosen/fold_auc/2,0.6726190476190477
results/primary99/repeat2-fold4/audit.json,models/lw_fc/candidates/0/mean_inner_auc,0.667063492063492
results/primary99/repeat2-fold4/audit.json,models/lw_fc/candidates/0/fold_auc/0,0.65
results/primary99/repeat2-fold4/audit.json,models/lw_fc/candidates/0/fold_auc/1,0.6428571428571429
results/primary99/repeat2-fold4/audit.json,models/lw_fc/candidates/0/fold_auc/2,0.7083333333333334
results/primary99/repeat2-fold4/audit.json,models/lw_fc/candidates/1/mean_inner_auc,0.655952380952381
results/primary99/repeat2-fold4/audit.json,models/lw_fc/candidates/1/fold_auc/0,0.6166666666666667
results/primary99/repeat2-fold4/audit.json,models/lw_fc/candidates/1/fold_auc/1,0.625
results/primary99/repeat2-fold4/audit.json,models/lw_fc/candidates/1/fold_auc/2,0.7261904761904762
results/primary99/repeat2-fold4/audit.json,models/lw_fc/candidates/2/mean_inner_auc,0.6600529100529101
results/primary99/repeat2-fold4/audit.json,models/lw_fc/candidates/2/fold_auc/0,0.6111111111111112
results/primary99/repeat2-fold4/audit.json,models/lw_fc/candidates/2/fold_auc/1,0.6428571428571428
results/primary99/repeat2-fold4/audit.json,models/lw_fc/candidates/2/fold_auc/2,0.7261904761904762
results/primary99/repeat2-fold4/audit.json,models/lw_fc/candidates/3/mean_inner_auc,0.6525132275132276
results/primary99/repeat2-fold4/audit.json,models/lw_fc/candidates/3/fold_auc/0,0.5944444444444444
results/primary99/repeat2-fold4/audit.json,models/lw_fc/candidates/3/fold_auc/1,0.6369047619047619
results/primary99/repeat2-fold4/audit.json,models/lw_fc/candidates/3/fold_auc/2,0.7261904761904762
results/primary99/repeat2-fold4/audit.json,models/lw_fc/chosen/mean_inner_auc,0.667063492063492
results/primary99/repeat2-fold4/audit.json,models/lw_fc/chosen/fold_auc/0,0.65
results/primary99/repeat2-fold4/audit.json,models/lw_fc/chosen/fold_auc/1,0.6428571428571429
results/primary99/repeat2-fold4/audit.json,models/lw_fc/chosen/fold_auc/2,0.7083333333333334
results/primary99/repeat2-fold4/audit.json,models/lw_tangent/candidates/0/mean_inner_auc,0.720899470899471
results/primary99/repeat2-fold4/audit.json,models/lw_tangent/candidates/0/fold_auc/0,0.7222222222222223
results/primary99/repeat2-fold4/audit.json,models/lw_tangent/candidates/0/fold_auc/1,0.6964285714285715
results/primary99/repeat2-fold4/audit.json,models/lw_tangent/candidates/0/fold_auc/2,0.7440476190476191
results/primary99/repeat2-fold4/audit.json,models/lw_tangent/candidates/1/mean_inner_auc,0.7189153439153438
results/primary99/repeat2-fold4/audit.json,models/lw_tangent/candidates/1/fold_auc/0,0.7222222222222223
results/primary99/repeat2-fold4/audit.json,models/lw_tangent/candidates/1/fold_auc/1,0.6845238095238095
results/primary99/repeat2-fold4/audit.json,models/lw_tangent/candidates/1/fold_auc/2,0.7499999999999999
results/primary99/repeat2-fold4/audit.json,models/lw_tangent/candidates/2/mean_inner_auc,0.7207671957671957
results/primary99/repeat2-fold4/audit.json,models/lw_tangent/candidates/2/fold_auc/0,0.7277777777777779
results/primary99/repeat2-fold4/audit.json,models/lw_tangent/candidates/2/fold_auc/1,0.6845238095238095
results/primary99/repeat2-fold4/audit.json,models/lw_tangent/candidates/2/fold_auc/2,0.7499999999999999
results/primary99/repeat2-fold4/audit.json,models/lw_tangent/candidates/3/mean_inner_auc,0.7189153439153438
results/primary99/repeat2-fold4/audit.json,models/lw_tangent/candidates/3/fold_auc/0,0.7222222222222222
results/primary99/repeat2-fold4/audit.json,models/lw_tangent/candidates/3/fold_auc/1,0.6845238095238096
results/primary99/repeat2-fold4/audit.json,models/lw_tangent/candidates/3/fold_auc/2,0.7499999999999999
results/primary99/repeat2-fold4/audit.json,models/lw_tangent/chosen/mean_inner_auc,0.720899470899471
results/primary99/repeat2-fold4/audit.json,models/lw_tangent/chosen/fold_auc/0,0.7222222222222223
results/primary99/repeat2-fold4/audit.json,models/lw_tangent/chosen/fold_auc/1,0.6964285714285715
results/primary99/repeat2-fold4/audit.json,models/lw_tangent/chosen/fold_auc/2,0.7440476190476191
results/primary99/repeat2-fold4/audit.json,models/node_strength180/candidates/0/mean_inner_auc,0.6583333333333333
results/primary99/repeat2-fold4/audit.json,models/node_strength180/candidates/0/fold_auc/0,0.7666666666666666
results/primary99/repeat2-fold4/audit.json,models/node_strength180/candidates/0/fold_auc/1,0.6488095238095238
results/primary99/repeat2-fold4/audit.json,models/node_strength180/candidates/0/fold_auc/2,0.5595238095238095
results/primary99/repeat2-fold4/audit.json,models/node_strength180/candidates/1/mean_inner_auc,0.6895502645502646
results/primary99/repeat2-fold4/audit.json,models/node_strength180/candidates/1/fold_auc/0,0.7055555555555556
results/primary99/repeat2-fold4/audit.json,models/node_strength180/candidates/1/fold_auc/1,0.7202380952380953
results/primary99/repeat2-fold4/audit.json,models/node_strength180/candidates/1/fold_auc/2,0.6428571428571428
results/primary99/repeat2-fold4/audit.json,models/node_strength180/candidates/2/mean_inner_auc,0.7072751322751323
results/primary99/repeat2-fold4/audit.json,models/node_strength180/candidates/2/fold_auc/0,0.711111111111111
results/primary99/repeat2-fold4/audit.json,models/node_strength180/candidates/2/fold_auc/1,0.6785714285714286
results/primary99/repeat2-fold4/audit.json,models/node_strength180/candidates/2/fold_auc/2,0.7321428571428572
results/primary99/repeat2-fold4/audit.json,models/node_strength180/candidates/3/mean_inner_auc,0.6955026455026454
results/primary99/repeat2-fold4/audit.json,models/node_strength180/candidates/3/fold_auc/0,0.7055555555555556
results/primary99/repeat2-fold4/audit.json,models/node_strength180/candidates/3/fold_auc/1,0.7023809523809523
results/primary99/repeat2-fold4/audit.json,models/node_strength180/candidates/3/fold_auc/2,0.6785714285714286
results/primary99/repeat2-fold4/audit.json,models/node_strength180/chosen/mean_inner_auc,0.7072751322751323
results/primary99/repeat2-fold4/audit.json,models/node_strength180/chosen/fold_auc/0,0.711111111111111
results/primary99/repeat2-fold4/audit.json,models/node_strength180/chosen/fold_auc/1,0.6785714285714286
results/primary99/repeat2-fold4/audit.json,models/node_strength180/chosen/fold_auc/2,0.7321428571428572
results/primary99/repeat2-fold5/audit.json,models/lw_fc/candidates/0/mean_inner_auc,0.6931318681318682
results/primary99/repeat2-fold5/audit.json,models/lw_fc/candidates/0/fold_auc/0,0.7666666666666666
results/primary99/repeat2-fold5/audit.json,models/lw_fc/candidates/0/fold_auc/1,0.6043956043956045
results/primary99/repeat2-fold5/audit.json,models/lw_fc/candidates/0/fold_auc/2,0.7083333333333333
results/primary99/repeat2-fold5/audit.json,models/lw_fc/candidates/1/mean_inner_auc,0.7004985754985755
results/primary99/repeat2-fold5/audit.json,models/lw_fc/candidates/1/fold_auc/0,0.7777777777777778
results/primary99/repeat2-fold5/audit.json,models/lw_fc/candidates/1/fold_auc/1,0.6153846153846154
results/primary99/repeat2-fold5/audit.json,models/lw_fc/candidates/1/fold_auc/2,0.7083333333333334
results/primary99/repeat2-fold5/audit.json,models/lw_fc/candidates/2/mean_inner_auc,0.7064306064306064
results/primary99/repeat2-fold5/audit.json,models/lw_fc/candidates/2/fold_auc/0,0.7722222222222221
results/primary99/repeat2-fold5/audit.json,models/lw_fc/candidates/2/fold_auc/1,0.6208791208791209
results/primary99/repeat2-fold5/audit.json,models/lw_fc/candidates/2/fold_auc/2,0.7261904761904763
results/primary99/repeat2-fold5/audit.json,models/lw_fc/candidates/3/mean_inner_auc,0.7082621082621082
results/primary99/repeat2-fold5/audit.json,models/lw_fc/candidates/3/fold_auc/0,0.7722222222222221
results/primary99/repeat2-fold5/audit.json,models/lw_fc/candidates/3/fold_auc/1,0.6263736263736265
results/primary99/repeat2-fold5/audit.json,models/lw_fc/candidates/3/fold_auc/2,0.7261904761904762
results/primary99/repeat2-fold5/audit.json,models/lw_fc/chosen/mean_inner_auc,0.7082621082621082
results/primary99/repeat2-fold5/audit.json,models/lw_fc/chosen/fold_auc/0,0.7722222222222221
results/primary99/repeat2-fold5/audit.json,models/lw_fc/chosen/fold_auc/1,0.6263736263736265
results/primary99/repeat2-fold5/audit.json,models/lw_fc/chosen/fold_auc/2,0.7261904761904762
results/primary99/repeat2-fold5/audit.json,models/lw_tangent/candidates/0/mean_inner_auc,0.7107956857956857
results/primary99/repeat2-fold5/audit.json,models/lw_tangent/candidates/0/fold_auc/0,0.8388888888888889
results/primary99/repeat2-fold5/audit.json,models/lw_tangent/candidates/0/fold_auc/1,0.6208791208791209
results/primary99/repeat2-fold5/audit.json,models/lw_tangent/candidates/0/fold_auc/2,0.6726190476190476
results/primary99/repeat2-fold5/audit.json,models/lw_tangent/candidates/1/mean_inner_auc,0.7147842897842898
results/primary99/repeat2-fold5/audit.json,models/lw_tangent/candidates/1/fold_auc/0,0.8444444444444446
results/primary99/repeat2-fold5/audit.json,models/lw_tangent/candidates/1/fold_auc/1,0.6153846153846154
results/primary99/repeat2-fold5/audit.json,models/lw_tangent/candidates/1/fold_auc/2,0.6845238095238095
results/primary99/repeat2-fold5/audit.json,models/lw_tangent/candidates/2/mean_inner_auc,0.7073972323972324
results/primary99/repeat2-fold5/audit.json,models/lw_tangent/candidates/2/fold_auc/0,0.8277777777777778
results/primary99/repeat2-fold5/audit.json,models/lw_tangent/candidates/2/fold_auc/1,0.6098901098901099
results/primary99/repeat2-fold5/audit.json,models/lw_tangent/candidates/2/fold_auc/2,0.6845238095238095
results/primary99/repeat2-fold5/audit.json,models/lw_tangent/candidates/3/mean_inner_auc,0.7073972323972324
results/primary99/repeat2-fold5/audit.json,models/lw_tangent/candidates/3/fold_auc/0,0.8277777777777777
results/primary99/repeat2-fold5/audit.json,models/lw_tangent/candidates/3/fold_auc/1,0.6098901098901099
results/primary99/repeat2-fold5/audit.json,models/lw_tangent/candidates/3/fold_auc/2,0.6845238095238095
results/primary99/repeat2-fold5/audit.json,models/lw_tangent/chosen/mean_inner_auc,0.7147842897842898
results/primary99/repeat2-fold5/audit.json,models/lw_tangent/chosen/fold_auc/0,0.8444444444444446
results/primary99/repeat2-fold5/audit.json,models/lw_tangent/chosen/fold_auc/1,0.6153846153846154
results/primary99/repeat2-fold5/audit.json,models/lw_tangent/chosen/fold_auc/2,0.6845238095238095
results/primary99/repeat2-fold5/audit.json,models/node_strength180/candidates/0/mean_inner_auc,0.6232091982091982
results/primary99/repeat2-fold5/audit.json,models/node_strength180/candidates/0/fold_auc/0,0.5944444444444444
results/primary99/repeat2-fold5/audit.json,models/node_strength180/candidates/0/fold_auc/1,0.5549450549450549
results/primary99/repeat2-fold5/audit.json,models/node_strength180/candidates/0/fold_auc/2,0.7202380952380952
results/primary99/repeat2-fold5/audit.json,models/node_strength180/candidates/1/mean_inner_auc,0.643101343101343
results/primary99/repeat2-fold5/audit.json,models/node_strength180/candidates/1/fold_auc/0,0.6499999999999999
results/primary99/repeat2-fold5/audit.json,models/node_strength180/candidates/1/fold_auc/1,0.5769230769230769
results/primary99/repeat2-fold5/audit.json,models/node_strength180/candidates/1/fold_auc/2,0.7023809523809524
results/primary99/repeat2-fold5/audit.json,models/node_strength180/candidates/2/mean_inner_auc,0.637037037037037
results/primary99/repeat2-fold5/audit.json,models/node_strength180/candidates/2/fold_auc/0,0.6611111111111111
results/primary99/repeat2-fold5/audit.json,models/node_strength180/candidates/2/fold_auc/1,0.5714285714285714
results/primary99/repeat2-fold5/audit.json,models/node_strength180/candidates/2/fold_auc/2,0.6785714285714285
results/primary99/repeat2-fold5/audit.json,models/node_strength180/candidates/3/mean_inner_auc,0.6019129019129019
results/primary99/repeat2-fold5/audit.json,models/node_strength180/candidates/3/fold_auc/0,0.6555555555555556
results/primary99/repeat2-fold5/audit.json,models/node_strength180/candidates/3/fold_auc/1,0.554945054945055
results/primary99/repeat2-fold5/audit.json,models/node_strength180/candidates/3/fold_auc/2,0.5952380952380951
results/primary99/repeat2-fold5/audit.json,models/node_strength180/chosen/mean_inner_auc,0.643101343101343
results/primary99/repeat2-fold5/audit.json,models/node_strength180/chosen/fold_auc/0,0.6499999999999999
results/primary99/repeat2-fold5/audit.json,models/node_strength180/chosen/fold_auc/1,0.5769230769230769
results/primary99/repeat2-fold5/audit.json,models/node_strength180/chosen/fold_auc/2,0.7023809523809524
results/primary99/repeat3-fold1/audit.json,models/lw_fc/candidates/0/mean_inner_auc,0.6974969474969474
results/primary99/repeat3-fold1/audit.json,models/lw_fc/candidates/0/fold_auc/0,0.6758241758241759
results/primary99/repeat3-fold1/audit.json,models/lw_fc/candidates/0/fold_auc/1,0.7261904761904762
results/primary99/repeat3-fold1/audit.json,models/lw_fc/candidates/0/fold_auc/2,0.6904761904761905
results/primary99/repeat3-fold1/audit.json,models/lw_fc/candidates/1/mean_inner_auc,0.7110805860805861
results/primary99/repeat3-fold1/audit.json,models/lw_fc/candidates/1/fold_auc/0,0.6868131868131868
results/primary99/repeat3-fold1/audit.json,models/lw_fc/candidates/1/fold_auc/1,0.7619047619047619
results/primary99/repeat3-fold1/audit.json,models/lw_fc/candidates/1/fold_auc/2,0.6845238095238095
results/primary99/repeat3-fold1/audit.json,models/lw_fc/candidates/2/mean_inner_auc,0.718864468864469
results/primary99/repeat3-fold1/audit.json,models/lw_fc/candidates/2/fold_auc/0,0.6923076923076924
results/primary99/repeat3-fold1/audit.json,models/lw_fc/candidates/2/fold_auc/1,0.7678571428571428
results/primary99/repeat3-fold1/audit.json,models/lw_fc/candidates/2/fold_auc/2,0.6964285714285714
results/primary99/repeat3-fold1/audit.json,models/lw_fc/candidates/3/mean_inner_auc,0.7168803418803419
results/primary99/repeat3-fold1/audit.json,models/lw_fc/candidates/3/fold_auc/0,0.6923076923076924
results/primary99/repeat3-fold1/audit.json,models/lw_fc/candidates/3/fold_auc/1,0.7678571428571428
results/primary99/repeat3-fold1/audit.json,models/lw_fc/candidates/3/fold_auc/2,0.6904761904761905
results/primary99/repeat3-fold1/audit.json,models/lw_fc/chosen/mean_inner_auc,0.718864468864469
results/primary99/repeat3-fold1/audit.json,models/lw_fc/chosen/fold_auc/0,0.6923076923076924
results/primary99/repeat3-fold1/audit.json,models/lw_fc/chosen/fold_auc/1,0.7678571428571428
results/primary99/repeat3-fold1/audit.json,models/lw_fc/chosen/fold_auc/2,0.6964285714285714
results/primary99/repeat3-fold1/audit.json,models/lw_tangent/candidates/0/mean_inner_auc,0.8058608058608058
results/primary99/repeat3-fold1/audit.json,models/lw_tangent/candidates/0/fold_auc/0,0.7747252747252747
results/primary99/repeat3-fold1/audit.json,models/lw_tangent/candidates/0/fold_auc/1,0.7916666666666666
results/primary99/repeat3-fold1/audit.json,models/lw_tangent/candidates/0/fold_auc/2,0.8511904761904762
results/primary99/repeat3-fold1/audit.json,models/lw_tangent/candidates/1/mean_inner_auc,0.8156288156288157
results/primary99/repeat3-fold1/audit.json,models/lw_tangent/candidates/1/fold_auc/0,0.7802197802197802
results/primary99/repeat3-fold1/audit.json,models/lw_tangent/candidates/1/fold_auc/1,0.8035714285714286
results/primary99/repeat3-fold1/audit.json,models/lw_tangent/candidates/1/fold_auc/2,0.8630952380952381
results/primary99/repeat3-fold1/audit.json,models/lw_tangent/candidates/2/mean_inner_auc,0.8116605616605618
results/primary99/repeat3-fold1/audit.json,models/lw_tangent/candidates/2/fold_auc/0,0.7802197802197802
results/primary99/repeat3-fold1/audit.json,models/lw_tangent/candidates/2/fold_auc/1,0.8095238095238095
results/primary99/repeat3-fold1/audit.json,models/lw_tangent/candidates/2/fold_auc/2,0.8452380952380952
results/primary99/repeat3-fold1/audit.json,models/lw_tangent/candidates/3/mean_inner_auc,0.8096764346764348
results/primary99/repeat3-fold1/audit.json,models/lw_tangent/candidates/3/fold_auc/0,0.7802197802197802
results/primary99/repeat3-fold1/audit.json,models/lw_tangent/candidates/3/fold_auc/1,0.8095238095238095
results/primary99/repeat3-fold1/audit.json,models/lw_tangent/candidates/3/fold_auc/2,0.8392857142857143
results/primary99/repeat3-fold1/audit.json,models/lw_tangent/chosen/mean_inner_auc,0.8156288156288157
results/primary99/repeat3-fold1/audit.json,models/lw_tangent/chosen/fold_auc/0,0.7802197802197802
results/primary99/repeat3-fold1/audit.json,models/lw_tangent/chosen/fold_auc/1,0.8035714285714286
results/primary99/repeat3-fold1/audit.json,models/lw_tangent/chosen/fold_auc/2,0.8630952380952381
results/primary99/repeat3-fold1/audit.json,models/node_strength180/candidates/0/mean_inner_auc,0.6672771672771672
results/primary99/repeat3-fold1/audit.json,models/node_strength180/candidates/0/fold_auc/0,0.6923076923076923
results/primary99/repeat3-fold1/audit.json,models/node_strength180/candidates/0/fold_auc/1,0.6309523809523809
results/primary99/repeat3-fold1/audit.json,models/node_strength180/candidates/0/fold_auc/2,0.6785714285714286
results/primary99/repeat3-fold1/audit.json,models/node_strength180/candidates/1/mean_inner_auc,0.7003968253968255
results/primary99/repeat3-fold1/audit.json,models/node_strength180/candidates/1/fold_auc/0,0.6428571428571429
results/primary99/repeat3-fold1/audit.json,models/node_strength180/candidates/1/fold_auc/1,0.7142857142857143
results/primary99/repeat3-fold1/audit.json,models/node_strength180/candidates/1/fold_auc/2,0.7440476190476191
results/primary99/repeat3-fold1/audit.json,models/node_strength180/candidates/2/mean_inner_auc,0.6965811965811967
results/primary99/repeat3-fold1/audit.json,models/node_strength180/candidates/2/fold_auc/0,0.6373626373626373
results/primary99/repeat3-fold1/audit.json,models/node_strength180/candidates/2/fold_auc/1,0.7202380952380952
results/primary99/repeat3-fold1/audit.json,models/node_strength180/candidates/2/fold_auc/2,0.7321428571428572
results/primary99/repeat3-fold1/audit.json,models/node_strength180/candidates/3/mean_inner_auc,0.7115384615384616
results/primary99/repeat3-fold1/audit.json,models/node_strength180/candidates/3/fold_auc/0,0.6703296703296704
results/primary99/repeat3-fold1/audit.json,models/node_strength180/candidates/3/fold_auc/1,0.7321428571428571
results/primary99/repeat3-fold1/audit.json,models/node_strength180/candidates/3/fold_auc/2,0.7321428571428572
results/primary99/repeat3-fold1/audit.json,models/node_strength180/chosen/mean_inner_auc,0.7115384615384616
results/primary99/repeat3-fold1/audit.json,models/node_strength180/chosen/fold_auc/0,0.6703296703296704
results/primary99/repeat3-fold1/audit.json,models/node_strength180/chosen/fold_auc/1,0.7321428571428571
results/primary99/repeat3-fold1/audit.json,models/node_strength180/chosen/fold_auc/2,0.7321428571428572
results/primary99/repeat3-fold2/audit.json,models/lw_fc/candidates/0/mean_inner_auc,0.6578144078144078
results/primary99/repeat3-fold2/audit.json,models/lw_fc/candidates/0/fold_auc/0,0.6043956043956045
results/primary99/repeat3-fold2/audit.json,models/lw_fc/candidates/0/fold_auc/1,0.6607142857142857
results/primary99/repeat3-fold2/audit.json,models/lw_fc/candidates/0/fold_auc/2,0.7083333333333333
results/primary99/repeat3-fold2/audit.json,models/lw_fc/candidates/1/mean_inner_auc,0.6723137973137973
results/primary99/repeat3-fold2/audit.json,models/lw_fc/candidates/1/fold_auc/0,0.5824175824175825
results/primary99/repeat3-fold2/audit.json,models/lw_fc/candidates/1/fold_auc/1,0.6666666666666667
results/primary99/repeat3-fold2/audit.json,models/lw_fc/candidates/1/fold_auc/2,0.7678571428571428
results/primary99/repeat3-fold2/audit.json,models/lw_fc/candidates/2/mean_inner_auc,0.6723137973137973
results/primary99/repeat3-fold2/audit.json,models/lw_fc/candidates/2/fold_auc/0,0.5824175824175825
results/primary99/repeat3-fold2/audit.json,models/lw_fc/candidates/2/fold_auc/1,0.6666666666666667
results/primary99/repeat3-fold2/audit.json,models/lw_fc/candidates/2/fold_auc/2,0.7678571428571428
results/primary99/repeat3-fold2/audit.json,models/lw_fc/candidates/3/mean_inner_auc,0.6723137973137973
results/primary99/repeat3-fold2/audit.json,models/lw_fc/candidates/3/fold_auc/0,0.5824175824175825
results/primary99/repeat3-fold2/audit.json,models/lw_fc/candidates/3/fold_auc/1,0.6666666666666667
results/primary99/repeat3-fold2/audit.json,models/lw_fc/candidates/3/fold_auc/2,0.7678571428571428
results/primary99/repeat3-fold2/audit.json,models/lw_fc/chosen/mean_inner_auc,0.6723137973137973
results/primary99/repeat3-fold2/audit.json,models/lw_fc/chosen/fold_auc/0,0.5824175824175825
results/primary99/repeat3-fold2/audit.json,models/lw_fc/chosen/fold_auc/1,0.6666666666666667
results/primary99/repeat3-fold2/audit.json,models/lw_fc/chosen/fold_auc/2,0.7678571428571428
results/primary99/repeat3-fold2/audit.json,models/lw_tangent/candidates/0/mean_inner_auc,0.7777777777777777
results/primary99/repeat3-fold2/audit.json,models/lw_tangent/candidates/0/fold_auc/0,0.6428571428571429
results/primary99/repeat3-fold2/audit.json,models/lw_tangent/candidates/0/fold_auc/1,0.8988095238095237
results/primary99/repeat3-fold2/audit.json,models/lw_tangent/candidates/0/fold_auc/2,0.7916666666666667
results/primary99/repeat3-fold2/audit.json,models/lw_tangent/candidates/1/mean_inner_auc,0.7760989010989011
results/primary99/repeat3-fold2/audit.json,models/lw_tangent/candidates/1/fold_auc/0,0.6318681318681318
results/primary99/repeat3-fold2/audit.json,models/lw_tangent/candidates/1/fold_auc/1,0.9047619047619047
results/primary99/repeat3-fold2/audit.json,models/lw_tangent/candidates/1/fold_auc/2,0.7916666666666667
results/primary99/repeat3-fold2/audit.json,models/lw_tangent/candidates/2/mean_inner_auc,0.7800671550671551
results/primary99/repeat3-fold2/audit.json,models/lw_tangent/candidates/2/fold_auc/0,0.6318681318681318
results/primary99/repeat3-fold2/audit.json,models/lw_tangent/candidates/2/fold_auc/1,0.9047619047619048
results/primary99/repeat3-fold2/audit.json,models/lw_tangent/candidates/2/fold_auc/2,0.8035714285714286
results/primary99/repeat3-fold2/audit.json,models/lw_tangent/candidates/3/mean_inner_auc,0.7800671550671551
results/primary99/repeat3-fold2/audit.json,models/lw_tangent/candidates/3/fold_auc/0,0.6318681318681318
results/primary99/repeat3-fold2/audit.json,models/lw_tangent/candidates/3/fold_auc/1,0.9047619047619048
results/primary99/repeat3-fold2/audit.json,models/lw_tangent/candidates/3/fold_auc/2,0.8035714285714286
results/primary99/repeat3-fold2/audit.json,models/lw_tangent/chosen/mean_inner_auc,0.7800671550671551
results/primary99/repeat3-fold2/audit.json,models/lw_tangent/chosen/fold_auc/0,0.6318681318681318
results/primary99/repeat3-fold2/audit.json,models/lw_tangent/chosen/fold_auc/1,0.9047619047619048
results/primary99/repeat3-fold2/audit.json,models/lw_tangent/chosen/fold_auc/2,0.8035714285714286
results/primary99/repeat3-fold2/audit.json,models/node_strength180/candidates/0/mean_inner_auc,0.6515567765567766
results/primary99/repeat3-fold2/audit.json,models/node_strength180/candidates/0/fold_auc/0,0.6868131868131868
results/primary99/repeat3-fold2/audit.json,models/node_strength180/candidates/0/fold_auc/1,0.6547619047619048
results/primary99/repeat3-fold2/audit.json,models/node_strength180/candidates/0/fold_auc/2,0.6130952380952381
results/primary99/repeat3-fold2/audit.json,models/node_strength180/candidates/1/mean_inner_auc,0.6889499389499388
results/primary99/repeat3-fold2/audit.json,models/node_strength180/candidates/1/fold_auc/0,0.6978021978021978
results/primary99/repeat3-fold2/audit.json,models/node_strength180/candidates/1/fold_auc/1,0.6904761904761905
results/primary99/repeat3-fold2/audit.json,models/node_strength180/candidates/1/fold_auc/2,0.6785714285714286
results/primary99/repeat3-fold2/audit.json,models/node_strength180/candidates/2/mean_inner_auc,0.7167277167277167
results/primary99/repeat3-fold2/audit.json,models/node_strength180/candidates/2/fold_auc/0,0.6978021978021978
results/primary99/repeat3-fold2/audit.json,models/node_strength180/candidates/2/fold_auc/1,0.7142857142857143
results/primary99/repeat3-fold2/audit.json,models/node_strength180/candidates/2/fold_auc/2,0.7380952380952381
results/primary99/repeat3-fold2/audit.json,models/node_strength180/candidates/3/mean_inner_auc,0.6994810744810745
results/primary99/repeat3-fold2/audit.json,models/node_strength180/candidates/3/fold_auc/0,0.6758241758241759
results/primary99/repeat3-fold2/audit.json,models/node_strength180/candidates/3/fold_auc/1,0.7083333333333333
results/primary99/repeat3-fold2/audit.json,models/node_strength180/candidates/3/fold_auc/2,0.7142857142857143
results/primary99/repeat3-fold2/audit.json,models/node_strength180/chosen/mean_inner_auc,0.7167277167277167
results/primary99/repeat3-fold2/audit.json,models/node_strength180/chosen/fold_auc/0,0.6978021978021978
results/primary99/repeat3-fold2/audit.json,models/node_strength180/chosen/fold_auc/1,0.7142857142857143
results/primary99/repeat3-fold2/audit.json,models/node_strength180/chosen/fold_auc/2,0.7380952380952381
results/primary99/repeat3-fold3/audit.json,models/lw_fc/candidates/0/mean_inner_auc,0.6268315018315018
results/primary99/repeat3-fold3/audit.json,models/lw_fc/candidates/0/fold_auc/0,0.5769230769230769
results/primary99/repeat3-fold3/audit.json,models/lw_fc/candidates/0/fold_auc/1,0.6904761904761905
results/primary99/repeat3-fold3/audit.json,models/lw_fc/candidates/0/fold_auc/2,0.6130952380952381
results/primary99/repeat3-fold3/audit.json,models/lw_fc/candidates/1/mean_inner_auc,0.6572039072039072
results/primary99/repeat3-fold3/audit.json,models/lw_fc/candidates/1/fold_auc/0,0.6263736263736264
results/primary99/repeat3-fold3/audit.json,models/lw_fc/candidates/1/fold_auc/1,0.7142857142857142
results/primary99/repeat3-fold3/audit.json,models/lw_fc/candidates/1/fold_auc/2,0.6309523809523809
results/primary99/repeat3-fold3/audit.json,models/lw_fc/candidates/2/mean_inner_auc,0.6628510378510378
results/primary99/repeat3-fold3/audit.json,models/lw_fc/candidates/2/fold_auc/0,0.6373626373626373
results/primary99/repeat3-fold3/audit.json,models/lw_fc/candidates/2/fold_auc/1,0.7083333333333333
results/primary99/repeat3-fold3/audit.json,models/lw_fc/candidates/2/fold_auc/2,0.6428571428571429
results/primary99/repeat3-fold3/audit.json,models/lw_fc/candidates/3/mean_inner_auc,0.6666666666666666
results/primary99/repeat3-fold3/audit.json,models/lw_fc/candidates/3/fold_auc/0,0.6428571428571429
results/primary99/repeat3-fold3/audit.json,models/lw_fc/candidates/3/fold_auc/1,0.7142857142857142
results/primary99/repeat3-fold3/audit.json,models/lw_fc/candidates/3/fold_auc/2,0.6428571428571429
results/primary99/repeat3-fold3/audit.json,models/lw_fc/chosen/mean_inner_auc,0.6666666666666666
results/primary99/repeat3-fold3/audit.json,models/lw_fc/chosen/fold_auc/0,0.6428571428571429
results/primary99/repeat3-fold3/audit.json,models/lw_fc/chosen/fold_auc/1,0.7142857142857142
results/primary99/repeat3-fold3/audit.json,models/lw_fc/chosen/fold_auc/2,0.6428571428571429
results/primary99/repeat3-fold3/audit.json,models/lw_tangent/candidates/0/mean_inner_auc,0.6907814407814407
results/primary99/repeat3-fold3/audit.json,models/lw_tangent/candidates/0/fold_auc/0,0.7032967032967032
results/primary99/repeat3-fold3/audit.json,models/lw_tangent/candidates/0/fold_auc/1,0.7142857142857143
results/primary99/repeat3-fold3/audit.json,models/lw_tangent/candidates/0/fold_auc/2,0.6547619047619048
results/primary99/repeat3-fold3/audit.json,models/lw_tangent/candidates/1/mean_inner_auc,0.694139194139194
results/primary99/repeat3-fold3/audit.json,models/lw_tangent/candidates/1/fold_auc/0,0.7252747252747254
results/primary99/repeat3-fold3/audit.json,models/lw_tangent/candidates/1/fold_auc/1,0.7142857142857142
results/primary99/repeat3-fold3/audit.json,models/lw_tangent/candidates/1/fold_auc/2,0.6428571428571428
results/primary99/repeat3-fold3/audit.json,models/lw_tangent/candidates/2/mean_inner_auc,0.6958180708180709
results/primary99/repeat3-fold3/audit.json,models/lw_tangent/candidates/2/fold_auc/0,0.7362637362637363
results/primary99/repeat3-fold3/audit.json,models/lw_tangent/candidates/2/fold_auc/1,0.7142857142857142
results/primary99/repeat3-fold3/audit.json,models/lw_tangent/candidates/2/fold_auc/2,0.6369047619047619
results/primary99/repeat3-fold3/audit.json,models/lw_tangent/candidates/3/mean_inner_auc,0.6997863247863249
results/primary99/repeat3-fold3/audit.json,models/lw_tangent/candidates/3/fold_auc/0,0.7362637362637363
results/primary99/repeat3-fold3/audit.json,models/lw_tangent/candidates/3/fold_auc/1,0.7202380952380952
results/primary99/repeat3-fold3/audit.json,models/lw_tangent/candidates/3/fold_auc/2,0.6428571428571428
results/primary99/repeat3-fold3/audit.json,models/lw_tangent/chosen/mean_inner_auc,0.6997863247863249
results/primary99/repeat3-fold3/audit.json,models/lw_tangent/chosen/fold_auc/0,0.7362637362637363
results/primary99/repeat3-fold3/audit.json,models/lw_tangent/chosen/fold_auc/1,0.7202380952380952
results/primary99/repeat3-fold3/audit.json,models/lw_tangent/chosen/fold_auc/2,0.6428571428571428
results/primary99/repeat3-fold3/audit.json,models/node_strength180/candidates/0/mean_inner_auc,0.568986568986569
results/primary99/repeat3-fold3/audit.json,models/node_strength180/candidates/0/fold_auc/0,0.5879120879120879
results/primary99/repeat3-fold3/audit.json,models/node_strength180/candidates/0/fold_auc/1,0.5654761904761905
results/primary99/repeat3-fold3/audit.json,models/node_strength180/candidates/0/fold_auc/2,0.5535714285714286
results/primary99/repeat3-fold3/audit.json,models/node_strength180/candidates/1/mean_inner_auc,0.5807387057387058
results/primary99/repeat3-fold3/audit.json,models/node_strength180/candidates/1/fold_auc/0,0.5934065934065935
results/primary99/repeat3-fold3/audit.json,models/node_strength180/candidates/1/fold_auc/1,0.6011904761904762
results/primary99/repeat3-fold3/audit.json,models/node_strength180/candidates/1/fold_auc/2,0.5476190476190477
results/primary99/repeat3-fold3/audit.json,models/node_strength180/candidates/2/mean_inner_auc,0.6111111111111112
results/primary99/repeat3-fold3/audit.json,models/node_strength180/candidates/2/fold_auc/0,0.5714285714285714
results/primary99/repeat3-fold3/audit.json,models/node_strength180/candidates/2/fold_auc/1,0.6666666666666666
results/primary99/repeat3-fold3/audit.json,models/node_strength180/candidates/2/fold_auc/2,0.5952380952380952
results/primary99/repeat3-fold3/audit.json,models/node_strength180/candidates/3/mean_inner_auc,0.628968253968254
results/primary99/repeat3-fold3/audit.json,models/node_strength180/candidates/3/fold_auc/0,0.5714285714285714
results/primary99/repeat3-fold3/audit.json,models/node_strength180/candidates/3/fold_auc/1,0.6726190476190476
results/primary99/repeat3-fold3/audit.json,models/node_strength180/candidates/3/fold_auc/2,0.6428571428571429
results/primary99/repeat3-fold3/audit.json,models/node_strength180/chosen/mean_inner_auc,0.628968253968254
results/primary99/repeat3-fold3/audit.json,models/node_strength180/chosen/fold_auc/0,0.5714285714285714
results/primary99/repeat3-fold3/audit.json,models/node_strength180/chosen/fold_auc/1,0.6726190476190476
results/primary99/repeat3-fold3/audit.json,models/node_strength180/chosen/fold_auc/2,0.6428571428571429
results/primary99/repeat3-fold4/audit.json,models/lw_fc/candidates/0/mean_inner_auc,0.7112433862433862
results/primary99/repeat3-fold4/audit.json,models/lw_fc/candidates/0/fold_auc/0,0.6277777777777778
results/primary99/repeat3-fold4/audit.json,models/lw_fc/candidates/0/fold_auc/1,0.7797619047619048
results/primary99/repeat3-fold4/audit.json,models/lw_fc/candidates/0/fold_auc/2,0.7261904761904762
results/primary99/repeat3-fold4/audit.json,models/lw_fc/candidates/1/mean_inner_auc,0.7078042328042328
results/primary99/repeat3-fold4/audit.json,models/lw_fc/candidates/1/fold_auc/0,0.6055555555555556
results/primary99/repeat3-fold4/audit.json,models/lw_fc/candidates/1/fold_auc/1,0.7916666666666667
results/primary99/repeat3-fold4/audit.json,models/lw_fc/candidates/1/fold_auc/2,0.726190476190476
results/primary99/repeat3-fold4/audit.json,models/lw_fc/candidates/2/mean_inner_auc,0.7018518518518517
results/primary99/repeat3-fold4/audit.json,models/lw_fc/candidates/2/fold_auc/0,0.6055555555555556
results/primary99/repeat3-fold4/audit.json,models/lw_fc/candidates/2/fold_auc/1,0.7797619047619048
results/primary99/repeat3-fold4/audit.json,models/lw_fc/candidates/2/fold_auc/2,0.7202380952380951
results/primary99/repeat3-fold4/audit.json,models/lw_fc/candidates/3/mean_inner_auc,0.7133597883597883
results/primary99/repeat3-fold4/audit.json,models/lw_fc/candidates/3/fold_auc/0,0.6222222222222222
results/primary99/repeat3-fold4/audit.json,models/lw_fc/candidates/3/fold_auc/1,0.7857142857142857
results/primary99/repeat3-fold4/audit.json,models/lw_fc/candidates/3/fold_auc/2,0.7321428571428572
results/primary99/repeat3-fold4/audit.json,models/lw_fc/chosen/mean_inner_auc,0.7133597883597883
results/primary99/repeat3-fold4/audit.json,models/lw_fc/chosen/fold_auc/0,0.6222222222222222
results/primary99/repeat3-fold4/audit.json,models/lw_fc/chosen/fold_auc/1,0.7857142857142857
results/primary99/repeat3-fold4/audit.json,models/lw_fc/chosen/fold_auc/2,0.7321428571428572
results/primary99/repeat3-fold4/audit.json,models/lw_tangent/candidates/0/mean_inner_auc,0.7773809523809524
results/primary99/repeat3-fold4/audit.json,models/lw_tangent/candidates/0/fold_auc/0,0.6833333333333333
results/primary99/repeat3-fold4/audit.json,models/lw_tangent/candidates/0/fold_auc/1,0.8928571428571429
results/primary99/repeat3-fold4/audit.json,models/lw_tangent/candidates/0/fold_auc/2,0.7559523809523809
results/primary99/repeat3-fold4/audit.json,models/lw_tangent/candidates/1/mean_inner_auc,0.7870370370370371
results/primary99/repeat3-fold4/audit.json,models/lw_tangent/candidates/1/fold_auc/0,0.6944444444444444
results/primary99/repeat3-fold4/audit.json,models/lw_tangent/candidates/1/fold_auc/1,0.8869047619047619
results/primary99/repeat3-fold4/audit.json,models/lw_tangent/candidates/1/fold_auc/2,0.7797619047619048
results/primary99/repeat3-fold4/audit.json,models/lw_tangent/candidates/2/mean_inner_auc,0.7871693121693122
results/primary99/repeat3-fold4/audit.json,models/lw_tangent/candidates/2/fold_auc/0,0.6888888888888889
results/primary99/repeat3-fold4/audit.json,models/lw_tangent/candidates/2/fold_auc/1,0.8869047619047619
results/primary99/repeat3-fold4/audit.json,models/lw_tangent/candidates/2/fold_auc/2,0.7857142857142857
results/primary99/repeat3-fold4/audit.json,models/lw_tangent/candidates/3/mean_inner_auc,0.7832010582010582
results/primary99/repeat3-fold4/audit.json,models/lw_tangent/candidates/3/fold_auc/0,0.6888888888888889
results/primary99/repeat3-fold4/audit.json,models/lw_tangent/candidates/3/fold_auc/1,0.875
results/primary99/repeat3-fold4/audit.json,models/lw_tangent/candidates/3/fold_auc/2,0.7857142857142857
results/primary99/repeat3-fold4/audit.json,models/lw_tangent/chosen/mean_inner_auc,0.7871693121693122
results/primary99/repeat3-fold4/audit.json,models/lw_tangent/chosen/fold_auc/0,0.6888888888888889
results/primary99/repeat3-fold4/audit.json,models/lw_tangent/chosen/fold_auc/1,0.8869047619047619
results/primary99/repeat3-fold4/audit.json,models/lw_tangent/chosen/fold_auc/2,0.7857142857142857
results/primary99/repeat3-fold4/audit.json,models/node_strength180/candidates/0/mean_inner_auc,0.66494708994709
results/primary99/repeat3-fold4/audit.json,models/node_strength180/candidates/0/fold_auc/0,0.5722222222222222
results/primary99/repeat3-fold4/audit.json,models/node_strength180/candidates/0/fold_auc/1,0.7083333333333334
results/primary99/repeat3-fold4/audit.json,models/node_strength180/candidates/0/fold_auc/2,0.7142857142857143
results/primary99/repeat3-fold4/audit.json,models/node_strength180/candidates/1/mean_inner_auc,0.6338624338624339
results/primary99/repeat3-fold4/audit.json,models/node_strength180/candidates/1/fold_auc/0,0.5444444444444445
results/primary99/repeat3-fold4/audit.json,models/node_strength180/candidates/1/fold_auc/1,0.6964285714285714
results/primary99/repeat3-fold4/audit.json,models/node_strength180/candidates/1/fold_auc/2,0.6607142857142858
results/primary99/repeat3-fold4/audit.json,models/node_strength180/candidates/2/mean_inner_auc,0.6427248677248677
results/primary99/repeat3-fold4/audit.json,models/node_strength180/candidates/2/fold_auc/0,0.5055555555555555
results/primary99/repeat3-fold4/audit.json,models/node_strength180/candidates/2/fold_auc/1,0.7619047619047619
results/primary99/repeat3-fold4/audit.json,models/node_strength180/candidates/2/fold_auc/2,0.6607142857142857
results/primary99/repeat3-fold4/audit.json,models/node_strength180/candidates/3/mean_inner_auc,0.6543650793650794
results/primary99/repeat3-fold4/audit.json,models/node_strength180/candidates/3/fold_auc/0,0.5166666666666667
results/primary99/repeat3-fold4/audit.json,models/node_strength180/candidates/3/fold_auc/1,0.7857142857142857
results/primary99/repeat3-fold4/audit.json,models/node_strength180/candidates/3/fold_auc/2,0.6607142857142857
results/primary99/repeat3-fold4/audit.json,models/node_strength180/chosen/mean_inner_auc,0.66494708994709
results/primary99/repeat3-fold4/audit.json,models/node_strength180/chosen/fold_auc/0,0.5722222222222222
results/primary99/repeat3-fold4/audit.json,models/node_strength180/chosen/fold_auc/1,0.7083333333333334
results/primary99/repeat3-fold4/audit.json,models/node_strength180/chosen/fold_auc/2,0.7142857142857143
results/primary99/repeat3-fold5/audit.json,models/lw_fc/candidates/0/mean_inner_auc,0.6621693121693122
results/primary99/repeat3-fold5/audit.json,models/lw_fc/candidates/0/fold_auc/0,0.6888888888888889
results/primary99/repeat3-fold5/audit.json,models/lw_fc/candidates/0/fold_auc/1,0.5714285714285715
results/primary99/repeat3-fold5/audit.json,models/lw_fc/candidates/0/fold_auc/2,0.7261904761904762
results/primary99/repeat3-fold5/audit.json,models/lw_fc/candidates/1/mean_inner_auc,0.6643365893365893
results/primary99/repeat3-fold5/audit.json,models/lw_fc/candidates/1/fold_auc/0,0.6555555555555556
results/primary99/repeat3-fold5/audit.json,models/lw_fc/candidates/1/fold_auc/1,0.5934065934065935
results/primary99/repeat3-fold5/audit.json,models/lw_fc/candidates/1/fold_auc/2,0.7440476190476191
results/primary99/repeat3-fold5/audit.json,models/lw_fc/candidates/2/mean_inner_auc,0.6585368335368336
results/primary99/repeat3-fold5/audit.json,models/lw_fc/candidates/2/fold_auc/0,0.6555555555555556
results/primary99/repeat3-fold5/audit.json,models/lw_fc/candidates/2/fold_auc/1,0.5879120879120879
results/primary99/repeat3-fold5/audit.json,models/lw_fc/candidates/2/fold_auc/2,0.7321428571428572
results/primary99/repeat3-fold5/audit.json,models/lw_fc/candidates/3/mean_inner_auc,0.6565120065120066
results/primary99/repeat3-fold5/audit.json,models/lw_fc/candidates/3/fold_auc/0,0.6444444444444445
results/primary99/repeat3-fold5/audit.json,models/lw_fc/candidates/3/fold_auc/1,0.598901098901099
results/primary99/repeat3-fold5/audit.json,models/lw_fc/candidates/3/fold_auc/2,0.7261904761904762
results/primary99/repeat3-fold5/audit.json,models/lw_fc/chosen/mean_inner_auc,0.6643365893365893
results/primary99/repeat3-fold5/audit.json,models/lw_fc/chosen/fold_auc/0,0.6555555555555556
results/primary99/repeat3-fold5/audit.json,models/lw_fc/chosen/fold_auc/1,0.5934065934065935
results/primary99/repeat3-fold5/audit.json,models/lw_fc/chosen/fold_auc/2,0.7440476190476191
results/primary99/repeat3-fold5/audit.json,models/lw_tangent/candidates/0/mean_inner_auc,0.7581807081807082
results/primary99/repeat3-fold5/audit.json,models/lw_tangent/candidates/0/fold_auc/0,0.7333333333333334
results/primary99/repeat3-fold5/audit.json,models/lw_tangent/candidates/0/fold_auc/1,0.7197802197802198
results/primary99/repeat3-fold5/audit.json,models/lw_tangent/candidates/0/fold_auc/2,0.8214285714285714
results/primary99/repeat3-fold5/audit.json,models/lw_tangent/candidates/1/mean_inner_auc,0.7563492063492063
results/primary99/repeat3-fold5/audit.json,models/lw_tangent/candidates/1/fold_auc/0,0.7333333333333334
results/primary99/repeat3-fold5/audit.json,models/lw_tangent/candidates/1/fold_auc/1,0.7142857142857143
results/primary99/repeat3-fold5/audit.json,models/lw_tangent/candidates/1/fold_auc/2,0.8214285714285714
results/primary99/repeat3-fold5/audit.json,models/lw_tangent/candidates/2/mean_inner_auc,0.7508343508343508
results/primary99/repeat3-fold5/audit.json,models/lw_tangent/candidates/2/fold_auc/0,0.7277777777777779
results/primary99/repeat3-fold5/audit.json,models/lw_tangent/candidates/2/fold_auc/1,0.7032967032967032
results/primary99/repeat3-fold5/audit.json,models/lw_tangent/candidates/2/fold_auc/2,0.8214285714285714
results/primary99/repeat3-fold5/audit.json,models/lw_tangent/candidates/3/mean_inner_auc,0.749002849002849
results/primary99/repeat3-fold5/audit.json,models/lw_tangent/candidates/3/fold_auc/0,0.7277777777777779
results/primary99/repeat3-fold5/audit.json,models/lw_tangent/candidates/3/fold_auc/1,0.6978021978021978
results/primary99/repeat3-fold5/audit.json,models/lw_tangent/candidates/3/fold_auc/2,0.8214285714285714
results/primary99/repeat3-fold5/audit.json,models/lw_tangent/chosen/mean_inner_auc,0.7581807081807082
results/primary99/repeat3-fold5/audit.json,models/lw_tangent/chosen/fold_auc/0,0.7333333333333334
results/primary99/repeat3-fold5/audit.json,models/lw_tangent/chosen/fold_auc/1,0.7197802197802198
results/primary99/repeat3-fold5/audit.json,models/lw_tangent/chosen/fold_auc/2,0.8214285714285714
results/primary99/repeat3-fold5/audit.json,models/node_strength180/candidates/0/mean_inner_auc,0.6871387871387871
results/primary99/repeat3-fold5/audit.json,models/node_strength180/candidates/0/fold_auc/0,0.8388888888888889
results/primary99/repeat3-fold5/audit.json,models/node_strength180/candidates/0/fold_auc/1,0.543956043956044
results/primary99/repeat3-fold5/audit.json,models/node_strength180/candidates/0/fold_auc/2,0.6785714285714285
results/primary99/repeat3-fold5/audit.json,models/node_strength180/candidates/1/mean_inner_auc,0.6710113960113961
results/primary99/repeat3-fold5/audit.json,models/node_strength180/candidates/1/fold_auc/0,0.7277777777777779
results/primary99/repeat3-fold5/audit.json,models/node_strength180/candidates/1/fold_auc/1,0.576923076923077
results/primary99/repeat3-fold5/audit.json,models/node_strength180/candidates/1/fold_auc/2,0.7083333333333333
results/primary99/repeat3-fold5/audit.json,models/node_strength180/candidates/2/mean_inner_auc,0.6629833129833129
results/primary99/repeat3-fold5/audit.json,models/node_strength180/candidates/2/fold_auc/0,0.6611111111111111
results/primary99/repeat3-fold5/audit.json,models/node_strength180/candidates/2/fold_auc/1,0.6373626373626373
results/primary99/repeat3-fold5/audit.json,models/node_strength180/candidates/2/fold_auc/2,0.6904761904761905
results/primary99/repeat3-fold5/audit.json,models/node_strength180/candidates/3/mean_inner_auc,0.6587098087098088
results/primary99/repeat3-fold5/audit.json,models/node_strength180/candidates/3/fold_auc/0,0.6611111111111111
results/primary99/repeat3-fold5/audit.json,models/node_strength180/candidates/3/fold_auc/1,0.6483516483516484
results/primary99/repeat3-fold5/audit.json,models/node_strength180/candidates/3/fold_auc/2,0.6666666666666667
results/primary99/repeat3-fold5/audit.json,models/node_strength180/chosen/mean_inner_auc,0.6871387871387871
results/primary99/repeat3-fold5/audit.json,models/node_strength180/chosen/fold_auc/0,0.8388888888888889
results/primary99/repeat3-fold5/audit.json,models/node_strength180/chosen/fold_auc/1,0.543956043956044
results/primary99/repeat3-fold5/audit.json,models/node_strength180/chosen/fold_auc/2,0.6785714285714285
results/primary99/repeat4-fold1/audit.json,models/lw_fc/candidates/0/mean_inner_auc,0.6950549450549451
results/primary99/repeat4-fold1/audit.json,models/lw_fc/candidates/0/fold_auc/0,0.6208791208791209
results/primary99/repeat4-fold1/audit.json,models/lw_fc/candidates/0/fold_auc/1,0.7202380952380952
results/primary99/repeat4-fold1/audit.json,models/lw_fc/candidates/0/fold_auc/2,0.7440476190476191
results/primary99/repeat4-fold1/audit.json,models/lw_fc/candidates/1/mean_inner_auc,0.6791819291819291
results/primary99/repeat4-fold1/audit.json,models/lw_fc/candidates/1/fold_auc/0,0.6208791208791209
results/primary99/repeat4-fold1/audit.json,models/lw_fc/candidates/1/fold_auc/1,0.7083333333333333
results/primary99/repeat4-fold1/audit.json,models/lw_fc/candidates/1/fold_auc/2,0.7083333333333334
results/primary99/repeat4-fold1/audit.json,models/lw_fc/candidates/2/mean_inner_auc,0.6675824175824175
results/primary99/repeat4-fold1/audit.json,models/lw_fc/candidates/2/fold_auc/0,0.6098901098901099
results/primary99/repeat4-fold1/audit.json,models/lw_fc/candidates/2/fold_auc/1,0.6964285714285714
results/primary99/repeat4-fold1/audit.json,models/lw_fc/candidates/2/fold_auc/2,0.6964285714285714
results/primary99/repeat4-fold1/audit.json,models/lw_fc/candidates/3/mean_inner_auc,0.6669719169719169
results/primary99/repeat4-fold1/audit.json,models/lw_fc/candidates/3/fold_auc/0,0.6318681318681318
results/primary99/repeat4-fold1/audit.json,models/lw_fc/candidates/3/fold_auc/1,0.6904761904761905
results/primary99/repeat4-fold1/audit.json,models/lw_fc/candidates/3/fold_auc/2,0.6785714285714286
results/primary99/repeat4-fold1/audit.json,models/lw_fc/chosen/mean_inner_auc,0.6950549450549451
results/primary99/repeat4-fold1/audit.json,models/lw_fc/chosen/fold_auc/0,0.6208791208791209
results/primary99/repeat4-fold1/audit.json,models/lw_fc/chosen/fold_auc/1,0.7202380952380952
results/primary99/repeat4-fold1/audit.json,models/lw_fc/chosen/fold_auc/2,0.7440476190476191
results/primary99/repeat4-fold1/audit.json,models/lw_tangent/candidates/0/mean_inner_auc,0.7461843711843712
results/primary99/repeat4-fold1/audit.json,models/lw_tangent/candidates/0/fold_auc/0,0.6373626373626373
results/primary99/repeat4-fold1/audit.json,models/lw_tangent/candidates/0/fold_auc/1,0.8095238095238095
results/primary99/repeat4-fold1/audit.json,models/lw_tangent/candidates/0/fold_auc/2,0.7916666666666666
results/primary99/repeat4-fold1/audit.json,models/lw_tangent/candidates/1/mean_inner_auc,0.737942612942613
results/primary99/repeat4-fold1/audit.json,models/lw_tangent/candidates/1/fold_auc/0,0.6483516483516484
results/primary99/repeat4-fold1/audit.json,models/lw_tangent/candidates/1/fold_auc/1,0.7976190476190477
results/primary99/repeat4-fold1/audit.json,models/lw_tangent/candidates/1/fold_auc/2,0.7678571428571428
results/primary99/repeat4-fold1/audit.json,models/lw_tangent/candidates/2/mean_inner_auc,0.735958485958486
results/primary99/repeat4-fold1/audit.json,models/lw_tangent/candidates/2/fold_auc/0,0.6483516483516484
results/primary99/repeat4-fold1/audit.json,models/lw_tangent/candidates/2/fold_auc/1,0.7916666666666666
results/primary99/repeat4-fold1/audit.json,models/lw_tangent/candidates/2/fold_auc/2,0.7678571428571428
results/primary99/repeat4-fold1/audit.json,models/lw_tangent/candidates/3/mean_inner_auc,0.735958485958486
results/primary99/repeat4-fold1/audit.json,models/lw_tangent/candidates/3/fold_auc/0,0.6483516483516484
results/primary99/repeat4-fold1/audit.json,models/lw_tangent/candidates/3/fold_auc/1,0.7916666666666666
results/primary99/repeat4-fold1/audit.json,models/lw_tangent/candidates/3/fold_auc/2,0.7678571428571428
results/primary99/repeat4-fold1/audit.json,models/lw_tangent/chosen/mean_inner_auc,0.7461843711843712
results/primary99/repeat4-fold1/audit.json,models/lw_tangent/chosen/fold_auc/0,0.6373626373626373
results/primary99/repeat4-fold1/audit.json,models/lw_tangent/chosen/fold_auc/1,0.8095238095238095
results/primary99/repeat4-fold1/audit.json,models/lw_tangent/chosen/fold_auc/2,0.7916666666666666
results/primary99/repeat4-fold1/audit.json,models/node_strength180/candidates/0/mean_inner_auc,0.6932234432234431
results/primary99/repeat4-fold1/audit.json,models/node_strength180/candidates/0/fold_auc/0,0.6153846153846154
results/primary99/repeat4-fold1/audit.json,models/node_strength180/candidates/0/fold_auc/1,0.6428571428571428
results/primary99/repeat4-fold1/audit.json,models/node_strength180/candidates/0/fold_auc/2,0.8214285714285714
results/primary99/repeat4-fold1/audit.json,models/node_strength180/candidates/1/mean_inner_auc,0.673076923076923
results/primary99/repeat4-fold1/audit.json,models/node_strength180/candidates/1/fold_auc/0,0.6263736263736264
results/primary99/repeat4-fold1/audit.json,models/node_strength180/candidates/1/fold_auc/1,0.6726190476190476
results/primary99/repeat4-fold1/audit.json,models/node_strength180/candidates/1/fold_auc/2,0.7202380952380952
results/primary99/repeat4-fold1/audit.json,models/node_strength180/candidates/2/mean_inner_auc,0.6428571428571429
results/primary99/repeat4-fold1/audit.json,models/node_strength180/candidates/2/fold_auc/0,0.6428571428571429
results/primary99/repeat4-fold1/audit.json,models/node_strength180/candidates/2/fold_auc/1,0.6785714285714286
results/primary99/repeat4-fold1/audit.json,models/node_strength180/candidates/2/fold_auc/2,0.6071428571428571
results/primary99/repeat4-fold1/audit.json,models/node_strength180/candidates/3/mean_inner_auc,0.6381257631257632
results/primary99/repeat4-fold1/audit.json,models/node_strength180/candidates/3/fold_auc/0,0.6703296703296704
results/primary99/repeat4-fold1/audit.json,models/node_strength180/candidates/3/fold_auc/1,0.6666666666666667
results/primary99/repeat4-fold1/audit.json,models/node_strength180/candidates/3/fold_auc/2,0.5773809523809523
results/primary99/repeat4-fold1/audit.json,models/node_strength180/chosen/mean_inner_auc,0.6932234432234431
results/primary99/repeat4-fold1/audit.json,models/node_strength180/chosen/fold_auc/0,0.6153846153846154
results/primary99/repeat4-fold1/audit.json,models/node_strength180/chosen/fold_auc/1,0.6428571428571428
results/primary99/repeat4-fold1/audit.json,models/node_strength180/chosen/fold_auc/2,0.8214285714285714
results/primary99/repeat4-fold2/audit.json,models/lw_fc/candidates/0/mean_inner_auc,0.6214896214896215
results/primary99/repeat4-fold2/audit.json,models/lw_fc/candidates/0/fold_auc/0,0.6263736263736264
results/primary99/repeat4-fold2/audit.json,models/lw_fc/candidates/0/fold_auc/1,0.47023809523809523
results/primary99/repeat4-fold2/audit.json,models/lw_fc/candidates/0/fold_auc/2,0.7678571428571428
results/primary99/repeat4-fold2/audit.json,models/lw_fc/candidates/1/mean_inner_auc,0.6036324786324786
results/primary99/repeat4-fold2/audit.json,models/lw_fc/candidates/1/fold_auc/0,0.6263736263736264
results/primary99/repeat4-fold2/audit.json,models/lw_fc/candidates/1/fold_auc/1,0.4523809523809524
results/primary99/repeat4-fold2/audit.json,models/lw_fc/candidates/1/fold_auc/2,0.7321428571428572
results/primary99/repeat4-fold2/audit.json,models/lw_fc/candidates/2/mean_inner_auc,0.6019536019536019
results/primary99/repeat4-fold2/audit.json,models/lw_fc/candidates/2/fold_auc/0,0.6153846153846154
results/primary99/repeat4-fold2/audit.json,models/lw_fc/candidates/2/fold_auc/1,0.46428571428571425
results/primary99/repeat4-fold2/audit.json,models/lw_fc/candidates/2/fold_auc/2,0.7261904761904762
results/primary99/repeat4-fold2/audit.json,models/lw_fc/candidates/3/mean_inner_auc,0.5866910866910867
results/primary99/repeat4-fold2/audit.json,models/lw_fc/candidates/3/fold_auc/0,0.5934065934065934
results/primary99/repeat4-fold2/audit.json,models/lw_fc/candidates/3/fold_auc/1,0.4642857142857143
results/primary99/repeat4-fold2/audit.json,models/lw_fc/candidates/3/fold_auc/2,0.7023809523809523
results/primary99/repeat4-fold2/audit.json,models/lw_fc/chosen/mean_inner_auc,0.6214896214896215
results/primary99/repeat4-fold2/audit.json,models/lw_fc/chosen/fold_auc/0,0.6263736263736264
results/primary99/repeat4-fold2/audit.json,models/lw_fc/chosen/fold_auc/1,0.47023809523809523
results/primary99/repeat4-fold2/audit.json,models/lw_fc/chosen/fold_auc/2,0.7678571428571428
results/primary99/repeat4-fold2/audit.json,models/lw_tangent/candidates/0/mean_inner_auc,0.6987179487179488
results/primary99/repeat4-fold2/audit.json,models/lw_tangent/candidates/0/fold_auc/0,0.8461538461538463
results/primary99/repeat4-fold2/audit.json,models/lw_tangent/candidates/0/fold_auc/1,0.4583333333333333
results/primary99/repeat4-fold2/audit.json,models/lw_tangent/candidates/0/fold_auc/2,0.7916666666666666
results/primary99/repeat4-fold2/audit.json,models/lw_tangent/candidates/1/mean_inner_auc,0.6933760683760685
results/primary99/repeat4-fold2/audit.json,models/lw_tangent/candidates/1/fold_auc/0,0.8241758241758242
results/primary99/repeat4-fold2/audit.json,models/lw_tangent/candidates/1/fold_auc/1,0.4642857142857143
results/primary99/repeat4-fold2/audit.json,models/lw_tangent/candidates/1/fold_auc/2,0.7916666666666666
results/primary99/repeat4-fold2/audit.json,models/lw_tangent/candidates/2/mean_inner_auc,0.6897130647130648
results/primary99/repeat4-fold2/audit.json,models/lw_tangent/candidates/2/fold_auc/0,0.8131868131868133
results/primary99/repeat4-fold2/audit.json,models/lw_tangent/candidates/2/fold_auc/1,0.4642857142857143
results/primary99/repeat4-fold2/audit.json,models/lw_tangent/candidates/2/fold_auc/2,0.7916666666666666
results/primary99/repeat4-fold2/audit.json,models/lw_tangent/candidates/3/mean_inner_auc,0.6915445665445666
results/primary99/repeat4-fold2/audit.json,models/lw_tangent/candidates/3/fold_auc/0,0.8186813186813188
results/primary99/repeat4-fold2/audit.json,models/lw_tangent/candidates/3/fold_auc/1,0.4642857142857143
results/primary99/repeat4-fold2/audit.json,models/lw_tangent/candidates/3/fold_auc/2,0.7916666666666666
results/primary99/repeat4-fold2/audit.json,models/lw_tangent/chosen/mean_inner_auc,0.6987179487179488
results/primary99/repeat4-fold2/audit.json,models/lw_tangent/chosen/fold_auc/0,0.8461538461538463
results/primary99/repeat4-fold2/audit.json,models/lw_tangent/chosen/fold_auc/1,0.4583333333333333
results/primary99/repeat4-fold2/audit.json,models/lw_tangent/chosen/fold_auc/2,0.7916666666666666
results/primary99/repeat4-fold2/audit.json,models/node_strength180/candidates/0/mean_inner_auc,0.6828449328449328
results/primary99/repeat4-fold2/audit.json,models/node_strength180/candidates/0/fold_auc/0,0.6318681318681318
results/primary99/repeat4-fold2/audit.json,models/node_strength180/candidates/0/fold_auc/1,0.5476190476190477
results/primary99/repeat4-fold2/audit.json,models/node_strength180/candidates/0/fold_auc/2,0.869047619047619
results/primary99/repeat4-fold2/audit.json,models/node_strength180/candidates/1/mean_inner_auc,0.6318681318681318
results/primary99/repeat4-fold2/audit.json,models/node_strength180/candidates/1/fold_auc/0,0.6098901098901099
results/primary99/repeat4-fold2/audit.json,models/node_strength180/candidates/1/fold_auc/1,0.5
results/primary99/repeat4-fold2/audit.json,models/node_strength180/candidates/1/fold_auc/2,0.7857142857142857
results/primary99/repeat4-fold2/audit.json,models/node_strength180/candidates/2/mean_inner_auc,0.6193528693528694
results/primary99/repeat4-fold2/audit.json,models/node_strength180/candidates/2/fold_auc/0,0.5604395604395604
results/primary99/repeat4-fold2/audit.json,models/node_strength180/candidates/2/fold_auc/1,0.5535714285714286
results/primary99/repeat4-fold2/audit.json,models/node_strength180/candidates/2/fold_auc/2,0.7440476190476191
results/primary99/repeat4-fold2/audit.json,models/node_strength180/candidates/3/mean_inner_auc,0.6294261294261294
results/primary99/repeat4-fold2/audit.json,models/node_strength180/candidates/3/fold_auc/0,0.554945054945055
results/primary99/repeat4-fold2/audit.json,models/node_strength180/candidates/3/fold_auc/1,0.5833333333333333
results/primary99/repeat4-fold2/audit.json,models/node_strength180/candidates/3/fold_auc/2,0.75
results/primary99/repeat4-fold2/audit.json,models/node_strength180/chosen/mean_inner_auc,0.6828449328449328
results/primary99/repeat4-fold2/audit.json,models/node_strength180/chosen/fold_auc/0,0.6318681318681318
results/primary99/repeat4-fold2/audit.json,models/node_strength180/chosen/fold_auc/1,0.5476190476190477
results/primary99/repeat4-fold2/audit.json,models/node_strength180/chosen/fold_auc/2,0.869047619047619
results/primary99/repeat4-fold3/audit.json,models/lw_fc/candidates/0/mean_inner_auc,0.721001221001221
results/primary99/repeat4-fold3/audit.json,models/lw_fc/candidates/0/fold_auc/0,0.7582417582417582
results/primary99/repeat4-fold3/audit.json,models/lw_fc/candidates/0/fold_auc/1,0.6845238095238095
results/primary99/repeat4-fold3/audit.json,models/lw_fc/candidates/0/fold_auc/2,0.7202380952380952
results/primary99/repeat4-fold3/audit.json,models/lw_fc/candidates/1/mean_inner_auc,0.7384004884004884
results/primary99/repeat4-fold3/audit.json,models/lw_fc/candidates/1/fold_auc/0,0.7747252747252747
results/primary99/repeat4-fold3/audit.json,models/lw_fc/candidates/1/fold_auc/1,0.6904761904761905
results/primary99/repeat4-fold3/audit.json,models/lw_fc/candidates/1/fold_auc/2,0.75
results/primary99/repeat4-fold3/audit.json,models/lw_fc/candidates/2/mean_inner_auc,0.7365689865689866
results/primary99/repeat4-fold3/audit.json,models/lw_fc/candidates/2/fold_auc/0,0.7692307692307693
results/primary99/repeat4-fold3/audit.json,models/lw_fc/candidates/2/fold_auc/1,0.6964285714285714
results/primary99/repeat4-fold3/audit.json,models/lw_fc/candidates/2/fold_auc/2,0.744047619047619
results/primary99/repeat4-fold3/audit.json,models/lw_fc/candidates/3/mean_inner_auc,0.7367216117216117
results/primary99/repeat4-fold3/audit.json,models/lw_fc/candidates/3/fold_auc/0,0.7637362637362637
results/primary99/repeat4-fold3/audit.json,models/lw_fc/candidates/3/fold_auc/1,0.7023809523809523
results/primary99/repeat4-fold3/audit.json,models/lw_fc/candidates/3/fold_auc/2,0.7440476190476191
results/primary99/repeat4-fold3/audit.json,models/lw_fc/chosen/mean_inner_auc,0.7384004884004884
results/primary99/repeat4-fold3/audit.json,models/lw_fc/chosen/fold_auc/0,0.7747252747252747
results/primary99/repeat4-fold3/audit.json,models/lw_fc/chosen/fold_auc/1,0.6904761904761905
results/primary99/repeat4-fold3/audit.json,models/lw_fc/chosen/fold_auc/2,0.75
results/primary99/repeat4-fold3/audit.json,models/lw_tangent/candidates/0/mean_inner_auc,0.769993894993895
results/primary99/repeat4-fold3/audit.json,models/lw_tangent/candidates/0/fold_auc/0,0.7802197802197802
results/primary99/repeat4-fold3/audit.json,models/lw_tangent/candidates/0/fold_auc/1,0.7142857142857143
results/primary99/repeat4-fold3/audit.json,models/lw_tangent/candidates/0/fold_auc/2,0.8154761904761905
results/primary99/repeat4-fold3/audit.json,models/lw_tangent/candidates/1/mean_inner_auc,0.7834249084249084
results/primary99/repeat4-fold3/audit.json,models/lw_tangent/candidates/1/fold_auc/0,0.7967032967032968
results/primary99/repeat4-fold3/audit.json,models/lw_tangent/candidates/1/fold_auc/1,0.7142857142857142
results/primary99/repeat4-fold3/audit.json,models/lw_tangent/candidates/1/fold_auc/2,0.8392857142857142
results/primary99/repeat4-fold3/audit.json,models/lw_tangent/candidates/2/mean_inner_auc,0.7873931623931624
results/primary99/repeat4-fold3/audit.json,models/lw_tangent/candidates/2/fold_auc/0,0.7967032967032968
results/primary99/repeat4-fold3/audit.json,models/lw_tangent/candidates/2/fold_auc/1,0.7202380952380951
results/primary99/repeat4-fold3/audit.json,models/lw_tangent/candidates/2/fold_auc/2,0.8452380952380951
results/primary99/repeat4-fold3/audit.json,models/lw_tangent/candidates/3/mean_inner_auc,0.7873931623931624
results/primary99/repeat4-fold3/audit.json,models/lw_tangent/candidates/3/fold_auc/0,0.7967032967032968
results/primary99/repeat4-fold3/audit.json,models/lw_tangent/candidates/3/fold_auc/1,0.7202380952380951
results/primary99/repeat4-fold3/audit.json,models/lw_tangent/candidates/3/fold_auc/2,0.8452380952380951
results/primary99/repeat4-fold3/audit.json,models/lw_tangent/chosen/mean_inner_auc,0.7873931623931624
results/primary99/repeat4-fold3/audit.json,models/lw_tangent/chosen/fold_auc/0,0.7967032967032968
results/primary99/repeat4-fold3/audit.json,models/lw_tangent/chosen/fold_auc/1,0.7202380952380951
results/primary99/repeat4-fold3/audit.json,models/lw_tangent/chosen/fold_auc/2,0.8452380952380951
results/primary99/repeat4-fold3/audit.json,models/node_strength180/candidates/0/mean_inner_auc,0.6597985347985348
results/primary99/repeat4-fold3/audit.json,models/node_strength180/candidates/0/fold_auc/0,0.6758241758241759
results/primary99/repeat4-fold3/audit.json,models/node_strength180/candidates/0/fold_auc/1,0.6190476190476191
results/primary99/repeat4-fold3/audit.json,models/node_strength180/candidates/0/fold_auc/2,0.6845238095238095
results/primary99/repeat4-fold3/audit.json,models/node_strength180/candidates/1/mean_inner_auc,0.6254578754578755
results/primary99/repeat4-fold3/audit.json,models/node_strength180/candidates/1/fold_auc/0,0.6978021978021979
results/primary99/repeat4-fold3/audit.json,models/node_strength180/candidates/1/fold_auc/1,0.5773809523809523
results/primary99/repeat4-fold3/audit.json,models/node_strength180/candidates/1/fold_auc/2,0.6011904761904762
results/primary99/repeat4-fold3/audit.json,models/node_strength180/candidates/2/mean_inner_auc,0.6378205128205129
results/primary99/repeat4-fold3/audit.json,models/node_strength180/candidates/2/fold_auc/0,0.7527472527472527
results/primary99/repeat4-fold3/audit.json,models/node_strength180/candidates/2/fold_auc/1,0.5595238095238095
results/primary99/repeat4-fold3/audit.json,models/node_strength180/candidates/2/fold_auc/2,0.6011904761904763
results/primary99/repeat4-fold3/audit.json,models/node_strength180/candidates/3/mean_inner_auc,0.6182844932844933
results/primary99/repeat4-fold3/audit.json,models/node_strength180/candidates/3/fold_auc/0,0.7417582417582418
results/primary99/repeat4-fold3/audit.json,models/node_strength180/candidates/3/fold_auc/1,0.5238095238095238
results/primary99/repeat4-fold3/audit.json,models/node_strength180/candidates/3/fold_auc/2,0.5892857142857143
results/primary99/repeat4-fold3/audit.json,models/node_strength180/chosen/mean_inner_auc,0.6597985347985348
results/primary99/repeat4-fold3/audit.json,models/node_strength180/chosen/fold_auc/0,0.6758241758241759
results/primary99/repeat4-fold3/audit.json,models/node_strength180/chosen/fold_auc/1,0.6190476190476191
results/primary99/repeat4-fold3/audit.json,models/node_strength180/chosen/fold_auc/2,0.6845238095238095
results/primary99/repeat4-fold4/audit.json,models/lw_fc/candidates/0/mean_inner_auc,0.5978835978835979
results/primary99/repeat4-fold4/audit.json,models/lw_fc/candidates/0/fold_auc/0,0.5555555555555556
results/primary99/repeat4-fold4/audit.json,models/lw_fc/candidates/0/fold_auc/1,0.6190476190476191
results/primary99/repeat4-fold4/audit.json,models/lw_fc/candidates/0/fold_auc/2,0.6190476190476191
results/primary99/repeat4-fold4/audit.json,models/lw_fc/candidates/1/mean_inner_auc,0.6092592592592593
results/primary99/repeat4-fold4/audit.json,models/lw_fc/candidates/1/fold_auc/0,0.5777777777777777
results/primary99/repeat4-fold4/audit.json,models/lw_fc/candidates/1/fold_auc/1,0.6011904761904763
results/primary99/repeat4-fold4/audit.json,models/lw_fc/candidates/1/fold_auc/2,0.6488095238095238
results/primary99/repeat4-fold4/audit.json,models/lw_fc/candidates/2/mean_inner_auc,0.6013227513227513
results/primary99/repeat4-fold4/audit.json,models/lw_fc/candidates/2/fold_auc/0,0.5777777777777777
results/primary99/repeat4-fold4/audit.json,models/lw_fc/candidates/2/fold_auc/1,0.5773809523809523
results/primary99/repeat4-fold4/audit.json,models/lw_fc/candidates/2/fold_auc/2,0.6488095238095238
results/primary99/repeat4-fold4/audit.json,models/lw_fc/candidates/3/mean_inner_auc,0.5955026455026454
results/primary99/repeat4-fold4/audit.json,models/lw_fc/candidates/3/fold_auc/0,0.5722222222222222
results/primary99/repeat4-fold4/audit.json,models/lw_fc/candidates/3/fold_auc/1,0.5595238095238095
results/primary99/repeat4-fold4/audit.json,models/lw_fc/candidates/3/fold_auc/2,0.6547619047619048
results/primary99/repeat4-fold4/audit.json,models/lw_fc/chosen/mean_inner_auc,0.6092592592592593
results/primary99/repeat4-fold4/audit.json,models/lw_fc/chosen/fold_auc/0,0.5777777777777777
results/primary99/repeat4-fold4/audit.json,models/lw_fc/chosen/fold_auc/1,0.6011904761904763
results/primary99/repeat4-fold4/audit.json,models/lw_fc/chosen/fold_auc/2,0.6488095238095238
results/primary99/repeat4-fold4/audit.json,models/lw_tangent/candidates/0/mean_inner_auc,0.7277777777777779
results/primary99/repeat4-fold4/audit.json,models/lw_tangent/candidates/0/fold_auc/0,0.6833333333333333
results/primary99/repeat4-fold4/audit.json,models/lw_tangent/candidates/0/fold_auc/1,0.75
results/primary99/repeat4-fold4/audit.json,models/lw_tangent/candidates/0/fold_auc/2,0.75
results/primary99/repeat4-fold4/audit.json,models/lw_tangent/candidates/1/mean_inner_auc,0.7334656084656084
results/primary99/repeat4-fold4/audit.json,models/lw_tangent/candidates/1/fold_auc/0,0.6944444444444444
results/primary99/repeat4-fold4/audit.json,models/lw_tangent/candidates/1/fold_auc/1,0.75
results/primary99/repeat4-fold4/audit.json,models/lw_tangent/candidates/1/fold_auc/2,0.7559523809523809
results/primary99/repeat4-fold4/audit.json,models/lw_tangent/candidates/2/mean_inner_auc,0.7432539682539682
results/primary99/repeat4-fold4/audit.json,models/lw_tangent/candidates/2/fold_auc/0,0.7
results/primary99/repeat4-fold4/audit.json,models/lw_tangent/candidates/2/fold_auc/1,0.7619047619047619
results/primary99/repeat4-fold4/audit.json,models/lw_tangent/candidates/2/fold_auc/2,0.7678571428571428
results/primary99/repeat4-fold4/audit.json,models/lw_tangent/candidates/3/mean_inner_auc,0.7452380952380953
results/primary99/repeat4-fold4/audit.json,models/lw_tangent/candidates/3/fold_auc/0,0.7
results/primary99/repeat4-fold4/audit.json,models/lw_tangent/candidates/3/fold_auc/1,0.7678571428571428
results/primary99/repeat4-fold4/audit.json,models/lw_tangent/candidates/3/fold_auc/2,0.7678571428571428
results/primary99/repeat4-fold4/audit.json,models/lw_tangent/chosen/mean_inner_auc,0.7452380952380953
results/primary99/repeat4-fold4/audit.json,models/lw_tangent/chosen/fold_auc/0,0.7
results/primary99/repeat4-fold4/audit.json,models/lw_tangent/chosen/fold_auc/1,0.7678571428571428
results/primary99/repeat4-fold4/audit.json,models/lw_tangent/chosen/fold_auc/2,0.7678571428571428
results/primary99/repeat4-fold4/audit.json,models/node_strength180/candidates/0/mean_inner_auc,0.6059523809523809
results/primary99/repeat4-fold4/audit.json,models/node_strength180/candidates/0/fold_auc/0,0.6333333333333333
results/primary99/repeat4-fold4/audit.json,models/node_strength180/candidates/0/fold_auc/1,0.6904761904761905
results/primary99/repeat4-fold4/audit.json,models/node_strength180/candidates/0/fold_auc/2,0.494047619047619
results/primary99/repeat4-fold4/audit.json,models/node_strength180/candidates/1/mean_inner_auc,0.5911375661375661
results/primary99/repeat4-fold4/audit.json,models/node_strength180/candidates/1/fold_auc/0,0.5888888888888888
results/primary99/repeat4-fold4/audit.json,models/node_strength180/candidates/1/fold_auc/1,0.6488095238095238
results/primary99/repeat4-fold4/audit.json,models/node_strength180/candidates/1/fold_auc/2,0.5357142857142857
results/primary99/repeat4-fold4/audit.json,models/node_strength180/candidates/2/mean_inner_auc,0.5944444444444444
results/primary99/repeat4-fold4/audit.json,models/node_strength180/candidates/2/fold_auc/0,0.5333333333333333
results/primary99/repeat4-fold4/audit.json,models/node_strength180/candidates/2/fold_auc/1,0.6607142857142857
results/primary99/repeat4-fold4/audit.json,models/node_strength180/candidates/2/fold_auc/2,0.5892857142857143
results/primary99/repeat4-fold4/audit.json,models/node_strength180/candidates/3/mean_inner_auc,0.587037037037037
results/primary99/repeat4-fold4/audit.json,models/node_strength180/candidates/3/fold_auc/0,0.5111111111111111
results/primary99/repeat4-fold4/audit.json,models/node_strength180/candidates/3/fold_auc/1,0.6071428571428572
results/primary99/repeat4-fold4/audit.json,models/node_strength180/candidates/3/fold_auc/2,0.6428571428571428
results/primary99/repeat4-fold4/audit.json,models/node_strength180/chosen/mean_inner_auc,0.6059523809523809
results/primary99/repeat4-fold4/audit.json,models/node_strength180/chosen/fold_auc/0,0.6333333333333333
results/primary99/repeat4-fold4/audit.json,models/node_strength180/chosen/fold_auc/1,0.6904761904761905
results/primary99/repeat4-fold4/audit.json,models/node_strength180/chosen/fold_auc/2,0.494047619047619
results/primary99/repeat4-fold5/audit.json,models/lw_fc/candidates/0/mean_inner_auc,0.6161477411477412
results/primary99/repeat4-fold5/audit.json,models/lw_fc/candidates/0/fold_auc/0,0.6666666666666667
results/primary99/repeat4-fold5/audit.json,models/lw_fc/candidates/0/fold_auc/1,0.39010989010989017
results/primary99/repeat4-fold5/audit.json,models/lw_fc/candidates/0/fold_auc/2,0.7916666666666666
results/primary99/repeat4-fold5/audit.json,models/lw_fc/candidates/1/mean_inner_auc,0.6292531542531543
results/primary99/repeat4-fold5/audit.json,models/lw_fc/candidates/1/fold_auc/0,0.6611111111111112
results/primary99/repeat4-fold5/audit.json,models/lw_fc/candidates/1/fold_auc/1,0.42307692307692313
results/primary99/repeat4-fold5/audit.json,models/lw_fc/candidates/1/fold_auc/2,0.8035714285714286
results/primary99/repeat4-fold5/audit.json,models/lw_fc/candidates/2/mean_inner_auc,0.632936507936508
results/primary99/repeat4-fold5/audit.json,models/lw_fc/candidates/2/fold_auc/0,0.6666666666666667
results/primary99/repeat4-fold5/audit.json,models/lw_fc/candidates/2/fold_auc/1,0.4285714285714286
results/primary99/repeat4-fold5/audit.json,models/lw_fc/candidates/2/fold_auc/2,0.8035714285714286
results/primary99/repeat4-fold5/audit.json,models/lw_fc/candidates/3/mean_inner_auc,0.6365995115995117
results/primary99/repeat4-fold5/audit.json,models/lw_fc/candidates/3/fold_auc/0,0.6666666666666667
results/primary99/repeat4-fold5/audit.json,models/lw_fc/candidates/3/fold_auc/1,0.43956043956043955
results/primary99/repeat4-fold5/audit.json,models/lw_fc/candidates/3/fold_auc/2,0.8035714285714286
results/primary99/repeat4-fold5/audit.json,models/lw_fc/chosen/mean_inner_auc,0.6365995115995117
results/primary99/repeat4-fold5/audit.json,models/lw_fc/chosen/fold_auc/0,0.6666666666666667
results/primary99/repeat4-fold5/audit.json,models/lw_fc/chosen/fold_auc/1,0.43956043956043955
results/primary99/repeat4-fold5/audit.json,models/lw_fc/chosen/fold_auc/2,0.8035714285714286
results/primary99/repeat4-fold5/audit.json,models/lw_tangent/candidates/0/mean_inner_auc,0.7515771265771266
results/primary99/repeat4-fold5/audit.json,models/lw_tangent/candidates/0/fold_auc/0,0.8055555555555556
results/primary99/repeat4-fold5/audit.json,models/lw_tangent/candidates/0/fold_auc/1,0.6098901098901099
results/primary99/repeat4-fold5/audit.json,models/lw_tangent/candidates/0/fold_auc/2,0.8392857142857143
results/primary99/repeat4-fold5/audit.json,models/lw_tangent/candidates/1/mean_inner_auc,0.7569597069597069
results/primary99/repeat4-fold5/audit.json,models/lw_tangent/candidates/1/fold_auc/0,0.8166666666666668
results/primary99/repeat4-fold5/audit.json,models/lw_tangent/candidates/1/fold_auc/1,0.6208791208791209
results/primary99/repeat4-fold5/audit.json,models/lw_tangent/candidates/1/fold_auc/2,0.8333333333333333
results/primary99/repeat4-fold5/audit.json,models/lw_tangent/candidates/2/mean_inner_auc,0.7626271876271877
results/primary99/repeat4-fold5/audit.json,models/lw_tangent/candidates/2/fold_auc/0,0.8222222222222223
results/primary99/repeat4-fold5/audit.json,models/lw_tangent/candidates/2/fold_auc/1,0.6263736263736264
results/primary99/repeat4-fold5/audit.json,models/lw_tangent/candidates/2/fold_auc/2,0.8392857142857143
results/primary99/repeat4-fold5/audit.json,models/lw_tangent/candidates/3/mean_inner_auc,0.7626271876271877
results/primary99/repeat4-fold5/audit.json,models/lw_tangent/candidates/3/fold_auc/0,0.8222222222222223
results/primary99/repeat4-fold5/audit.json,models/lw_tangent/candidates/3/fold_auc/1,0.6263736263736264
results/primary99/repeat4-fold5/audit.json,models/lw_tangent/candidates/3/fold_auc/2,0.8392857142857143
results/primary99/repeat4-fold5/audit.json,models/lw_tangent/chosen/mean_inner_auc,0.7626271876271877
results/primary99/repeat4-fold5/audit.json,models/lw_tangent/chosen/fold_auc/0,0.8222222222222223
results/primary99/repeat4-fold5/audit.json,models/lw_tangent/chosen/fold_auc/1,0.6263736263736264
results/primary99/repeat4-fold5/audit.json,models/lw_tangent/chosen/fold_auc/2,0.8392857142857143
results/primary99/repeat4-fold5/audit.json,models/node_strength180/candidates/0/mean_inner_auc,0.5763736263736264
results/primary99/repeat4-fold5/audit.json,models/node_strength180/candidates/0/fold_auc/0,0.6833333333333333
results/primary99/repeat4-fold5/audit.json,models/node_strength180/candidates/0/fold_auc/1,0.37912087912087916
results/primary99/repeat4-fold5/audit.json,models/node_strength180/candidates/0/fold_auc/2,0.6666666666666666
results/primary99/repeat4-fold5/audit.json,models/node_strength180/candidates/1/mean_inner_auc,0.6357346357346357
results/primary99/repeat4-fold5/audit.json,models/node_strength180/candidates/1/fold_auc/0,0.7222222222222223
results/primary99/repeat4-fold5/audit.json,models/node_strength180/candidates/1/fold_auc/1,0.42307692307692313
results/primary99/repeat4-fold5/audit.json,models/node_strength180/candidates/1/fold_auc/2,0.7619047619047619
results/primary99/repeat4-fold5/audit.json,models/node_strength180/candidates/2/mean_inner_auc,0.6277269027269028
results/primary99/repeat4-fold5/audit.json,models/node_strength180/candidates/2/fold_auc/0,0.7444444444444445
results/primary99/repeat4-fold5/audit.json,models/node_strength180/candidates/2/fold_auc/1,0.40659340659340665
results/primary99/repeat4-fold5/audit.json,models/node_strength180/candidates/2/fold_auc/2,0.7321428571428572
results/primary99/repeat4-fold5/audit.json,models/node_strength180/candidates/3/mean_inner_auc,0.6328551078551078
results/primary99/repeat4-fold5/audit.json,models/node_strength180/candidates/3/fold_auc/0,0.7277777777777777
results/primary99/repeat4-fold5/audit.json,models/node_strength180/candidates/3/fold_auc/1,0.4505494505494506
results/primary99/repeat4-fold5/audit.json,models/node_strength180/candidates/3/fold_auc/2,0.7202380952380952
results/primary99/repeat4-fold5/audit.json,models/node_strength180/chosen/mean_inner_auc,0.6357346357346357
results/primary99/repeat4-fold5/audit.json,models/node_strength180/chosen/fold_auc/0,0.7222222222222223
results/primary99/repeat4-fold5/audit.json,models/node_strength180/chosen/fold_auc/1,0.42307692307692313
results/primary99/repeat4-fold5/audit.json,models/node_strength180/chosen/fold_auc/2,0.7619047619047619
results/primary99/repeat5-fold1/audit.json,models/lw_fc/candidates/0/mean_inner_auc,0.6988705738705739
results/primary99/repeat5-fold1/audit.json,models/lw_fc/candidates/0/fold_auc/0,0.6263736263736264
results/primary99/repeat5-fold1/audit.json,models/lw_fc/candidates/0/fold_auc/1,0.7678571428571429
results/primary99/repeat5-fold1/audit.json,models/lw_fc/candidates/0/fold_auc/2,0.7023809523809524
results/primary99/repeat5-fold1/audit.json,models/lw_fc/candidates/1/mean_inner_auc,0.6851343101343103
results/primary99/repeat5-fold1/audit.json,models/lw_fc/candidates/1/fold_auc/0,0.6208791208791209
results/primary99/repeat5-fold1/audit.json,models/lw_fc/candidates/1/fold_auc/1,0.7440476190476191
results/primary99/repeat5-fold1/audit.json,models/lw_fc/candidates/1/fold_auc/2,0.6904761904761905
results/primary99/repeat5-fold1/audit.json,models/lw_fc/candidates/2/mean_inner_auc,0.6775030525030526
results/primary99/repeat5-fold1/audit.json,models/lw_fc/candidates/2/fold_auc/0,0.6098901098901099
results/primary99/repeat5-fold1/audit.json,models/lw_fc/candidates/2/fold_auc/1,0.7261904761904762
results/primary99/repeat5-fold1/audit.json,models/lw_fc/candidates/2/fold_auc/2,0.6964285714285714
results/primary99/repeat5-fold1/audit.json,models/lw_fc/candidates/3/mean_inner_auc,0.6793345543345545
results/primary99/repeat5-fold1/audit.json,models/lw_fc/candidates/3/fold_auc/0,0.6153846153846154
results/primary99/repeat5-fold1/audit.json,models/lw_fc/candidates/3/fold_auc/1,0.7261904761904762
results/primary99/repeat5-fold1/audit.json,models/lw_fc/candidates/3/fold_auc/2,0.6964285714285714
results/primary99/repeat5-fold1/audit.json,models/lw_fc/chosen/mean_inner_auc,0.6988705738705739
results/primary99/repeat5-fold1/audit.json,models/lw_fc/chosen/fold_auc/0,0.6263736263736264
results/primary99/repeat5-fold1/audit.json,models/lw_fc/chosen/fold_auc/1,0.7678571428571429
results/primary99/repeat5-fold1/audit.json,models/lw_fc/chosen/fold_auc/2,0.7023809523809524
results/primary99/repeat5-fold1/audit.json,models/lw_tangent/candidates/0/mean_inner_auc,0.7356532356532357
results/primary99/repeat5-fold1/audit.json,models/lw_tangent/candidates/0/fold_auc/0,0.6593406593406593
results/primary99/repeat5-fold1/audit.json,models/lw_tangent/candidates/0/fold_auc/1,0.7976190476190477
results/primary99/repeat5-fold1/audit.json,models/lw_tangent/candidates/0/fold_auc/2,0.75
results/primary99/repeat5-fold1/audit.json,models/lw_tangent/candidates/1/mean_inner_auc,0.7374847374847375
results/primary99/repeat5-fold1/audit.json,models/lw_tangent/candidates/1/fold_auc/0,0.6648351648351649
results/primary99/repeat5-fold1/audit.json,models/lw_tangent/candidates/1/fold_auc/1,0.7976190476190477
results/primary99/repeat5-fold1/audit.json,models/lw_tangent/candidates/1/fold_auc/2,0.75
results/primary99/repeat5-fold1/audit.json,models/lw_tangent/candidates/2/mean_inner_auc,0.7333638583638584
results/primary99/repeat5-fold1/audit.json,models/lw_tangent/candidates/2/fold_auc/0,0.6703296703296704
results/primary99/repeat5-fold1/audit.json,models/lw_tangent/candidates/2/fold_auc/1,0.7857142857142857
results/primary99/repeat5-fold1/audit.json,models/lw_tangent/candidates/2/fold_auc/2,0.7440476190476191
results/primary99/repeat5-fold1/audit.json,models/lw_tangent/candidates/3/mean_inner_auc,0.7332112332112333
results/primary99/repeat5-fold1/audit.json,models/lw_tangent/candidates/3/fold_auc/0,0.6758241758241759
results/primary99/repeat5-fold1/audit.json,models/lw_tangent/candidates/3/fold_auc/1,0.7857142857142857
results/primary99/repeat5-fold1/audit.json,models/lw_tangent/candidates/3/fold_auc/2,0.738095238095238
results/primary99/repeat5-fold1/audit.json,models/lw_tangent/chosen/mean_inner_auc,0.7374847374847375
results/primary99/repeat5-fold1/audit.json,models/lw_tangent/chosen/fold_auc/0,0.6648351648351649
results/primary99/repeat5-fold1/audit.json,models/lw_tangent/chosen/fold_auc/1,0.7976190476190477
results/primary99/repeat5-fold1/audit.json,models/lw_tangent/chosen/fold_auc/2,0.75
results/primary99/repeat5-fold1/audit.json,models/node_strength180/candidates/0/mean_inner_auc,0.6842185592185593
results/primary99/repeat5-fold1/audit.json,models/node_strength180/candidates/0/fold_auc/0,0.6538461538461539
results/primary99/repeat5-fold1/audit.json,models/node_strength180/candidates/0/fold_auc/1,0.6904761904761905
results/primary99/repeat5-fold1/audit.json,models/node_strength180/candidates/0/fold_auc/2,0.7083333333333334
results/primary99/repeat5-fold1/audit.json,models/node_strength180/candidates/1/mean_inner_auc,0.6897130647130648
results/primary99/repeat5-fold1/audit.json,models/node_strength180/candidates/1/fold_auc/0,0.5989010989010989
results/primary99/repeat5-fold1/audit.json,models/node_strength180/candidates/1/fold_auc/1,0.7083333333333334
results/primary99/repeat5-fold1/audit.json,models/node_strength180/candidates/1/fold_auc/2,0.761904761904762
results/primary99/repeat5-fold1/audit.json,models/node_strength180/candidates/2/mean_inner_auc,0.6866605616605616
results/primary99/repeat5-fold1/audit.json,models/node_strength180/candidates/2/fold_auc/0,0.5659340659340659
results/primary99/repeat5-fold1/audit.json,models/node_strength180/candidates/2/fold_auc/1,0.7202380952380952
results/primary99/repeat5-fold1/audit.json,models/node_strength180/candidates/2/fold_auc/2,0.7738095238095238
results/primary99/repeat5-fold1/audit.json,models/node_strength180/candidates/3/mean_inner_auc,0.6811660561660561
results/primary99/repeat5-fold1/audit.json,models/node_strength180/candidates/3/fold_auc/0,0.5494505494505495
results/primary99/repeat5-fold1/audit.json,models/node_strength180/candidates/3/fold_auc/1,0.7261904761904762
results/primary99/repeat5-fold1/audit.json,models/node_strength180/candidates/3/fold_auc/2,0.7678571428571429
results/primary99/repeat5-fold1/audit.json,models/node_strength180/chosen/mean_inner_auc,0.6897130647130648
results/primary99/repeat5-fold1/audit.json,models/node_strength180/chosen/fold_auc/0,0.5989010989010989
results/primary99/repeat5-fold1/audit.json,models/node_strength180/chosen/fold_auc/1,0.7083333333333334
results/primary99/repeat5-fold1/audit.json,models/node_strength180/chosen/fold_auc/2,0.761904761904762
results/primary99/repeat5-fold2/audit.json,models/lw_fc/candidates/0/mean_inner_auc,0.5413614163614163
results/primary99/repeat5-fold2/audit.json,models/lw_fc/candidates/0/fold_auc/0,0.7252747252747253
results/primary99/repeat5-fold2/audit.json,models/lw_fc/candidates/0/fold_auc/1,0.5892857142857143
results/primary99/repeat5-fold2/audit.json,models/lw_fc/candidates/0/fold_auc/2,0.30952380952380953
results/primary99/repeat5-fold2/audit.json,models/lw_fc/candidates/1/mean_inner_auc,0.5181623931623931
results/primary99/repeat5-fold2/audit.json,models/lw_fc/candidates/1/fold_auc/0,0.7032967032967032
results/primary99/repeat5-fold2/audit.json,models/lw_fc/candidates/1/fold_auc/1,0.5654761904761905
results/primary99/repeat5-fold2/audit.json,models/lw_fc/candidates/1/fold_auc/2,0.2857142857142857
results/primary99/repeat5-fold2/audit.json,models/lw_fc/candidates/2/mean_inner_auc,0.5126678876678877
results/primary99/repeat5-fold2/audit.json,models/lw_fc/candidates/2/fold_auc/0,0.6868131868131868
results/primary99/repeat5-fold2/audit.json,models/lw_fc/candidates/2/fold_auc/1,0.5595238095238095
results/primary99/repeat5-fold2/audit.json,models/lw_fc/candidates/2/fold_auc/2,0.2916666666666667
results/primary99/repeat5-fold2/audit.json,models/lw_fc/candidates/3/mean_inner_auc,0.5028998778998779
results/primary99/repeat5-fold2/audit.json,models/lw_fc/candidates/3/fold_auc/0,0.6813186813186813
results/primary99/repeat5-fold2/audit.json,models/lw_fc/candidates/3/fold_auc/1,0.5476190476190477
results/primary99/repeat5-fold2/audit.json,models/lw_fc/candidates/3/fold_auc/2,0.27976190476190477
results/primary99/repeat5-fold2/audit.json,models/lw_fc/chosen/mean_inner_auc,0.5413614163614163
results/primary99/repeat5-fold2/audit.json,models/lw_fc/chosen/fold_auc/0,0.7252747252747253
results/primary99/repeat5-fold2/audit.json,models/lw_fc/chosen/fold_auc/1,0.5892857142857143
results/primary99/repeat5-fold2/audit.json,models/lw_fc/chosen/fold_auc/2,0.30952380952380953
results/primary99/repeat5-fold2/audit.json,models/lw_tangent/candidates/0/mean_inner_auc,0.7329059829059829
results/primary99/repeat5-fold2/audit.json,models/lw_tangent/candidates/0/fold_auc/0,0.8296703296703297
results/primary99/repeat5-fold2/audit.json,models/lw_tangent/candidates/0/fold_auc/1,0.8273809523809523
results/primary99/repeat5-fold2/audit.json,models/lw_tangent/candidates/0/fold_auc/2,0.5416666666666666
results/primary99/repeat5-fold2/audit.json,models/lw_tangent/candidates/1/mean_inner_auc,0.7426739926739927
results/primary99/repeat5-fold2/audit.json,models/lw_tangent/candidates/1/fold_auc/0,0.8351648351648352
results/primary99/repeat5-fold2/audit.json,models/lw_tangent/candidates/1/fold_auc/1,0.8333333333333334
results/primary99/repeat5-fold2/audit.json,models/lw_tangent/candidates/1/fold_auc/2,0.5595238095238095
results/primary99/repeat5-fold2/audit.json,models/lw_tangent/candidates/2/mean_inner_auc,0.7464896214896215
results/primary99/repeat5-fold2/audit.json,models/lw_tangent/candidates/2/fold_auc/0,0.8406593406593407
results/primary99/repeat5-fold2/audit.json,models/lw_tangent/candidates/2/fold_auc/1,0.8333333333333334
results/primary99/repeat5-fold2/audit.json,models/lw_tangent/candidates/2/fold_auc/2,0.5654761904761905
results/primary99/repeat5-fold2/audit.json,models/lw_tangent/candidates/3/mean_inner_auc,0.7484737484737485
results/primary99/repeat5-fold2/audit.json,models/lw_tangent/candidates/3/fold_auc/0,0.8406593406593407
results/primary99/repeat5-fold2/audit.json,models/lw_tangent/candidates/3/fold_auc/1,0.8333333333333334
results/primary99/repeat5-fold2/audit.json,models/lw_tangent/candidates/3/fold_auc/2,0.5714285714285714
results/primary99/repeat5-fold2/audit.json,models/lw_tangent/chosen/mean_inner_auc,0.7484737484737485
results/primary99/repeat5-fold2/audit.json,models/lw_tangent/chosen/fold_auc/0,0.8406593406593407
results/primary99/repeat5-fold2/audit.json,models/lw_tangent/chosen/fold_auc/1,0.8333333333333334
results/primary99/repeat5-fold2/audit.json,models/lw_tangent/chosen/fold_auc/2,0.5714285714285714
results/primary99/repeat5-fold2/audit.json,models/node_strength180/candidates/0/mean_inner_auc,0.5847069597069597
results/primary99/repeat5-fold2/audit.json,models/node_strength180/candidates/0/fold_auc/0,0.6648351648351649
results/primary99/repeat5-fold2/audit.json,models/node_strength180/candidates/0/fold_auc/1,0.625
results/primary99/repeat5-fold2/audit.json,models/node_strength180/candidates/0/fold_auc/2,0.4642857142857143
results/primary99/repeat5-fold2/audit.json,models/node_strength180/candidates/1/mean_inner_auc,0.5702075702075703
results/primary99/repeat5-fold2/audit.json,models/node_strength180/candidates/1/fold_auc/0,0.6868131868131868
results/primary99/repeat5-fold2/audit.json,models/node_strength180/candidates/1/fold_auc/1,0.6130952380952381
results/primary99/repeat5-fold2/audit.json,models/node_strength180/candidates/1/fold_auc/2,0.4107142857142857
results/primary99/repeat5-fold2/audit.json,models/node_strength180/candidates/2/mean_inner_auc,0.5801282051282052
results/primary99/repeat5-fold2/audit.json,models/node_strength180/candidates/2/fold_auc/0,0.6868131868131868
results/primary99/repeat5-fold2/audit.json,models/node_strength180/candidates/2/fold_auc/1,0.6190476190476191
results/primary99/repeat5-fold2/audit.json,models/node_strength180/candidates/2/fold_auc/2,0.43452380952380953
results/primary99/repeat5-fold2/audit.json,models/node_strength180/candidates/3/mean_inner_auc,0.5958485958485958
results/primary99/repeat5-fold2/audit.json,models/node_strength180/candidates/3/fold_auc/0,0.6923076923076923
results/primary99/repeat5-fold2/audit.json,models/node_strength180/candidates/3/fold_auc/1,0.6190476190476191
results/primary99/repeat5-fold2/audit.json,models/node_strength180/candidates/3/fold_auc/2,0.47619047619047616
results/primary99/repeat5-fold2/audit.json,models/node_strength180/chosen/mean_inner_auc,0.5958485958485958
results/primary99/repeat5-fold2/audit.json,models/node_strength180/chosen/fold_auc/0,0.6923076923076923
results/primary99/repeat5-fold2/audit.json,models/node_strength180/chosen/fold_auc/1,0.6190476190476191
results/primary99/repeat5-fold2/audit.json,models/node_strength180/chosen/fold_auc/2,0.47619047619047616
results/primary99/repeat5-fold3/audit.json,models/lw_fc/candidates/0/mean_inner_auc,0.7452686202686203
results/primary99/repeat5-fold3/audit.json,models/lw_fc/candidates/0/fold_auc/0,0.7417582417582418
results/primary99/repeat5-fold3/audit.json,models/lw_fc/candidates/0/fold_auc/1,0.6488095238095238
results/primary99/repeat5-fold3/audit.json,models/lw_fc/candidates/0/fold_auc/2,0.8452380952380952
results/primary99/repeat5-fold3/audit.json,models/lw_fc/candidates/1/mean_inner_auc,0.7486263736263735
results/primary99/repeat5-fold3/audit.json,models/lw_fc/candidates/1/fold_auc/0,0.7637362637362637
results/primary99/repeat5-fold3/audit.json,models/lw_fc/candidates/1/fold_auc/1,0.6726190476190476
results/primary99/repeat5-fold3/audit.json,models/lw_fc/candidates/1/fold_auc/2,0.8095238095238095
results/primary99/repeat5-fold3/audit.json,models/lw_fc/candidates/2/mean_inner_auc,0.7451159951159951
results/primary99/repeat5-fold3/audit.json,models/lw_fc/candidates/2/fold_auc/0,0.7472527472527473
results/primary99/repeat5-fold3/audit.json,models/lw_fc/candidates/2/fold_auc/1,0.6904761904761905
results/primary99/repeat5-fold3/audit.json,models/lw_fc/candidates/2/fold_auc/2,0.7976190476190477
results/primary99/repeat5-fold3/audit.json,models/lw_fc/candidates/3/mean_inner_auc,0.7350427350427351
results/primary99/repeat5-fold3/audit.json,models/lw_fc/candidates/3/fold_auc/0,0.7527472527472527
results/primary99/repeat5-fold3/audit.json,models/lw_fc/candidates/3/fold_auc/1,0.6726190476190477
results/primary99/repeat5-fold3/audit.json,models/lw_fc/candidates/3/fold_auc/2,0.7797619047619048
results/primary99/repeat5-fold3/audit.json,models/lw_fc/chosen/mean_inner_auc,0.7486263736263735
results/primary99/repeat5-fold3/audit.json,models/lw_fc/chosen/fold_auc/0,0.7637362637362637
results/primary99/repeat5-fold3/audit.json,models/lw_fc/chosen/fold_auc/1,0.6726190476190476
results/primary99/repeat5-fold3/audit.json,models/lw_fc/chosen/fold_auc/2,0.8095238095238095
results/primary99/repeat5-fold3/audit.json,models/lw_tangent/candidates/0/mean_inner_auc,0.7916666666666666
results/primary99/repeat5-fold3/audit.json,models/lw_tangent/candidates/0/fold_auc/0,0.7857142857142857
results/primary99/repeat5-fold3/audit.json,models/lw_tangent/candidates/0/fold_auc/1,0.738095238095238
results/primary99/repeat5-fold3/audit.json,models/lw_tangent/candidates/0/fold_auc/2,0.8511904761904762
results/primary99/repeat5-fold3/audit.json,models/lw_tangent/candidates/1/mean_inner_auc,0.7933455433455432
results/primary99/repeat5-fold3/audit.json,models/lw_tangent/candidates/1/fold_auc/0,0.7967032967032968
results/primary99/repeat5-fold3/audit.json,models/lw_tangent/candidates/1/fold_auc/1,0.744047619047619
results/primary99/repeat5-fold3/audit.json,models/lw_tangent/candidates/1/fold_auc/2,0.8392857142857142
results/primary99/repeat5-fold3/audit.json,models/lw_tangent/candidates/2/mean_inner_auc,0.7934981684981685
results/primary99/repeat5-fold3/audit.json,models/lw_tangent/candidates/2/fold_auc/0,0.7912087912087913
results/primary99/repeat5-fold3/audit.json,models/lw_tangent/candidates/2/fold_auc/1,0.744047619047619
results/primary99/repeat5-fold3/audit.json,models/lw_tangent/candidates/2/fold_auc/2,0.8452380952380951
results/primary99/repeat5-fold3/audit.json,models/lw_tangent/candidates/3/mean_inner_auc,0.7934981684981685
results/primary99/repeat5-fold3/audit.json,models/lw_tangent/candidates/3/fold_auc/0,0.7912087912087913
results/primary99/repeat5-fold3/audit.json,models/lw_tangent/candidates/3/fold_auc/1,0.744047619047619
results/primary99/repeat5-fold3/audit.json,models/lw_tangent/candidates/3/fold_auc/2,0.8452380952380951
results/primary99/repeat5-fold3/audit.json,models/lw_tangent/chosen/mean_inner_auc,0.7934981684981685
results/primary99/repeat5-fold3/audit.json,models/lw_tangent/chosen/fold_auc/0,0.7912087912087913
results/primary99/repeat5-fold3/audit.json,models/lw_tangent/chosen/fold_auc/1,0.744047619047619
results/primary99/repeat5-fold3/audit.json,models/lw_tangent/chosen/fold_auc/2,0.8452380952380951
results/primary99/repeat5-fold3/audit.json,models/node_strength180/candidates/0/mean_inner_auc,0.6947496947496946
results/primary99/repeat5-fold3/audit.json,models/node_strength180/candidates/0/fold_auc/0,0.6318681318681318
results/primary99/repeat5-fold3/audit.json,models/node_strength180/candidates/0/fold_auc/1,0.5476190476190476
results/primary99/repeat5-fold3/audit.json,models/node_strength180/candidates/0/fold_auc/2,0.9047619047619048
results/primary99/repeat5-fold3/audit.json,models/node_strength180/candidates/1/mean_inner_auc,0.6588827838827838
results/primary99/repeat5-fold3/audit.json,models/node_strength180/candidates/1/fold_auc/0,0.6373626373626373
results/primary99/repeat5-fold3/audit.json,models/node_strength180/candidates/1/fold_auc/1,0.5357142857142857
results/primary99/repeat5-fold3/audit.json,models/node_strength180/candidates/1/fold_auc/2,0.8035714285714285
results/primary99/repeat5-fold3/audit.json,models/node_strength180/candidates/2/mean_inner_auc,0.6485042735042735
results/primary99/repeat5-fold3/audit.json,models/node_strength180/candidates/2/fold_auc/0,0.6538461538461539
results/primary99/repeat5-fold3/audit.json,models/node_strength180/candidates/2/fold_auc/1,0.5297619047619048
results/primary99/repeat5-fold3/audit.json,models/node_strength180/candidates/2/fold_auc/2,0.7619047619047619
results/primary99/repeat5-fold3/audit.json,models/node_strength180/candidates/3/mean_inner_auc,0.637973137973138
results/primary99/repeat5-fold3/audit.json,models/node_strength180/candidates/3/fold_auc/0,0.6758241758241759
results/primary99/repeat5-fold3/audit.json,models/node_strength180/candidates/3/fold_auc/1,0.5
results/primary99/repeat5-fold3/audit.json,models/node_strength180/candidates/3/fold_auc/2,0.7380952380952381
results/primary99/repeat5-fold3/audit.json,models/node_strength180/chosen/mean_inner_auc,0.6947496947496946
results/primary99/repeat5-fold3/audit.json,models/node_strength180/chosen/fold_auc/0,0.6318681318681318
results/primary99/repeat5-fold3/audit.json,models/node_strength180/chosen/fold_auc/1,0.5476190476190476
results/primary99/repeat5-fold3/audit.json,models/node_strength180/chosen/fold_auc/2,0.9047619047619048
results/primary99/repeat5-fold4/audit.json,models/lw_fc/candidates/0/mean_inner_auc,0.6285714285714286
results/primary99/repeat5-fold4/audit.json,models/lw_fc/candidates/0/fold_auc/0,0.7666666666666666
results/primary99/repeat5-fold4/audit.json,models/lw_fc/candidates/0/fold_auc/1,0.5
results/primary99/repeat5-fold4/audit.json,models/lw_fc/candidates/0/fold_auc/2,0.6190476190476191
results/primary99/repeat5-fold4/audit.json,models/lw_fc/candidates/1/mean_inner_auc,0.6136243386243386
results/primary99/repeat5-fold4/audit.json,models/lw_fc/candidates/1/fold_auc/0,0.7277777777777777
results/primary99/repeat5-fold4/audit.json,models/lw_fc/candidates/1/fold_auc/1,0.47619047619047616
results/primary99/repeat5-fold4/audit.json,models/lw_fc/candidates/1/fold_auc/2,0.6369047619047619
results/primary99/repeat5-fold4/audit.json,models/lw_fc/candidates/2/mean_inner_auc,0.6062169312169311
results/primary99/repeat5-fold4/audit.json,models/lw_fc/candidates/2/fold_auc/0,0.7055555555555555
results/primary99/repeat5-fold4/audit.json,models/lw_fc/candidates/2/fold_auc/1,0.47619047619047616
results/primary99/repeat5-fold4/audit.json,models/lw_fc/candidates/2/fold_auc/2,0.6369047619047619
results/primary99/repeat5-fold4/audit.json,models/lw_fc/candidates/3/mean_inner_auc,0.6023809523809524
results/primary99/repeat5-fold4/audit.json,models/lw_fc/candidates/3/fold_auc/0,0.7
results/primary99/repeat5-fold4/audit.json,models/lw_fc/candidates/3/fold_auc/1,0.47023809523809523
results/primary99/repeat5-fold4/audit.json,models/lw_fc/candidates/3/fold_auc/2,0.6369047619047619
results/primary99/repeat5-fold4/audit.json,models/lw_fc/chosen/mean_inner_auc,0.6285714285714286
results/primary99/repeat5-fold4/audit.json,models/lw_fc/chosen/fold_auc/0,0.7666666666666666
results/primary99/repeat5-fold4/audit.json,models/lw_fc/chosen/fold_auc/1,0.5
results/primary99/repeat5-fold4/audit.json,models/lw_fc/chosen/fold_auc/2,0.6190476190476191
results/primary99/repeat5-fold4/audit.json,models/lw_tangent/candidates/0/mean_inner_auc,0.7205026455026454
results/primary99/repeat5-fold4/audit.json,models/lw_tangent/candidates/0/fold_auc/0,0.9055555555555557
results/primary99/repeat5-fold4/audit.json,models/lw_tangent/candidates/0/fold_auc/1,0.5535714285714286
results/primary99/repeat5-fold4/audit.json,models/lw_tangent/candidates/0/fold_auc/2,0.7023809523809523
results/primary99/repeat5-fold4/audit.json,models/lw_tangent/candidates/1/mean_inner_auc,0.7183862433862434
results/primary99/repeat5-fold4/audit.json,models/lw_tangent/candidates/1/fold_auc/0,0.9111111111111112
results/primary99/repeat5-fold4/audit.json,models/lw_tangent/candidates/1/fold_auc/1,0.5416666666666666
results/primary99/repeat5-fold4/audit.json,models/lw_tangent/candidates/1/fold_auc/2,0.7023809523809523
results/primary99/repeat5-fold4/audit.json,models/lw_tangent/candidates/2/mean_inner_auc,0.7145502645502647
results/primary99/repeat5-fold4/audit.json,models/lw_tangent/candidates/2/fold_auc/0,0.9055555555555557
results/primary99/repeat5-fold4/audit.json,models/lw_tangent/candidates/2/fold_auc/1,0.5357142857142857
results/primary99/repeat5-fold4/audit.json,models/lw_tangent/candidates/2/fold_auc/2,0.7023809523809523
results/primary99/repeat5-fold4/audit.json,models/lw_tangent/candidates/3/mean_inner_auc,0.7105820105820108
results/primary99/repeat5-fold4/audit.json,models/lw_tangent/candidates/3/fold_auc/0,0.9055555555555557
results/primary99/repeat5-fold4/audit.json,models/lw_tangent/candidates/3/fold_auc/1,0.5297619047619048
results/primary99/repeat5-fold4/audit.json,models/lw_tangent/candidates/3/fold_auc/2,0.6964285714285714
results/primary99/repeat5-fold4/audit.json,models/lw_tangent/chosen/mean_inner_auc,0.7205026455026454
results/primary99/repeat5-fold4/audit.json,models/lw_tangent/chosen/fold_auc/0,0.9055555555555557
results/primary99/repeat5-fold4/audit.json,models/lw_tangent/chosen/fold_auc/1,0.5535714285714286
results/primary99/repeat5-fold4/audit.json,models/lw_tangent/chosen/fold_auc/2,0.7023809523809523
results/primary99/repeat5-fold4/audit.json,models/node_strength180/candidates/0/mean_inner_auc,0.596031746031746
results/primary99/repeat5-fold4/audit.json,models/node_strength180/candidates/0/fold_auc/0,0.7166666666666667
results/primary99/repeat5-fold4/audit.json,models/node_strength180/candidates/0/fold_auc/1,0.5892857142857143
results/primary99/repeat5-fold4/audit.json,models/node_strength180/candidates/0/fold_auc/2,0.48214285714285715
results/primary99/repeat5-fold4/audit.json,models/node_strength180/candidates/1/mean_inner_auc,0.5658730158730158
results/primary99/repeat5-fold4/audit.json,models/node_strength180/candidates/1/fold_auc/0,0.6499999999999999
results/primary99/repeat5-fold4/audit.json,models/node_strength180/candidates/1/fold_auc/1,0.5476190476190476
results/primary99/repeat5-fold4/audit.json,models/node_strength180/candidates/1/fold_auc/2,0.5
results/primary99/repeat5-fold4/audit.json,models/node_strength180/candidates/2/mean_inner_auc,0.5685185185185185
results/primary99/repeat5-fold4/audit.json,models/node_strength180/candidates/2/fold_auc/0,0.6222222222222222
results/primary99/repeat5-fold4/audit.json,models/node_strength180/candidates/2/fold_auc/1,0.5119047619047619
results/primary99/repeat5-fold4/audit.json,models/node_strength180/candidates/2/fold_auc/2,0.5714285714285714
results/primary99/repeat5-fold4/audit.json,models/node_strength180/candidates/3/mean_inner_auc,0.566931216931217
results/primary99/repeat5-fold4/audit.json,models/node_strength180/candidates/3/fold_auc/0,0.6055555555555556
results/primary99/repeat5-fold4/audit.json,models/node_strength180/candidates/3/fold_auc/1,0.5059523809523809
results/primary99/repeat5-fold4/audit.json,models/node_strength180/candidates/3/fold_auc/2,0.5892857142857143
results/primary99/repeat5-fold4/audit.json,models/node_strength180/chosen/mean_inner_auc,0.596031746031746
results/primary99/repeat5-fold4/audit.json,models/node_strength180/chosen/fold_auc/0,0.7166666666666667
results/primary99/repeat5-fold4/audit.json,models/node_strength180/chosen/fold_auc/1,0.5892857142857143
results/primary99/repeat5-fold4/audit.json,models/node_strength180/chosen/fold_auc/2,0.48214285714285715
results/primary99/repeat5-fold5/audit.json,models/lw_fc/candidates/0/mean_inner_auc,0.7141534391534391
results/primary99/repeat5-fold5/audit.json,models/lw_fc/candidates/0/fold_auc/0,0.6722222222222222
results/primary99/repeat5-fold5/audit.json,models/lw_fc/candidates/0/fold_auc/1,0.7857142857142857
results/primary99/repeat5-fold5/audit.json,models/lw_fc/candidates/0/fold_auc/2,0.6845238095238095
results/primary99/repeat5-fold5/audit.json,models/lw_fc/candidates/1/mean_inner_auc,0.7061457061457062
results/primary99/repeat5-fold5/audit.json,models/lw_fc/candidates/1/fold_auc/0,0.6944444444444444
results/primary99/repeat5-fold5/audit.json,models/lw_fc/candidates/1/fold_auc/1,0.7692307692307692
results/primary99/repeat5-fold5/audit.json,models/lw_fc/candidates/1/fold_auc/2,0.6547619047619048
results/primary99/repeat5-fold5/audit.json,models/lw_fc/candidates/2/mean_inner_auc,0.6969881969881969
results/primary99/repeat5-fold5/audit.json,models/lw_fc/candidates/2/fold_auc/0,0.6944444444444444
results/primary99/repeat5-fold5/audit.json,models/lw_fc/candidates/2/fold_auc/1,0.7417582417582418
results/primary99/repeat5-fold5/audit.json,models/lw_fc/candidates/2/fold_auc/2,0.6547619047619047
results/primary99/repeat5-fold5/audit.json,models/lw_fc/candidates/3/mean_inner_auc,0.6935897435897435
results/primary99/repeat5-fold5/audit.json,models/lw_fc/candidates/3/fold_auc/0,0.6833333333333333
results/primary99/repeat5-fold5/audit.json,models/lw_fc/candidates/3/fold_auc/1,0.7307692307692307
results/primary99/repeat5-fold5/audit.json,models/lw_fc/candidates/3/fold_auc/2,0.6666666666666666
results/primary99/repeat5-fold5/audit.json,models/lw_fc/chosen/mean_inner_auc,0.7141534391534391
results/primary99/repeat5-fold5/audit.json,models/lw_fc/chosen/fold_auc/0,0.6722222222222222
results/primary99/repeat5-fold5/audit.json,models/lw_fc/chosen/fold_auc/1,0.7857142857142857
results/primary99/repeat5-fold5/audit.json,models/lw_fc/chosen/fold_auc/2,0.6845238095238095
results/primary99/repeat5-fold5/audit.json,models/lw_tangent/candidates/0/mean_inner_auc,0.7763329263329263
results/primary99/repeat5-fold5/audit.json,models/lw_tangent/candidates/0/fold_auc/0,0.7722222222222221
results/primary99/repeat5-fold5/audit.json,models/lw_tangent/candidates/0/fold_auc/1,0.8186813186813187
results/primary99/repeat5-fold5/audit.json,models/lw_tangent/candidates/0/fold_auc/2,0.738095238095238
results/primary99/repeat5-fold5/audit.json,models/lw_tangent/candidates/1/mean_inner_auc,0.786009361009361
results/primary99/repeat5-fold5/audit.json,models/lw_tangent/candidates/1/fold_auc/0,0.788888888888889
results/primary99/repeat5-fold5/audit.json,models/lw_tangent/candidates/1/fold_auc/1,0.8131868131868132
results/primary99/repeat5-fold5/audit.json,models/lw_tangent/candidates/1/fold_auc/2,0.7559523809523809
results/primary99/repeat5-fold5/audit.json,models/lw_tangent/candidates/2/mean_inner_auc,0.7858770858770859
results/primary99/repeat5-fold5/audit.json,models/lw_tangent/candidates/2/fold_auc/0,0.7944444444444445
results/primary99/repeat5-fold5/audit.json,models/lw_tangent/candidates/2/fold_auc/1,0.8131868131868132
results/primary99/repeat5-fold5/audit.json,models/lw_tangent/candidates/2/fold_auc/2,0.75
results/primary99/repeat5-fold5/audit.json,models/lw_tangent/candidates/3/mean_inner_auc,0.7803825803825805
results/primary99/repeat5-fold5/audit.json,models/lw_tangent/candidates/3/fold_auc/0,0.7944444444444445
results/primary99/repeat5-fold5/audit.json,models/lw_tangent/candidates/3/fold_auc/1,0.7967032967032968
results/primary99/repeat5-fold5/audit.json,models/lw_tangent/candidates/3/fold_auc/2,0.75
results/primary99/repeat5-fold5/audit.json,models/lw_tangent/chosen/mean_inner_auc,0.786009361009361
results/primary99/repeat5-fold5/audit.json,models/lw_tangent/chosen/fold_auc/0,0.788888888888889
results/primary99/repeat5-fold5/audit.json,models/lw_tangent/chosen/fold_auc/1,0.8131868131868132
results/primary99/repeat5-fold5/audit.json,models/lw_tangent/chosen/fold_auc/2,0.7559523809523809
results/primary99/repeat5-fold5/audit.json,models/node_strength180/candidates/0/mean_inner_auc,0.6843711843711843
results/primary99/repeat5-fold5/audit.json,models/node_strength180/candidates/0/fold_auc/0,0.6666666666666667
results/primary99/repeat5-fold5/audit.json,models/node_strength180/candidates/0/fold_auc/1,0.7197802197802198
results/primary99/repeat5-fold5/audit.json,models/node_strength180/candidates/0/fold_auc/2,0.6666666666666666
results/primary99/repeat5-fold5/audit.json,models/node_strength180/candidates/1/mean_inner_auc,0.7001831501831502
results/primary99/repeat5-fold5/audit.json,models/node_strength180/candidates/1/fold_auc/0,0.6499999999999999
results/primary99/repeat5-fold5/audit.json,models/node_strength180/candidates/1/fold_auc/1,0.7362637362637363
results/primary99/repeat5-fold5/audit.json,models/node_strength180/candidates/1/fold_auc/2,0.7142857142857143
results/primary99/repeat5-fold5/audit.json,models/node_strength180/candidates/2/mean_inner_auc,0.6648249898249897
results/primary99/repeat5-fold5/audit.json,models/node_strength180/candidates/2/fold_auc/0,0.5388888888888889
results/primary99/repeat5-fold5/audit.json,models/node_strength180/candidates/2/fold_auc/1,0.7472527472527473
results/primary99/repeat5-fold5/audit.json,models/node_strength180/candidates/2/fold_auc/2,0.7083333333333333
results/primary99/repeat5-fold5/audit.json,models/node_strength180/candidates/3/mean_inner_auc,0.6572344322344322
results/primary99/repeat5-fold5/audit.json,models/node_strength180/candidates/3/fold_auc/0,0.55
results/primary99/repeat5-fold5/audit.json,models/node_strength180/candidates/3/fold_auc/1,0.7252747252747253
results/primary99/repeat5-fold5/audit.json,models/node_strength180/candidates/3/fold_auc/2,0.6964285714285714
results/primary99/repeat5-fold5/audit.json,models/node_strength180/chosen/mean_inner_auc,0.7001831501831502
results/primary99/repeat5-fold5/audit.json,models/node_strength180/chosen/fold_auc/0,0.6499999999999999
results/primary99/repeat5-fold5/audit.json,models/node_strength180/chosen/fold_auc/1,0.7362637362637363
results/primary99/repeat5-fold5/audit.json,models/node_strength180/chosen/fold_auc/2,0.7142857142857143
results/sensitivity96/repeat1-fold1/audit.json,models/lw_fc/candidates/0/mean_inner_auc,0.7101370851370851
results/sensitivity96/repeat1-fold1/audit.json,models/lw_fc/candidates/0/fold_auc/0,0.7083333333333334
results/sensitivity96/repeat1-fold1/audit.json,models/lw_fc/candidates/0/fold_auc/1,0.6168831168831169
results/sensitivity96/repeat1-fold1/audit.json,models/lw_fc/candidates/0/fold_auc/2,0.8051948051948052
results/sensitivity96/repeat1-fold1/audit.json,models/lw_fc/candidates/1/mean_inner_auc,0.7261904761904763
results/sensitivity96/repeat1-fold1/audit.json,models/lw_fc/candidates/1/fold_auc/0,0.75
results/sensitivity96/repeat1-fold1/audit.json,models/lw_fc/candidates/1/fold_auc/1,0.6233766233766234
results/sensitivity96/repeat1-fold1/audit.json,models/lw_fc/candidates/1/fold_auc/2,0.8051948051948052
results/sensitivity96/repeat1-fold1/audit.json,models/lw_fc/candidates/2/mean_inner_auc,0.7301587301587302
results/sensitivity96/repeat1-fold1/audit.json,models/lw_fc/candidates/2/fold_auc/0,0.761904761904762
results/sensitivity96/repeat1-fold1/audit.json,models/lw_fc/candidates/2/fold_auc/1,0.6298701298701299
results/sensitivity96/repeat1-fold1/audit.json,models/lw_fc/candidates/2/fold_auc/2,0.7987012987012987
results/sensitivity96/repeat1-fold1/audit.json,models/lw_fc/candidates/3/mean_inner_auc,0.7301587301587302
results/sensitivity96/repeat1-fold1/audit.json,models/lw_fc/candidates/3/fold_auc/0,0.761904761904762
results/sensitivity96/repeat1-fold1/audit.json,models/lw_fc/candidates/3/fold_auc/1,0.6363636363636365
results/sensitivity96/repeat1-fold1/audit.json,models/lw_fc/candidates/3/fold_auc/2,0.7922077922077921
results/sensitivity96/repeat1-fold1/audit.json,models/lw_fc/chosen/mean_inner_auc,0.7301587301587302
results/sensitivity96/repeat1-fold1/audit.json,models/lw_fc/chosen/fold_auc/0,0.761904761904762
results/sensitivity96/repeat1-fold1/audit.json,models/lw_fc/chosen/fold_auc/1,0.6298701298701299
results/sensitivity96/repeat1-fold1/audit.json,models/lw_fc/chosen/fold_auc/2,0.7987012987012987
results/sensitivity96/repeat1-fold1/audit.json,models/lw_tangent/candidates/0/mean_inner_auc,0.7929292929292929
results/sensitivity96/repeat1-fold1/audit.json,models/lw_tangent/candidates/0/fold_auc/0,0.761904761904762
results/sensitivity96/repeat1-fold1/audit.json,models/lw_tangent/candidates/0/fold_auc/1,0.7662337662337663
results/sensitivity96/repeat1-fold1/audit.json,models/lw_tangent/candidates/0/fold_auc/2,0.8506493506493507
results/sensitivity96/repeat1-fold1/audit.json,models/lw_tangent/candidates/1/mean_inner_auc,0.7997835497835498
results/sensitivity96/repeat1-fold1/audit.json,models/lw_tangent/candidates/1/fold_auc/0,0.75
results/sensitivity96/repeat1-fold1/audit.json,models/lw_tangent/candidates/1/fold_auc/1,0.7792207792207793
results/sensitivity96/repeat1-fold1/audit.json,models/lw_tangent/candidates/1/fold_auc/2,0.8701298701298701
results/sensitivity96/repeat1-fold1/audit.json,models/lw_tangent/candidates/2/mean_inner_auc,0.8084415584415584
results/sensitivity96/repeat1-fold1/audit.json,models/lw_tangent/candidates/2/fold_auc/0,0.75
results/sensitivity96/repeat1-fold1/audit.json,models/lw_tangent/candidates/2/fold_auc/1,0.8051948051948052
results/sensitivity96/repeat1-fold1/audit.json,models/lw_tangent/candidates/2/fold_auc/2,0.8701298701298701
results/sensitivity96/repeat1-fold1/audit.json,models/lw_tangent/candidates/3/mean_inner_auc,0.8062770562770561
results/sensitivity96/repeat1-fold1/audit.json,models/lw_tangent/candidates/3/fold_auc/0,0.75
results/sensitivity96/repeat1-fold1/audit.json,models/lw_tangent/candidates/3/fold_auc/1,0.7987012987012987
results/sensitivity96/repeat1-fold1/audit.json,models/lw_tangent/candidates/3/fold_auc/2,0.8701298701298701
results/sensitivity96/repeat1-fold1/audit.json,models/lw_tangent/chosen/mean_inner_auc,0.8084415584415584
results/sensitivity96/repeat1-fold1/audit.json,models/lw_tangent/chosen/fold_auc/0,0.75
results/sensitivity96/repeat1-fold1/audit.json,models/lw_tangent/chosen/fold_auc/1,0.8051948051948052
results/sensitivity96/repeat1-fold1/audit.json,models/lw_tangent/chosen/fold_auc/2,0.8701298701298701
results/sensitivity96/repeat1-fold1/audit.json,models/node_strength180/candidates/0/mean_inner_auc,0.6221139971139972
results/sensitivity96/repeat1-fold1/audit.json,models/node_strength180/candidates/0/fold_auc/0,0.613095238095238
results/sensitivity96/repeat1-fold1/audit.json,models/node_strength180/candidates/0/fold_auc/1,0.6038961038961039
results/sensitivity96/repeat1-fold1/audit.json,models/node_strength180/candidates/0/fold_auc/2,0.6493506493506493
results/sensitivity96/repeat1-fold1/audit.json,models/node_strength180/candidates/1/mean_inner_auc,0.623015873015873
results/sensitivity96/repeat1-fold1/audit.json,models/node_strength180/candidates/1/fold_auc/0,0.6547619047619048
results/sensitivity96/repeat1-fold1/audit.json,models/node_strength180/candidates/1/fold_auc/1,0.525974025974026
results/sensitivity96/repeat1-fold1/audit.json,models/node_strength180/candidates/1/fold_auc/2,0.6883116883116883
results/sensitivity96/repeat1-fold1/audit.json,models/node_strength180/candidates/2/mean_inner_auc,0.5990259740259741
results/sensitivity96/repeat1-fold1/audit.json,models/node_strength180/candidates/2/fold_auc/0,0.6607142857142858
results/sensitivity96/repeat1-fold1/audit.json,models/node_strength180/candidates/2/fold_auc/1,0.45454545454545453
results/sensitivity96/repeat1-fold1/audit.json,models/node_strength180/candidates/2/fold_auc/2,0.6818181818181819
results/sensitivity96/repeat1-fold1/audit.json,models/node_strength180/candidates/3/mean_inner_auc,0.5867604617604617
results/sensitivity96/repeat1-fold1/audit.json,models/node_strength180/candidates/3/fold_auc/0,0.6369047619047619
results/sensitivity96/repeat1-fold1/audit.json,models/node_strength180/candidates/3/fold_auc/1,0.44805194805194803
results/sensitivity96/repeat1-fold1/audit.json,models/node_strength180/candidates/3/fold_auc/2,0.6753246753246753
results/sensitivity96/repeat1-fold1/audit.json,models/node_strength180/chosen/mean_inner_auc,0.623015873015873
results/sensitivity96/repeat1-fold1/audit.json,models/node_strength180/chosen/fold_auc/0,0.6547619047619048
results/sensitivity96/repeat1-fold1/audit.json,models/node_strength180/chosen/fold_auc/1,0.525974025974026
results/sensitivity96/repeat1-fold1/audit.json,models/node_strength180/chosen/fold_auc/2,0.6883116883116883
results/sensitivity96/repeat1-fold2/audit.json,models/lw_fc/candidates/0/mean_inner_auc,0.6343549612780383
results/sensitivity96/repeat1-fold2/audit.json,models/lw_fc/candidates/0/fold_auc/0,0.7396449704142012
results/sensitivity96/repeat1-fold2/audit.json,models/lw_fc/candidates/0/fold_auc/1,0.6309523809523809
results/sensitivity96/repeat1-fold2/audit.json,models/lw_fc/candidates/0/fold_auc/2,0.5324675324675325
results/sensitivity96/repeat1-fold2/audit.json,models/lw_fc/candidates/1/mean_inner_auc,0.6418837572683727
results/sensitivity96/repeat1-fold2/audit.json,models/lw_fc/candidates/1/fold_auc/0,0.7633136094674556
results/sensitivity96/repeat1-fold2/audit.json,models/lw_fc/candidates/1/fold_auc/1,0.6428571428571428
results/sensitivity96/repeat1-fold2/audit.json,models/lw_fc/candidates/1/fold_auc/2,0.5194805194805194
results/sensitivity96/repeat1-fold2/audit.json,models/lw_fc/candidates/2/mean_inner_auc,0.6375547529393684
results/sensitivity96/repeat1-fold2/audit.json,models/lw_fc/candidates/2/fold_auc/0,0.7633136094674556
results/sensitivity96/repeat1-fold2/audit.json,models/lw_fc/candidates/2/fold_auc/1,0.6428571428571429
results/sensitivity96/repeat1-fold2/audit.json,models/lw_fc/candidates/2/fold_auc/2,0.5064935064935066
results/sensitivity96/repeat1-fold2/audit.json,models/lw_fc/candidates/3/mean_inner_auc,0.6375430125430125
results/sensitivity96/repeat1-fold2/audit.json,models/lw_fc/candidates/3/fold_auc/0,0.7692307692307693
results/sensitivity96/repeat1-fold2/audit.json,models/lw_fc/candidates/3/fold_auc/1,0.6369047619047619
results/sensitivity96/repeat1-fold2/audit.json,models/lw_fc/candidates/3/fold_auc/2,0.5064935064935066
results/sensitivity96/repeat1-fold2/audit.json,models/lw_fc/chosen/mean_inner_auc,0.6418837572683727
results/sensitivity96/repeat1-fold2/audit.json,models/lw_fc/chosen/fold_auc/0,0.7633136094674556
results/sensitivity96/repeat1-fold2/audit.json,models/lw_fc/chosen/fold_auc/1,0.6428571428571428
results/sensitivity96/repeat1-fold2/audit.json,models/lw_fc/chosen/fold_auc/2,0.5194805194805194
results/sensitivity96/repeat1-fold2/audit.json,models/lw_tangent/candidates/0/mean_inner_auc,0.6660380218072527
results/sensitivity96/repeat1-fold2/audit.json,models/lw_tangent/candidates/0/fold_auc/0,0.6804733727810651
results/sensitivity96/repeat1-fold2/audit.json,models/lw_tangent/candidates/0/fold_auc/1,0.7202380952380952
results/sensitivity96/repeat1-fold2/audit.json,models/lw_tangent/candidates/0/fold_auc/2,0.5974025974025975
results/sensitivity96/repeat1-fold2/audit.json,models/lw_tangent/candidates/1/mean_inner_auc,0.6766801574493883
results/sensitivity96/repeat1-fold2/audit.json,models/lw_tangent/candidates/1/fold_auc/0,0.680473372781065
results/sensitivity96/repeat1-fold2/audit.json,models/lw_tangent/candidates/1/fold_auc/1,0.7261904761904762
results/sensitivity96/repeat1-fold2/audit.json,models/lw_tangent/candidates/1/fold_auc/2,0.6233766233766234
results/sensitivity96/repeat1-fold2/audit.json,models/lw_tangent/candidates/2/mean_inner_auc,0.674696030465261
results/sensitivity96/repeat1-fold2/audit.json,models/lw_tangent/candidates/2/fold_auc/0,0.680473372781065
results/sensitivity96/repeat1-fold2/audit.json,models/lw_tangent/candidates/2/fold_auc/1,0.7202380952380952
results/sensitivity96/repeat1-fold2/audit.json,models/lw_tangent/candidates/2/fold_auc/2,0.6233766233766234
results/sensitivity96/repeat1-fold2/audit.json,models/lw_tangent/candidates/3/mean_inner_auc,0.6727236438774901
results/sensitivity96/repeat1-fold2/audit.json,models/lw_tangent/candidates/3/fold_auc/0,0.6745562130177516
results/sensitivity96/repeat1-fold2/audit.json,models/lw_tangent/candidates/3/fold_auc/1,0.7202380952380952
results/sensitivity96/repeat1-fold2/audit.json,models/lw_tangent/candidates/3/fold_auc/2,0.6233766233766234
results/sensitivity96/repeat1-fold2/audit.json,models/lw_tangent/chosen/mean_inner_auc,0.6766801574493883
results/sensitivity96/repeat1-fold2/audit.json,models/lw_tangent/chosen/fold_auc/0,0.680473372781065
results/sensitivity96/repeat1-fold2/audit.json,models/lw_tangent/chosen/fold_auc/1,0.7261904761904762
results/sensitivity96/repeat1-fold2/audit.json,models/lw_tangent/chosen/fold_auc/2,0.6233766233766234
results/sensitivity96/repeat1-fold2/audit.json,models/node_strength180/candidates/0/mean_inner_auc,0.6515802573494881
results/sensitivity96/repeat1-fold2/audit.json,models/node_strength180/candidates/0/fold_auc/0,0.6035502958579881
results/sensitivity96/repeat1-fold2/audit.json,models/node_strength180/candidates/0/fold_auc/1,0.7797619047619048
results/sensitivity96/repeat1-fold2/audit.json,models/node_strength180/candidates/0/fold_auc/2,0.5714285714285714
results/sensitivity96/repeat1-fold2/audit.json,models/node_strength180/candidates/1/mean_inner_auc,0.6273043196120119
results/sensitivity96/repeat1-fold2/audit.json,models/node_strength180/candidates/1/fold_auc/0,0.6568047337278107
results/sensitivity96/repeat1-fold2/audit.json,models/node_strength180/candidates/1/fold_auc/1,0.6666666666666667
results/sensitivity96/repeat1-fold2/audit.json,models/node_strength180/candidates/1/fold_auc/2,0.5584415584415585
results/sensitivity96/repeat1-fold2/audit.json,models/node_strength180/candidates/2/mean_inner_auc,0.651914324991248
results/sensitivity96/repeat1-fold2/audit.json,models/node_strength180/candidates/2/fold_auc/0,0.7988165680473372
results/sensitivity96/repeat1-fold2/audit.json,models/node_strength180/candidates/2/fold_auc/1,0.6309523809523809
results/sensitivity96/repeat1-fold2/audit.json,models/node_strength180/candidates/2/fold_auc/2,0.525974025974026
results/sensitivity96/repeat1-fold2/audit.json,models/node_strength180/candidates/3/mean_inner_auc,0.6477422150499074
results/sensitivity96/repeat1-fold2/audit.json,models/node_strength180/candidates/3/fold_auc/0,0.8106508875739644
results/sensitivity96/repeat1-fold2/audit.json,models/node_strength180/candidates/3/fold_auc/1,0.613095238095238
results/sensitivity96/repeat1-fold2/audit.json,models/node_strength180/candidates/3/fold_auc/2,0.5194805194805194
results/sensitivity96/repeat1-fold2/audit.json,models/node_strength180/chosen/mean_inner_auc,0.651914324991248
results/sensitivity96/repeat1-fold2/audit.json,models/node_strength180/chosen/fold_auc/0,0.7988165680473372
results/sensitivity96/repeat1-fold2/audit.json,models/node_strength180/chosen/fold_auc/1,0.6309523809523809
results/sensitivity96/repeat1-fold2/audit.json,models/node_strength180/chosen/fold_auc/2,0.525974025974026
results/sensitivity96/repeat1-fold3/audit.json,models/lw_fc/candidates/0/mean_inner_auc,0.625453606222837
results/sensitivity96/repeat1-fold3/audit.json,models/lw_fc/candidates/0/fold_auc/0,0.680473372781065
results/sensitivity96/repeat1-fold3/audit.json,models/lw_fc/candidates/0/fold_auc/1,0.5595238095238095
results/sensitivity96/repeat1-fold3/audit.json,models/lw_fc/candidates/0/fold_auc/2,0.6363636363636362
results/sensitivity96/repeat1-fold3/audit.json,models/lw_fc/candidates/1/mean_inner_auc,0.6335822297360759
results/sensitivity96/repeat1-fold3/audit.json,models/lw_fc/candidates/1/fold_auc/0,0.6745562130177515
results/sensitivity96/repeat1-fold3/audit.json,models/lw_fc/candidates/1/fold_auc/1,0.5833333333333334
results/sensitivity96/repeat1-fold3/audit.json,models/lw_fc/candidates/1/fold_auc/2,0.6428571428571428
results/sensitivity96/repeat1-fold3/audit.json,models/lw_fc/candidates/2/mean_inner_auc,0.6353859815398277
results/sensitivity96/repeat1-fold3/audit.json,models/lw_fc/candidates/2/fold_auc/0,0.6745562130177515
results/sensitivity96/repeat1-fold3/audit.json,models/lw_fc/candidates/2/fold_auc/1,0.5952380952380953
results/sensitivity96/repeat1-fold3/audit.json,models/lw_fc/candidates/2/fold_auc/2,0.6363636363636365
results/sensitivity96/repeat1-fold3/audit.json,models/lw_fc/candidates/3/mean_inner_auc,0.6314529487606412
results/sensitivity96/repeat1-fold3/audit.json,models/lw_fc/candidates/3/fold_auc/0,0.6568047337278106
results/sensitivity96/repeat1-fold3/audit.json,models/lw_fc/candidates/3/fold_auc/1,0.6011904761904763
results/sensitivity96/repeat1-fold3/audit.json,models/lw_fc/candidates/3/fold_auc/2,0.6363636363636365
results/sensitivity96/repeat1-fold3/audit.json,models/lw_fc/chosen/mean_inner_auc,0.6353859815398277
results/sensitivity96/repeat1-fold3/audit.json,models/lw_fc/chosen/fold_auc/0,0.6745562130177515
results/sensitivity96/repeat1-fold3/audit.json,models/lw_fc/chosen/fold_auc/1,0.5952380952380953
results/sensitivity96/repeat1-fold3/audit.json,models/lw_fc/chosen/fold_auc/2,0.6363636363636365
results/sensitivity96/repeat1-fold3/audit.json,models/lw_tangent/candidates/0/mean_inner_auc,0.7681463835309988
results/sensitivity96/repeat1-fold3/audit.json,models/lw_tangent/candidates/0/fold_auc/0,0.7633136094674556
results/sensitivity96/repeat1-fold3/audit.json,models/lw_tangent/candidates/0/fold_auc/1,0.6904761904761905
results/sensitivity96/repeat1-fold3/audit.json,models/lw_tangent/candidates/0/fold_auc/2,0.8506493506493507
results/sensitivity96/repeat1-fold3/audit.json,models/lw_tangent/candidates/1/mean_inner_auc,0.7560964676349292
results/sensitivity96/repeat1-fold3/audit.json,models/lw_tangent/candidates/1/fold_auc/0,0.7455621301775147
results/sensitivity96/repeat1-fold3/audit.json,models/lw_tangent/candidates/1/fold_auc/1,0.6785714285714286
results/sensitivity96/repeat1-fold3/audit.json,models/lw_tangent/candidates/1/fold_auc/2,0.8441558441558441
results/sensitivity96/repeat1-fold3/audit.json,models/lw_tangent/candidates/2/mean_inner_auc,0.7578884790423251
results/sensitivity96/repeat1-fold3/audit.json,models/lw_tangent/candidates/2/fold_auc/0,0.7514792899408284
results/sensitivity96/repeat1-fold3/audit.json,models/lw_tangent/candidates/2/fold_auc/1,0.6845238095238095
results/sensitivity96/repeat1-fold3/audit.json,models/lw_tangent/candidates/2/fold_auc/2,0.8376623376623377
results/sensitivity96/repeat1-fold3/audit.json,models/lw_tangent/candidates/3/mean_inner_auc,0.7579002194386809
results/sensitivity96/repeat1-fold3/audit.json,models/lw_tangent/candidates/3/fold_auc/0,0.7455621301775147
results/sensitivity96/repeat1-fold3/audit.json,models/lw_tangent/candidates/3/fold_auc/1,0.6904761904761905
results/sensitivity96/repeat1-fold3/audit.json,models/lw_tangent/candidates/3/fold_auc/2,0.8376623376623377
results/sensitivity96/repeat1-fold3/audit.json,models/lw_tangent/chosen/mean_inner_auc,0.7681463835309988
results/sensitivity96/repeat1-fold3/audit.json,models/lw_tangent/chosen/fold_auc/0,0.7633136094674556
results/sensitivity96/repeat1-fold3/audit.json,models/lw_tangent/chosen/fold_auc/1,0.6904761904761905
results/sensitivity96/repeat1-fold3/audit.json,models/lw_tangent/chosen/fold_auc/2,0.8506493506493507
results/sensitivity96/repeat1-fold3/audit.json,models/node_strength180/candidates/0/mean_inner_auc,0.6186697917467148
results/sensitivity96/repeat1-fold3/audit.json,models/node_strength180/candidates/0/fold_auc/0,0.6449704142011834
results/sensitivity96/repeat1-fold3/audit.json,models/node_strength180/candidates/0/fold_auc/1,0.5357142857142857
results/sensitivity96/repeat1-fold3/audit.json,models/node_strength180/candidates/0/fold_auc/2,0.6753246753246753
results/sensitivity96/repeat1-fold3/audit.json,models/node_strength180/candidates/1/mean_inner_auc,0.6179408198638968
results/sensitivity96/repeat1-fold3/audit.json,models/node_strength180/candidates/1/fold_auc/0,0.7396449704142012
results/sensitivity96/repeat1-fold3/audit.json,models/node_strength180/candidates/1/fold_auc/1,0.5297619047619048
results/sensitivity96/repeat1-fold3/audit.json,models/node_strength180/candidates/1/fold_auc/2,0.5844155844155845
results/sensitivity96/repeat1-fold3/audit.json,models/node_strength180/candidates/2/mean_inner_auc,0.6260342221880683
results/sensitivity96/repeat1-fold3/audit.json,models/node_strength180/candidates/2/fold_auc/0,0.7514792899408285
results/sensitivity96/repeat1-fold3/audit.json,models/node_strength180/candidates/2/fold_auc/1,0.5357142857142857
results/sensitivity96/repeat1-fold3/audit.json,models/node_strength180/candidates/2/fold_auc/2,0.5909090909090909
results/sensitivity96/repeat1-fold3/audit.json,models/node_strength180/candidates/3/mean_inner_auc,0.6226305745536515
results/sensitivity96/repeat1-fold3/audit.json,models/node_strength180/candidates/3/fold_auc/0,0.7396449704142012
results/sensitivity96/repeat1-fold3/audit.json,models/node_strength180/candidates/3/fold_auc/1,0.5178571428571429
results/sensitivity96/repeat1-fold3/audit.json,models/node_strength180/candidates/3/fold_auc/2,0.6103896103896105
results/sensitivity96/repeat1-fold3/audit.json,models/node_strength180/chosen/mean_inner_auc,0.6260342221880683
results/sensitivity96/repeat1-fold3/audit.json,models/node_strength180/chosen/fold_auc/0,0.7514792899408285
results/sensitivity96/repeat1-fold3/audit.json,models/node_strength180/chosen/fold_auc/1,0.5357142857142857
results/sensitivity96/repeat1-fold3/audit.json,models/node_strength180/chosen/fold_auc/2,0.5909090909090909
results/sensitivity96/repeat1-fold4/audit.json,models/lw_fc/candidates/0/mean_inner_auc,0.6382090132090132
results/sensitivity96/repeat1-fold4/audit.json,models/lw_fc/candidates/0/fold_auc/0,0.6153846153846154
results/sensitivity96/repeat1-fold4/audit.json,models/lw_fc/candidates/0/fold_auc/1,0.7797619047619047
results/sensitivity96/repeat1-fold4/audit.json,models/lw_fc/candidates/0/fold_auc/2,0.5194805194805195
results/sensitivity96/repeat1-fold4/audit.json,models/lw_fc/candidates/1/mean_inner_auc,0.6399775438236976
results/sensitivity96/repeat1-fold4/audit.json,models/lw_fc/candidates/1/fold_auc/0,0.6331360946745562
results/sensitivity96/repeat1-fold4/audit.json,models/lw_fc/candidates/1/fold_auc/1,0.7738095238095237
results/sensitivity96/repeat1-fold4/audit.json,models/lw_fc/candidates/1/fold_auc/2,0.512987012987013
results/sensitivity96/repeat1-fold4/audit.json,models/lw_fc/candidates/2/mean_inner_auc,0.6401813997967843
results/sensitivity96/repeat1-fold4/audit.json,models/lw_fc/candidates/2/fold_auc/0,0.621301775147929
results/sensitivity96/repeat1-fold4/audit.json,models/lw_fc/candidates/2/fold_auc/1,0.7797619047619048
results/sensitivity96/repeat1-fold4/audit.json,models/lw_fc/candidates/2/fold_auc/2,0.5194805194805195
results/sensitivity96/repeat1-fold4/audit.json,models/lw_fc/candidates/3/mean_inner_auc,0.6384011287857442
results/sensitivity96/repeat1-fold4/audit.json,models/lw_fc/candidates/3/fold_auc/0,0.6094674556213018
results/sensitivity96/repeat1-fold4/audit.json,models/lw_fc/candidates/3/fold_auc/1,0.7797619047619048
results/sensitivity96/repeat1-fold4/audit.json,models/lw_fc/candidates/3/fold_auc/2,0.525974025974026
results/sensitivity96/repeat1-fold4/audit.json,models/lw_fc/chosen/mean_inner_auc,0.6401813997967843
results/sensitivity96/repeat1-fold4/audit.json,models/lw_fc/chosen/fold_auc/0,0.621301775147929
results/sensitivity96/repeat1-fold4/audit.json,models/lw_fc/chosen/fold_auc/1,0.7797619047619048
results/sensitivity96/repeat1-fold4/audit.json,models/lw_fc/chosen/fold_auc/2,0.5194805194805195
results/sensitivity96/repeat1-fold4/audit.json,models/lw_tangent/candidates/0/mean_inner_auc,0.7641621199313507
results/sensitivity96/repeat1-fold4/audit.json,models/lw_tangent/candidates/0/fold_auc/0,0.6804733727810651
results/sensitivity96/repeat1-fold4/audit.json,models/lw_tangent/candidates/0/fold_auc/1,0.7678571428571428
results/sensitivity96/repeat1-fold4/audit.json,models/lw_tangent/candidates/0/fold_auc/2,0.8441558441558441
results/sensitivity96/repeat1-fold4/audit.json,models/lw_tangent/candidates/1/mean_inner_auc,0.7625504837043299
results/sensitivity96/repeat1-fold4/audit.json,models/lw_tangent/candidates/1/fold_auc/0,0.6745562130177514
results/sensitivity96/repeat1-fold4/audit.json,models/lw_tangent/candidates/1/fold_auc/1,0.7559523809523809
results/sensitivity96/repeat1-fold4/audit.json,models/lw_tangent/candidates/1/fold_auc/2,0.8571428571428571
results/sensitivity96/repeat1-fold4/audit.json,models/lw_tangent/candidates/2/mean_inner_auc,0.7587860857091626
results/sensitivity96/repeat1-fold4/audit.json,models/lw_tangent/candidates/2/fold_auc/0,0.6627218934911243
results/sensitivity96/repeat1-fold4/audit.json,models/lw_tangent/candidates/2/fold_auc/1,0.75
results/sensitivity96/repeat1-fold4/audit.json,models/lw_tangent/candidates/2/fold_auc/2,0.8636363636363636
results/sensitivity96/repeat1-fold4/audit.json,models/lw_tangent/candidates/3/mean_inner_auc,0.7568136991213915
results/sensitivity96/repeat1-fold4/audit.json,models/lw_tangent/candidates/3/fold_auc/0,0.6568047337278107
results/sensitivity96/repeat1-fold4/audit.json,models/lw_tangent/candidates/3/fold_auc/1,0.75
results/sensitivity96/repeat1-fold4/audit.json,models/lw_tangent/candidates/3/fold_auc/2,0.8636363636363636
results/sensitivity96/repeat1-fold4/audit.json,models/lw_tangent/chosen/mean_inner_auc,0.7641621199313507
results/sensitivity96/repeat1-fold4/audit.json,models/lw_tangent/chosen/fold_auc/0,0.6804733727810651
results/sensitivity96/repeat1-fold4/audit.json,models/lw_tangent/chosen/fold_auc/1,0.7678571428571428
results/sensitivity96/repeat1-fold4/audit.json,models/lw_tangent/chosen/fold_auc/2,0.8441558441558441
results/sensitivity96/repeat1-fold4/audit.json,models/node_strength180/candidates/0/mean_inner_auc,0.5943266135573828
results/sensitivity96/repeat1-fold4/audit.json,models/node_strength180/candidates/0/fold_auc/0,0.5502958579881657
results/sensitivity96/repeat1-fold4/audit.json,models/node_strength180/candidates/0/fold_auc/1,0.6547619047619048
results/sensitivity96/repeat1-fold4/audit.json,models/node_strength180/candidates/0/fold_auc/2,0.577922077922078
results/sensitivity96/repeat1-fold4/audit.json,models/node_strength180/candidates/1/mean_inner_auc,0.5545853718930642
results/sensitivity96/repeat1-fold4/audit.json,models/node_strength180/candidates/1/fold_auc/0,0.5798816568047338
results/sensitivity96/repeat1-fold4/audit.json,models/node_strength180/candidates/1/fold_auc/1,0.6488095238095238
results/sensitivity96/repeat1-fold4/audit.json,models/node_strength180/candidates/1/fold_auc/2,0.43506493506493504
results/sensitivity96/repeat1-fold4/audit.json,models/node_strength180/candidates/2/mean_inner_auc,0.5850495658187965
results/sensitivity96/repeat1-fold4/audit.json,models/node_strength180/candidates/2/fold_auc/0,0.680473372781065
results/sensitivity96/repeat1-fold4/audit.json,models/node_strength180/candidates/2/fold_auc/1,0.6071428571428572
results/sensitivity96/repeat1-fold4/audit.json,models/node_strength180/candidates/2/fold_auc/2,0.4675324675324675
results/sensitivity96/repeat1-fold4/audit.json,models/node_strength180/candidates/3/mean_inner_auc,0.5789285500823963
results/sensitivity96/repeat1-fold4/audit.json,models/node_strength180/candidates/3/fold_auc/0,0.6745562130177515
results/sensitivity96/repeat1-fold4/audit.json,models/node_strength180/candidates/3/fold_auc/1,0.6011904761904762
results/sensitivity96/repeat1-fold4/audit.json,models/node_strength180/candidates/3/fold_auc/2,0.4610389610389611
results/sensitivity96/repeat1-fold4/audit.json,models/node_strength180/chosen/mean_inner_auc,0.5943266135573828
results/sensitivity96/repeat1-fold4/audit.json,models/node_strength180/chosen/fold_auc/0,0.5502958579881657
results/sensitivity96/repeat1-fold4/audit.json,models/node_strength180/chosen/fold_auc/1,0.6547619047619048
results/sensitivity96/repeat1-fold4/audit.json,models/node_strength180/chosen/fold_auc/2,0.577922077922078
results/sensitivity96/repeat1-fold5/audit.json,models/lw_fc/candidates/0/mean_inner_auc,0.5475829725829726
results/sensitivity96/repeat1-fold5/audit.json,models/lw_fc/candidates/0/fold_auc/0,0.5393939393939394
results/sensitivity96/repeat1-fold5/audit.json,models/lw_fc/candidates/0/fold_auc/1,0.5059523809523809
results/sensitivity96/repeat1-fold5/audit.json,models/lw_fc/candidates/0/fold_auc/2,0.5974025974025974
results/sensitivity96/repeat1-fold5/audit.json,models/lw_fc/candidates/1/mean_inner_auc,0.5248917748917749
results/sensitivity96/repeat1-fold5/audit.json,models/lw_fc/candidates/1/fold_auc/0,0.5151515151515151
results/sensitivity96/repeat1-fold5/audit.json,models/lw_fc/candidates/1/fold_auc/1,0.488095238095238
results/sensitivity96/repeat1-fold5/audit.json,models/lw_fc/candidates/1/fold_auc/2,0.5714285714285714
results/sensitivity96/repeat1-fold5/audit.json,models/lw_fc/candidates/2/mean_inner_auc,0.5212481962481963
results/sensitivity96/repeat1-fold5/audit.json,models/lw_fc/candidates/2/fold_auc/0,0.509090909090909
results/sensitivity96/repeat1-fold5/audit.json,models/lw_fc/candidates/2/fold_auc/1,0.47023809523809523
results/sensitivity96/repeat1-fold5/audit.json,models/lw_fc/candidates/2/fold_auc/2,0.5844155844155845
results/sensitivity96/repeat1-fold5/audit.json,models/lw_fc/candidates/3/mean_inner_auc,0.5129148629148629
results/sensitivity96/repeat1-fold5/audit.json,models/lw_fc/candidates/3/fold_auc/0,0.5030303030303029
results/sensitivity96/repeat1-fold5/audit.json,models/lw_fc/candidates/3/fold_auc/1,0.4642857142857143
results/sensitivity96/repeat1-fold5/audit.json,models/lw_fc/candidates/3/fold_auc/2,0.5714285714285714
results/sensitivity96/repeat1-fold5/audit.json,models/lw_fc/chosen/mean_inner_auc,0.5475829725829726
results/sensitivity96/repeat1-fold5/audit.json,models/lw_fc/chosen/fold_auc/0,0.5393939393939394
results/sensitivity96/repeat1-fold5/audit.json,models/lw_fc/chosen/fold_auc/1,0.5059523809523809
results/sensitivity96/repeat1-fold5/audit.json,models/lw_fc/chosen/fold_auc/2,0.5974025974025974
results/sensitivity96/repeat1-fold5/audit.json,models/lw_tangent/candidates/0/mean_inner_auc,0.7583694083694085
results/sensitivity96/repeat1-fold5/audit.json,models/lw_tangent/candidates/0/fold_auc/0,0.7393939393939394
results/sensitivity96/repeat1-fold5/audit.json,models/lw_tangent/candidates/0/fold_auc/1,0.8214285714285714
results/sensitivity96/repeat1-fold5/audit.json,models/lw_tangent/candidates/0/fold_auc/2,0.7142857142857143
results/sensitivity96/repeat1-fold5/audit.json,models/lw_tangent/candidates/1/mean_inner_auc,0.7604617604617605
results/sensitivity96/repeat1-fold5/audit.json,models/lw_tangent/candidates/1/fold_auc/0,0.7575757575757576
results/sensitivity96/repeat1-fold5/audit.json,models/lw_tangent/candidates/1/fold_auc/1,0.8095238095238094
results/sensitivity96/repeat1-fold5/audit.json,models/lw_tangent/candidates/1/fold_auc/2,0.7142857142857144
results/sensitivity96/repeat1-fold5/audit.json,models/lw_tangent/candidates/2/mean_inner_auc,0.7668109668109668
results/sensitivity96/repeat1-fold5/audit.json,models/lw_tangent/candidates/2/fold_auc/0,0.7636363636363637
results/sensitivity96/repeat1-fold5/audit.json,models/lw_tangent/candidates/2/fold_auc/1,0.8095238095238094
results/sensitivity96/repeat1-fold5/audit.json,models/lw_tangent/candidates/2/fold_auc/2,0.7272727272727273
results/sensitivity96/repeat1-fold5/audit.json,models/lw_tangent/candidates/3/mean_inner_auc,0.7687950937950938
results/sensitivity96/repeat1-fold5/audit.json,models/lw_tangent/candidates/3/fold_auc/0,0.7636363636363637
results/sensitivity96/repeat1-fold5/audit.json,models/lw_tangent/candidates/3/fold_auc/1,0.8154761904761905
results/sensitivity96/repeat1-fold5/audit.json,models/lw_tangent/candidates/3/fold_auc/2,0.7272727272727273
results/sensitivity96/repeat1-fold5/audit.json,models/lw_tangent/chosen/mean_inner_auc,0.7687950937950938
results/sensitivity96/repeat1-fold5/audit.json,models/lw_tangent/chosen/fold_auc/0,0.7636363636363637
results/sensitivity96/repeat1-fold5/audit.json,models/lw_tangent/chosen/fold_auc/1,0.8154761904761905
results/sensitivity96/repeat1-fold5/audit.json,models/lw_tangent/chosen/fold_auc/2,0.7272727272727273
results/sensitivity96/repeat1-fold5/audit.json,models/node_strength180/candidates/0/mean_inner_auc,0.6367604617604617
results/sensitivity96/repeat1-fold5/audit.json,models/node_strength180/candidates/0/fold_auc/0,0.6727272727272727
results/sensitivity96/repeat1-fold5/audit.json,models/node_strength180/candidates/0/fold_auc/1,0.6726190476190477
results/sensitivity96/repeat1-fold5/audit.json,models/node_strength180/candidates/0/fold_auc/2,0.564935064935065
results/sensitivity96/repeat1-fold5/audit.json,models/node_strength180/candidates/1/mean_inner_auc,0.5862193362193362
results/sensitivity96/repeat1-fold5/audit.json,models/node_strength180/candidates/1/fold_auc/0,0.6363636363636364
results/sensitivity96/repeat1-fold5/audit.json,models/node_strength180/candidates/1/fold_auc/1,0.5833333333333333
results/sensitivity96/repeat1-fold5/audit.json,models/node_strength180/candidates/1/fold_auc/2,0.5389610389610389
results/sensitivity96/repeat1-fold5/audit.json,models/node_strength180/candidates/2/mean_inner_auc,0.5128066378066378
results/sensitivity96/repeat1-fold5/audit.json,models/node_strength180/candidates/2/fold_auc/0,0.5757575757575757
results/sensitivity96/repeat1-fold5/audit.json,models/node_strength180/candidates/2/fold_auc/1,0.4821428571428571
results/sensitivity96/repeat1-fold5/audit.json,models/node_strength180/candidates/2/fold_auc/2,0.48051948051948057
results/sensitivity96/repeat1-fold5/audit.json,models/node_strength180/candidates/3/mean_inner_auc,0.4976190476190476
results/sensitivity96/repeat1-fold5/audit.json,models/node_strength180/candidates/3/fold_auc/0,0.5393939393939394
results/sensitivity96/repeat1-fold5/audit.json,models/node_strength180/candidates/3/fold_auc/1,0.44047619047619047
results/sensitivity96/repeat1-fold5/audit.json,models/node_strength180/candidates/3/fold_auc/2,0.512987012987013
results/sensitivity96/repeat1-fold5/audit.json,models/node_strength180/chosen/mean_inner_auc,0.6367604617604617
results/sensitivity96/repeat1-fold5/audit.json,models/node_strength180/chosen/fold_auc/0,0.6727272727272727
results/sensitivity96/repeat1-fold5/audit.json,models/node_strength180/chosen/fold_auc/1,0.6726190476190477
results/sensitivity96/repeat1-fold5/audit.json,models/node_strength180/chosen/fold_auc/2,0.564935064935065
results/sensitivity96/repeat2-fold1/audit.json,models/lw_fc/candidates/0/mean_inner_auc,0.6435786435786436
results/sensitivity96/repeat2-fold1/audit.json,models/lw_fc/candidates/0/fold_auc/0,0.6904761904761905
results/sensitivity96/repeat2-fold1/audit.json,models/lw_fc/candidates/0/fold_auc/1,0.6688311688311688
results/sensitivity96/repeat2-fold1/audit.json,models/lw_fc/candidates/0/fold_auc/2,0.5714285714285714
results/sensitivity96/repeat2-fold1/audit.json,models/lw_fc/candidates/1/mean_inner_auc,0.6338383838383839
results/sensitivity96/repeat2-fold1/audit.json,models/lw_fc/candidates/1/fold_auc/0,0.6547619047619048
results/sensitivity96/repeat2-fold1/audit.json,models/lw_fc/candidates/1/fold_auc/1,0.6688311688311688
results/sensitivity96/repeat2-fold1/audit.json,models/lw_fc/candidates/1/fold_auc/2,0.577922077922078
results/sensitivity96/repeat2-fold1/audit.json,models/lw_fc/candidates/2/mean_inner_auc,0.6320346320346321
results/sensitivity96/repeat2-fold1/audit.json,models/lw_fc/candidates/2/fold_auc/0,0.6428571428571428
results/sensitivity96/repeat2-fold1/audit.json,models/lw_fc/candidates/2/fold_auc/1,0.6753246753246753
results/sensitivity96/repeat2-fold1/audit.json,models/lw_fc/candidates/2/fold_auc/2,0.577922077922078
results/sensitivity96/repeat2-fold1/audit.json,models/lw_fc/candidates/3/mean_inner_auc,0.6302308802308803
results/sensitivity96/repeat2-fold1/audit.json,models/lw_fc/candidates/3/fold_auc/0,0.6309523809523809
results/sensitivity96/repeat2-fold1/audit.json,models/lw_fc/candidates/3/fold_auc/1,0.6818181818181819
results/sensitivity96/repeat2-fold1/audit.json,models/lw_fc/candidates/3/fold_auc/2,0.577922077922078
results/sensitivity96/repeat2-fold1/audit.json,models/lw_fc/chosen/mean_inner_auc,0.6435786435786436
results/sensitivity96/repeat2-fold1/audit.json,models/lw_fc/chosen/fold_auc/0,0.6904761904761905
results/sensitivity96/repeat2-fold1/audit.json,models/lw_fc/chosen/fold_auc/1,0.6688311688311688
results/sensitivity96/repeat2-fold1/audit.json,models/lw_fc/chosen/fold_auc/2,0.5714285714285714
results/sensitivity96/repeat2-fold1/audit.json,models/lw_tangent/candidates/0/mean_inner_auc,0.7234848484848485
results/sensitivity96/repeat2-fold1/audit.json,models/lw_tangent/candidates/0/fold_auc/0,0.7678571428571428
results/sensitivity96/repeat2-fold1/audit.json,models/lw_tangent/candidates/0/fold_auc/1,0.8051948051948052
results/sensitivity96/repeat2-fold1/audit.json,models/lw_tangent/candidates/0/fold_auc/2,0.5974025974025974
results/sensitivity96/repeat2-fold1/audit.json,models/lw_tangent/candidates/1/mean_inner_auc,0.7382756132756132
results/sensitivity96/repeat2-fold1/audit.json,models/lw_tangent/candidates/1/fold_auc/0,0.7797619047619048
results/sensitivity96/repeat2-fold1/audit.json,models/lw_tangent/candidates/1/fold_auc/1,0.8181818181818181
results/sensitivity96/repeat2-fold1/audit.json,models/lw_tangent/candidates/1/fold_auc/2,0.6168831168831168
results/sensitivity96/repeat2-fold1/audit.json,models/lw_tangent/candidates/2/mean_inner_auc,0.735930735930736
results/sensitivity96/repeat2-fold1/audit.json,models/lw_tangent/candidates/2/fold_auc/0,0.7857142857142857
results/sensitivity96/repeat2-fold1/audit.json,models/lw_tangent/candidates/2/fold_auc/1,0.8051948051948052
results/sensitivity96/repeat2-fold1/audit.json,models/lw_tangent/candidates/2/fold_auc/2,0.6168831168831168
results/sensitivity96/repeat2-fold1/audit.json,models/lw_tangent/candidates/3/mean_inner_auc,0.7380952380952381
results/sensitivity96/repeat2-fold1/audit.json,models/lw_tangent/candidates/3/fold_auc/0,0.7857142857142857
results/sensitivity96/repeat2-fold1/audit.json,models/lw_tangent/candidates/3/fold_auc/1,0.8051948051948052
results/sensitivity96/repeat2-fold1/audit.json,models/lw_tangent/candidates/3/fold_auc/2,0.6233766233766234
results/sensitivity96/repeat2-fold1/audit.json,models/lw_tangent/chosen/mean_inner_auc,0.7382756132756132
results/sensitivity96/repeat2-fold1/audit.json,models/lw_tangent/chosen/fold_auc/0,0.7797619047619048
results/sensitivity96/repeat2-fold1/audit.json,models/lw_tangent/chosen/fold_auc/1,0.8181818181818181
results/sensitivity96/repeat2-fold1/audit.json,models/lw_tangent/chosen/fold_auc/2,0.6168831168831168
results/sensitivity96/repeat2-fold1/audit.json,models/node_strength180/candidates/0/mean_inner_auc,0.6273448773448772
results/sensitivity96/repeat2-fold1/audit.json,models/node_strength180/candidates/0/fold_auc/0,0.5833333333333333
results/sensitivity96/repeat2-fold1/audit.json,models/node_strength180/candidates/0/fold_auc/1,0.7207792207792209
results/sensitivity96/repeat2-fold1/audit.json,models/node_strength180/candidates/0/fold_auc/2,0.5779220779220778
results/sensitivity96/repeat2-fold1/audit.json,models/node_strength180/candidates/1/mean_inner_auc,0.6183261183261183
results/sensitivity96/repeat2-fold1/audit.json,models/node_strength180/candidates/1/fold_auc/0,0.6666666666666666
results/sensitivity96/repeat2-fold1/audit.json,models/node_strength180/candidates/1/fold_auc/1,0.6493506493506493
results/sensitivity96/repeat2-fold1/audit.json,models/node_strength180/candidates/1/fold_auc/2,0.5389610389610391
results/sensitivity96/repeat2-fold1/audit.json,models/node_strength180/candidates/2/mean_inner_auc,0.6208513708513709
results/sensitivity96/repeat2-fold1/audit.json,models/node_strength180/candidates/2/fold_auc/0,0.6547619047619048
results/sensitivity96/repeat2-fold1/audit.json,models/node_strength180/candidates/2/fold_auc/1,0.6038961038961039
results/sensitivity96/repeat2-fold1/audit.json,models/node_strength180/candidates/2/fold_auc/2,0.6038961038961039
results/sensitivity96/repeat2-fold1/audit.json,models/node_strength180/candidates/3/mean_inner_auc,0.6197691197691197
results/sensitivity96/repeat2-fold1/audit.json,models/node_strength180/candidates/3/fold_auc/0,0.6190476190476191
results/sensitivity96/repeat2-fold1/audit.json,models/node_strength180/candidates/3/fold_auc/1,0.6038961038961039
results/sensitivity96/repeat2-fold1/audit.json,models/node_strength180/candidates/3/fold_auc/2,0.6363636363636364
results/sensitivity96/repeat2-fold1/audit.json,models/node_strength180/chosen/mean_inner_auc,0.6273448773448772
results/sensitivity96/repeat2-fold1/audit.json,models/node_strength180/chosen/fold_auc/0,0.5833333333333333
results/sensitivity96/repeat2-fold1/audit.json,models/node_strength180/chosen/fold_auc/1,0.7207792207792209
results/sensitivity96/repeat2-fold1/audit.json,models/node_strength180/chosen/fold_auc/2,0.5779220779220778
results/sensitivity96/repeat2-fold2/audit.json,models/lw_fc/candidates/0/mean_inner_auc,0.6593129093129092
results/sensitivity96/repeat2-fold2/audit.json,models/lw_fc/candidates/0/fold_auc/0,0.6153846153846154
results/sensitivity96/repeat2-fold2/audit.json,models/lw_fc/candidates/0/fold_auc/1,0.726190476190476
results/sensitivity96/repeat2-fold2/audit.json,models/lw_fc/candidates/0/fold_auc/2,0.6363636363636362
results/sensitivity96/repeat2-fold2/audit.json,models/lw_fc/candidates/1/mean_inner_auc,0.6601795640257179
results/sensitivity96/repeat2-fold2/audit.json,models/lw_fc/candidates/1/fold_auc/0,0.6331360946745562
results/sensitivity96/repeat2-fold2/audit.json,models/lw_fc/candidates/1/fold_auc/1,0.75
results/sensitivity96/repeat2-fold2/audit.json,models/lw_fc/candidates/1/fold_auc/2,0.5974025974025974
results/sensitivity96/repeat2-fold2/audit.json,models/lw_fc/candidates/2/mean_inner_auc,0.6621636910098448
results/sensitivity96/repeat2-fold2/audit.json,models/lw_fc/candidates/2/fold_auc/0,0.6331360946745562
results/sensitivity96/repeat2-fold2/audit.json,models/lw_fc/candidates/2/fold_auc/1,0.7559523809523809
results/sensitivity96/repeat2-fold2/audit.json,models/lw_fc/candidates/2/fold_auc/2,0.5974025974025974
results/sensitivity96/repeat2-fold2/audit.json,models/lw_fc/candidates/3/mean_inner_auc,0.6599874484489868
results/sensitivity96/repeat2-fold2/audit.json,models/lw_fc/candidates/3/fold_auc/0,0.6390532544378698
results/sensitivity96/repeat2-fold2/audit.json,models/lw_fc/candidates/3/fold_auc/1,0.75
results/sensitivity96/repeat2-fold2/audit.json,models/lw_fc/candidates/3/fold_auc/2,0.5909090909090908
results/sensitivity96/repeat2-fold2/audit.json,models/lw_fc/chosen/mean_inner_auc,0.6621636910098448
results/sensitivity96/repeat2-fold2/audit.json,models/lw_fc/chosen/fold_auc/0,0.6331360946745562
results/sensitivity96/repeat2-fold2/audit.json,models/lw_fc/chosen/fold_auc/1,0.7559523809523809
results/sensitivity96/repeat2-fold2/audit.json,models/lw_fc/chosen/fold_auc/2,0.5974025974025974
results/sensitivity96/repeat2-fold2/audit.json,models/lw_tangent/candidates/0/mean_inner_auc,0.7557709384632462
results/sensitivity96/repeat2-fold2/audit.json,models/lw_tangent/candidates/0/fold_auc/0,0.7278106508875739
results/sensitivity96/repeat2-fold2/audit.json,models/lw_tangent/candidates/0/fold_auc/1,0.8511904761904762
results/sensitivity96/repeat2-fold2/audit.json,models/lw_tangent/candidates/0/fold_auc/2,0.6883116883116882
results/sensitivity96/repeat2-fold2/audit.json,models/lw_tangent/candidates/1/mean_inner_auc,0.7519830596753674
results/sensitivity96/repeat2-fold2/audit.json,models/lw_tangent/candidates/1/fold_auc/0,0.7278106508875739
results/sensitivity96/repeat2-fold2/audit.json,models/lw_tangent/candidates/1/fold_auc/1,0.8333333333333334
results/sensitivity96/repeat2-fold2/audit.json,models/lw_tangent/candidates/1/fold_auc/2,0.6948051948051948
results/sensitivity96/repeat2-fold2/audit.json,models/lw_tangent/candidates/2/mean_inner_auc,0.7500106730875961
results/sensitivity96/repeat2-fold2/audit.json,models/lw_tangent/candidates/2/fold_auc/0,0.7218934911242603
results/sensitivity96/repeat2-fold2/audit.json,models/lw_tangent/candidates/2/fold_auc/1,0.8333333333333334
results/sensitivity96/repeat2-fold2/audit.json,models/lw_tangent/candidates/2/fold_auc/2,0.6948051948051948
results/sensitivity96/repeat2-fold2/audit.json,models/lw_tangent/candidates/3/mean_inner_auc,0.7541475618398695
results/sensitivity96/repeat2-fold2/audit.json,models/lw_tangent/candidates/3/fold_auc/0,0.727810650887574
results/sensitivity96/repeat2-fold2/audit.json,models/lw_tangent/candidates/3/fold_auc/1,0.8333333333333334
results/sensitivity96/repeat2-fold2/audit.json,models/lw_tangent/candidates/3/fold_auc/2,0.7012987012987013
results/sensitivity96/repeat2-fold2/audit.json,models/lw_tangent/chosen/mean_inner_auc,0.7557709384632462
results/sensitivity96/repeat2-fold2/audit.json,models/lw_tangent/chosen/fold_auc/0,0.7278106508875739
results/sensitivity96/repeat2-fold2/audit.json,models/lw_tangent/chosen/fold_auc/1,0.8511904761904762
results/sensitivity96/repeat2-fold2/audit.json,models/lw_tangent/chosen/fold_auc/2,0.6883116883116882
results/sensitivity96/repeat2-fold2/audit.json,models/node_strength180/candidates/0/mean_inner_auc,0.6515098149713534
results/sensitivity96/repeat2-fold2/audit.json,models/node_strength180/candidates/0/fold_auc/0,0.6390532544378698
results/sensitivity96/repeat2-fold2/audit.json,models/node_strength180/candidates/0/fold_auc/1,0.6011904761904762
results/sensitivity96/repeat2-fold2/audit.json,models/node_strength180/candidates/0/fold_auc/2,0.7142857142857143
results/sensitivity96/repeat2-fold2/audit.json,models/node_strength180/candidates/1/mean_inner_auc,0.6395068606607067
results/sensitivity96/repeat2-fold2/audit.json,models/node_strength180/candidates/1/fold_auc/0,0.5976331360946745
results/sensitivity96/repeat2-fold2/audit.json,models/node_strength180/candidates/1/fold_auc/1,0.6130952380952381
results/sensitivity96/repeat2-fold2/audit.json,models/node_strength180/candidates/1/fold_auc/2,0.7077922077922076
results/sensitivity96/repeat2-fold2/audit.json,models/node_strength180/candidates/2/mean_inner_auc,0.6433417010340087
results/sensitivity96/repeat2-fold2/audit.json,models/node_strength180/candidates/2/fold_auc/0,0.5739644970414202
results/sensitivity96/repeat2-fold2/audit.json,models/node_strength180/candidates/2/fold_auc/1,0.5833333333333333
results/sensitivity96/repeat2-fold2/audit.json,models/node_strength180/candidates/2/fold_auc/2,0.7727272727272727
results/sensitivity96/repeat2-fold2/audit.json,models/node_strength180/candidates/3/mean_inner_auc,0.6423533731226039
results/sensitivity96/repeat2-fold2/audit.json,models/node_strength180/candidates/3/fold_auc/0,0.5266272189349113
results/sensitivity96/repeat2-fold2/audit.json,models/node_strength180/candidates/3/fold_auc/1,0.5952380952380952
results/sensitivity96/repeat2-fold2/audit.json,models/node_strength180/candidates/3/fold_auc/2,0.8051948051948052
results/sensitivity96/repeat2-fold2/audit.json,models/node_strength180/chosen/mean_inner_auc,0.6515098149713534
results/sensitivity96/repeat2-fold2/audit.json,models/node_strength180/chosen/fold_auc/0,0.6390532544378698
results/sensitivity96/repeat2-fold2/audit.json,models/node_strength180/chosen/fold_auc/1,0.6011904761904762
results/sensitivity96/repeat2-fold2/audit.json,models/node_strength180/chosen/fold_auc/2,0.7142857142857143
results/sensitivity96/repeat2-fold3/audit.json,models/lw_fc/candidates/0/mean_inner_auc,0.5849161522238445
results/sensitivity96/repeat2-fold3/audit.json,models/lw_fc/candidates/0/fold_auc/0,0.6568047337278107
results/sensitivity96/repeat2-fold3/audit.json,models/lw_fc/candidates/0/fold_auc/1,0.494047619047619
results/sensitivity96/repeat2-fold3/audit.json,models/lw_fc/candidates/0/fold_auc/2,0.6038961038961039
results/sensitivity96/repeat2-fold3/audit.json,models/lw_fc/candidates/1/mean_inner_auc,0.5726858611473996
results/sensitivity96/repeat2-fold3/audit.json,models/lw_fc/candidates/1/fold_auc/0,0.6390532544378698
results/sensitivity96/repeat2-fold3/audit.json,models/lw_fc/candidates/1/fold_auc/1,0.48809523809523814
results/sensitivity96/repeat2-fold3/audit.json,models/lw_fc/candidates/1/fold_auc/2,0.5909090909090909
results/sensitivity96/repeat2-fold3/audit.json,models/lw_fc/candidates/2/mean_inner_auc,0.558459702690472
results/sensitivity96/repeat2-fold3/audit.json,models/lw_fc/candidates/2/fold_auc/0,0.6272189349112426
results/sensitivity96/repeat2-fold3/audit.json,models/lw_fc/candidates/2/fold_auc/1,0.47023809523809523
results/sensitivity96/repeat2-fold3/audit.json,models/lw_fc/candidates/2/fold_auc/2,0.577922077922078
results/sensitivity96/repeat2-fold3/audit.json,models/lw_fc/candidates/3/mean_inner_auc,0.558459702690472
results/sensitivity96/repeat2-fold3/audit.json,models/lw_fc/candidates/3/fold_auc/0,0.6272189349112426
results/sensitivity96/repeat2-fold3/audit.json,models/lw_fc/candidates/3/fold_auc/1,0.47023809523809523
results/sensitivity96/repeat2-fold3/audit.json,models/lw_fc/candidates/3/fold_auc/2,0.577922077922078
results/sensitivity96/repeat2-fold3/audit.json,models/lw_fc/chosen/mean_inner_auc,0.5849161522238445
results/sensitivity96/repeat2-fold3/audit.json,models/lw_fc/chosen/fold_auc/0,0.6568047337278107
results/sensitivity96/repeat2-fold3/audit.json,models/lw_fc/chosen/fold_auc/1,0.494047619047619
results/sensitivity96/repeat2-fold3/audit.json,models/lw_fc/chosen/fold_auc/2,0.6038961038961039
results/sensitivity96/repeat2-fold3/audit.json,models/lw_tangent/candidates/0/mean_inner_auc,0.7759110547572087
results/sensitivity96/repeat2-fold3/audit.json,models/lw_tangent/candidates/0/fold_auc/0,0.9408284023668638
results/sensitivity96/repeat2-fold3/audit.json,models/lw_tangent/candidates/0/fold_auc/1,0.6726190476190476
results/sensitivity96/repeat2-fold3/audit.json,models/lw_tangent/candidates/0/fold_auc/2,0.7142857142857143
results/sensitivity96/repeat2-fold3/audit.json,models/lw_tangent/candidates/1/mean_inner_auc,0.7777030661646046
results/sensitivity96/repeat2-fold3/audit.json,models/lw_tangent/candidates/1/fold_auc/0,0.9467455621301775
results/sensitivity96/repeat2-fold3/audit.json,models/lw_tangent/candidates/1/fold_auc/1,0.6785714285714285
results/sensitivity96/repeat2-fold3/audit.json,models/lw_tangent/candidates/1/fold_auc/2,0.7077922077922079
results/sensitivity96/repeat2-fold3/audit.json,models/lw_tangent/candidates/2/mean_inner_auc,0.7777030661646046
results/sensitivity96/repeat2-fold3/audit.json,models/lw_tangent/candidates/2/fold_auc/0,0.9467455621301775
results/sensitivity96/repeat2-fold3/audit.json,models/lw_tangent/candidates/2/fold_auc/1,0.6785714285714285
results/sensitivity96/repeat2-fold3/audit.json,models/lw_tangent/candidates/2/fold_auc/2,0.7077922077922079
results/sensitivity96/repeat2-fold3/audit.json,models/lw_tangent/candidates/3/mean_inner_auc,0.7735544370159754
results/sensitivity96/repeat2-fold3/audit.json,models/lw_tangent/candidates/3/fold_auc/0,0.9467455621301775
results/sensitivity96/repeat2-fold3/audit.json,models/lw_tangent/candidates/3/fold_auc/1,0.6726190476190476
results/sensitivity96/repeat2-fold3/audit.json,models/lw_tangent/candidates/3/fold_auc/2,0.7012987012987013
results/sensitivity96/repeat2-fold3/audit.json,models/lw_tangent/chosen/mean_inner_auc,0.7777030661646046
results/sensitivity96/repeat2-fold3/audit.json,models/lw_tangent/chosen/fold_auc/0,0.9467455621301775
results/sensitivity96/repeat2-fold3/audit.json,models/lw_tangent/chosen/fold_auc/1,0.6785714285714285
results/sensitivity96/repeat2-fold3/audit.json,models/lw_tangent/chosen/fold_auc/2,0.7077922077922079
results/sensitivity96/repeat2-fold3/audit.json,models/node_strength180/candidates/0/mean_inner_auc,0.5936211224672764
results/sensitivity96/repeat2-fold3/audit.json,models/node_strength180/candidates/0/fold_auc/0,0.6331360946745562
results/sensitivity96/repeat2-fold3/audit.json,models/node_strength180/candidates/0/fold_auc/1,0.5892857142857143
results/sensitivity96/repeat2-fold3/audit.json,models/node_strength180/candidates/0/fold_auc/2,0.5584415584415585
results/sensitivity96/repeat2-fold3/audit.json,models/node_strength180/candidates/1/mean_inner_auc,0.5512639070331379
results/sensitivity96/repeat2-fold3/audit.json,models/node_strength180/candidates/1/fold_auc/0,0.5266272189349113
results/sensitivity96/repeat2-fold3/audit.json,models/node_strength180/candidates/1/fold_auc/1,0.5297619047619049
results/sensitivity96/repeat2-fold3/audit.json,models/node_strength180/candidates/1/fold_auc/2,0.5974025974025974
results/sensitivity96/repeat2-fold3/audit.json,models/node_strength180/candidates/2/mean_inner_auc,0.5517932921779076
results/sensitivity96/repeat2-fold3/audit.json,models/node_strength180/candidates/2/fold_auc/0,0.5325443786982249
results/sensitivity96/repeat2-fold3/audit.json,models/node_strength180/candidates/2/fold_auc/1,0.5059523809523809
results/sensitivity96/repeat2-fold3/audit.json,models/node_strength180/candidates/2/fold_auc/2,0.6168831168831169
results/sensitivity96/repeat2-fold3/audit.json,models/node_strength180/candidates/3/mean_inner_auc,0.5209726171264633
results/sensitivity96/repeat2-fold3/audit.json,models/node_strength180/candidates/3/fold_auc/0,0.5207100591715976
results/sensitivity96/repeat2-fold3/audit.json,models/node_strength180/candidates/3/fold_auc/1,0.4642857142857143
results/sensitivity96/repeat2-fold3/audit.json,models/node_strength180/candidates/3/fold_auc/2,0.577922077922078
results/sensitivity96/repeat2-fold3/audit.json,models/node_strength180/chosen/mean_inner_auc,0.5936211224672764
results/sensitivity96/repeat2-fold3/audit.json,models/node_strength180/chosen/fold_auc/0,0.6331360946745562
results/sensitivity96/repeat2-fold3/audit.json,models/node_strength180/chosen/fold_auc/1,0.5892857142857143
results/sensitivity96/repeat2-fold3/audit.json,models/node_strength180/chosen/fold_auc/2,0.5584415584415585
results/sensitivity96/repeat2-fold4/audit.json,models/lw_fc/candidates/0/mean_inner_auc,0.7368037944961022
results/sensitivity96/repeat2-fold4/audit.json,models/lw_fc/candidates/0/fold_auc/0,0.650887573964497
results/sensitivity96/repeat2-fold4/audit.json,models/lw_fc/candidates/0/fold_auc/1,0.7023809523809523
results/sensitivity96/repeat2-fold4/audit.json,models/lw_fc/candidates/0/fold_auc/2,0.8571428571428571
results/sensitivity96/repeat2-fold4/audit.json,models/lw_fc/candidates/1/mean_inner_auc,0.7348314079083309
results/sensitivity96/repeat2-fold4/audit.json,models/lw_fc/candidates/1/fold_auc/0,0.6449704142011834
results/sensitivity96/repeat2-fold4/audit.json,models/lw_fc/candidates/1/fold_auc/1,0.7023809523809523
results/sensitivity96/repeat2-fold4/audit.json,models/lw_fc/candidates/1/fold_auc/2,0.8571428571428571
results/sensitivity96/repeat2-fold4/audit.json,models/lw_fc/candidates/2/mean_inner_auc,0.7388114022729407
results/sensitivity96/repeat2-fold4/audit.json,models/lw_fc/candidates/2/fold_auc/0,0.6390532544378698
results/sensitivity96/repeat2-fold4/audit.json,models/lw_fc/candidates/2/fold_auc/1,0.7202380952380952
results/sensitivity96/repeat2-fold4/audit.json,models/lw_fc/candidates/2/fold_auc/2,0.8571428571428571
results/sensitivity96/repeat2-fold4/audit.json,models/lw_fc/candidates/3/mean_inner_auc,0.740783788860712
results/sensitivity96/repeat2-fold4/audit.json,models/lw_fc/candidates/3/fold_auc/0,0.6449704142011834
results/sensitivity96/repeat2-fold4/audit.json,models/lw_fc/candidates/3/fold_auc/1,0.7202380952380952
results/sensitivity96/repeat2-fold4/audit.json,models/lw_fc/candidates/3/fold_auc/2,0.8571428571428571
results/sensitivity96/repeat2-fold4/audit.json,models/lw_fc/chosen/mean_inner_auc,0.740783788860712
results/sensitivity96/repeat2-fold4/audit.json,models/lw_fc/chosen/fold_auc/0,0.6449704142011834
results/sensitivity96/repeat2-fold4/audit.json,models/lw_fc/chosen/fold_auc/1,0.7202380952380952
results/sensitivity96/repeat2-fold4/audit.json,models/lw_fc/chosen/fold_auc/2,0.8571428571428571
results/sensitivity96/repeat2-fold4/audit.json,models/lw_tangent/candidates/0/mean_inner_auc,0.8222397260858799
results/sensitivity96/repeat2-fold4/audit.json,models/lw_tangent/candidates/0/fold_auc/0,0.863905325443787
results/sensitivity96/repeat2-fold4/audit.json,models/lw_tangent/candidates/0/fold_auc/1,0.7976190476190477
results/sensitivity96/repeat2-fold4/audit.json,models/lw_tangent/candidates/0/fold_auc/2,0.8051948051948051
results/sensitivity96/repeat2-fold4/audit.json,models/lw_tangent/candidates/1/mean_inner_auc,0.8305017631940709
results/sensitivity96/repeat2-fold4/audit.json,models/lw_tangent/candidates/1/fold_auc/0,0.8816568047337278
results/sensitivity96/repeat2-fold4/audit.json,models/lw_tangent/candidates/1/fold_auc/1,0.7916666666666666
results/sensitivity96/repeat2-fold4/audit.json,models/lw_tangent/candidates/1/fold_auc/2,0.8181818181818182
results/sensitivity96/repeat2-fold4/audit.json,models/lw_tangent/candidates/2/mean_inner_auc,0.8305017631940709
results/sensitivity96/repeat2-fold4/audit.json,models/lw_tangent/candidates/2/fold_auc/0,0.8816568047337278
results/sensitivity96/repeat2-fold4/audit.json,models/lw_tangent/candidates/2/fold_auc/1,0.7916666666666666
results/sensitivity96/repeat2-fold4/audit.json,models/lw_tangent/candidates/2/fold_auc/2,0.8181818181818182
results/sensitivity96/repeat2-fold4/audit.json,models/lw_tangent/candidates/3/mean_inner_auc,0.8364541441464519
results/sensitivity96/repeat2-fold4/audit.json,models/lw_tangent/candidates/3/fold_auc/0,0.8816568047337278
results/sensitivity96/repeat2-fold4/audit.json,models/lw_tangent/candidates/3/fold_auc/1,0.8095238095238095
results/sensitivity96/repeat2-fold4/audit.json,models/lw_tangent/candidates/3/fold_auc/2,0.8181818181818182
results/sensitivity96/repeat2-fold4/audit.json,models/lw_tangent/chosen/mean_inner_auc,0.8364541441464519
results/sensitivity96/repeat2-fold4/audit.json,models/lw_tangent/chosen/fold_auc/0,0.8816568047337278
results/sensitivity96/repeat2-fold4/audit.json,models/lw_tangent/chosen/fold_auc/1,0.8095238095238095
results/sensitivity96/repeat2-fold4/audit.json,models/lw_tangent/chosen/fold_auc/2,0.8181818181818182
results/sensitivity96/repeat2-fold4/audit.json,models/node_strength180/candidates/0/mean_inner_auc,0.6923493173493173
results/sensitivity96/repeat2-fold4/audit.json,models/node_strength180/candidates/0/fold_auc/0,0.6923076923076923
results/sensitivity96/repeat2-fold4/audit.json,models/node_strength180/candidates/0/fold_auc/1,0.625
results/sensitivity96/repeat2-fold4/audit.json,models/node_strength180/candidates/0/fold_auc/2,0.7597402597402597
results/sensitivity96/repeat2-fold4/audit.json,models/node_strength180/candidates/1/mean_inner_auc,0.7217152505614045
results/sensitivity96/repeat2-fold4/audit.json,models/node_strength180/candidates/1/fold_auc/0,0.7100591715976331
results/sensitivity96/repeat2-fold4/audit.json,models/node_strength180/candidates/1/fold_auc/1,0.6369047619047619
results/sensitivity96/repeat2-fold4/audit.json,models/node_strength180/candidates/1/fold_auc/2,0.8181818181818181
results/sensitivity96/repeat2-fold4/audit.json,models/node_strength180/candidates/2/mean_inner_auc,0.7413409240332318
results/sensitivity96/repeat2-fold4/audit.json,models/node_strength180/candidates/2/fold_auc/0,0.7278106508875741
results/sensitivity96/repeat2-fold4/audit.json,models/node_strength180/candidates/2/fold_auc/1,0.6845238095238095
results/sensitivity96/repeat2-fold4/audit.json,models/node_strength180/candidates/2/fold_auc/2,0.8116883116883117
results/sensitivity96/repeat2-fold4/audit.json,models/node_strength180/candidates/3/mean_inner_auc,0.7398509610048071
results/sensitivity96/repeat2-fold4/audit.json,models/node_strength180/candidates/3/fold_auc/0,0.7514792899408284
results/sensitivity96/repeat2-fold4/audit.json,models/node_strength180/candidates/3/fold_auc/1,0.7083333333333334
results/sensitivity96/repeat2-fold4/audit.json,models/node_strength180/candidates/3/fold_auc/2,0.7597402597402597
results/sensitivity96/repeat2-fold4/audit.json,models/node_strength180/chosen/mean_inner_auc,0.7413409240332318
results/sensitivity96/repeat2-fold4/audit.json,models/node_strength180/chosen/fold_auc/0,0.7278106508875741
results/sensitivity96/repeat2-fold4/audit.json,models/node_strength180/chosen/fold_auc/1,0.6845238095238095
results/sensitivity96/repeat2-fold4/audit.json,models/node_strength180/chosen/fold_auc/2,0.8116883116883117
results/sensitivity96/repeat2-fold5/audit.json,models/lw_fc/candidates/0/mean_inner_auc,0.60494227994228
results/sensitivity96/repeat2-fold5/audit.json,models/lw_fc/candidates/0/fold_auc/0,0.4484848484848485
results/sensitivity96/repeat2-fold5/audit.json,models/lw_fc/candidates/0/fold_auc/1,0.6845238095238095
results/sensitivity96/repeat2-fold5/audit.json,models/lw_fc/candidates/0/fold_auc/2,0.6818181818181819
results/sensitivity96/repeat2-fold5/audit.json,models/lw_fc/candidates/1/mean_inner_auc,0.5983044733044733
results/sensitivity96/repeat2-fold5/audit.json,models/lw_fc/candidates/1/fold_auc/0,0.45454545454545453
results/sensitivity96/repeat2-fold5/audit.json,models/lw_fc/candidates/1/fold_auc/1,0.6845238095238095
results/sensitivity96/repeat2-fold5/audit.json,models/lw_fc/candidates/1/fold_auc/2,0.6558441558441559
results/sensitivity96/repeat2-fold5/audit.json,models/lw_fc/candidates/2/mean_inner_auc,0.5836219336219336
results/sensitivity96/repeat2-fold5/audit.json,models/lw_fc/candidates/2/fold_auc/0,0.44242424242424244
results/sensitivity96/repeat2-fold5/audit.json,models/lw_fc/candidates/2/fold_auc/1,0.6785714285714285
results/sensitivity96/repeat2-fold5/audit.json,models/lw_fc/candidates/2/fold_auc/2,0.6298701298701299
results/sensitivity96/repeat2-fold5/audit.json,models/lw_fc/candidates/3/mean_inner_auc,0.5773088023088023
results/sensitivity96/repeat2-fold5/audit.json,models/lw_fc/candidates/3/fold_auc/0,0.44242424242424244
results/sensitivity96/repeat2-fold5/audit.json,models/lw_fc/candidates/3/fold_auc/1,0.6726190476190476
results/sensitivity96/repeat2-fold5/audit.json,models/lw_fc/candidates/3/fold_auc/2,0.6168831168831168
results/sensitivity96/repeat2-fold5/audit.json,models/lw_fc/chosen/mean_inner_auc,0.60494227994228
results/sensitivity96/repeat2-fold5/audit.json,models/lw_fc/chosen/fold_auc/0,0.4484848484848485
results/sensitivity96/repeat2-fold5/audit.json,models/lw_fc/chosen/fold_auc/1,0.6845238095238095
results/sensitivity96/repeat2-fold5/audit.json,models/lw_fc/chosen/fold_auc/2,0.6818181818181819
results/sensitivity96/repeat2-fold5/audit.json,models/lw_tangent/candidates/0/mean_inner_auc,0.7155844155844155
results/sensitivity96/repeat2-fold5/audit.json,models/lw_tangent/candidates/0/fold_auc/0,0.6727272727272728
results/sensitivity96/repeat2-fold5/audit.json,models/lw_tangent/candidates/0/fold_auc/1,0.7142857142857142
results/sensitivity96/repeat2-fold5/audit.json,models/lw_tangent/candidates/0/fold_auc/2,0.7597402597402598
results/sensitivity96/repeat2-fold5/audit.json,models/lw_tangent/candidates/1/mean_inner_auc,0.7158008658008659
results/sensitivity96/repeat2-fold5/audit.json,models/lw_tangent/candidates/1/fold_auc/0,0.6484848484848486
results/sensitivity96/repeat2-fold5/audit.json,models/lw_tangent/candidates/1/fold_auc/1,0.726190476190476
results/sensitivity96/repeat2-fold5/audit.json,models/lw_tangent/candidates/1/fold_auc/2,0.7727272727272728
results/sensitivity96/repeat2-fold5/audit.json,models/lw_tangent/candidates/2/mean_inner_auc,0.721969696969697
results/sensitivity96/repeat2-fold5/audit.json,models/lw_tangent/candidates/2/fold_auc/0,0.6545454545454545
results/sensitivity96/repeat2-fold5/audit.json,models/lw_tangent/candidates/2/fold_auc/1,0.7321428571428571
results/sensitivity96/repeat2-fold5/audit.json,models/lw_tangent/candidates/2/fold_auc/2,0.7792207792207793
results/sensitivity96/repeat2-fold5/audit.json,models/lw_tangent/candidates/3/mean_inner_auc,0.723953823953824
results/sensitivity96/repeat2-fold5/audit.json,models/lw_tangent/candidates/3/fold_auc/0,0.6545454545454545
results/sensitivity96/repeat2-fold5/audit.json,models/lw_tangent/candidates/3/fold_auc/1,0.7380952380952381
results/sensitivity96/repeat2-fold5/audit.json,models/lw_tangent/candidates/3/fold_auc/2,0.7792207792207793
results/sensitivity96/repeat2-fold5/audit.json,models/lw_tangent/chosen/mean_inner_auc,0.723953823953824
results/sensitivity96/repeat2-fold5/audit.json,models/lw_tangent/chosen/fold_auc/0,0.6545454545454545
results/sensitivity96/repeat2-fold5/audit.json,models/lw_tangent/chosen/fold_auc/1,0.7380952380952381
results/sensitivity96/repeat2-fold5/audit.json,models/lw_tangent/chosen/fold_auc/2,0.7792207792207793
results/sensitivity96/repeat2-fold5/audit.json,models/node_strength180/candidates/0/mean_inner_auc,0.6484487734487735
results/sensitivity96/repeat2-fold5/audit.json,models/node_strength180/candidates/0/fold_auc/0,0.48484848484848486
results/sensitivity96/repeat2-fold5/audit.json,models/node_strength180/candidates/0/fold_auc/1,0.7202380952380952
results/sensitivity96/repeat2-fold5/audit.json,models/node_strength180/candidates/0/fold_auc/2,0.7402597402597404
results/sensitivity96/repeat2-fold5/audit.json,models/node_strength180/candidates/1/mean_inner_auc,0.5939393939393939
results/sensitivity96/repeat2-fold5/audit.json,models/node_strength180/candidates/1/fold_auc/0,0.4181818181818182
results/sensitivity96/repeat2-fold5/audit.json,models/node_strength180/candidates/1/fold_auc/1,0.6428571428571428
results/sensitivity96/repeat2-fold5/audit.json,models/node_strength180/candidates/1/fold_auc/2,0.7207792207792209
results/sensitivity96/repeat2-fold5/audit.json,models/node_strength180/candidates/2/mean_inner_auc,0.5963203463203464
results/sensitivity96/repeat2-fold5/audit.json,models/node_strength180/candidates/2/fold_auc/0,0.4545454545454546
results/sensitivity96/repeat2-fold5/audit.json,models/node_strength180/candidates/2/fold_auc/1,0.6071428571428571
results/sensitivity96/repeat2-fold5/audit.json,models/node_strength180/candidates/2/fold_auc/2,0.7272727272727273
results/sensitivity96/repeat2-fold5/audit.json,models/node_strength180/candidates/3/mean_inner_auc,0.5866883116883116
results/sensitivity96/repeat2-fold5/audit.json,models/node_strength180/candidates/3/fold_auc/0,0.44242424242424244
results/sensitivity96/repeat2-fold5/audit.json,models/node_strength180/candidates/3/fold_auc/1,0.5773809523809523
results/sensitivity96/repeat2-fold5/audit.json,models/node_strength180/candidates/3/fold_auc/2,0.7402597402597402
results/sensitivity96/repeat2-fold5/audit.json,models/node_strength180/chosen/mean_inner_auc,0.6484487734487735
results/sensitivity96/repeat2-fold5/audit.json,models/node_strength180/chosen/fold_auc/0,0.48484848484848486
results/sensitivity96/repeat2-fold5/audit.json,models/node_strength180/chosen/fold_auc/1,0.7202380952380952
results/sensitivity96/repeat2-fold5/audit.json,models/node_strength180/chosen/fold_auc/2,0.7402597402597404
results/sensitivity96/repeat3-fold1/audit.json,models/lw_fc/candidates/0/mean_inner_auc,0.6058802308802308
results/sensitivity96/repeat3-fold1/audit.json,models/lw_fc/candidates/0/fold_auc/0,0.7202380952380951
results/sensitivity96/repeat3-fold1/audit.json,models/lw_fc/candidates/0/fold_auc/1,0.6038961038961039
results/sensitivity96/repeat3-fold1/audit.json,models/lw_fc/candidates/0/fold_auc/2,0.49350649350649345
results/sensitivity96/repeat3-fold1/audit.json,models/lw_fc/candidates/1/mean_inner_auc,0.5806277056277057
results/sensitivity96/repeat3-fold1/audit.json,models/lw_fc/candidates/1/fold_auc/0,0.6964285714285715
results/sensitivity96/repeat3-fold1/audit.json,models/lw_fc/candidates/1/fold_auc/1,0.5909090909090909
results/sensitivity96/repeat3-fold1/audit.json,models/lw_fc/candidates/1/fold_auc/2,0.45454545454545453
results/sensitivity96/repeat3-fold1/audit.json,models/lw_fc/candidates/2/mean_inner_auc,0.5784632034632035
results/sensitivity96/repeat3-fold1/audit.json,models/lw_fc/candidates/2/fold_auc/0,0.6964285714285714
results/sensitivity96/repeat3-fold1/audit.json,models/lw_fc/candidates/2/fold_auc/1,0.5844155844155844
results/sensitivity96/repeat3-fold1/audit.json,models/lw_fc/candidates/2/fold_auc/2,0.45454545454545453
results/sensitivity96/repeat3-fold1/audit.json,models/lw_fc/candidates/3/mean_inner_auc,0.5699855699855699
results/sensitivity96/repeat3-fold1/audit.json,models/lw_fc/candidates/3/fold_auc/0,0.6904761904761905
results/sensitivity96/repeat3-fold1/audit.json,models/lw_fc/candidates/3/fold_auc/1,0.5584415584415585
results/sensitivity96/repeat3-fold1/audit.json,models/lw_fc/candidates/3/fold_auc/2,0.461038961038961
results/sensitivity96/repeat3-fold1/audit.json,models/lw_fc/chosen/mean_inner_auc,0.6058802308802308
results/sensitivity96/repeat3-fold1/audit.json,models/lw_fc/chosen/fold_auc/0,0.7202380952380951
results/sensitivity96/repeat3-fold1/audit.json,models/lw_fc/chosen/fold_auc/1,0.6038961038961039
results/sensitivity96/repeat3-fold1/audit.json,models/lw_fc/chosen/fold_auc/2,0.49350649350649345
results/sensitivity96/repeat3-fold1/audit.json,models/lw_tangent/candidates/0/mean_inner_auc,0.6848845598845599
results/sensitivity96/repeat3-fold1/audit.json,models/lw_tangent/candidates/0/fold_auc/0,0.6845238095238095
results/sensitivity96/repeat3-fold1/audit.json,models/lw_tangent/candidates/0/fold_auc/1,0.7532467532467533
results/sensitivity96/repeat3-fold1/audit.json,models/lw_tangent/candidates/0/fold_auc/2,0.6168831168831169
results/sensitivity96/repeat3-fold1/audit.json,models/lw_tangent/candidates/1/mean_inner_auc,0.6865079365079364
results/sensitivity96/repeat3-fold1/audit.json,models/lw_tangent/candidates/1/fold_auc/0,0.7023809523809523
results/sensitivity96/repeat3-fold1/audit.json,models/lw_tangent/candidates/1/fold_auc/1,0.7402597402597402
results/sensitivity96/repeat3-fold1/audit.json,models/lw_tangent/candidates/1/fold_auc/2,0.6168831168831168
results/sensitivity96/repeat3-fold1/audit.json,models/lw_tangent/candidates/2/mean_inner_auc,0.6865079365079364
results/sensitivity96/repeat3-fold1/audit.json,models/lw_tangent/candidates/2/fold_auc/0,0.7023809523809523
results/sensitivity96/repeat3-fold1/audit.json,models/lw_tangent/candidates/2/fold_auc/1,0.7402597402597402
results/sensitivity96/repeat3-fold1/audit.json,models/lw_tangent/candidates/2/fold_auc/2,0.6168831168831168
results/sensitivity96/repeat3-fold1/audit.json,models/lw_tangent/candidates/3/mean_inner_auc,0.6865079365079364
results/sensitivity96/repeat3-fold1/audit.json,models/lw_tangent/candidates/3/fold_auc/0,0.7023809523809523
results/sensitivity96/repeat3-fold1/audit.json,models/lw_tangent/candidates/3/fold_auc/1,0.7402597402597402
results/sensitivity96/repeat3-fold1/audit.json,models/lw_tangent/candidates/3/fold_auc/2,0.6168831168831168
results/sensitivity96/repeat3-fold1/audit.json,models/lw_tangent/chosen/mean_inner_auc,0.6865079365079364
results/sensitivity96/repeat3-fold1/audit.json,models/lw_tangent/chosen/fold_auc/0,0.7023809523809523
results/sensitivity96/repeat3-fold1/audit.json,models/lw_tangent/chosen/fold_auc/1,0.7402597402597402
results/sensitivity96/repeat3-fold1/audit.json,models/lw_tangent/chosen/fold_auc/2,0.6168831168831168
results/sensitivity96/repeat3-fold1/audit.json,models/node_strength180/candidates/0/mean_inner_auc,0.6502525252525252
results/sensitivity96/repeat3-fold1/audit.json,models/node_strength180/candidates/0/fold_auc/0,0.7559523809523809
results/sensitivity96/repeat3-fold1/audit.json,models/node_strength180/candidates/0/fold_auc/1,0.6233766233766234
results/sensitivity96/repeat3-fold1/audit.json,models/node_strength180/candidates/0/fold_auc/2,0.5714285714285714
results/sensitivity96/repeat3-fold1/audit.json,models/node_strength180/candidates/1/mean_inner_auc,0.6215728715728716
results/sensitivity96/repeat3-fold1/audit.json,models/node_strength180/candidates/1/fold_auc/0,0.7023809523809523
results/sensitivity96/repeat3-fold1/audit.json,models/node_strength180/candidates/1/fold_auc/1,0.6363636363636365
results/sensitivity96/repeat3-fold1/audit.json,models/node_strength180/candidates/1/fold_auc/2,0.525974025974026
results/sensitivity96/repeat3-fold1/audit.json,models/node_strength180/candidates/2/mean_inner_auc,0.6271645021645021
results/sensitivity96/repeat3-fold1/audit.json,models/node_strength180/candidates/2/fold_auc/0,0.6607142857142857
results/sensitivity96/repeat3-fold1/audit.json,models/node_strength180/candidates/2/fold_auc/1,0.7207792207792207
results/sensitivity96/repeat3-fold1/audit.json,models/node_strength180/candidates/2/fold_auc/2,0.5
results/sensitivity96/repeat3-fold1/audit.json,models/node_strength180/candidates/3/mean_inner_auc,0.6314935064935066
results/sensitivity96/repeat3-fold1/audit.json,models/node_strength180/candidates/3/fold_auc/0,0.6607142857142857
results/sensitivity96/repeat3-fold1/audit.json,models/node_strength180/candidates/3/fold_auc/1,0.7207792207792207
results/sensitivity96/repeat3-fold1/audit.json,models/node_strength180/candidates/3/fold_auc/2,0.512987012987013
results/sensitivity96/repeat3-fold1/audit.json,models/node_strength180/chosen/mean_inner_auc,0.6502525252525252
results/sensitivity96/repeat3-fold1/audit.json,models/node_strength180/chosen/fold_auc/0,0.7559523809523809
results/sensitivity96/repeat3-fold1/audit.json,models/node_strength180/chosen/fold_auc/1,0.6233766233766234
results/sensitivity96/repeat3-fold1/audit.json,models/node_strength180/chosen/fold_auc/2,0.5714285714285714
results/sensitivity96/repeat3-fold2/audit.json,models/lw_fc/candidates/0/mean_inner_auc,0.6838012414935492
results/sensitivity96/repeat3-fold2/audit.json,models/lw_fc/candidates/0/fold_auc/0,0.7278106508875739
results/sensitivity96/repeat3-fold2/audit.json,models/lw_fc/candidates/0/fold_auc/1,0.6547619047619048
results/sensitivity96/repeat3-fold2/audit.json,models/lw_fc/candidates/0/fold_auc/2,0.6688311688311688
results/sensitivity96/repeat3-fold2/audit.json,models/lw_fc/candidates/1/mean_inner_auc,0.6950944354790508
results/sensitivity96/repeat3-fold2/audit.json,models/lw_fc/candidates/1/fold_auc/0,0.7633136094674556
results/sensitivity96/repeat3-fold2/audit.json,models/lw_fc/candidates/1/fold_auc/1,0.6726190476190476
results/sensitivity96/repeat3-fold2/audit.json,models/lw_fc/candidates/1/fold_auc/2,0.6493506493506493
results/sensitivity96/repeat3-fold2/audit.json,models/lw_fc/candidates/2/mean_inner_auc,0.686773696389081
results/sensitivity96/repeat3-fold2/audit.json,models/lw_fc/candidates/2/fold_auc/0,0.7751479289940828
results/sensitivity96/repeat3-fold2/audit.json,models/lw_fc/candidates/2/fold_auc/1,0.6488095238095237
results/sensitivity96/repeat3-fold2/audit.json,models/lw_fc/candidates/2/fold_auc/2,0.6363636363636364
results/sensitivity96/repeat3-fold2/audit.json,models/lw_fc/candidates/3/mean_inner_auc,0.6828054424208271
results/sensitivity96/repeat3-fold2/audit.json,models/lw_fc/candidates/3/fold_auc/0,0.7751479289940828
results/sensitivity96/repeat3-fold2/audit.json,models/lw_fc/candidates/3/fold_auc/1,0.6369047619047619
results/sensitivity96/repeat3-fold2/audit.json,models/lw_fc/candidates/3/fold_auc/2,0.6363636363636364
results/sensitivity96/repeat3-fold2/audit.json,models/lw_fc/chosen/mean_inner_auc,0.6950944354790508
results/sensitivity96/repeat3-fold2/audit.json,models/lw_fc/chosen/fold_auc/0,0.7633136094674556
results/sensitivity96/repeat3-fold2/audit.json,models/lw_fc/chosen/fold_auc/1,0.6726190476190476
results/sensitivity96/repeat3-fold2/audit.json,models/lw_fc/chosen/fold_auc/2,0.6493506493506493
results/sensitivity96/repeat3-fold2/audit.json,models/lw_tangent/candidates/0/mean_inner_auc,0.8010376375760991
results/sensitivity96/repeat3-fold2/audit.json,models/lw_tangent/candidates/0/fold_auc/0,0.8224852071005917
results/sensitivity96/repeat3-fold2/audit.json,models/lw_tangent/candidates/0/fold_auc/1,0.7559523809523809
results/sensitivity96/repeat3-fold2/audit.json,models/lw_tangent/candidates/0/fold_auc/2,0.8246753246753247
results/sensitivity96/repeat3-fold2/audit.json,models/lw_tangent/candidates/1/mean_inner_auc,0.8091545206929821
results/sensitivity96/repeat3-fold2/audit.json,models/lw_tangent/candidates/1/fold_auc/0,0.8224852071005917
results/sensitivity96/repeat3-fold2/audit.json,models/lw_tangent/candidates/1/fold_auc/1,0.7738095238095238
results/sensitivity96/repeat3-fold2/audit.json,models/lw_tangent/candidates/1/fold_auc/2,0.8311688311688311
results/sensitivity96/repeat3-fold2/audit.json,models/lw_tangent/candidates/2/mean_inner_auc,0.8131110342648804
results/sensitivity96/repeat3-fold2/audit.json,models/lw_tangent/candidates/2/fold_auc/0,0.8284023668639053
results/sensitivity96/repeat3-fold2/audit.json,models/lw_tangent/candidates/2/fold_auc/1,0.7797619047619048
results/sensitivity96/repeat3-fold2/audit.json,models/lw_tangent/candidates/2/fold_auc/2,0.8311688311688311
results/sensitivity96/repeat3-fold2/audit.json,models/lw_tangent/candidates/3/mean_inner_auc,0.8111386476771091
results/sensitivity96/repeat3-fold2/audit.json,models/lw_tangent/candidates/3/fold_auc/0,0.8224852071005917
results/sensitivity96/repeat3-fold2/audit.json,models/lw_tangent/candidates/3/fold_auc/1,0.7797619047619048
results/sensitivity96/repeat3-fold2/audit.json,models/lw_tangent/candidates/3/fold_auc/2,0.8311688311688311
results/sensitivity96/repeat3-fold2/audit.json,models/lw_tangent/chosen/mean_inner_auc,0.8131110342648804
results/sensitivity96/repeat3-fold2/audit.json,models/lw_tangent/chosen/fold_auc/0,0.8284023668639053
results/sensitivity96/repeat3-fold2/audit.json,models/lw_tangent/chosen/fold_auc/1,0.7797619047619048
results/sensitivity96/repeat3-fold2/audit.json,models/lw_tangent/chosen/fold_auc/2,0.8311688311688311
results/sensitivity96/repeat3-fold2/audit.json,models/node_strength180/candidates/0/mean_inner_auc,0.6863691863691864
results/sensitivity96/repeat3-fold2/audit.json,models/node_strength180/candidates/0/fold_auc/0,0.6153846153846154
results/sensitivity96/repeat3-fold2/audit.json,models/node_strength180/candidates/0/fold_auc/1,0.6190476190476191
results/sensitivity96/repeat3-fold2/audit.json,models/node_strength180/candidates/0/fold_auc/2,0.8246753246753247
results/sensitivity96/repeat3-fold2/audit.json,models/node_strength180/candidates/1/mean_inner_auc,0.6556701845163384
results/sensitivity96/repeat3-fold2/audit.json,models/node_strength180/candidates/1/fold_auc/0,0.6331360946745562
results/sensitivity96/repeat3-fold2/audit.json,models/node_strength180/candidates/1/fold_auc/1,0.6845238095238095
results/sensitivity96/repeat3-fold2/audit.json,models/node_strength180/candidates/1/fold_auc/2,0.6493506493506493
results/sensitivity96/repeat3-fold2/audit.json,models/node_strength180/candidates/2/mean_inner_auc,0.6910514698976238
results/sensitivity96/repeat3-fold2/audit.json,models/node_strength180/candidates/2/fold_auc/0,0.7100591715976331
results/sensitivity96/repeat3-fold2/audit.json,models/node_strength180/candidates/2/fold_auc/1,0.7202380952380953
results/sensitivity96/repeat3-fold2/audit.json,models/node_strength180/candidates/2/fold_auc/2,0.6428571428571428
results/sensitivity96/repeat3-fold2/audit.json,models/node_strength180/candidates/3/mean_inner_auc,0.6762489647105032
results/sensitivity96/repeat3-fold2/audit.json,models/node_strength180/candidates/3/fold_auc/0,0.7159763313609466
results/sensitivity96/repeat3-fold2/audit.json,models/node_strength180/candidates/3/fold_auc/1,0.7023809523809524
results/sensitivity96/repeat3-fold2/audit.json,models/node_strength180/candidates/3/fold_auc/2,0.6103896103896104
results/sensitivity96/repeat3-fold2/audit.json,models/node_strength180/chosen/mean_inner_auc,0.6910514698976238
results/sensitivity96/repeat3-fold2/audit.json,models/node_strength180/chosen/fold_auc/0,0.7100591715976331
results/sensitivity96/repeat3-fold2/audit.json,models/node_strength180/chosen/fold_auc/1,0.7202380952380953
results/sensitivity96/repeat3-fold2/audit.json,models/node_strength180/chosen/fold_auc/2,0.6428571428571428
results/sensitivity96/repeat3-fold3/audit.json,models/lw_fc/candidates/0/mean_inner_auc,0.6551568090029628
results/sensitivity96/repeat3-fold3/audit.json,models/lw_fc/candidates/0/fold_auc/0,0.7100591715976332
results/sensitivity96/repeat3-fold3/audit.json,models/lw_fc/candidates/0/fold_auc/1,0.5476190476190477
results/sensitivity96/repeat3-fold3/audit.json,models/lw_fc/candidates/0/fold_auc/2,0.7077922077922078
results/sensitivity96/repeat3-fold3/audit.json,models/lw_fc/candidates/1/mean_inner_auc,0.6619993254608639
results/sensitivity96/repeat3-fold3/audit.json,models/lw_fc/candidates/1/fold_auc/0,0.7159763313609467
results/sensitivity96/repeat3-fold3/audit.json,models/lw_fc/candidates/1/fold_auc/1,0.5297619047619048
results/sensitivity96/repeat3-fold3/audit.json,models/lw_fc/candidates/1/fold_auc/2,0.7402597402597403
results/sensitivity96/repeat3-fold3/audit.json,models/lw_fc/candidates/2/mean_inner_auc,0.6619758446681523
results/sensitivity96/repeat3-fold3/audit.json,models/lw_fc/candidates/2/fold_auc/0,0.7278106508875739
results/sensitivity96/repeat3-fold3/audit.json,models/lw_fc/candidates/2/fold_auc/1,0.5178571428571429
results/sensitivity96/repeat3-fold3/audit.json,models/lw_fc/candidates/2/fold_auc/2,0.7402597402597403
results/sensitivity96/repeat3-fold3/audit.json,models/lw_fc/candidates/3/mean_inner_auc,0.6661244738167814
results/sensitivity96/repeat3-fold3/audit.json,models/lw_fc/candidates/3/fold_auc/0,0.7278106508875739
results/sensitivity96/repeat3-fold3/audit.json,models/lw_fc/candidates/3/fold_auc/1,0.5238095238095238
results/sensitivity96/repeat3-fold3/audit.json,models/lw_fc/candidates/3/fold_auc/2,0.7467532467532467
results/sensitivity96/repeat3-fold3/audit.json,models/lw_fc/chosen/mean_inner_auc,0.6661244738167814
results/sensitivity96/repeat3-fold3/audit.json,models/lw_fc/chosen/fold_auc/0,0.7278106508875739
results/sensitivity96/repeat3-fold3/audit.json,models/lw_fc/chosen/fold_auc/1,0.5238095238095238
results/sensitivity96/repeat3-fold3/audit.json,models/lw_fc/chosen/fold_auc/2,0.7467532467532467
results/sensitivity96/repeat3-fold3/audit.json,models/lw_tangent/candidates/0/mean_inner_auc,0.7311652023190485
results/sensitivity96/repeat3-fold3/audit.json,models/lw_tangent/candidates/0/fold_auc/0,0.6745562130177515
results/sensitivity96/repeat3-fold3/audit.json,models/lw_tangent/candidates/0/fold_auc/1,0.7202380952380951
results/sensitivity96/repeat3-fold3/audit.json,models/lw_tangent/candidates/0/fold_auc/2,0.7987012987012987
results/sensitivity96/repeat3-fold3/audit.json,models/lw_tangent/candidates/1/mean_inner_auc,0.7437679841525995
results/sensitivity96/repeat3-fold3/audit.json,models/lw_tangent/candidates/1/fold_auc/0,0.6863905325443787
results/sensitivity96/repeat3-fold3/audit.json,models/lw_tangent/candidates/1/fold_auc/1,0.7202380952380952
results/sensitivity96/repeat3-fold3/audit.json,models/lw_tangent/candidates/1/fold_auc/2,0.8246753246753247
results/sensitivity96/repeat3-fold3/audit.json,models/lw_tangent/candidates/2/mean_inner_auc,0.7397997301843455
results/sensitivity96/repeat3-fold3/audit.json,models/lw_tangent/candidates/2/fold_auc/0,0.6863905325443787
results/sensitivity96/repeat3-fold3/audit.json,models/lw_tangent/candidates/2/fold_auc/1,0.7083333333333334
results/sensitivity96/repeat3-fold3/audit.json,models/lw_tangent/candidates/2/fold_auc/2,0.8246753246753247
results/sensitivity96/repeat3-fold3/audit.json,models/lw_tangent/candidates/3/mean_inner_auc,0.7378156032002186
results/sensitivity96/repeat3-fold3/audit.json,models/lw_tangent/candidates/3/fold_auc/0,0.6863905325443787
results/sensitivity96/repeat3-fold3/audit.json,models/lw_tangent/candidates/3/fold_auc/1,0.7023809523809523
results/sensitivity96/repeat3-fold3/audit.json,models/lw_tangent/candidates/3/fold_auc/2,0.8246753246753247
results/sensitivity96/repeat3-fold3/audit.json,models/lw_tangent/chosen/mean_inner_auc,0.7437679841525995
results/sensitivity96/repeat3-fold3/audit.json,models/lw_tangent/chosen/fold_auc/0,0.6863905325443787
results/sensitivity96/repeat3-fold3/audit.json,models/lw_tangent/chosen/fold_auc/1,0.7202380952380952
results/sensitivity96/repeat3-fold3/audit.json,models/lw_tangent/chosen/fold_auc/2,0.8246753246753247
results/sensitivity96/repeat3-fold3/audit.json,models/node_strength180/candidates/0/mean_inner_auc,0.6340369032676725
results/sensitivity96/repeat3-fold3/audit.json,models/node_strength180/candidates/0/fold_auc/0,0.6272189349112426
results/sensitivity96/repeat3-fold3/audit.json,models/node_strength180/candidates/0/fold_auc/1,0.6904761904761905
results/sensitivity96/repeat3-fold3/audit.json,models/node_strength180/candidates/0/fold_auc/2,0.5844155844155845
results/sensitivity96/repeat3-fold3/audit.json,models/node_strength180/candidates/1/mean_inner_auc,0.6375739644970414
results/sensitivity96/repeat3-fold3/audit.json,models/node_strength180/candidates/1/fold_auc/0,0.6627218934911243
results/sensitivity96/repeat3-fold3/audit.json,models/node_strength180/candidates/1/fold_auc/1,0.6071428571428572
results/sensitivity96/repeat3-fold3/audit.json,models/node_strength180/candidates/1/fold_auc/2,0.6428571428571428
results/sensitivity96/repeat3-fold3/audit.json,models/node_strength180/candidates/2/mean_inner_auc,0.6416521512675358
results/sensitivity96/repeat3-fold3/audit.json,models/node_strength180/candidates/2/fold_auc/0,0.6982248520710059
results/sensitivity96/repeat3-fold3/audit.json,models/node_strength180/candidates/2/fold_auc/1,0.5773809523809523
results/sensitivity96/repeat3-fold3/audit.json,models/node_strength180/candidates/2/fold_auc/2,0.6493506493506493
results/sensitivity96/repeat3-fold3/audit.json,models/node_strength180/candidates/3/mean_inner_auc,0.6303237360929669
results/sensitivity96/repeat3-fold3/audit.json,models/node_strength180/candidates/3/fold_auc/0,0.6804733727810651
results/sensitivity96/repeat3-fold3/audit.json,models/node_strength180/candidates/3/fold_auc/1,0.5416666666666667
results/sensitivity96/repeat3-fold3/audit.json,models/node_strength180/candidates/3/fold_auc/2,0.6688311688311688
results/sensitivity96/repeat3-fold3/audit.json,models/node_strength180/chosen/mean_inner_auc,0.6416521512675358
results/sensitivity96/repeat3-fold3/audit.json,models/node_strength180/chosen/fold_auc/0,0.6982248520710059
results/sensitivity96/repeat3-fold3/audit.json,models/node_strength180/chosen/fold_auc/1,0.5773809523809523
results/sensitivity96/repeat3-fold3/audit.json,models/node_strength180/chosen/fold_auc/2,0.6493506493506493
results/sensitivity96/repeat3-fold4/audit.json,models/lw_fc/candidates/0/mean_inner_auc,0.6290920617843695
results/sensitivity96/repeat3-fold4/audit.json,models/lw_fc/candidates/0/fold_auc/0,0.5739644970414202
results/sensitivity96/repeat3-fold4/audit.json,models/lw_fc/candidates/0/fold_auc/1,0.7678571428571429
results/sensitivity96/repeat3-fold4/audit.json,models/lw_fc/candidates/0/fold_auc/2,0.5454545454545454
results/sensitivity96/repeat3-fold4/audit.json,models/lw_fc/candidates/1/mean_inner_auc,0.6553329149482996
results/sensitivity96/repeat3-fold4/audit.json,models/lw_fc/candidates/1/fold_auc/0,0.6213017751479291
results/sensitivity96/repeat3-fold4/audit.json,models/lw_fc/candidates/1/fold_auc/1,0.7797619047619048
results/sensitivity96/repeat3-fold4/audit.json,models/lw_fc/candidates/1/fold_auc/2,0.5649350649350648
results/sensitivity96/repeat3-fold4/audit.json,models/lw_fc/candidates/2/mean_inner_auc,0.6655673386442617
results/sensitivity96/repeat3-fold4/audit.json,models/lw_fc/candidates/2/fold_auc/0,0.6449704142011834
results/sensitivity96/repeat3-fold4/audit.json,models/lw_fc/candidates/2/fold_auc/1,0.7738095238095238
results/sensitivity96/repeat3-fold4/audit.json,models/lw_fc/candidates/2/fold_auc/2,0.577922077922078
results/sensitivity96/repeat3-fold4/audit.json,models/lw_fc/candidates/3/mean_inner_auc,0.667912215989139
results/sensitivity96/repeat3-fold4/audit.json,models/lw_fc/candidates/3/fold_auc/0,0.6449704142011834
results/sensitivity96/repeat3-fold4/audit.json,models/lw_fc/candidates/3/fold_auc/1,0.7678571428571428
results/sensitivity96/repeat3-fold4/audit.json,models/lw_fc/candidates/3/fold_auc/2,0.5909090909090908
results/sensitivity96/repeat3-fold4/audit.json,models/lw_fc/chosen/mean_inner_auc,0.667912215989139
results/sensitivity96/repeat3-fold4/audit.json,models/lw_fc/chosen/fold_auc/0,0.6449704142011834
results/sensitivity96/repeat3-fold4/audit.json,models/lw_fc/chosen/fold_auc/1,0.7678571428571428
results/sensitivity96/repeat3-fold4/audit.json,models/lw_fc/chosen/fold_auc/2,0.5909090909090908
results/sensitivity96/repeat3-fold4/audit.json,models/lw_tangent/candidates/0/mean_inner_auc,0.7106696722081338
results/sensitivity96/repeat3-fold4/audit.json,models/lw_tangent/candidates/0/fold_auc/0,0.8224852071005917
results/sensitivity96/repeat3-fold4/audit.json,models/lw_tangent/candidates/0/fold_auc/1,0.7380952380952381
results/sensitivity96/repeat3-fold4/audit.json,models/lw_tangent/candidates/0/fold_auc/2,0.5714285714285714
results/sensitivity96/repeat3-fold4/audit.json,models/lw_tangent/candidates/1/mean_inner_auc,0.7249075710614172
results/sensitivity96/repeat3-fold4/audit.json,models/lw_tangent/candidates/1/fold_auc/0,0.8284023668639053
results/sensitivity96/repeat3-fold4/audit.json,models/lw_tangent/candidates/1/fold_auc/1,0.7619047619047619
results/sensitivity96/repeat3-fold4/audit.json,models/lw_tangent/candidates/1/fold_auc/2,0.5844155844155845
results/sensitivity96/repeat3-fold4/audit.json,models/lw_tangent/candidates/2/mean_inner_auc,0.7249075710614172
results/sensitivity96/repeat3-fold4/audit.json,models/lw_tangent/candidates/2/fold_auc/0,0.8284023668639053
results/sensitivity96/repeat3-fold4/audit.json,models/lw_tangent/candidates/2/fold_auc/1,0.7619047619047619
results/sensitivity96/repeat3-fold4/audit.json,models/lw_tangent/candidates/2/fold_auc/2,0.5844155844155845
results/sensitivity96/repeat3-fold4/audit.json,models/lw_tangent/candidates/3/mean_inner_auc,0.7268799576491883
results/sensitivity96/repeat3-fold4/audit.json,models/lw_tangent/candidates/3/fold_auc/0,0.834319526627219
results/sensitivity96/repeat3-fold4/audit.json,models/lw_tangent/candidates/3/fold_auc/1,0.7619047619047619
results/sensitivity96/repeat3-fold4/audit.json,models/lw_tangent/candidates/3/fold_auc/2,0.5844155844155845
results/sensitivity96/repeat3-fold4/audit.json,models/lw_tangent/chosen/mean_inner_auc,0.7268799576491883
results/sensitivity96/repeat3-fold4/audit.json,models/lw_tangent/chosen/fold_auc/0,0.834319526627219
results/sensitivity96/repeat3-fold4/audit.json,models/lw_tangent/chosen/fold_auc/1,0.7619047619047619
results/sensitivity96/repeat3-fold4/audit.json,models/lw_tangent/chosen/fold_auc/2,0.5844155844155845
results/sensitivity96/repeat3-fold4/audit.json,models/node_strength180/candidates/0/mean_inner_auc,0.6365269346038577
results/sensitivity96/repeat3-fold4/audit.json,models/node_strength180/candidates/0/fold_auc/0,0.6449704142011834
results/sensitivity96/repeat3-fold4/audit.json,models/node_strength180/candidates/0/fold_auc/1,0.8035714285714285
results/sensitivity96/repeat3-fold4/audit.json,models/node_strength180/candidates/0/fold_auc/2,0.461038961038961
results/sensitivity96/repeat3-fold4/audit.json,models/node_strength180/candidates/1/mean_inner_auc,0.621841833380295
results/sensitivity96/repeat3-fold4/audit.json,models/node_strength180/candidates/1/fold_auc/0,0.591715976331361
results/sensitivity96/repeat3-fold4/audit.json,models/node_strength180/candidates/1/fold_auc/1,0.7738095238095238
results/sensitivity96/repeat3-fold4/audit.json,models/node_strength180/candidates/1/fold_auc/2,0.5
results/sensitivity96/repeat3-fold4/audit.json,models/node_strength180/candidates/2/mean_inner_auc,0.6599874484489868
results/sensitivity96/repeat3-fold4/audit.json,models/node_strength180/candidates/2/fold_auc/0,0.6390532544378698
results/sensitivity96/repeat3-fold4/audit.json,models/node_strength180/candidates/2/fold_auc/1,0.8214285714285714
results/sensitivity96/repeat3-fold4/audit.json,models/node_strength180/candidates/2/fold_auc/2,0.5194805194805194
results/sensitivity96/repeat3-fold4/audit.json,models/node_strength180/candidates/3/mean_inner_auc,0.6706295840911225
results/sensitivity96/repeat3-fold4/audit.json,models/node_strength180/candidates/3/fold_auc/0,0.6390532544378698
results/sensitivity96/repeat3-fold4/audit.json,models/node_strength180/candidates/3/fold_auc/1,0.8273809523809523
results/sensitivity96/repeat3-fold4/audit.json,models/node_strength180/candidates/3/fold_auc/2,0.5454545454545454
results/sensitivity96/repeat3-fold4/audit.json,models/node_strength180/chosen/mean_inner_auc,0.6706295840911225
results/sensitivity96/repeat3-fold4/audit.json,models/node_strength180/chosen/fold_auc/0,0.6390532544378698
results/sensitivity96/repeat3-fold4/audit.json,models/node_strength180/chosen/fold_auc/1,0.8273809523809523
results/sensitivity96/repeat3-fold4/audit.json,models/node_strength180/chosen/fold_auc/2,0.5454545454545454
results/sensitivity96/repeat3-fold5/audit.json,models/lw_fc/candidates/0/mean_inner_auc,0.5925324675324676
results/sensitivity96/repeat3-fold5/audit.json,models/lw_fc/candidates/0/fold_auc/0,0.5757575757575758
results/sensitivity96/repeat3-fold5/audit.json,models/lw_fc/candidates/0/fold_auc/1,0.5654761904761905
results/sensitivity96/repeat3-fold5/audit.json,models/lw_fc/candidates/0/fold_auc/2,0.6363636363636364
results/sensitivity96/repeat3-fold5/audit.json,models/lw_fc/candidates/1/mean_inner_auc,0.5723665223665224
results/sensitivity96/repeat3-fold5/audit.json,models/lw_fc/candidates/1/fold_auc/0,0.5515151515151515
results/sensitivity96/repeat3-fold5/audit.json,models/lw_fc/candidates/1/fold_auc/1,0.5357142857142858
results/sensitivity96/repeat3-fold5/audit.json,models/lw_fc/candidates/1/fold_auc/2,0.6298701298701299
results/sensitivity96/repeat3-fold5/audit.json,models/lw_fc/candidates/2/mean_inner_auc,0.5663059163059163
results/sensitivity96/repeat3-fold5/audit.json,models/lw_fc/candidates/2/fold_auc/0,0.5333333333333333
results/sensitivity96/repeat3-fold5/audit.json,models/lw_fc/candidates/2/fold_auc/1,0.5357142857142857
results/sensitivity96/repeat3-fold5/audit.json,models/lw_fc/candidates/2/fold_auc/2,0.6298701298701299
results/sensitivity96/repeat3-fold5/audit.json,models/lw_fc/candidates/3/mean_inner_auc,0.5617604617604618
results/sensitivity96/repeat3-fold5/audit.json,models/lw_fc/candidates/3/fold_auc/0,0.5272727272727273
results/sensitivity96/repeat3-fold5/audit.json,models/lw_fc/candidates/3/fold_auc/1,0.5476190476190477
results/sensitivity96/repeat3-fold5/audit.json,models/lw_fc/candidates/3/fold_auc/2,0.6103896103896105
results/sensitivity96/repeat3-fold5/audit.json,models/lw_fc/chosen/mean_inner_auc,0.5925324675324676
results/sensitivity96/repeat3-fold5/audit.json,models/lw_fc/chosen/fold_auc/0,0.5757575757575758
results/sensitivity96/repeat3-fold5/audit.json,models/lw_fc/chosen/fold_auc/1,0.5654761904761905
results/sensitivity96/repeat3-fold5/audit.json,models/lw_fc/chosen/fold_auc/2,0.6363636363636364
results/sensitivity96/repeat3-fold5/audit.json,models/lw_tangent/candidates/0/mean_inner_auc,0.7680735930735931
results/sensitivity96/repeat3-fold5/audit.json,models/lw_tangent/candidates/0/fold_auc/0,0.793939393939394
results/sensitivity96/repeat3-fold5/audit.json,models/lw_tangent/candidates/0/fold_auc/1,0.7440476190476191
results/sensitivity96/repeat3-fold5/audit.json,models/lw_tangent/candidates/0/fold_auc/2,0.7662337662337662
results/sensitivity96/repeat3-fold5/audit.json,models/lw_tangent/candidates/1/mean_inner_auc,0.7705988455988456
results/sensitivity96/repeat3-fold5/audit.json,models/lw_tangent/candidates/1/fold_auc/0,0.793939393939394
results/sensitivity96/repeat3-fold5/audit.json,models/lw_tangent/candidates/1/fold_auc/1,0.7321428571428572
results/sensitivity96/repeat3-fold5/audit.json,models/lw_tangent/candidates/1/fold_auc/2,0.7857142857142857
results/sensitivity96/repeat3-fold5/audit.json,models/lw_tangent/candidates/2/mean_inner_auc,0.7705988455988456
results/sensitivity96/repeat3-fold5/audit.json,models/lw_tangent/candidates/2/fold_auc/0,0.793939393939394
results/sensitivity96/repeat3-fold5/audit.json,models/lw_tangent/candidates/2/fold_auc/1,0.7321428571428572
results/sensitivity96/repeat3-fold5/audit.json,models/lw_tangent/candidates/2/fold_auc/2,0.7857142857142857
results/sensitivity96/repeat3-fold5/audit.json,models/lw_tangent/candidates/3/mean_inner_auc,0.7686147186147186
results/sensitivity96/repeat3-fold5/audit.json,models/lw_tangent/candidates/3/fold_auc/0,0.793939393939394
results/sensitivity96/repeat3-fold5/audit.json,models/lw_tangent/candidates/3/fold_auc/1,0.7261904761904763
results/sensitivity96/repeat3-fold5/audit.json,models/lw_tangent/candidates/3/fold_auc/2,0.7857142857142857
results/sensitivity96/repeat3-fold5/audit.json,models/lw_tangent/chosen/mean_inner_auc,0.7705988455988456
results/sensitivity96/repeat3-fold5/audit.json,models/lw_tangent/chosen/fold_auc/0,0.793939393939394
results/sensitivity96/repeat3-fold5/audit.json,models/lw_tangent/chosen/fold_auc/1,0.7321428571428572
results/sensitivity96/repeat3-fold5/audit.json,models/lw_tangent/chosen/fold_auc/2,0.7857142857142857
results/sensitivity96/repeat3-fold5/audit.json,models/node_strength180/candidates/0/mean_inner_auc,0.6812049062049063
results/sensitivity96/repeat3-fold5/audit.json,models/node_strength180/candidates/0/fold_auc/0,0.6848484848484848
results/sensitivity96/repeat3-fold5/audit.json,models/node_strength180/candidates/0/fold_auc/1,0.625
results/sensitivity96/repeat3-fold5/audit.json,models/node_strength180/candidates/0/fold_auc/2,0.7337662337662338
results/sensitivity96/repeat3-fold5/audit.json,models/node_strength180/candidates/1/mean_inner_auc,0.6902597402597402
results/sensitivity96/repeat3-fold5/audit.json,models/node_strength180/candidates/1/fold_auc/0,0.6909090909090909
results/sensitivity96/repeat3-fold5/audit.json,models/node_strength180/candidates/1/fold_auc/1,0.6785714285714286
results/sensitivity96/repeat3-fold5/audit.json,models/node_strength180/candidates/1/fold_auc/2,0.7012987012987013
results/sensitivity96/repeat3-fold5/audit.json,models/node_strength180/candidates/2/mean_inner_auc,0.6670995670995671
results/sensitivity96/repeat3-fold5/audit.json,models/node_strength180/candidates/2/fold_auc/0,0.6484848484848484
results/sensitivity96/repeat3-fold5/audit.json,models/node_strength180/candidates/2/fold_auc/1,0.6904761904761905
results/sensitivity96/repeat3-fold5/audit.json,models/node_strength180/candidates/2/fold_auc/2,0.6623376623376622
results/sensitivity96/repeat3-fold5/audit.json,models/node_strength180/candidates/3/mean_inner_auc,0.6483766233766234
results/sensitivity96/repeat3-fold5/audit.json,models/node_strength180/candidates/3/fold_auc/0,0.6242424242424243
results/sensitivity96/repeat3-fold5/audit.json,models/node_strength180/candidates/3/fold_auc/1,0.6845238095238094
results/sensitivity96/repeat3-fold5/audit.json,models/node_strength180/candidates/3/fold_auc/2,0.6363636363636364
results/sensitivity96/repeat3-fold5/audit.json,models/node_strength180/chosen/mean_inner_auc,0.6902597402597402
results/sensitivity96/repeat3-fold5/audit.json,models/node_strength180/chosen/fold_auc/0,0.6909090909090909
results/sensitivity96/repeat3-fold5/audit.json,models/node_strength180/chosen/fold_auc/1,0.6785714285714286
results/sensitivity96/repeat3-fold5/audit.json,models/node_strength180/chosen/fold_auc/2,0.7012987012987013
results/sensitivity96/repeat4-fold1/audit.json,models/lw_fc/candidates/0/mean_inner_auc,0.6444805194805195
results/sensitivity96/repeat4-fold1/audit.json,models/lw_fc/candidates/0/fold_auc/0,0.5892857142857143
results/sensitivity96/repeat4-fold1/audit.json,models/lw_fc/candidates/0/fold_auc/1,0.6558441558441559
results/sensitivity96/repeat4-fold1/audit.json,models/lw_fc/candidates/0/fold_auc/2,0.6883116883116883
results/sensitivity96/repeat4-fold1/audit.json,models/lw_fc/candidates/1/mean_inner_auc,0.6275252525252525
results/sensitivity96/repeat4-fold1/audit.json,models/lw_fc/candidates/1/fold_auc/0,0.5773809523809523
results/sensitivity96/repeat4-fold1/audit.json,models/lw_fc/candidates/1/fold_auc/1,0.6428571428571428
results/sensitivity96/repeat4-fold1/audit.json,models/lw_fc/candidates/1/fold_auc/2,0.6623376623376623
results/sensitivity96/repeat4-fold1/audit.json,models/lw_fc/candidates/2/mean_inner_auc,0.6318542568542568
results/sensitivity96/repeat4-fold1/audit.json,models/lw_fc/candidates/2/fold_auc/0,0.5773809523809523
results/sensitivity96/repeat4-fold1/audit.json,models/lw_fc/candidates/2/fold_auc/1,0.6753246753246753
results/sensitivity96/repeat4-fold1/audit.json,models/lw_fc/candidates/2/fold_auc/2,0.6428571428571428
results/sensitivity96/repeat4-fold1/audit.json,models/lw_fc/candidates/3/mean_inner_auc,0.6296897546897546
results/sensitivity96/repeat4-fold1/audit.json,models/lw_fc/candidates/3/fold_auc/0,0.5773809523809523
results/sensitivity96/repeat4-fold1/audit.json,models/lw_fc/candidates/3/fold_auc/1,0.6753246753246753
results/sensitivity96/repeat4-fold1/audit.json,models/lw_fc/candidates/3/fold_auc/2,0.6363636363636364
results/sensitivity96/repeat4-fold1/audit.json,models/lw_fc/chosen/mean_inner_auc,0.6444805194805195
results/sensitivity96/repeat4-fold1/audit.json,models/lw_fc/chosen/fold_auc/0,0.5892857142857143
results/sensitivity96/repeat4-fold1/audit.json,models/lw_fc/chosen/fold_auc/1,0.6558441558441559
results/sensitivity96/repeat4-fold1/audit.json,models/lw_fc/chosen/fold_auc/2,0.6883116883116883
results/sensitivity96/repeat4-fold1/audit.json,models/lw_tangent/candidates/0/mean_inner_auc,0.7456709956709956
results/sensitivity96/repeat4-fold1/audit.json,models/lw_tangent/candidates/0/fold_auc/0,0.75
results/sensitivity96/repeat4-fold1/audit.json,models/lw_tangent/candidates/0/fold_auc/1,0.6623376623376622
results/sensitivity96/repeat4-fold1/audit.json,models/lw_tangent/candidates/0/fold_auc/2,0.8246753246753247
results/sensitivity96/repeat4-fold1/audit.json,models/lw_tangent/candidates/1/mean_inner_auc,0.731060606060606
results/sensitivity96/repeat4-fold1/audit.json,models/lw_tangent/candidates/1/fold_auc/0,0.7321428571428571
results/sensitivity96/repeat4-fold1/audit.json,models/lw_tangent/candidates/1/fold_auc/1,0.6623376623376622
results/sensitivity96/repeat4-fold1/audit.json,models/lw_tangent/candidates/1/fold_auc/2,0.7987012987012987
results/sensitivity96/repeat4-fold1/audit.json,models/lw_tangent/candidates/2/mean_inner_auc,0.7353896103896104
results/sensitivity96/repeat4-fold1/audit.json,models/lw_tangent/candidates/2/fold_auc/0,0.7321428571428571
results/sensitivity96/repeat4-fold1/audit.json,models/lw_tangent/candidates/2/fold_auc/1,0.6753246753246753
results/sensitivity96/repeat4-fold1/audit.json,models/lw_tangent/candidates/2/fold_auc/2,0.7987012987012987
results/sensitivity96/repeat4-fold1/audit.json,models/lw_tangent/candidates/3/mean_inner_auc,0.7353896103896104
results/sensitivity96/repeat4-fold1/audit.json,models/lw_tangent/candidates/3/fold_auc/0,0.7321428571428571
results/sensitivity96/repeat4-fold1/audit.json,models/lw_tangent/candidates/3/fold_auc/1,0.6753246753246753
results/sensitivity96/repeat4-fold1/audit.json,models/lw_tangent/candidates/3/fold_auc/2,0.7987012987012987
results/sensitivity96/repeat4-fold1/audit.json,models/lw_tangent/chosen/mean_inner_auc,0.7456709956709956
results/sensitivity96/repeat4-fold1/audit.json,models/lw_tangent/chosen/fold_auc/0,0.75
results/sensitivity96/repeat4-fold1/audit.json,models/lw_tangent/chosen/fold_auc/1,0.6623376623376622
results/sensitivity96/repeat4-fold1/audit.json,models/lw_tangent/chosen/fold_auc/2,0.8246753246753247
results/sensitivity96/repeat4-fold1/audit.json,models/node_strength180/candidates/0/mean_inner_auc,0.6450216450216449
results/sensitivity96/repeat4-fold1/audit.json,models/node_strength180/candidates/0/fold_auc/0,0.5714285714285714
results/sensitivity96/repeat4-fold1/audit.json,models/node_strength180/candidates/0/fold_auc/1,0.6883116883116882
results/sensitivity96/repeat4-fold1/audit.json,models/node_strength180/candidates/0/fold_auc/2,0.6753246753246753
results/sensitivity96/repeat4-fold1/audit.json,models/node_strength180/candidates/1/mean_inner_auc,0.6094877344877345
results/sensitivity96/repeat4-fold1/audit.json,models/node_strength180/candidates/1/fold_auc/0,0.5297619047619049
results/sensitivity96/repeat4-fold1/audit.json,models/node_strength180/candidates/1/fold_auc/1,0.6428571428571428
results/sensitivity96/repeat4-fold1/audit.json,models/node_strength180/candidates/1/fold_auc/2,0.6558441558441559
results/sensitivity96/repeat4-fold1/audit.json,models/node_strength180/candidates/2/mean_inner_auc,0.6132756132756133
results/sensitivity96/repeat4-fold1/audit.json,models/node_strength180/candidates/2/fold_auc/0,0.5476190476190477
results/sensitivity96/repeat4-fold1/audit.json,models/node_strength180/candidates/2/fold_auc/1,0.6493506493506493
results/sensitivity96/repeat4-fold1/audit.json,models/node_strength180/candidates/2/fold_auc/2,0.6428571428571428
results/sensitivity96/repeat4-fold1/audit.json,models/node_strength180/candidates/3/mean_inner_auc,0.6031746031746033
results/sensitivity96/repeat4-fold1/audit.json,models/node_strength180/candidates/3/fold_auc/0,0.5238095238095238
results/sensitivity96/repeat4-fold1/audit.json,models/node_strength180/candidates/3/fold_auc/1,0.6753246753246753
results/sensitivity96/repeat4-fold1/audit.json,models/node_strength180/candidates/3/fold_auc/2,0.6103896103896104
results/sensitivity96/repeat4-fold1/audit.json,models/node_strength180/chosen/mean_inner_auc,0.6450216450216449
results/sensitivity96/repeat4-fold1/audit.json,models/node_strength180/chosen/fold_auc/0,0.5714285714285714
results/sensitivity96/repeat4-fold1/audit.json,models/node_strength180/chosen/fold_auc/1,0.6883116883116882
results/sensitivity96/repeat4-fold1/audit.json,models/node_strength180/chosen/fold_auc/2,0.6753246753246753
results/sensitivity96/repeat4-fold2/audit.json,models/lw_fc/candidates/0/mean_inner_auc,0.691604335835105
results/sensitivity96/repeat4-fold2/audit.json,models/lw_fc/candidates/0/fold_auc/0,0.7041420118343196
results/sensitivity96/repeat4-fold2/audit.json,models/lw_fc/candidates/0/fold_auc/1,0.7083333333333333
results/sensitivity96/repeat4-fold2/audit.json,models/lw_fc/candidates/0/fold_auc/2,0.6623376623376623
results/sensitivity96/repeat4-fold2/audit.json,models/lw_fc/candidates/1/mean_inner_auc,0.6919768265922112
results/sensitivity96/repeat4-fold2/audit.json,models/lw_fc/candidates/1/fold_auc/0,0.6982248520710059
results/sensitivity96/repeat4-fold2/audit.json,models/lw_fc/candidates/1/fold_auc/1,0.7023809523809523
results/sensitivity96/repeat4-fold2/audit.json,models/lw_fc/candidates/1/fold_auc/2,0.6753246753246753
results/sensitivity96/repeat4-fold2/audit.json,models/lw_fc/candidates/2/mean_inner_auc,0.6878047166508705
results/sensitivity96/repeat4-fold2/audit.json,models/lw_fc/candidates/2/fold_auc/0,0.7100591715976332
results/sensitivity96/repeat4-fold2/audit.json,models/lw_fc/candidates/2/fold_auc/1,0.6845238095238095
results/sensitivity96/repeat4-fold2/audit.json,models/lw_fc/candidates/2/fold_auc/2,0.6688311688311688
results/sensitivity96/repeat4-fold2/audit.json,models/lw_fc/candidates/3/mean_inner_auc,0.6895732472655549
results/sensitivity96/repeat4-fold2/audit.json,models/lw_fc/candidates/3/fold_auc/0,0.7278106508875739
results/sensitivity96/repeat4-fold2/audit.json,models/lw_fc/candidates/3/fold_auc/1,0.6785714285714286
results/sensitivity96/repeat4-fold2/audit.json,models/lw_fc/candidates/3/fold_auc/2,0.6623376623376623
results/sensitivity96/repeat4-fold2/audit.json,models/lw_fc/chosen/mean_inner_auc,0.6919768265922112
results/sensitivity96/repeat4-fold2/audit.json,models/lw_fc/chosen/fold_auc/0,0.6982248520710059
results/sensitivity96/repeat4-fold2/audit.json,models/lw_fc/chosen/fold_auc/1,0.7023809523809523
results/sensitivity96/repeat4-fold2/audit.json,models/lw_fc/chosen/fold_auc/2,0.6753246753246753
results/sensitivity96/repeat4-fold2/audit.json,models/lw_tangent/candidates/0/mean_inner_auc,0.7656019194480731
results/sensitivity96/repeat4-fold2/audit.json,models/lw_tangent/candidates/0/fold_auc/0,0.863905325443787
results/sensitivity96/repeat4-fold2/audit.json,models/lw_tangent/candidates/0/fold_auc/1,0.6666666666666665
results/sensitivity96/repeat4-fold2/audit.json,models/lw_tangent/candidates/0/fold_auc/2,0.7662337662337662
results/sensitivity96/repeat4-fold2/audit.json,models/lw_tangent/candidates/1/mean_inner_auc,0.7738756969526199
results/sensitivity96/repeat4-fold2/audit.json,models/lw_tangent/candidates/1/fold_auc/0,0.8757396449704142
results/sensitivity96/repeat4-fold2/audit.json,models/lw_tangent/candidates/1/fold_auc/1,0.6666666666666666
results/sensitivity96/repeat4-fold2/audit.json,models/lw_tangent/candidates/1/fold_auc/2,0.7792207792207791
results/sensitivity96/repeat4-fold2/audit.json,models/lw_tangent/candidates/2/mean_inner_auc,0.769907442984366
results/sensitivity96/repeat4-fold2/audit.json,models/lw_tangent/candidates/2/fold_auc/0,0.8757396449704142
results/sensitivity96/repeat4-fold2/audit.json,models/lw_tangent/candidates/2/fold_auc/1,0.6547619047619047
results/sensitivity96/repeat4-fold2/audit.json,models/lw_tangent/candidates/2/fold_auc/2,0.7792207792207791
results/sensitivity96/repeat4-fold2/audit.json,models/lw_tangent/candidates/3/mean_inner_auc,0.7738639565562643
results/sensitivity96/repeat4-fold2/audit.json,models/lw_tangent/candidates/3/fold_auc/0,0.8816568047337279
results/sensitivity96/repeat4-fold2/audit.json,models/lw_tangent/candidates/3/fold_auc/1,0.6607142857142857
results/sensitivity96/repeat4-fold2/audit.json,models/lw_tangent/candidates/3/fold_auc/2,0.7792207792207791
results/sensitivity96/repeat4-fold2/audit.json,models/lw_tangent/chosen/mean_inner_auc,0.7738756969526199
results/sensitivity96/repeat4-fold2/audit.json,models/lw_tangent/chosen/fold_auc/0,0.8757396449704142
results/sensitivity96/repeat4-fold2/audit.json,models/lw_tangent/chosen/fold_auc/1,0.6666666666666666
results/sensitivity96/repeat4-fold2/audit.json,models/lw_tangent/chosen/fold_auc/2,0.7792207792207791
results/sensitivity96/repeat4-fold2/audit.json,models/node_strength180/candidates/0/mean_inner_auc,0.618199108583724
results/sensitivity96/repeat4-fold2/audit.json,models/node_strength180/candidates/0/fold_auc/0,0.6094674556213018
results/sensitivity96/repeat4-fold2/audit.json,models/node_strength180/candidates/0/fold_auc/1,0.6607142857142857
results/sensitivity96/repeat4-fold2/audit.json,models/node_strength180/candidates/0/fold_auc/2,0.5844155844155844
results/sensitivity96/repeat4-fold2/audit.json,models/node_strength180/candidates/1/mean_inner_auc,0.6371385025231179
results/sensitivity96/repeat4-fold2/audit.json,models/node_strength180/candidates/1/fold_auc/0,0.6094674556213018
results/sensitivity96/repeat4-fold2/audit.json,models/node_strength180/candidates/1/fold_auc/1,0.6785714285714286
results/sensitivity96/repeat4-fold2/audit.json,models/node_strength180/candidates/1/fold_auc/2,0.6233766233766234
results/sensitivity96/repeat4-fold2/audit.json,models/node_strength180/candidates/2/mean_inner_auc,0.64648279071356
results/sensitivity96/repeat4-fold2/audit.json,models/node_strength180/candidates/2/fold_auc/0,0.6272189349112426
results/sensitivity96/repeat4-fold2/audit.json,models/node_strength180/candidates/2/fold_auc/1,0.6369047619047619
results/sensitivity96/repeat4-fold2/audit.json,models/node_strength180/candidates/2/fold_auc/2,0.6753246753246753
results/sensitivity96/repeat4-fold2/audit.json,models/node_strength180/candidates/3/mean_inner_auc,0.6565485796255027
results/sensitivity96/repeat4-fold2/audit.json,models/node_strength180/candidates/3/fold_auc/0,0.6449704142011834
results/sensitivity96/repeat4-fold2/audit.json,models/node_strength180/candidates/3/fold_auc/1,0.6428571428571428
results/sensitivity96/repeat4-fold2/audit.json,models/node_strength180/candidates/3/fold_auc/2,0.6818181818181819
results/sensitivity96/repeat4-fold2/audit.json,models/node_strength180/chosen/mean_inner_auc,0.6565485796255027
results/sensitivity96/repeat4-fold2/audit.json,models/node_strength180/chosen/fold_auc/0,0.6449704142011834
results/sensitivity96/repeat4-fold2/audit.json,models/node_strength180/chosen/fold_auc/1,0.6428571428571428
results/sensitivity96/repeat4-fold2/audit.json,models/node_strength180/chosen/fold_auc/2,0.6818181818181819
results/sensitivity96/repeat4-fold3/audit.json,models/lw_fc/candidates/0/mean_inner_auc,0.6693594866671789
results/sensitivity96/repeat4-fold3/audit.json,models/lw_fc/candidates/0/fold_auc/0,0.7337278106508875
results/sensitivity96/repeat4-fold3/audit.json,models/lw_fc/candidates/0/fold_auc/1,0.6964285714285714
results/sensitivity96/repeat4-fold3/audit.json,models/lw_fc/candidates/0/fold_auc/2,0.577922077922078
results/sensitivity96/repeat4-fold3/audit.json,models/lw_fc/candidates/1/mean_inner_auc,0.6773194753963985
results/sensitivity96/repeat4-fold3/audit.json,models/lw_fc/candidates/1/fold_auc/0,0.7218934911242604
results/sensitivity96/repeat4-fold3/audit.json,models/lw_fc/candidates/1/fold_auc/1,0.7321428571428572
results/sensitivity96/repeat4-fold3/audit.json,models/lw_fc/candidates/1/fold_auc/2,0.577922077922078
results/sensitivity96/repeat4-fold3/audit.json,models/lw_fc/candidates/2/mean_inner_auc,0.6818405953021337
results/sensitivity96/repeat4-fold3/audit.json,models/lw_fc/candidates/2/fold_auc/0,0.7159763313609467
results/sensitivity96/repeat4-fold3/audit.json,models/lw_fc/candidates/2/fold_auc/1,0.7321428571428572
results/sensitivity96/repeat4-fold3/audit.json,models/lw_fc/candidates/2/fold_auc/2,0.5974025974025974
results/sensitivity96/repeat4-fold3/audit.json,models/lw_fc/candidates/3/mean_inner_auc,0.6877577550654473
results/sensitivity96/repeat4-fold3/audit.json,models/lw_fc/candidates/3/fold_auc/0,0.7337278106508875
results/sensitivity96/repeat4-fold3/audit.json,models/lw_fc/candidates/3/fold_auc/1,0.7321428571428572
results/sensitivity96/repeat4-fold3/audit.json,models/lw_fc/candidates/3/fold_auc/2,0.5974025974025974
results/sensitivity96/repeat4-fold3/audit.json,models/lw_fc/chosen/mean_inner_auc,0.6877577550654473
results/sensitivity96/repeat4-fold3/audit.json,models/lw_fc/chosen/fold_auc/0,0.7337278106508875
results/sensitivity96/repeat4-fold3/audit.json,models/lw_fc/chosen/fold_auc/1,0.7321428571428572
results/sensitivity96/repeat4-fold3/audit.json,models/lw_fc/chosen/fold_auc/2,0.5974025974025974
results/sensitivity96/repeat4-fold3/audit.json,models/lw_tangent/candidates/0/mean_inner_auc,0.7589942109172879
results/sensitivity96/repeat4-fold3/audit.json,models/lw_tangent/candidates/0/fold_auc/0,0.7396449704142012
results/sensitivity96/repeat4-fold3/audit.json,models/lw_tangent/candidates/0/fold_auc/1,0.7321428571428571
results/sensitivity96/repeat4-fold3/audit.json,models/lw_tangent/candidates/0/fold_auc/2,0.8051948051948051
results/sensitivity96/repeat4-fold3/audit.json,models/lw_tangent/candidates/1/mean_inner_auc,0.7670993536378151
results/sensitivity96/repeat4-fold3/audit.json,models/lw_tangent/candidates/1/fold_auc/0,0.7455621301775148
results/sensitivity96/repeat4-fold3/audit.json,models/lw_tangent/candidates/1/fold_auc/1,0.744047619047619
results/sensitivity96/repeat4-fold3/audit.json,models/lw_tangent/candidates/1/fold_auc/2,0.8116883116883117
results/sensitivity96/repeat4-fold3/audit.json,models/lw_tangent/candidates/2/mean_inner_auc,0.7688913650452113
results/sensitivity96/repeat4-fold3/audit.json,models/lw_tangent/candidates/2/fold_auc/0,0.7514792899408284
results/sensitivity96/repeat4-fold3/audit.json,models/lw_tangent/candidates/2/fold_auc/1,0.7499999999999999
results/sensitivity96/repeat4-fold3/audit.json,models/lw_tangent/candidates/2/fold_auc/2,0.8051948051948052
results/sensitivity96/repeat4-fold3/audit.json,models/lw_tangent/candidates/3/mean_inner_auc,0.7708754920293382
results/sensitivity96/repeat4-fold3/audit.json,models/lw_tangent/candidates/3/fold_auc/0,0.7514792899408284
results/sensitivity96/repeat4-fold3/audit.json,models/lw_tangent/candidates/3/fold_auc/1,0.755952380952381
results/sensitivity96/repeat4-fold3/audit.json,models/lw_tangent/candidates/3/fold_auc/2,0.8051948051948052
results/sensitivity96/repeat4-fold3/audit.json,models/lw_tangent/chosen/mean_inner_auc,0.7708754920293382
results/sensitivity96/repeat4-fold3/audit.json,models/lw_tangent/chosen/fold_auc/0,0.7514792899408284
results/sensitivity96/repeat4-fold3/audit.json,models/lw_tangent/chosen/fold_auc/1,0.755952380952381
results/sensitivity96/repeat4-fold3/audit.json,models/lw_tangent/chosen/fold_auc/2,0.8051948051948052
results/sensitivity96/repeat4-fold3/audit.json,models/node_strength180/candidates/0/mean_inner_auc,0.6208108131185054
results/sensitivity96/repeat4-fold3/audit.json,models/node_strength180/candidates/0/fold_auc/0,0.6568047337278107
results/sensitivity96/repeat4-fold3/audit.json,models/node_strength180/candidates/0/fold_auc/1,0.5238095238095238
results/sensitivity96/repeat4-fold3/audit.json,models/node_strength180/candidates/0/fold_auc/2,0.6818181818181818
results/sensitivity96/repeat4-fold3/audit.json,models/node_strength180/candidates/1/mean_inner_auc,0.6332332197716813
results/sensitivity96/repeat4-fold3/audit.json,models/node_strength180/candidates/1/fold_auc/0,0.6686390532544378
results/sensitivity96/repeat4-fold3/audit.json,models/node_strength180/candidates/1/fold_auc/1,0.6726190476190477
results/sensitivity96/repeat4-fold3/audit.json,models/node_strength180/candidates/1/fold_auc/2,0.5584415584415584
results/sensitivity96/repeat4-fold3/audit.json,models/node_strength180/candidates/2/mean_inner_auc,0.6267044920891075
results/sensitivity96/repeat4-fold3/audit.json,models/node_strength180/candidates/2/fold_auc/0,0.6863905325443788
results/sensitivity96/repeat4-fold3/audit.json,models/node_strength180/candidates/2/fold_auc/1,0.6547619047619048
results/sensitivity96/repeat4-fold3/audit.json,models/node_strength180/candidates/2/fold_auc/2,0.538961038961039
results/sensitivity96/repeat4-fold3/audit.json,models/node_strength180/candidates/3/mean_inner_auc,0.6189718401256862
results/sensitivity96/repeat4-fold3/audit.json,models/node_strength180/candidates/3/fold_auc/0,0.6745562130177515
results/sensitivity96/repeat4-fold3/audit.json,models/node_strength180/candidates/3/fold_auc/1,0.6369047619047619
results/sensitivity96/repeat4-fold3/audit.json,models/node_strength180/candidates/3/fold_auc/2,0.5454545454545454
results/sensitivity96/repeat4-fold3/audit.json,models/node_strength180/chosen/mean_inner_auc,0.6332332197716813
results/sensitivity96/repeat4-fold3/audit.json,models/node_strength180/chosen/fold_auc/0,0.6686390532544378
results/sensitivity96/repeat4-fold3/audit.json,models/node_strength180/chosen/fold_auc/1,0.6726190476190477
results/sensitivity96/repeat4-fold3/audit.json,models/node_strength180/chosen/fold_auc/2,0.5584415584415584
results/sensitivity96/repeat4-fold4/audit.json,models/lw_fc/candidates/0/mean_inner_auc,0.7578489886182194
results/sensitivity96/repeat4-fold4/audit.json,models/lw_fc/candidates/0/fold_auc/0,0.6804733727810651
results/sensitivity96/repeat4-fold4/audit.json,models/lw_fc/candidates/0/fold_auc/1,0.7619047619047619
results/sensitivity96/repeat4-fold4/audit.json,models/lw_fc/candidates/0/fold_auc/2,0.8311688311688311
results/sensitivity96/repeat4-fold4/audit.json,models/lw_fc/candidates/1/mean_inner_auc,0.7454031011723319
results/sensitivity96/repeat4-fold4/audit.json,models/lw_fc/candidates/1/fold_auc/0,0.680473372781065
results/sensitivity96/repeat4-fold4/audit.json,models/lw_fc/candidates/1/fold_auc/1,0.744047619047619
results/sensitivity96/repeat4-fold4/audit.json,models/lw_fc/candidates/1/fold_auc/2,0.8116883116883117
results/sensitivity96/repeat4-fold4/audit.json,models/lw_fc/candidates/2/mean_inner_auc,0.7392820854359315
results/sensitivity96/repeat4-fold4/audit.json,models/lw_fc/candidates/2/fold_auc/0,0.6745562130177514
results/sensitivity96/repeat4-fold4/audit.json,models/lw_fc/candidates/2/fold_auc/1,0.738095238095238
results/sensitivity96/repeat4-fold4/audit.json,models/lw_fc/candidates/2/fold_auc/2,0.8051948051948051
results/sensitivity96/repeat4-fold4/audit.json,models/lw_fc/candidates/3/mean_inner_auc,0.7414465876004338
results/sensitivity96/repeat4-fold4/audit.json,models/lw_fc/candidates/3/fold_auc/0,0.6745562130177515
results/sensitivity96/repeat4-fold4/audit.json,models/lw_fc/candidates/3/fold_auc/1,0.738095238095238
results/sensitivity96/repeat4-fold4/audit.json,models/lw_fc/candidates/3/fold_auc/2,0.8116883116883117
results/sensitivity96/repeat4-fold4/audit.json,models/lw_fc/chosen/mean_inner_auc,0.7578489886182194
results/sensitivity96/repeat4-fold4/audit.json,models/lw_fc/chosen/fold_auc/0,0.6804733727810651
results/sensitivity96/repeat4-fold4/audit.json,models/lw_fc/chosen/fold_auc/1,0.7619047619047619
results/sensitivity96/repeat4-fold4/audit.json,models/lw_fc/chosen/fold_auc/2,0.8311688311688311
results/sensitivity96/repeat4-fold4/audit.json,models/lw_tangent/candidates/0/mean_inner_auc,0.7682872682872682
results/sensitivity96/repeat4-fold4/audit.json,models/lw_tangent/candidates/0/fold_auc/0,0.6923076923076923
results/sensitivity96/repeat4-fold4/audit.json,models/lw_tangent/candidates/0/fold_auc/1,0.7619047619047619
results/sensitivity96/repeat4-fold4/audit.json,models/lw_tangent/candidates/0/fold_auc/2,0.8506493506493507
results/sensitivity96/repeat4-fold4/audit.json,models/lw_tangent/candidates/1/mean_inner_auc,0.7682755278909125
results/sensitivity96/repeat4-fold4/audit.json,models/lw_tangent/candidates/1/fold_auc/0,0.6982248520710059
results/sensitivity96/repeat4-fold4/audit.json,models/lw_tangent/candidates/1/fold_auc/1,0.7559523809523809
results/sensitivity96/repeat4-fold4/audit.json,models/lw_tangent/candidates/1/fold_auc/2,0.8506493506493507
results/sensitivity96/repeat4-fold4/audit.json,models/lw_tangent/candidates/2/mean_inner_auc,0.772592791823561
results/sensitivity96/repeat4-fold4/audit.json,models/lw_tangent/candidates/2/fold_auc/0,0.7041420118343195
results/sensitivity96/repeat4-fold4/audit.json,models/lw_tangent/candidates/2/fold_auc/1,0.75
results/sensitivity96/repeat4-fold4/audit.json,models/lw_tangent/candidates/2/fold_auc/2,0.8636363636363636
results/sensitivity96/repeat4-fold4/audit.json,models/lw_tangent/candidates/3/mean_inner_auc,0.772592791823561
results/sensitivity96/repeat4-fold4/audit.json,models/lw_tangent/candidates/3/fold_auc/0,0.7041420118343195
results/sensitivity96/repeat4-fold4/audit.json,models/lw_tangent/candidates/3/fold_auc/1,0.75
results/sensitivity96/repeat4-fold4/audit.json,models/lw_tangent/candidates/3/fold_auc/2,0.8636363636363636
results/sensitivity96/repeat4-fold4/audit.json,models/lw_tangent/chosen/mean_inner_auc,0.772592791823561
results/sensitivity96/repeat4-fold4/audit.json,models/lw_tangent/chosen/fold_auc/0,0.7041420118343195
results/sensitivity96/repeat4-fold4/audit.json,models/lw_tangent/chosen/fold_auc/1,0.75
results/sensitivity96/repeat4-fold4/audit.json,models/lw_tangent/chosen/fold_auc/2,0.8636363636363636
results/sensitivity96/repeat4-fold4/audit.json,models/node_strength180/candidates/0/mean_inner_auc,0.7077516500593424
results/sensitivity96/repeat4-fold4/audit.json,models/node_strength180/candidates/0/fold_auc/0,0.6568047337278107
results/sensitivity96/repeat4-fold4/audit.json,models/node_strength180/candidates/0/fold_auc/1,0.6547619047619048
results/sensitivity96/repeat4-fold4/audit.json,models/node_strength180/candidates/0/fold_auc/2,0.8116883116883117
results/sensitivity96/repeat4-fold4/audit.json,models/node_strength180/candidates/1/mean_inner_auc,0.7663383624922085
results/sensitivity96/repeat4-fold4/audit.json,models/node_strength180/candidates/1/fold_auc/0,0.6745562130177515
results/sensitivity96/repeat4-fold4/audit.json,models/node_strength180/candidates/1/fold_auc/1,0.7738095238095238
results/sensitivity96/repeat4-fold4/audit.json,models/node_strength180/candidates/1/fold_auc/2,0.8506493506493507
results/sensitivity96/repeat4-fold4/audit.json,models/node_strength180/candidates/2/mean_inner_auc,0.7600134907827215
results/sensitivity96/repeat4-fold4/audit.json,models/node_strength180/candidates/2/fold_auc/0,0.6804733727810651
results/sensitivity96/repeat4-fold4/audit.json,models/node_strength180/candidates/2/fold_auc/1,0.761904761904762
results/sensitivity96/repeat4-fold4/audit.json,models/node_strength180/candidates/2/fold_auc/2,0.8376623376623377
results/sensitivity96/repeat4-fold4/audit.json,models/node_strength180/candidates/3/mean_inner_auc,0.7362391881622651
results/sensitivity96/repeat4-fold4/audit.json,models/node_strength180/candidates/3/fold_auc/0,0.6627218934911243
results/sensitivity96/repeat4-fold4/audit.json,models/node_strength180/candidates/3/fold_auc/1,0.7083333333333333
results/sensitivity96/repeat4-fold4/audit.json,models/node_strength180/candidates/3/fold_auc/2,0.8376623376623377
results/sensitivity96/repeat4-fold4/audit.json,models/node_strength180/chosen/mean_inner_auc,0.7663383624922085
results/sensitivity96/repeat4-fold4/audit.json,models/node_strength180/chosen/fold_auc/0,0.6745562130177515
results/sensitivity96/repeat4-fold4/audit.json,models/node_strength180/chosen/fold_auc/1,0.7738095238095238
results/sensitivity96/repeat4-fold4/audit.json,models/node_strength180/chosen/fold_auc/2,0.8506493506493507
results/sensitivity96/repeat4-fold5/audit.json,models/lw_fc/candidates/0/mean_inner_auc,0.615079365079365
results/sensitivity96/repeat4-fold5/audit.json,models/lw_fc/candidates/0/fold_auc/0,0.5454545454545454
results/sensitivity96/repeat4-fold5/audit.json,models/lw_fc/candidates/0/fold_auc/1,0.6309523809523809
results/sensitivity96/repeat4-fold5/audit.json,models/lw_fc/candidates/0/fold_auc/2,0.6688311688311688
results/sensitivity96/repeat4-fold5/audit.json,models/lw_fc/candidates/1/mean_inner_auc,0.5726551226551226
results/sensitivity96/repeat4-fold5/audit.json,models/lw_fc/candidates/1/fold_auc/0,0.509090909090909
results/sensitivity96/repeat4-fold5/audit.json,models/lw_fc/candidates/1/fold_auc/1,0.5595238095238095
results/sensitivity96/repeat4-fold5/audit.json,models/lw_fc/candidates/1/fold_auc/2,0.6493506493506493
results/sensitivity96/repeat4-fold5/audit.json,models/lw_fc/candidates/2/mean_inner_auc,0.5772005772005772
results/sensitivity96/repeat4-fold5/audit.json,models/lw_fc/candidates/2/fold_auc/0,0.5151515151515151
results/sensitivity96/repeat4-fold5/audit.json,models/lw_fc/candidates/2/fold_auc/1,0.5476190476190477
results/sensitivity96/repeat4-fold5/audit.json,models/lw_fc/candidates/2/fold_auc/2,0.6688311688311688
results/sensitivity96/repeat4-fold5/audit.json,models/lw_fc/candidates/3/mean_inner_auc,0.5811688311688311
results/sensitivity96/repeat4-fold5/audit.json,models/lw_fc/candidates/3/fold_auc/0,0.5151515151515151
results/sensitivity96/repeat4-fold5/audit.json,models/lw_fc/candidates/3/fold_auc/1,0.5595238095238095
results/sensitivity96/repeat4-fold5/audit.json,models/lw_fc/candidates/3/fold_auc/2,0.6688311688311688
results/sensitivity96/repeat4-fold5/audit.json,models/lw_fc/chosen/mean_inner_auc,0.615079365079365
results/sensitivity96/repeat4-fold5/audit.json,models/lw_fc/chosen/fold_auc/0,0.5454545454545454
results/sensitivity96/repeat4-fold5/audit.json,models/lw_fc/chosen/fold_auc/1,0.6309523809523809
results/sensitivity96/repeat4-fold5/audit.json,models/lw_fc/chosen/fold_auc/2,0.6688311688311688
results/sensitivity96/repeat4-fold5/audit.json,models/lw_tangent/candidates/0/mean_inner_auc,0.7457070707070707
results/sensitivity96/repeat4-fold5/audit.json,models/lw_tangent/candidates/0/fold_auc/0,0.7333333333333333
results/sensitivity96/repeat4-fold5/audit.json,models/lw_tangent/candidates/0/fold_auc/1,0.8154761904761905
results/sensitivity96/repeat4-fold5/audit.json,models/lw_tangent/candidates/0/fold_auc/2,0.6883116883116883
results/sensitivity96/repeat4-fold5/audit.json,models/lw_tangent/candidates/1/mean_inner_auc,0.7579365079365079
results/sensitivity96/repeat4-fold5/audit.json,models/lw_tangent/candidates/1/fold_auc/0,0.7575757575757576
results/sensitivity96/repeat4-fold5/audit.json,models/lw_tangent/candidates/1/fold_auc/1,0.8214285714285714
results/sensitivity96/repeat4-fold5/audit.json,models/lw_tangent/candidates/1/fold_auc/2,0.6948051948051948
results/sensitivity96/repeat4-fold5/audit.json,models/lw_tangent/candidates/2/mean_inner_auc,0.76010101010101
results/sensitivity96/repeat4-fold5/audit.json,models/lw_tangent/candidates/2/fold_auc/0,0.7575757575757576
results/sensitivity96/repeat4-fold5/audit.json,models/lw_tangent/candidates/2/fold_auc/1,0.8214285714285714
results/sensitivity96/repeat4-fold5/audit.json,models/lw_tangent/candidates/2/fold_auc/2,0.7012987012987013
results/sensitivity96/repeat4-fold5/audit.json,models/lw_tangent/candidates/3/mean_inner_auc,0.7579365079365079
results/sensitivity96/repeat4-fold5/audit.json,models/lw_tangent/candidates/3/fold_auc/0,0.7575757575757576
results/sensitivity96/repeat4-fold5/audit.json,models/lw_tangent/candidates/3/fold_auc/1,0.8214285714285714
results/sensitivity96/repeat4-fold5/audit.json,models/lw_tangent/candidates/3/fold_auc/2,0.6948051948051948
results/sensitivity96/repeat4-fold5/audit.json,models/lw_tangent/chosen/mean_inner_auc,0.76010101010101
results/sensitivity96/repeat4-fold5/audit.json,models/lw_tangent/chosen/fold_auc/0,0.7575757575757576
results/sensitivity96/repeat4-fold5/audit.json,models/lw_tangent/chosen/fold_auc/1,0.8214285714285714
results/sensitivity96/repeat4-fold5/audit.json,models/lw_tangent/chosen/fold_auc/2,0.7012987012987013
results/sensitivity96/repeat4-fold5/audit.json,models/node_strength180/candidates/0/mean_inner_auc,0.6150793650793651
results/sensitivity96/repeat4-fold5/audit.json,models/node_strength180/candidates/0/fold_auc/0,0.5757575757575758
results/sensitivity96/repeat4-fold5/audit.json,models/node_strength180/candidates/0/fold_auc/1,0.6785714285714286
results/sensitivity96/repeat4-fold5/audit.json,models/node_strength180/candidates/0/fold_auc/2,0.5909090909090908
results/sensitivity96/repeat4-fold5/audit.json,models/node_strength180/candidates/1/mean_inner_auc,0.5775974025974026
results/sensitivity96/repeat4-fold5/audit.json,models/node_strength180/candidates/1/fold_auc/0,0.6121212121212122
results/sensitivity96/repeat4-fold5/audit.json,models/node_strength180/candidates/1/fold_auc/1,0.5297619047619048
results/sensitivity96/repeat4-fold5/audit.json,models/node_strength180/candidates/1/fold_auc/2,0.5909090909090909
results/sensitivity96/repeat4-fold5/audit.json,models/node_strength180/candidates/2/mean_inner_auc,0.5294372294372294
results/sensitivity96/repeat4-fold5/audit.json,models/node_strength180/candidates/2/fold_auc/0,0.5212121212121212
results/sensitivity96/repeat4-fold5/audit.json,models/node_strength180/candidates/2/fold_auc/1,0.4761904761904761
results/sensitivity96/repeat4-fold5/audit.json,models/node_strength180/candidates/2/fold_auc/2,0.5909090909090909
results/sensitivity96/repeat4-fold5/audit.json,models/node_strength180/candidates/3/mean_inner_auc,0.5177489177489177
results/sensitivity96/repeat4-fold5/audit.json,models/node_strength180/candidates/3/fold_auc/0,0.49696969696969695
results/sensitivity96/repeat4-fold5/audit.json,models/node_strength180/candidates/3/fold_auc/1,0.45238095238095233
results/sensitivity96/repeat4-fold5/audit.json,models/node_strength180/candidates/3/fold_auc/2,0.6038961038961039
results/sensitivity96/repeat4-fold5/audit.json,models/node_strength180/chosen/mean_inner_auc,0.6150793650793651
results/sensitivity96/repeat4-fold5/audit.json,models/node_strength180/chosen/fold_auc/0,0.5757575757575758
results/sensitivity96/repeat4-fold5/audit.json,models/node_strength180/chosen/fold_auc/1,0.6785714285714286
results/sensitivity96/repeat4-fold5/audit.json,models/node_strength180/chosen/fold_auc/2,0.5909090909090908
results/sensitivity96/repeat5-fold1/audit.json,models/lw_fc/candidates/0/mean_inner_auc,0.7157287157287158
results/sensitivity96/repeat5-fold1/audit.json,models/lw_fc/candidates/0/fold_auc/0,0.8809523809523809
results/sensitivity96/repeat5-fold1/audit.json,models/lw_fc/candidates/0/fold_auc/1,0.6948051948051948
results/sensitivity96/repeat5-fold1/audit.json,models/lw_fc/candidates/0/fold_auc/2,0.5714285714285714
results/sensitivity96/repeat5-fold1/audit.json,models/lw_fc/candidates/1/mean_inner_auc,0.7261904761904762
results/sensitivity96/repeat5-fold1/audit.json,models/lw_fc/candidates/1/fold_auc/0,0.8928571428571429
results/sensitivity96/repeat5-fold1/audit.json,models/lw_fc/candidates/1/fold_auc/1,0.6948051948051948
results/sensitivity96/repeat5-fold1/audit.json,models/lw_fc/candidates/1/fold_auc/2,0.5909090909090908
results/sensitivity96/repeat5-fold1/audit.json,models/lw_fc/candidates/2/mean_inner_auc,0.7265512265512265
results/sensitivity96/repeat5-fold1/audit.json,models/lw_fc/candidates/2/fold_auc/0,0.8809523809523809
results/sensitivity96/repeat5-fold1/audit.json,models/lw_fc/candidates/2/fold_auc/1,0.7077922077922078
results/sensitivity96/repeat5-fold1/audit.json,models/lw_fc/candidates/2/fold_auc/2,0.5909090909090908
results/sensitivity96/repeat5-fold1/audit.json,models/lw_fc/candidates/3/mean_inner_auc,0.7263708513708513
results/sensitivity96/repeat5-fold1/audit.json,models/lw_fc/candidates/3/fold_auc/0,0.8869047619047619
results/sensitivity96/repeat5-fold1/audit.json,models/lw_fc/candidates/3/fold_auc/1,0.7012987012987013
results/sensitivity96/repeat5-fold1/audit.json,models/lw_fc/candidates/3/fold_auc/2,0.5909090909090908
results/sensitivity96/repeat5-fold1/audit.json,models/lw_fc/chosen/mean_inner_auc,0.7265512265512265
results/sensitivity96/repeat5-fold1/audit.json,models/lw_fc/chosen/fold_auc/0,0.8809523809523809
results/sensitivity96/repeat5-fold1/audit.json,models/lw_fc/chosen/fold_auc/1,0.7077922077922078
results/sensitivity96/repeat5-fold1/audit.json,models/lw_fc/chosen/fold_auc/2,0.5909090909090908
results/sensitivity96/repeat5-fold1/audit.json,models/lw_tangent/candidates/0/mean_inner_auc,0.7788600288600288
results/sensitivity96/repeat5-fold1/audit.json,models/lw_tangent/candidates/0/fold_auc/0,0.869047619047619
results/sensitivity96/repeat5-fold1/audit.json,models/lw_tangent/candidates/0/fold_auc/1,0.7402597402597403
results/sensitivity96/repeat5-fold1/audit.json,models/lw_tangent/candidates/0/fold_auc/2,0.7272727272727272
results/sensitivity96/repeat5-fold1/audit.json,models/lw_tangent/candidates/1/mean_inner_auc,0.7936507936507936
results/sensitivity96/repeat5-fold1/audit.json,models/lw_tangent/candidates/1/fold_auc/0,0.880952380952381
results/sensitivity96/repeat5-fold1/audit.json,models/lw_tangent/candidates/1/fold_auc/1,0.7532467532467533
results/sensitivity96/repeat5-fold1/audit.json,models/lw_tangent/candidates/1/fold_auc/2,0.7467532467532467
results/sensitivity96/repeat5-fold1/audit.json,models/lw_tangent/candidates/2/mean_inner_auc,0.8023088023088022
results/sensitivity96/repeat5-fold1/audit.json,models/lw_tangent/candidates/2/fold_auc/0,0.880952380952381
results/sensitivity96/repeat5-fold1/audit.json,models/lw_tangent/candidates/2/fold_auc/1,0.7532467532467533
results/sensitivity96/repeat5-fold1/audit.json,models/lw_tangent/candidates/2/fold_auc/2,0.7727272727272727
results/sensitivity96/repeat5-fold1/audit.json,models/lw_tangent/candidates/3/mean_inner_auc,0.8044733044733045
results/sensitivity96/repeat5-fold1/audit.json,models/lw_tangent/candidates/3/fold_auc/0,0.880952380952381
results/sensitivity96/repeat5-fold1/audit.json,models/lw_tangent/candidates/3/fold_auc/1,0.7597402597402597
results/sensitivity96/repeat5-fold1/audit.json,models/lw_tangent/candidates/3/fold_auc/2,0.7727272727272727
results/sensitivity96/repeat5-fold1/audit.json,models/lw_tangent/chosen/mean_inner_auc,0.8044733044733045
results/sensitivity96/repeat5-fold1/audit.json,models/lw_tangent/chosen/fold_auc/0,0.880952380952381
results/sensitivity96/repeat5-fold1/audit.json,models/lw_tangent/chosen/fold_auc/1,0.7597402597402597
results/sensitivity96/repeat5-fold1/audit.json,models/lw_tangent/chosen/fold_auc/2,0.7727272727272727
results/sensitivity96/repeat5-fold1/audit.json,models/node_strength180/candidates/0/mean_inner_auc,0.6892135642135643
results/sensitivity96/repeat5-fold1/audit.json,models/node_strength180/candidates/0/fold_auc/0,0.8273809523809523
results/sensitivity96/repeat5-fold1/audit.json,models/node_strength180/candidates/0/fold_auc/1,0.7337662337662337
results/sensitivity96/repeat5-fold1/audit.json,models/node_strength180/candidates/0/fold_auc/2,0.5064935064935066
results/sensitivity96/repeat5-fold1/audit.json,models/node_strength180/candidates/1/mean_inner_auc,0.7321428571428572
results/sensitivity96/repeat5-fold1/audit.json,models/node_strength180/candidates/1/fold_auc/0,0.8392857142857143
results/sensitivity96/repeat5-fold1/audit.json,models/node_strength180/candidates/1/fold_auc/1,0.7402597402597403
results/sensitivity96/repeat5-fold1/audit.json,models/node_strength180/candidates/1/fold_auc/2,0.6168831168831169
results/sensitivity96/repeat5-fold1/audit.json,models/node_strength180/candidates/2/mean_inner_auc,0.7860750360750361
results/sensitivity96/repeat5-fold1/audit.json,models/node_strength180/candidates/2/fold_auc/0,0.8452380952380953
results/sensitivity96/repeat5-fold1/audit.json,models/node_strength180/candidates/2/fold_auc/1,0.8051948051948051
results/sensitivity96/repeat5-fold1/audit.json,models/node_strength180/candidates/2/fold_auc/2,0.7077922077922079
results/sensitivity96/repeat5-fold1/audit.json,models/node_strength180/candidates/3/mean_inner_auc,0.779040404040404
results/sensitivity96/repeat5-fold1/audit.json,models/node_strength180/candidates/3/fold_auc/0,0.7916666666666666
results/sensitivity96/repeat5-fold1/audit.json,models/node_strength180/candidates/3/fold_auc/1,0.8441558441558441
results/sensitivity96/repeat5-fold1/audit.json,models/node_strength180/candidates/3/fold_auc/2,0.7012987012987013
results/sensitivity96/repeat5-fold1/audit.json,models/node_strength180/chosen/mean_inner_auc,0.7860750360750361
results/sensitivity96/repeat5-fold1/audit.json,models/node_strength180/chosen/fold_auc/0,0.8452380952380953
results/sensitivity96/repeat5-fold1/audit.json,models/node_strength180/chosen/fold_auc/1,0.8051948051948051
results/sensitivity96/repeat5-fold1/audit.json,models/node_strength180/chosen/fold_auc/2,0.7077922077922079
results/sensitivity96/repeat5-fold2/audit.json,models/lw_fc/candidates/0/mean_inner_auc,0.7378625647856417
results/sensitivity96/repeat5-fold2/audit.json,models/lw_fc/candidates/0/fold_auc/0,0.6627218934911242
results/sensitivity96/repeat5-fold2/audit.json,models/lw_fc/candidates/0/fold_auc/1,0.7976190476190477
results/sensitivity96/repeat5-fold2/audit.json,models/lw_fc/candidates/0/fold_auc/2,0.7532467532467533
results/sensitivity96/repeat5-fold2/audit.json,models/lw_fc/candidates/1/mean_inner_auc,0.7644993894993894
results/sensitivity96/repeat5-fold2/audit.json,models/lw_fc/candidates/1/fold_auc/0,0.6923076923076923
results/sensitivity96/repeat5-fold2/audit.json,models/lw_fc/candidates/1/fold_auc/1,0.8154761904761905
results/sensitivity96/repeat5-fold2/audit.json,models/lw_fc/candidates/1/fold_auc/2,0.7857142857142857
results/sensitivity96/repeat5-fold2/audit.json,models/lw_fc/candidates/2/mean_inner_auc,0.7684441626749319
results/sensitivity96/repeat5-fold2/audit.json,models/lw_fc/candidates/2/fold_auc/0,0.7041420118343196
results/sensitivity96/repeat5-fold2/audit.json,models/lw_fc/candidates/2/fold_auc/1,0.8154761904761904
results/sensitivity96/repeat5-fold2/audit.json,models/lw_fc/candidates/2/fold_auc/2,0.7857142857142857
results/sensitivity96/repeat5-fold2/audit.json,models/lw_fc/candidates/3/mean_inner_auc,0.77240067624683
results/sensitivity96/repeat5-fold2/audit.json,models/lw_fc/candidates/3/fold_auc/0,0.7100591715976331
results/sensitivity96/repeat5-fold2/audit.json,models/lw_fc/candidates/3/fold_auc/1,0.8214285714285714
results/sensitivity96/repeat5-fold2/audit.json,models/lw_fc/candidates/3/fold_auc/2,0.7857142857142857
results/sensitivity96/repeat5-fold2/audit.json,models/lw_fc/chosen/mean_inner_auc,0.77240067624683
results/sensitivity96/repeat5-fold2/audit.json,models/lw_fc/chosen/fold_auc/0,0.7100591715976331
results/sensitivity96/repeat5-fold2/audit.json,models/lw_fc/chosen/fold_auc/1,0.8214285714285714
results/sensitivity96/repeat5-fold2/audit.json,models/lw_fc/chosen/fold_auc/2,0.7857142857142857
results/sensitivity96/repeat5-fold2/audit.json,models/lw_tangent/candidates/0/mean_inner_auc,0.765154717077794
results/sensitivity96/repeat5-fold2/audit.json,models/lw_tangent/candidates/0/fold_auc/0,0.8165680473372781
results/sensitivity96/repeat5-fold2/audit.json,models/lw_tangent/candidates/0/fold_auc/1,0.6607142857142857
results/sensitivity96/repeat5-fold2/audit.json,models/lw_tangent/candidates/0/fold_auc/2,0.8181818181818181
results/sensitivity96/repeat5-fold2/audit.json,models/lw_tangent/candidates/1/mean_inner_auc,0.7707228668767131
results/sensitivity96/repeat5-fold2/audit.json,models/lw_tangent/candidates/1/fold_auc/0,0.8284023668639053
results/sensitivity96/repeat5-fold2/audit.json,models/lw_tangent/candidates/1/fold_auc/1,0.6785714285714286
results/sensitivity96/repeat5-fold2/audit.json,models/lw_tangent/candidates/1/fold_auc/2,0.8051948051948051
results/sensitivity96/repeat5-fold2/audit.json,models/lw_tangent/candidates/2/mean_inner_auc,0.7624256085794547
results/sensitivity96/repeat5-fold2/audit.json,models/lw_tangent/candidates/2/fold_auc/0,0.8284023668639053
results/sensitivity96/repeat5-fold2/audit.json,models/lw_tangent/candidates/2/fold_auc/1,0.6666666666666667
results/sensitivity96/repeat5-fold2/audit.json,models/lw_tangent/candidates/2/fold_auc/2,0.7922077922077921
results/sensitivity96/repeat5-fold2/audit.json,models/lw_tangent/candidates/3/mean_inner_auc,0.7624256085794547
results/sensitivity96/repeat5-fold2/audit.json,models/lw_tangent/candidates/3/fold_auc/0,0.8284023668639053
results/sensitivity96/repeat5-fold2/audit.json,models/lw_tangent/candidates/3/fold_auc/1,0.6666666666666667
results/sensitivity96/repeat5-fold2/audit.json,models/lw_tangent/candidates/3/fold_auc/2,0.7922077922077921
results/sensitivity96/repeat5-fold2/audit.json,models/lw_tangent/chosen/mean_inner_auc,0.7707228668767131
results/sensitivity96/repeat5-fold2/audit.json,models/lw_tangent/chosen/fold_auc/0,0.8284023668639053
results/sensitivity96/repeat5-fold2/audit.json,models/lw_tangent/chosen/fold_auc/1,0.6785714285714286
results/sensitivity96/repeat5-fold2/audit.json,models/lw_tangent/chosen/fold_auc/2,0.8051948051948051
results/sensitivity96/repeat5-fold2/audit.json,models/node_strength180/candidates/0/mean_inner_auc,0.7048261567492337
results/sensitivity96/repeat5-fold2/audit.json,models/node_strength180/candidates/0/fold_auc/0,0.5857988165680473
results/sensitivity96/repeat5-fold2/audit.json,models/node_strength180/candidates/0/fold_auc/1,0.8273809523809523
results/sensitivity96/repeat5-fold2/audit.json,models/node_strength180/candidates/0/fold_auc/2,0.7012987012987013
results/sensitivity96/repeat5-fold2/audit.json,models/node_strength180/candidates/1/mean_inner_auc,0.7203032010724318
results/sensitivity96/repeat5-fold2/audit.json,models/node_strength180/candidates/1/fold_auc/0,0.6035502958579881
results/sensitivity96/repeat5-fold2/audit.json,models/node_strength180/candidates/1/fold_auc/1,0.8690476190476191
results/sensitivity96/repeat5-fold2/audit.json,models/node_strength180/candidates/1/fold_auc/2,0.6883116883116883
results/sensitivity96/repeat5-fold2/audit.json,models/node_strength180/candidates/2/mean_inner_auc,0.6930900296284913
results/sensitivity96/repeat5-fold2/audit.json,models/node_strength180/candidates/2/fold_auc/0,0.5917159763313611
results/sensitivity96/repeat5-fold2/audit.json,models/node_strength180/candidates/2/fold_auc/1,0.8511904761904763
results/sensitivity96/repeat5-fold2/audit.json,models/node_strength180/candidates/2/fold_auc/2,0.6363636363636364
results/sensitivity96/repeat5-fold2/audit.json,models/node_strength180/candidates/3/mean_inner_auc,0.6811500465346619
results/sensitivity96/repeat5-fold2/audit.json,models/node_strength180/candidates/3/fold_auc/0,0.6094674556213018
results/sensitivity96/repeat5-fold2/audit.json,models/node_strength180/candidates/3/fold_auc/1,0.7976190476190477
results/sensitivity96/repeat5-fold2/audit.json,models/node_strength180/candidates/3/fold_auc/2,0.6363636363636362
results/sensitivity96/repeat5-fold2/audit.json,models/node_strength180/chosen/mean_inner_auc,0.7203032010724318
results/sensitivity96/repeat5-fold2/audit.json,models/node_strength180/chosen/fold_auc/0,0.6035502958579881
results/sensitivity96/repeat5-fold2/audit.json,models/node_strength180/chosen/fold_auc/1,0.8690476190476191
results/sensitivity96/repeat5-fold2/audit.json,models/node_strength180/chosen/fold_auc/2,0.6883116883116883
results/sensitivity96/repeat5-fold3/audit.json,models/lw_fc/candidates/0/mean_inner_auc,0.6919063842140766
results/sensitivity96/repeat5-fold3/audit.json,models/lw_fc/candidates/0/fold_auc/0,0.7337278106508877
results/sensitivity96/repeat5-fold3/audit.json,models/lw_fc/candidates/0/fold_auc/1,0.5952380952380952
results/sensitivity96/repeat5-fold3/audit.json,models/lw_fc/candidates/0/fold_auc/2,0.7467532467532468
results/sensitivity96/repeat5-fold3/audit.json,models/lw_fc/candidates/1/mean_inner_auc,0.6787624768393999
results/sensitivity96/repeat5-fold3/audit.json,models/lw_fc/candidates/1/fold_auc/0,0.7218934911242604
results/sensitivity96/repeat5-fold3/audit.json,models/lw_fc/candidates/1/fold_auc/1,0.6130952380952381
results/sensitivity96/repeat5-fold3/audit.json,models/lw_fc/candidates/1/fold_auc/2,0.7012987012987013
results/sensitivity96/repeat5-fold3/audit.json,models/lw_fc/candidates/2/mean_inner_auc,0.6827307308076539
results/sensitivity96/repeat5-fold3/audit.json,models/lw_fc/candidates/2/fold_auc/0,0.7218934911242604
results/sensitivity96/repeat5-fold3/audit.json,models/lw_fc/candidates/2/fold_auc/1,0.625
results/sensitivity96/repeat5-fold3/audit.json,models/lw_fc/candidates/2/fold_auc/2,0.7012987012987013
results/sensitivity96/repeat5-fold3/audit.json,models/lw_fc/candidates/3/mean_inner_auc,0.6803741130664207
results/sensitivity96/repeat5-fold3/audit.json,models/lw_fc/candidates/3/fold_auc/0,0.7278106508875739
results/sensitivity96/repeat5-fold3/audit.json,models/lw_fc/candidates/3/fold_auc/1,0.625
results/sensitivity96/repeat5-fold3/audit.json,models/lw_fc/candidates/3/fold_auc/2,0.6883116883116883
results/sensitivity96/repeat5-fold3/audit.json,models/lw_fc/chosen/mean_inner_auc,0.6919063842140766
results/sensitivity96/repeat5-fold3/audit.json,models/lw_fc/chosen/fold_auc/0,0.7337278106508877
results/sensitivity96/repeat5-fold3/audit.json,models/lw_fc/chosen/fold_auc/1,0.5952380952380952
results/sensitivity96/repeat5-fold3/audit.json,models/lw_fc/chosen/fold_auc/2,0.7467532467532468
results/sensitivity96/repeat5-fold3/audit.json,models/lw_tangent/candidates/0/mean_inner_auc,0.7315024718870872
results/sensitivity96/repeat5-fold3/audit.json,models/lw_tangent/candidates/0/fold_auc/0,0.6863905325443787
results/sensitivity96/repeat5-fold3/audit.json,models/lw_tangent/candidates/0/fold_auc/1,0.6964285714285714
results/sensitivity96/repeat5-fold3/audit.json,models/lw_tangent/candidates/0/fold_auc/2,0.8116883116883117
results/sensitivity96/repeat5-fold3/audit.json,models/lw_tangent/candidates/1/mean_inner_auc,0.7224602320756167
results/sensitivity96/repeat5-fold3/audit.json,models/lw_tangent/candidates/1/fold_auc/0,0.6982248520710058
results/sensitivity96/repeat5-fold3/audit.json,models/lw_tangent/candidates/1/fold_auc/1,0.6964285714285715
results/sensitivity96/repeat5-fold3/audit.json,models/lw_tangent/candidates/1/fold_auc/2,0.7727272727272727
results/sensitivity96/repeat5-fold3/audit.json,models/lw_tangent/candidates/2/mean_inner_auc,0.7163274759428605
results/sensitivity96/repeat5-fold3/audit.json,models/lw_tangent/candidates/2/fold_auc/0,0.6982248520710058
results/sensitivity96/repeat5-fold3/audit.json,models/lw_tangent/candidates/2/fold_auc/1,0.6845238095238095
results/sensitivity96/repeat5-fold3/audit.json,models/lw_tangent/candidates/2/fold_auc/2,0.7662337662337662
results/sensitivity96/repeat5-fold3/audit.json,models/lw_tangent/candidates/3/mean_inner_auc,0.7143550893550893
results/sensitivity96/repeat5-fold3/audit.json,models/lw_tangent/candidates/3/fold_auc/0,0.6923076923076923
results/sensitivity96/repeat5-fold3/audit.json,models/lw_tangent/candidates/3/fold_auc/1,0.6845238095238095
results/sensitivity96/repeat5-fold3/audit.json,models/lw_tangent/candidates/3/fold_auc/2,0.7662337662337662
results/sensitivity96/repeat5-fold3/audit.json,models/lw_tangent/chosen/mean_inner_auc,0.7315024718870872
results/sensitivity96/repeat5-fold3/audit.json,models/lw_tangent/chosen/fold_auc/0,0.6863905325443787
results/sensitivity96/repeat5-fold3/audit.json,models/lw_tangent/chosen/fold_auc/1,0.6964285714285714
results/sensitivity96/repeat5-fold3/audit.json,models/lw_tangent/chosen/fold_auc/2,0.8116883116883117
results/sensitivity96/repeat5-fold3/audit.json,models/node_strength180/candidates/0/mean_inner_auc,0.6988428238428238
results/sensitivity96/repeat5-fold3/audit.json,models/node_strength180/candidates/0/fold_auc/0,0.6923076923076923
results/sensitivity96/repeat5-fold3/audit.json,models/node_strength180/candidates/0/fold_auc/1,0.5535714285714286
results/sensitivity96/repeat5-fold3/audit.json,models/node_strength180/candidates/0/fold_auc/2,0.8506493506493505
results/sensitivity96/repeat5-fold3/audit.json,models/node_strength180/candidates/1/mean_inner_auc,0.7140573102111564
results/sensitivity96/repeat5-fold3/audit.json,models/node_strength180/candidates/1/fold_auc/0,0.7514792899408284
results/sensitivity96/repeat5-fold3/audit.json,models/node_strength180/candidates/1/fold_auc/1,0.6309523809523809
results/sensitivity96/repeat5-fold3/audit.json,models/node_strength180/candidates/1/fold_auc/2,0.7597402597402597
results/sensitivity96/repeat5-fold3/audit.json,models/node_strength180/candidates/2/mean_inner_auc,0.7521164732703194
results/sensitivity96/repeat5-fold3/audit.json,models/node_strength180/candidates/2/fold_auc/0,0.7514792899408284
results/sensitivity96/repeat5-fold3/audit.json,models/node_strength180/candidates/2/fold_auc/1,0.8035714285714286
results/sensitivity96/repeat5-fold3/audit.json,models/node_strength180/candidates/2/fold_auc/2,0.7012987012987013
results/sensitivity96/repeat5-fold3/audit.json,models/node_strength180/candidates/3/mean_inner_auc,0.758272710195787
results/sensitivity96/repeat5-fold3/audit.json,models/node_strength180/candidates/3/fold_auc/0,0.7396449704142012
results/sensitivity96/repeat5-fold3/audit.json,models/node_strength180/candidates/3/fold_auc/1,0.8273809523809523
results/sensitivity96/repeat5-fold3/audit.json,models/node_strength180/candidates/3/fold_auc/2,0.7077922077922078
results/sensitivity96/repeat5-fold3/audit.json,models/node_strength180/chosen/mean_inner_auc,0.758272710195787
results/sensitivity96/repeat5-fold3/audit.json,models/node_strength180/chosen/fold_auc/0,0.7396449704142012
results/sensitivity96/repeat5-fold3/audit.json,models/node_strength180/chosen/fold_auc/1,0.8273809523809523
results/sensitivity96/repeat5-fold3/audit.json,models/node_strength180/chosen/fold_auc/2,0.7077922077922078
results/sensitivity96/repeat5-fold4/audit.json,models/lw_fc/candidates/0/mean_inner_auc,0.6297004277773509
results/sensitivity96/repeat5-fold4/audit.json,models/lw_fc/candidates/0/fold_auc/0,0.7218934911242603
results/sensitivity96/repeat5-fold4/audit.json,models/lw_fc/candidates/0/fold_auc/1,0.5178571428571429
results/sensitivity96/repeat5-fold4/audit.json,models/lw_fc/candidates/0/fold_auc/2,0.6493506493506493
results/sensitivity96/repeat5-fold4/audit.json,models/lw_fc/candidates/1/mean_inner_auc,0.6293044562275331
results/sensitivity96/repeat5-fold4/audit.json,models/lw_fc/candidates/1/fold_auc/0,0.7396449704142011
results/sensitivity96/repeat5-fold4/audit.json,models/lw_fc/candidates/1/fold_auc/1,0.5119047619047619
results/sensitivity96/repeat5-fold4/audit.json,models/lw_fc/candidates/1/fold_auc/2,0.6363636363636364
results/sensitivity96/repeat5-fold4/audit.json,models/lw_fc/candidates/2/mean_inner_auc,0.6251793078716156
results/sensitivity96/repeat5-fold4/audit.json,models/lw_fc/candidates/2/fold_auc/0,0.7278106508875739
results/sensitivity96/repeat5-fold4/audit.json,models/lw_fc/candidates/2/fold_auc/1,0.5178571428571429
results/sensitivity96/repeat5-fold4/audit.json,models/lw_fc/candidates/2/fold_auc/2,0.6298701298701299
results/sensitivity96/repeat5-fold4/audit.json,models/lw_fc/candidates/3/mean_inner_auc,0.6230148057071133
results/sensitivity96/repeat5-fold4/audit.json,models/lw_fc/candidates/3/fold_auc/0,0.7278106508875739
results/sensitivity96/repeat5-fold4/audit.json,models/lw_fc/candidates/3/fold_auc/1,0.5178571428571428
results/sensitivity96/repeat5-fold4/audit.json,models/lw_fc/candidates/3/fold_auc/2,0.6233766233766234
results/sensitivity96/repeat5-fold4/audit.json,models/lw_fc/chosen/mean_inner_auc,0.6297004277773509
results/sensitivity96/repeat5-fold4/audit.json,models/lw_fc/chosen/fold_auc/0,0.7218934911242603
results/sensitivity96/repeat5-fold4/audit.json,models/lw_fc/chosen/fold_auc/1,0.5178571428571429
results/sensitivity96/repeat5-fold4/audit.json,models/lw_fc/chosen/fold_auc/2,0.6493506493506493
results/sensitivity96/repeat5-fold4/audit.json,models/lw_tangent/candidates/0/mean_inner_auc,0.7177000350077273
results/sensitivity96/repeat5-fold4/audit.json,models/lw_tangent/candidates/0/fold_auc/0,0.7337278106508877
results/sensitivity96/repeat5-fold4/audit.json,models/lw_tangent/candidates/0/fold_auc/1,0.6726190476190476
results/sensitivity96/repeat5-fold4/audit.json,models/lw_tangent/candidates/0/fold_auc/2,0.7467532467532467
results/sensitivity96/repeat5-fold4/audit.json,models/lw_tangent/candidates/1/mean_inner_auc,0.7177117754040832
results/sensitivity96/repeat5-fold4/audit.json,models/lw_tangent/candidates/1/fold_auc/0,0.727810650887574
results/sensitivity96/repeat5-fold4/audit.json,models/lw_tangent/candidates/1/fold_auc/1,0.6785714285714286
results/sensitivity96/repeat5-fold4/audit.json,models/lw_tangent/candidates/1/fold_auc/2,0.7467532467532467
results/sensitivity96/repeat5-fold4/audit.json,models/lw_tangent/candidates/2/mean_inner_auc,0.7194920464151234
results/sensitivity96/repeat5-fold4/audit.json,models/lw_tangent/candidates/2/fold_auc/0,0.7396449704142012
results/sensitivity96/repeat5-fold4/audit.json,models/lw_tangent/candidates/2/fold_auc/1,0.6785714285714286
results/sensitivity96/repeat5-fold4/audit.json,models/lw_tangent/candidates/2/fold_auc/2,0.7402597402597402
results/sensitivity96/repeat5-fold4/audit.json,models/lw_tangent/candidates/3/mean_inner_auc,0.7214761733992502
results/sensitivity96/repeat5-fold4/audit.json,models/lw_tangent/candidates/3/fold_auc/0,0.7396449704142012
results/sensitivity96/repeat5-fold4/audit.json,models/lw_tangent/candidates/3/fold_auc/1,0.6845238095238095
results/sensitivity96/repeat5-fold4/audit.json,models/lw_tangent/candidates/3/fold_auc/2,0.7402597402597402
results/sensitivity96/repeat5-fold4/audit.json,models/lw_tangent/chosen/mean_inner_auc,0.7214761733992502
results/sensitivity96/repeat5-fold4/audit.json,models/lw_tangent/chosen/fold_auc/0,0.7396449704142012
results/sensitivity96/repeat5-fold4/audit.json,models/lw_tangent/chosen/fold_auc/1,0.6845238095238095
results/sensitivity96/repeat5-fold4/audit.json,models/lw_tangent/chosen/fold_auc/2,0.7402597402597402
results/sensitivity96/repeat5-fold4/audit.json,models/node_strength180/candidates/0/mean_inner_auc,0.5271918252687483
results/sensitivity96/repeat5-fold4/audit.json,models/node_strength180/candidates/0/fold_auc/0,0.5680473372781065
results/sensitivity96/repeat5-fold4/audit.json,models/node_strength180/candidates/0/fold_auc/1,0.5654761904761905
results/sensitivity96/repeat5-fold4/audit.json,models/node_strength180/candidates/0/fold_auc/2,0.44805194805194803
results/sensitivity96/repeat5-fold4/audit.json,models/node_strength180/candidates/1/mean_inner_auc,0.5917234474926782
results/sensitivity96/repeat5-fold4/audit.json,models/node_strength180/candidates/1/fold_auc/0,0.6804733727810651
results/sensitivity96/repeat5-fold4/audit.json,models/node_strength180/candidates/1/fold_auc/1,0.6011904761904762
results/sensitivity96/repeat5-fold4/audit.json,models/node_strength180/candidates/1/fold_auc/2,0.4935064935064935
results/sensitivity96/repeat5-fold4/audit.json,models/node_strength180/candidates/2/mean_inner_auc,0.61080799542338
results/sensitivity96/repeat5-fold4/audit.json,models/node_strength180/candidates/2/fold_auc/0,0.6982248520710059
results/sensitivity96/repeat5-fold4/audit.json,models/node_strength180/candidates/2/fold_auc/1,0.5952380952380952
results/sensitivity96/repeat5-fold4/audit.json,models/node_strength180/candidates/2/fold_auc/2,0.538961038961039
results/sensitivity96/repeat5-fold4/audit.json,models/node_strength180/candidates/3/mean_inner_auc,0.6157133464825771
results/sensitivity96/repeat5-fold4/audit.json,models/node_strength180/candidates/3/fold_auc/0,0.680473372781065
results/sensitivity96/repeat5-fold4/audit.json,models/node_strength180/candidates/3/fold_auc/1,0.5952380952380952
results/sensitivity96/repeat5-fold4/audit.json,models/node_strength180/candidates/3/fold_auc/2,0.5714285714285714
results/sensitivity96/repeat5-fold4/audit.json,models/node_strength180/chosen/mean_inner_auc,0.6157133464825771
results/sensitivity96/repeat5-fold4/audit.json,models/node_strength180/chosen/fold_auc/0,0.680473372781065
results/sensitivity96/repeat5-fold4/audit.json,models/node_strength180/chosen/fold_auc/1,0.5952380952380952
results/sensitivity96/repeat5-fold4/audit.json,models/node_strength180/chosen/fold_auc/2,0.5714285714285714
results/sensitivity96/repeat5-fold5/audit.json,models/lw_fc/candidates/0/mean_inner_auc,0.696933621933622
results/sensitivity96/repeat5-fold5/audit.json,models/lw_fc/candidates/0/fold_auc/0,0.6303030303030304
results/sensitivity96/repeat5-fold5/audit.json,models/lw_fc/candidates/0/fold_auc/1,0.7202380952380951
results/sensitivity96/repeat5-fold5/audit.json,models/lw_fc/candidates/0/fold_auc/2,0.7402597402597403
results/sensitivity96/repeat5-fold5/audit.json,models/lw_fc/candidates/1/mean_inner_auc,0.676948051948052
results/sensitivity96/repeat5-fold5/audit.json,models/lw_fc/candidates/1/fold_auc/0,0.6666666666666667
results/sensitivity96/repeat5-fold5/audit.json,models/lw_fc/candidates/1/fold_auc/1,0.7083333333333333
results/sensitivity96/repeat5-fold5/audit.json,models/lw_fc/candidates/1/fold_auc/2,0.6558441558441558
results/sensitivity96/repeat5-fold5/audit.json,models/lw_fc/candidates/2/mean_inner_auc,0.665945165945166
results/sensitivity96/repeat5-fold5/audit.json,models/lw_fc/candidates/2/fold_auc/0,0.6666666666666667
results/sensitivity96/repeat5-fold5/audit.json,models/lw_fc/candidates/2/fold_auc/1,0.7142857142857142
results/sensitivity96/repeat5-fold5/audit.json,models/lw_fc/candidates/2/fold_auc/2,0.6168831168831168
results/sensitivity96/repeat5-fold5/audit.json,models/lw_fc/candidates/3/mean_inner_auc,0.6636363636363636
results/sensitivity96/repeat5-fold5/audit.json,models/lw_fc/candidates/3/fold_auc/0,0.6727272727272727
results/sensitivity96/repeat5-fold5/audit.json,models/lw_fc/candidates/3/fold_auc/1,0.7142857142857142
results/sensitivity96/repeat5-fold5/audit.json,models/lw_fc/candidates/3/fold_auc/2,0.6038961038961038
results/sensitivity96/repeat5-fold5/audit.json,models/lw_fc/chosen/mean_inner_auc,0.696933621933622
results/sensitivity96/repeat5-fold5/audit.json,models/lw_fc/chosen/fold_auc/0,0.6303030303030304
results/sensitivity96/repeat5-fold5/audit.json,models/lw_fc/chosen/fold_auc/1,0.7202380952380951
results/sensitivity96/repeat5-fold5/audit.json,models/lw_fc/chosen/fold_auc/2,0.7402597402597403
results/sensitivity96/repeat5-fold5/audit.json,models/lw_tangent/candidates/0/mean_inner_auc,0.7632034632034633
results/sensitivity96/repeat5-fold5/audit.json,models/lw_tangent/candidates/0/fold_auc/0,0.7636363636363637
results/sensitivity96/repeat5-fold5/audit.json,models/lw_tangent/candidates/0/fold_auc/1,0.7142857142857143
results/sensitivity96/repeat5-fold5/audit.json,models/lw_tangent/candidates/0/fold_auc/2,0.8116883116883117
results/sensitivity96/repeat5-fold5/audit.json,models/lw_tangent/candidates/1/mean_inner_auc,0.7651875901875903
results/sensitivity96/repeat5-fold5/audit.json,models/lw_tangent/candidates/1/fold_auc/0,0.7636363636363637
results/sensitivity96/repeat5-fold5/audit.json,models/lw_tangent/candidates/1/fold_auc/1,0.7202380952380952
results/sensitivity96/repeat5-fold5/audit.json,models/lw_tangent/candidates/1/fold_auc/2,0.8116883116883118
results/sensitivity96/repeat5-fold5/audit.json,models/lw_tangent/candidates/2/mean_inner_auc,0.7672077922077922
results/sensitivity96/repeat5-fold5/audit.json,models/lw_tangent/candidates/2/fold_auc/0,0.7696969696969698
results/sensitivity96/repeat5-fold5/audit.json,models/lw_tangent/candidates/2/fold_auc/1,0.7202380952380952
results/sensitivity96/repeat5-fold5/audit.json,models/lw_tangent/candidates/2/fold_auc/2,0.8116883116883117
results/sensitivity96/repeat5-fold5/audit.json,models/lw_tangent/candidates/3/mean_inner_auc,0.7692279942279944
results/sensitivity96/repeat5-fold5/audit.json,models/lw_tangent/candidates/3/fold_auc/0,0.7757575757575758
results/sensitivity96/repeat5-fold5/audit.json,models/lw_tangent/candidates/3/fold_auc/1,0.7202380952380952
results/sensitivity96/repeat5-fold5/audit.json,models/lw_tangent/candidates/3/fold_auc/2,0.8116883116883118
results/sensitivity96/repeat5-fold5/audit.json,models/lw_tangent/chosen/mean_inner_auc,0.7692279942279944
results/sensitivity96/repeat5-fold5/audit.json,models/lw_tangent/chosen/fold_auc/0,0.7757575757575758
results/sensitivity96/repeat5-fold5/audit.json,models/lw_tangent/chosen/fold_auc/1,0.7202380952380952
results/sensitivity96/repeat5-fold5/audit.json,models/lw_tangent/chosen/fold_auc/2,0.8116883116883118
results/sensitivity96/repeat5-fold5/audit.json,models/node_strength180/candidates/0/mean_inner_auc,0.7113636363636363
results/sensitivity96/repeat5-fold5/audit.json,models/node_strength180/candidates/0/fold_auc/0,0.6909090909090909
results/sensitivity96/repeat5-fold5/audit.json,models/node_strength180/candidates/0/fold_auc/1,0.6964285714285714
results/sensitivity96/repeat5-fold5/audit.json,models/node_strength180/candidates/0/fold_auc/2,0.7467532467532467
results/sensitivity96/repeat5-fold5/audit.json,models/node_strength180/candidates/1/mean_inner_auc,0.6984126984126985
results/sensitivity96/repeat5-fold5/audit.json,models/node_strength180/candidates/1/fold_auc/0,0.6666666666666667
results/sensitivity96/repeat5-fold5/audit.json,models/node_strength180/candidates/1/fold_auc/1,0.7142857142857142
results/sensitivity96/repeat5-fold5/audit.json,models/node_strength180/candidates/1/fold_auc/2,0.7142857142857143
results/sensitivity96/repeat5-fold5/audit.json,models/node_strength180/candidates/2/mean_inner_auc,0.6655844155844156
results/sensitivity96/repeat5-fold5/audit.json,models/node_strength180/candidates/2/fold_auc/0,0.6060606060606061
results/sensitivity96/repeat5-fold5/audit.json,models/node_strength180/candidates/2/fold_auc/1,0.7023809523809523
results/sensitivity96/repeat5-fold5/audit.json,models/node_strength180/candidates/2/fold_auc/2,0.6883116883116883
results/sensitivity96/repeat5-fold5/audit.json,models/node_strength180/candidates/3/mean_inner_auc,0.6468975468975469
results/sensitivity96/repeat5-fold5/audit.json,models/node_strength180/candidates/3/fold_auc/0,0.5878787878787879
results/sensitivity96/repeat5-fold5/audit.json,models/node_strength180/candidates/3/fold_auc/1,0.6904761904761905
results/sensitivity96/repeat5-fold5/audit.json,models/node_strength180/candidates/3/fold_auc/2,0.6623376623376623
results/sensitivity96/repeat5-fold5/audit.json,models/node_strength180/chosen/mean_inner_auc,0.7113636363636363
results/sensitivity96/repeat5-fold5/audit.json,models/node_strength180/chosen/fold_auc/0,0.6909090909090909
results/sensitivity96/repeat5-fold5/audit.json,models/node_strength180/chosen/fold_auc/1,0.6964285714285714
results/sensitivity96/repeat5-fold5/audit.json,models/node_strength180/chosen/fold_auc/2,0.7467532467532467
results/site_pair_diagnostics.json,results/0/within_auc,0.6146840148698884
results/site_pair_diagnostics.json,results/0/cross_pair_auc,0.6844346549192364
results/site_pair_diagnostics.json,results/0/mixed_cv_site_auc/OSU,0.5801169590643276
results/site_pair_diagnostics.json,results/0/mixed_cv_site_auc/CIN,0.6463458110516933
results/site_pair_diagnostics.json,results/1/within_auc,0.720446096654275
results/site_pair_diagnostics.json,results/1/cross_pair_auc,0.777826725403818
results/site_pair_diagnostics.json,results/1/mixed_cv_site_auc/OSU,0.7150097465886939
results/site_pair_diagnostics.json,results/1/mixed_cv_site_auc/CIN,0.7254901960784312
results/site_pair_diagnostics.json,results/2/within_auc,0.54182156133829
results/site_pair_diagnostics.json,results/2/cross_pair_auc,0.6392070484581497
results/site_pair_diagnostics.json,results/2/mixed_cv_site_auc/OSU,0.49902534113060426
results/site_pair_diagnostics.json,results/2/mixed_cv_site_auc/CIN,0.5814616755793226
results/site_pair_diagnostics.json,results/3/within_auc,0.6093109869646183
results/site_pair_diagnostics.json,results/3/cross_pair_auc,0.6698517298187809
results/site_pair_diagnostics.json,results/3/mixed_cv_site_auc/OSU,0.56140350877193
results/site_pair_diagnostics.json,results/3/mixed_cv_site_auc/CIN,0.6531194295900178
results/site_pair_diagnostics.json,results/4/within_auc,0.715828677839851
results/site_pair_diagnostics.json,results/4/cross_pair_auc,0.7919275123558485
results/site_pair_diagnostics.json,results/4/mixed_cv_site_auc/OSU,0.7165692007797271
results/site_pair_diagnostics.json,results/4/mixed_cv_site_auc/CIN,0.7151515151515152
results/site_pair_diagnostics.json,results/5/within_auc,0.5759776536312848
results/site_pair_diagnostics.json,results/5/cross_pair_auc,0.6662273476112027
results/site_pair_diagnostics.json,results/5/mixed_cv_site_auc/OSU,0.5754385964912281
results/site_pair_diagnostics.json,results/5/mixed_cv_site_auc/CIN,0.5764705882352942
results/site_transfer/CIN-to-OSU/audit.json,models/lw_fc/candidates/0/inner_auc,0.7818181818181817
results/site_transfer/CIN-to-OSU/audit.json,models/lw_fc/candidates/1/inner_auc,0.818181818181818
results/site_transfer/CIN-to-OSU/audit.json,models/lw_fc/candidates/2/inner_auc,0.808080808080808
results/site_transfer/CIN-to-OSU/audit.json,models/lw_fc/candidates/3/inner_auc,0.8030303030303031
results/site_transfer/CIN-to-OSU/audit.json,models/lw_fc/chosen/inner_auc,0.818181818181818
results/site_transfer/CIN-to-OSU/audit.json,models/lw_tangent/candidates/0/inner_auc,0.7141414141414142
results/site_transfer/CIN-to-OSU/audit.json,models/lw_tangent/candidates/1/inner_auc,0.7141414141414142
results/site_transfer/CIN-to-OSU/audit.json,models/lw_tangent/candidates/2/inner_auc,0.7141414141414142
results/site_transfer/CIN-to-OSU/audit.json,models/lw_tangent/candidates/3/inner_auc,0.7141414141414142
results/site_transfer/CIN-to-OSU/audit.json,models/lw_tangent/chosen/inner_auc,0.7141414141414142
results/site_transfer/CIN-to-OSU/audit.json,models/node_strength180/candidates/0/inner_auc,0.6121212121212122
results/site_transfer/CIN-to-OSU/audit.json,models/node_strength180/candidates/1/inner_auc,0.6575757575757576
results/site_transfer/CIN-to-OSU/audit.json,models/node_strength180/candidates/2/inner_auc,0.7181818181818181
results/site_transfer/CIN-to-OSU/audit.json,models/node_strength180/candidates/3/inner_auc,0.7131313131313132
results/site_transfer/CIN-to-OSU/audit.json,models/node_strength180/chosen/inner_auc,0.7181818181818181
results/site_transfer/OSU-to-CIN/audit.json,models/lw_fc/candidates/0/inner_auc,0.7142857142857143
results/site_transfer/OSU-to-CIN/audit.json,models/lw_fc/candidates/1/inner_auc,0.7142857142857143
results/site_transfer/OSU-to-CIN/audit.json,models/lw_fc/candidates/2/inner_auc,0.7204585537918872
results/site_transfer/OSU-to-CIN/audit.json,models/lw_fc/candidates/3/inner_auc,0.7204585537918872
results/site_transfer/OSU-to-CIN/audit.json,models/lw_fc/chosen/inner_auc,0.7204585537918872
results/site_transfer/OSU-to-CIN/audit.json,models/lw_tangent/candidates/0/inner_auc,0.800705467372134
results/site_transfer/OSU-to-CIN/audit.json,models/lw_tangent/candidates/1/inner_auc,0.8174603174603173
results/site_transfer/OSU-to-CIN/audit.json,models/lw_tangent/candidates/2/inner_auc,0.8236331569664902
results/site_transfer/OSU-to-CIN/audit.json,models/lw_tangent/candidates/3/inner_auc,0.8183421516754851
results/site_transfer/OSU-to-CIN/audit.json,models/lw_tangent/chosen/inner_auc,0.8236331569664902
results/site_transfer/OSU-to-CIN/audit.json,models/node_strength180/candidates/0/inner_auc,0.6296296296296297
results/site_transfer/OSU-to-CIN/audit.json,models/node_strength180/candidates/1/inner_auc,0.6022927689594356
results/site_transfer/OSU-to-CIN/audit.json,models/node_strength180/candidates/2/inner_auc,0.6172839506172839
results/site_transfer/OSU-to-CIN/audit.json,models/node_strength180/candidates/3/inner_auc,0.6111111111111112
results/site_transfer/OSU-to-CIN/audit.json,models/node_strength180/chosen/inner_auc,0.6296296296296297
results/site_transfer/summary.json,results/0/roc_auc,0.5561497326203209
results/site_transfer/summary.json,results/0/accuracy,0.58
results/site_transfer/summary.json,results/0/balanced_accuracy,0.5249554367201427
results/site_transfer/summary.json,results/0/sensitivity,0.35294117647058826
results/site_transfer/summary.json,results/0/specificity,0.696969696969697
results/site_transfer/summary.json,results/0/brier,0.31211663585114907
results/site_transfer/summary.json,results/0/average_precision,0.38951411039204054
results/site_transfer/summary.json,results/0/log_loss,1.1199822297312938
results/site_transfer/summary.json,results/1/roc_auc,0.6078431372549019
results/site_transfer/summary.json,results/1/accuracy,0.6
results/site_transfer/summary.json,results/1/balanced_accuracy,0.5828877005347594
results/site_transfer/summary.json,results/1/sensitivity,0.5294117647058824
results/site_transfer/summary.json,results/1/specificity,0.6363636363636364
results/site_transfer/summary.json,results/1/brier,0.24918643956019235
results/site_transfer/summary.json,results/1/average_precision,0.4784949065794435
results/site_transfer/summary.json,results/1/log_loss,0.7008395843650815
results/site_transfer/summary.json,results/2/roc_auc,0.5579322638146168
results/site_transfer/summary.json,results/2/accuracy,0.66
results/site_transfer/summary.json,results/2/balanced_accuracy,0.5998217468805704
results/site_transfer/summary.json,results/2/sensitivity,0.4117647058823529
results/site_transfer/summary.json,results/2/specificity,0.7878787878787878
results/site_transfer/summary.json,results/2/brier,0.23877477448369894
results/site_transfer/summary.json,results/2/average_precision,0.3840505481397056
results/site_transfer/summary.json,results/2/log_loss,0.6704213780139524
results/site_transfer/summary.json,results/3/roc_auc,0.5360623781676414
results/site_transfer/summary.json,results/3/accuracy,0.5869565217391305
results/site_transfer/summary.json,results/3/balanced_accuracy,0.5467836257309941
results/site_transfer/summary.json,results/3/sensitivity,0.7777777777777778
results/site_transfer/summary.json,results/3/specificity,0.3157894736842105
results/site_transfer/summary.json,results/3/brier,0.2653841343009522
results/site_transfer/summary.json,results/3/average_precision,0.6002820318063387
results/site_transfer/summary.json,results/3/log_loss,0.773896217003861
results/site_transfer/summary.json,results/4/roc_auc,0.6120857699805068
results/site_transfer/summary.json,results/4/accuracy,0.6304347826086957
results/site_transfer/summary.json,results/4/balanced_accuracy,0.5760233918128654
results/site_transfer/summary.json,results/4/sensitivity,0.8888888888888888
results/site_transfer/summary.json,results/4/specificity,0.2631578947368421
results/site_transfer/summary.json,results/4/brier,0.23565585704722822
results/site_transfer/summary.json,results/4/average_precision,0.7020347633466235
results/site_transfer/summary.json,results/4/log_loss,0.6642219737944661
results/site_transfer/summary.json,results/5/roc_auc,0.580896686159844
results/site_transfer/summary.json,results/5/accuracy,0.5434782608695652
results/site_transfer/summary.json,results/5/balanced_accuracy,0.5487329434697856
results/site_transfer/summary.json,results/5/sensitivity,0.5185185185185185
results/site_transfer/summary.json,results/5/specificity,0.5789473684210527
results/site_transfer/summary.json,results/5/brier,0.2777359576102441
results/site_transfer/summary.json,results/5/average_precision,0.6491288131358843
results/site_transfer/summary.json,results/5/log_loss,0.7653605269326418
results/summary.json,results/0/roc_auc,0.6536505332239541
results/summary.json,results/0/accuracy,0.6161616161616161
results/summary.json,results/0/balanced_accuracy,0.6162428219852337
results/summary.json,results/0/sensitivity,0.617391304347826
results/summary.json,results/0/specificity,0.6150943396226415
results/summary.json,results/0/brier,0.25552359716667256
results/summary.json,results/0/average_precision,0.614416098891572
results/summary.json,results/0/log_loss,0.7912197966072757
results/summary.json,results/0/per_repeat/0/roc_auc,0.6460213289581624
results/summary.json,results/0/per_repeat/0/accuracy,0.6363636363636364
results/summary.json,results/0/per_repeat/0/balanced_accuracy,0.6345365053322396
results/summary.json,results/0/per_repeat/0/sensitivity,0.6086956521739131
results/summary.json,results/0/per_repeat/0/specificity,0.660377358490566
results/summary.json,results/0/per_repeat/0/brier,0.24918472282539197
results/summary.json,results/0/per_repeat/0/average_precision,0.6081930430024928
results/summary.json,results/0/per_repeat/0/log_loss,0.7198405220418421
results/summary.json,results/0/per_repeat/1/roc_auc,0.7026251025430681
results/summary.json,results/0/per_repeat/1/accuracy,0.6363636363636364
results/summary.json,results/0/per_repeat/1/balanced_accuracy,0.6388433141919606
results/summary.json,results/0/per_repeat/1/sensitivity,0.6739130434782609
results/summary.json,results/0/per_repeat/1/specificity,0.6037735849056604
results/summary.json,results/0/per_repeat/1/brier,0.23106304686603335
results/summary.json,results/0/per_repeat/1/average_precision,0.6656928591151261
results/summary.json,results/0/per_repeat/1/log_loss,0.7189826964418765
results/summary.json,results/0/per_repeat/2/roc_auc,0.6837571780147662
results/summary.json,results/0/per_repeat/2/accuracy,0.6666666666666666
results/summary.json,results/0/per_repeat/2/balanced_accuracy,0.6671452009844134
results/summary.json,results/0/per_repeat/2/sensitivity,0.6739130434782609
results/summary.json,results/0/per_repeat/2/specificity,0.660377358490566
results/summary.json,results/0/per_repeat/2/brier,0.26395918328512324
results/summary.json,results/0/per_repeat/2/average_precision,0.6388043217432045
results/summary.json,results/0/per_repeat/2/log_loss,0.9269033417520962
results/summary.json,results/0/per_repeat/3/roc_auc,0.6004922067268252
results/summary.json,results/0/per_repeat/3/accuracy,0.5555555555555556
results/summary.json,results/0/per_repeat/3/balanced_accuracy,0.5561936013125512
results/summary.json,results/0/per_repeat/3/sensitivity,0.5652173913043478
results/summary.json,results/0/per_repeat/3/specificity,0.5471698113207547
results/summary.json,results/0/per_repeat/3/brier,0.2846870631149069
results/summary.json,results/0/per_repeat/3/average_precision,0.5850508079924311
results/summary.json,results/0/per_repeat/3/log_loss,0.8853040538016614
results/summary.json,results/0/per_repeat/4/roc_auc,0.6353568498769484
results/summary.json,results/0/per_repeat/4/accuracy,0.5858585858585859
results/summary.json,results/0/per_repeat/4/balanced_accuracy,0.5844954881050041
results/summary.json,results/0/per_repeat/4/sensitivity,0.5652173913043478
results/summary.json,results/0/per_repeat/4/specificity,0.6037735849056604
results/summary.json,results/0/per_repeat/4/brier,0.24872396974190736
results/summary.json,results/0/per_repeat/4/average_precision,0.5743394626046061
results/summary.json,results/0/per_repeat/4/log_loss,0.7050683689989021
results/summary.json,results/1/roc_auc,0.7525020508613617
results/summary.json,results/1/accuracy,0.6868686868686869
results/summary.json,results/1/balanced_accuracy,0.6865873666940114
results/summary.json,results/1/sensitivity,0.682608695652174
results/summary.json,results/1/specificity,0.690566037735849
results/summary.json,results/1/brier,0.2034608284345319
results/summary.json,results/1/average_precision,0.7327185193217689
results/summary.json,results/1/log_loss,0.5921752877847993
results/summary.json,results/1/per_repeat/0/roc_auc,0.7239540607054962
results/summary.json,results/1/per_repeat/0/accuracy,0.6868686868686869
results/summary.json,results/1/per_repeat/0/balanced_accuracy,0.688884331419196
results/summary.json,results/1/per_repeat/0/sensitivity,0.717391304347826
results/summary.json,results/1/per_repeat/0/specificity,0.660377358490566
results/summary.json,results/1/per_repeat/0/brier,0.22003027832707808
results/summary.json,results/1/per_repeat/0/average_precision,0.695728383028044
results/summary.json,results/1/per_repeat/0/log_loss,0.6296658312382658
results/summary.json,results/1/per_repeat/1/roc_auc,0.7789171452009845
results/summary.json,results/1/per_repeat/1/accuracy,0.7070707070707071
results/summary.json,results/1/per_repeat/1/balanced_accuracy,0.7063166529942575
results/summary.json,results/1/per_repeat/1/sensitivity,0.6956521739130435
results/summary.json,results/1/per_repeat/1/specificity,0.7169811320754716
results/summary.json,results/1/per_repeat/1/brier,0.1930476062640668
results/summary.json,results/1/per_repeat/1/average_precision,0.7704385518185868
results/summary.json,results/1/per_repeat/1/log_loss,0.5765759916418661
results/summary.json,results/1/per_repeat/2/roc_auc,0.7797374897456931
results/summary.json,results/1/per_repeat/2/accuracy,0.696969696969697
results/summary.json,results/1/per_repeat/2/balanced_accuracy,0.698318293683347
results/summary.json,results/1/per_repeat/2/sensitivity,0.717391304347826
results/summary.json,results/1/per_repeat/2/specificity,0.6792452830188679
results/summary.json,results/1/per_repeat/2/brier,0.1902158596390083
results/summary.json,results/1/per_repeat/2/average_precision,0.7641744480296947
results/summary.json,results/1/per_repeat/2/log_loss,0.5607145221075119
results/summary.json,results/1/per_repeat/3/roc_auc,0.7346185397867103
results/summary.json,results/1/per_repeat/3/accuracy,0.6565656565656566
results/summary.json,results/1/per_repeat/3/balanced_accuracy,0.6562756357670221
results/summary.json,results/1/per_repeat/3/sensitivity,0.6521739130434783
results/summary.json,results/1/per_repeat/3/specificity,0.660377358490566
results/summary.json,results/1/per_repeat/3/brier,0.20526398844512517
results/summary.json,results/1/per_repeat/3/average_precision,0.7334880589329626
results/summary.json,results/1/per_repeat/3/log_loss,0.5866543917628285
results/summary.json,results/1/per_repeat/4/roc_auc,0.7452830188679245
results/summary.json,results/1/per_repeat/4/accuracy,0.6868686868686869
results/summary.json,results/1/per_repeat/4/balanced_accuracy,0.6831419196062346
results/summary.json,results/1/per_repeat/4/sensitivity,0.6304347826086957
results/summary.json,results/1/per_repeat/4/specificity,0.7358490566037735
results/summary.json,results/1/per_repeat/4/brier,0.20874640949738096
results/summary.json,results/1/per_repeat/4/average_precision,0.699763154799556
results/summary.json,results/1/per_repeat/4/log_loss,0.6072657021735243
results/summary.json,results/2/roc_auc,0.5962264150943396
results/summary.json,results/2/accuracy,0.6
results/summary.json,results/2/balanced_accuracy,0.6011484823625923
results/summary.json,results/2/sensitivity,0.6173913043478262
results/summary.json,results/2/specificity,0.5849056603773585
results/summary.json,results/2/brier,0.2702778927945326
results/summary.json,results/2/average_precision,0.5516177852700045
results/summary.json,results/2/log_loss,0.8166279568068445
results/summary.json,results/2/per_repeat/0/roc_auc,0.618129614438064
results/summary.json,results/2/per_repeat/0/accuracy,0.6464646464646465
results/summary.json,results/2/per_repeat/0/balanced_accuracy,0.6439704675963904
results/summary.json,results/2/per_repeat/0/sensitivity,0.6086956521739131
results/summary.json,results/2/per_repeat/0/specificity,0.6792452830188679
results/summary.json,results/2/per_repeat/0/brier,0.28639307643571893
results/summary.json,results/2/per_repeat/0/average_precision,0.542243775155565
results/summary.json,results/2/per_repeat/0/log_loss,0.924348200010646
results/summary.json,results/2/per_repeat/1/roc_auc,0.5754716981132075
results/summary.json,results/2/per_repeat/1/accuracy,0.6060606060606061
results/summary.json,results/2/per_repeat/1/balanced_accuracy,0.6119770303527481
results/summary.json,results/2/per_repeat/1/sensitivity,0.6956521739130435
results/summary.json,results/2/per_repeat/1/specificity,0.5283018867924528
results/summary.json,results/2/per_repeat/1/brier,0.278885547583739
results/summary.json,results/2/per_repeat/1/average_precision,0.499936531194864
results/summary.json,results/2/per_repeat/1/log_loss,0.8663785307076745
results/summary.json,results/2/per_repeat/2/roc_auc,0.5820344544708778
results/summary.json,results/2/per_repeat/2/accuracy,0.5858585858585859
results/summary.json,results/2/per_repeat/2/balanced_accuracy,0.5816242821985234
results/summary.json,results/2/per_repeat/2/sensitivity,0.5217391304347826
results/summary.json,results/2/per_repeat/2/specificity,0.6415094339622641
results/summary.json,results/2/per_repeat/2/brier,0.28511727575136797
results/summary.json,results/2/per_repeat/2/average_precision,0.5816573690216359
results/summary.json,results/2/per_repeat/2/log_loss,0.8672523918856158
results/summary.json,results/2/per_repeat/3/roc_auc,0.5935192780968006
results/summary.json,results/2/per_repeat/3/accuracy,0.5757575757575758
results/summary.json,results/2/per_repeat/3/balanced_accuracy,0.577932731747334
results/summary.json,results/2/per_repeat/3/sensitivity,0.6086956521739131
results/summary.json,results/2/per_repeat/3/specificity,0.5471698113207547
results/summary.json,results/2/per_repeat/3/brier,0.24752123218219477
results/summary.json,results/2/per_repeat/3/average_precision,0.5362065011305428
results/summary.json,results/2/per_repeat/3/log_loss,0.6884955248203602
results/summary.json,results/2/per_repeat/4/roc_auc,0.6119770303527481
results/summary.json,results/2/per_repeat/4/accuracy,0.5858585858585859
results/summary.json,results/2/per_repeat/4/balanced_accuracy,0.5902378999179656
results/summary.json,results/2/per_repeat/4/sensitivity,0.6521739130434783
results/summary.json,results/2/per_repeat/4/specificity,0.5283018867924528
results/summary.json,results/2/per_repeat/4/brier,0.2534723320196425
results/summary.json,results/2/per_repeat/4/average_precision,0.5980447498474146
results/summary.json,results/2/per_repeat/4/log_loss,0.736665136609926
results/summary.json,results/3/roc_auc,0.6414335664335664
results/summary.json,results/3/accuracy,0.6083333333333332
results/summary.json,results/3/balanced_accuracy,0.6076923076923076
results/summary.json,results/3/sensitivity,0.6
results/summary.json,results/3/specificity,0.6153846153846153
results/summary.json,results/3/brier,0.2625112078158194
results/summary.json,results/3/average_precision,0.5654081687619311
results/summary.json,results/3/log_loss,0.8471630803438297
results/summary.json,results/3/per_repeat/0/roc_auc,0.6381118881118881
results/summary.json,results/3/per_repeat/0/accuracy,0.625
results/summary.json,results/3/per_repeat/0/balanced_accuracy,0.6206293706293706
results/summary.json,results/3/per_repeat/0/sensitivity,0.5681818181818182
results/summary.json,results/3/per_repeat/0/specificity,0.6730769230769231
results/summary.json,results/3/per_repeat/0/brier,0.27382436305754504
results/summary.json,results/3/per_repeat/0/average_precision,0.5747367812544104
results/summary.json,results/3/per_repeat/0/log_loss,0.8774659890574018
results/summary.json,results/3/per_repeat/1/roc_auc,0.6743881118881119
results/summary.json,results/3/per_repeat/1/accuracy,0.6354166666666666
results/summary.json,results/3/per_repeat/1/balanced_accuracy,0.6372377622377623
results/summary.json,results/3/per_repeat/1/sensitivity,0.6590909090909091
results/summary.json,results/3/per_repeat/1/specificity,0.6153846153846154
results/summary.json,results/3/per_repeat/1/brier,0.2441511307987505
results/summary.json,results/3/per_repeat/1/average_precision,0.5992901866907341
results/summary.json,results/3/per_repeat/1/log_loss,0.7951432041047175
results/summary.json,results/3/per_repeat/2/roc_auc,0.6381118881118881
results/summary.json,results/3/per_repeat/2/accuracy,0.6041666666666666
results/summary.json,results/3/per_repeat/2/balanced_accuracy,0.6048951048951049
results/summary.json,results/3/per_repeat/2/sensitivity,0.6136363636363636
results/summary.json,results/3/per_repeat/2/specificity,0.5961538461538461
results/summary.json,results/3/per_repeat/2/brier,0.26735060685078055
results/summary.json,results/3/per_repeat/2/average_precision,0.561460095448075
results/summary.json,results/3/per_repeat/2/log_loss,0.8747179352010206
results/summary.json,results/3/per_repeat/3/roc_auc,0.6573426573426573
results/summary.json,results/3/per_repeat/3/accuracy,0.6041666666666666
results/summary.json,results/3/per_repeat/3/balanced_accuracy,0.6031468531468531
results/summary.json,results/3/per_repeat/3/sensitivity,0.5909090909090909
results/summary.json,results/3/per_repeat/3/specificity,0.6153846153846154
results/summary.json,results/3/per_repeat/3/brier,0.2511668781935587
results/summary.json,results/3/per_repeat/3/average_precision,0.5589602325435743
results/summary.json,results/3/per_repeat/3/log_loss,0.7863393579485574
results/summary.json,results/3/per_repeat/4/roc_auc,0.5992132867132867
results/summary.json,results/3/per_repeat/4/accuracy,0.5729166666666666
results/summary.json,results/3/per_repeat/4/balanced_accuracy,0.5725524475524475
results/summary.json,results/3/per_repeat/4/sensitivity,0.5681818181818182
results/summary.json,results/3/per_repeat/4/specificity,0.5769230769230769
results/summary.json,results/3/per_repeat/4/brier,0.2760630601784621
results/summary.json,results/3/per_repeat/4/average_precision,0.5325935478728615
results/summary.json,results/3/per_repeat/4/log_loss,0.9021489154074512
results/summary.json,results/4/roc_auc,0.7562062937062937
results/summary.json,results/4/accuracy,0.70625
results/summary.json,results/4/balanced_accuracy,0.7054195804195804
results/summary.json,results/4/sensitivity,0.6954545454545454
results/summary.json,results/4/specificity,0.7153846153846153
results/summary.json,results/4/brier,0.20442591152807746
results/summary.json,results/4/average_precision,0.7266680768004583
results/summary.json,results/4/log_loss,0.6033594183845866
results/summary.json,results/4/per_repeat/0/roc_auc,0.7849650349650349
results/summary.json,results/4/per_repeat/0/accuracy,0.7395833333333334
results/summary.json,results/4/per_repeat/0/balanced_accuracy,0.7403846153846154
results/summary.json,results/4/per_repeat/0/sensitivity,0.75
results/summary.json,results/4/per_repeat/0/specificity,0.7307692307692307
results/summary.json,results/4/per_repeat/0/brier,0.19567609886173307
results/summary.json,results/4/per_repeat/0/average_precision,0.7692375246222996
results/summary.json,results/4/per_repeat/0/log_loss,0.5816216543247333
results/summary.json,results/4/per_repeat/1/roc_auc,0.7390734265734266
results/summary.json,results/4/per_repeat/1/accuracy,0.6666666666666666
results/summary.json,results/4/per_repeat/1/balanced_accuracy,0.666083916083916
results/summary.json,results/4/per_repeat/1/sensitivity,0.6590909090909091
results/summary.json,results/4/per_repeat/1/specificity,0.6730769230769231
results/summary.json,results/4/per_repeat/1/brier,0.2081271773821601
results/summary.json,results/4/per_repeat/1/average_precision,0.7363468111451965
results/summary.json,results/4/per_repeat/1/log_loss,0.5979670760497946
results/summary.json,results/4/per_repeat/2/roc_auc,0.7561188811188813
results/summary.json,results/4/per_repeat/2/accuracy,0.71875
results/summary.json,results/4/per_repeat/2/balanced_accuracy,0.7159090909090908
results/summary.json,results/4/per_repeat/2/sensitivity,0.6818181818181818
results/summary.json,results/4/per_repeat/2/specificity,0.75
results/summary.json,results/4/per_repeat/2/brier,0.20106895844109682
results/summary.json,results/4/per_repeat/2/average_precision,0.7132963620721775
results/summary.json,results/4/per_repeat/2/log_loss,0.5976966434474265
results/summary.json,results/4/per_repeat/3/roc_auc,0.7583041958041958
results/summary.json,results/4/per_repeat/3/accuracy,0.71875
results/summary.json,results/4/per_repeat/3/balanced_accuracy,0.7176573426573427
results/summary.json,results/4/per_repeat/3/sensitivity,0.7045454545454546
results/summary.json,results/4/per_repeat/3/specificity,0.7307692307692307
results/summary.json,results/4/per_repeat/3/brier,0.20637221621108093
results/summary.json,results/4/per_repeat/3/average_precision,0.6965490179816742
results/summary.json,results/4/per_repeat/3/log_loss,0.6102921217702334
results/summary.json,results/4/per_repeat/4/roc_auc,0.74256993006993
results/summary.json,results/4/per_repeat/4/accuracy,0.6875
results/summary.json,results/4/per_repeat/4/balanced_accuracy,0.6870629370629371
results/summary.json,results/4/per_repeat/4/sensitivity,0.6818181818181818
results/summary.json,results/4/per_repeat/4/specificity,0.6923076923076923
results/summary.json,results/4/per_repeat/4/brier,0.21088510674431635
results/summary.json,results/4/per_repeat/4/average_precision,0.7179106681809437
results/summary.json,results/4/per_repeat/4/log_loss,0.6292195963307458
results/summary.json,results/5/roc_auc,0.6238636363636364
results/summary.json,results/5/accuracy,0.61875
results/summary.json,results/5/balanced_accuracy,0.6204545454545455
results/summary.json,results/5/sensitivity,0.6409090909090909
results/summary.json,results/5/specificity,0.6
results/summary.json,results/5/brier,0.26126093022793623
results/summary.json,results/5/average_precision,0.551383043618038
results/summary.json,results/5/log_loss,0.7827408001799947
results/summary.json,results/5/per_repeat/0/roc_auc,0.6892482517482518
results/summary.json,results/5/per_repeat/0/accuracy,0.65625
results/summary.json,results/5/per_repeat/0/balanced_accuracy,0.6564685314685315
results/summary.json,results/5/per_repeat/0/sensitivity,0.6590909090909091
results/summary.json,results/5/per_repeat/0/specificity,0.6538461538461539
results/summary.json,results/5/per_repeat/0/brier,0.231751039794432
results/summary.json,results/5/per_repeat/0/average_precision,0.6227415380745709
results/summary.json,results/5/per_repeat/0/log_loss,0.6667059391903049
results/summary.json,results/5/per_repeat/1/roc_auc,0.6835664335664335
results/summary.json,results/5/per_repeat/1/accuracy,0.6770833333333334
results/summary.json,results/5/per_repeat/1/balanced_accuracy,0.6809440559440559
results/summary.json,results/5/per_repeat/1/sensitivity,0.7272727272727273
results/summary.json,results/5/per_repeat/1/specificity,0.6346153846153846
results/summary.json,results/5/per_repeat/1/brier,0.23784519722655836
results/summary.json,results/5/per_repeat/1/average_precision,0.570579438877721
results/summary.json,results/5/per_repeat/1/log_loss,0.6907467844957283
results/summary.json,results/5/per_repeat/2/roc_auc,0.6035839160839161
results/summary.json,results/5/per_repeat/2/accuracy,0.5729166666666666
results/summary.json,results/5/per_repeat/2/balanced_accuracy,0.576048951048951
results/summary.json,results/5/per_repeat/2/sensitivity,0.6136363636363636
results/summary.json,results/5/per_repeat/2/specificity,0.5384615384615384
results/summary.json,results/5/per_repeat/2/brier,0.26327726281606156
results/summary.json,results/5/per_repeat/2/average_precision,0.5297134053686969
results/summary.json,results/5/per_repeat/2/log_loss,0.7996328469313726
results/summary.json,results/5/per_repeat/3/roc_auc,0.6158216783216783
results/summary.json,results/5/per_repeat/3/accuracy,0.6354166666666666
results/summary.json,results/5/per_repeat/3/balanced_accuracy,0.6372377622377623
results/summary.json,results/5/per_repeat/3/sensitivity,0.6590909090909091
results/summary.json,results/5/per_repeat/3/specificity,0.6153846153846154
results/summary.json,results/5/per_repeat/3/brier,0.25719253277891585
results/summary.json,results/5/per_repeat/3/average_precision,0.553722915551053
results/summary.json,results/5/per_repeat/3/log_loss,0.7243745990277587
results/summary.json,results/5/per_repeat/4/roc_auc,0.5270979020979021
results/summary.json,results/5/per_repeat/4/accuracy,0.5520833333333334
results/summary.json,results/5/per_repeat/4/balanced_accuracy,0.5515734265734266
results/summary.json,results/5/per_repeat/4/sensitivity,0.5454545454545454
results/summary.json,results/5/per_repeat/4/specificity,0.5576923076923077
results/summary.json,results/5/per_repeat/4/brier,0.3162386185237133
results/summary.json,results/5/per_repeat/4/average_precision,0.4801579202181484
results/summary.json,results/5/per_repeat/4/log_loss,1.0322438312548092
results/verification.json,comparisons/0/delta_auc,0.0088597210828548
results/verification.json,comparisons/1/delta_auc,0.10771123872026252
results/verification.json,comparisons/2/delta_auc,-0.04856439704675963
results/verification.json,comparisons/3/delta_auc,0.0012237762237762232
results/verification.json,comparisons/4/delta_auc,0.11599650349650349
results/verification.json,comparisons/5/delta_auc,-0.016346153846153847
